schema_version,smartparallel_version,compiler,compiler_version,build_mode,operating_system,cpu_identity,effective_cpu_capacity,effective_capacity_reliable,effective_capacity_source,declared_governor_budget,runtime_ceiling,benchmark,variant,metric,unit,value,operation,workload_dimensions,scheduler,numerical_policy,execution_mode,requested_workers,minimum_workers,preferred_workers,maximum_workers,granted_workers,scheduler_cap,observed_participating_workers,nesting_depth,nested_mode,exact_grant_requirement,admission_policy,admission_result,wait_duration_us,cancellation_state,correctness,output_digest,duration_ms,repetition_index,measurement_order,warmup_count,randomization_seed,operations_completed,peak_participation,bounded_bypass_count,oldest_waiter_us
2,1.8.0,GCC,14.2.0,Release,Linux,effective_cpu_capacity=4,4,1,linux_sched_affinity+cgroup_cpu_quota,4,1,governor_overhead,uncontended_exact_acquire_release,latency,us_per_acquire_release,0.14332400000000001,parallel_for,,,not_applicable,Adaptive,1,1,1,1,1,1,1,0,not_nested,1,fail_immediately,granted,0.080000000000000002,not_requested,1,,0.00014332400000000001,0,single,2,25174054,1000,1,0,0
2,1.8.0,GCC,14.2.0,Release,Linux,effective_cpu_capacity=4,4,1,linux_sched_affinity+cgroup_cpu_quota,4,1,governor_overhead,inherited_nested_lease,latency,us_per_acquire_release,0.016995999999999997,parallel_for,,,not_applicable,Adaptive,1,1,1,1,1,1,1,1,reuse_parent,1,fail_immediately,granted,0.080000000000000002,not_requested,1,,0.00014332400000000001,0,single,2,25174054,1000,1,0,0
2,1.8.0,GCC,14.2.0,Release,Linux,effective_cpu_capacity=4,4,1,linux_sched_affinity+cgroup_cpu_quota,4,4,governor_overhead,flexible_partial_grant,latency,us_per_acquire_release,0.501,parallel_for,,,not_applicable,Adaptive,4,1,4,4,1,1,1,0,not_nested,0,fail_immediately,granted,0.27100000000000002,not_requested,1,,0.00014332400000000001,0,single,2,25174054,1,1,0,0
2,1.8.0,GCC,14.2.0,Release,Linux,effective_cpu_capacity=4,4,1,linux_sched_affinity+cgroup_cpu_quota,4,4,governor_overhead,immediate_failure,latency,us_per_acquire_release,0.42099999999999999,parallel_for,,,not_applicable,Adaptive,4,4,4,4,0,0,0,0,not_nested,1,fail_immediately,would_block,0,not_requested,1,,0.00014332400000000001,0,single,2,25174054,1,1,0,0
2,1.8.0,GCC,14.2.0,Release,Linux,effective_cpu_capacity=4,4,1,linux_sched_affinity+cgroup_cpu_quota,4,4,governor_overhead,direct_cancellation_notification,latency,us,25.577999999999999,parallel_for,,,not_applicable,Adaptive,4,4,4,4,0,0,0,0,not_nested,1,wait,cancelled,15.974,requested,1,,0.025578,0,single,2,25174054,1,0,0,0
2,1.8.0,GCC,14.2.0,Release,Linux,effective_cpu_capacity=4,4,1,linux_sched_affinity+cgroup_cpu_quota,4,4,admission_fairness,large_exact_request,completion_rank,rank,5,parallel_for,one_large_exact_plus_eight_small_exact,,not_applicable,Adaptive,4,4,4,4,4,4,4,0,not_nested,1,wait,granted,249.20099999999999,not_requested,1,,0,0,single,2,25174054,1,0,4,249.20099999999999
2,1.8.0,GCC,14.2.0,Release,Linux,effective_cpu_capacity=4,4,1,linux_sched_affinity+cgroup_cpu_quota,4,4,admission_fairness,small_request_0,completion_rank,rank,1,parallel_for,one_large_exact_plus_eight_small_exact,,not_applicable,Adaptive,1,1,1,1,1,1,1,0,not_nested,1,wait,granted,2.8140000000000001,not_requested,1,,0,0,single,2,25174054,1,0,4,2.8140000000000001
2,1.8.0,GCC,14.2.0,Release,Linux,effective_cpu_capacity=4,4,1,linux_sched_affinity+cgroup_cpu_quota,4,4,admission_fairness,small_request_1,completion_rank,rank,2,parallel_for,one_large_exact_plus_eight_small_exact,,not_applicable,Adaptive,1,1,1,1,1,1,1,0,not_nested,1,wait,granted,1.6919999999999999,not_requested,1,,0,0,single,2,25174054,1,0,4,1.6919999999999999
2,1.8.0,GCC,14.2.0,Release,Linux,effective_cpu_capacity=4,4,1,linux_sched_affinity+cgroup_cpu_quota,4,4,admission_fairness,small_request_2,completion_rank,rank,3,parallel_for,one_large_exact_plus_eight_small_exact,,not_applicable,Adaptive,1,1,1,1,1,1,1,0,not_nested,1,wait,granted,8.1329999999999991,not_requested,1,,0,0,single,2,25174054,1,0,4,8.1329999999999991
2,1.8.0,GCC,14.2.0,Release,Linux,effective_cpu_capacity=4,4,1,linux_sched_affinity+cgroup_cpu_quota,4,4,admission_fairness,small_request_3,completion_rank,rank,4,parallel_for,one_large_exact_plus_eight_small_exact,,not_applicable,Adaptive,1,1,1,1,1,1,1,0,not_nested,1,wait,granted,0.78100000000000003,not_requested,1,,0,0,single,2,25174054,1,0,4,0.78100000000000003
2,1.8.0,GCC,14.2.0,Release,Linux,effective_cpu_capacity=4,4,1,linux_sched_affinity+cgroup_cpu_quota,4,4,admission_fairness,small_request_4,completion_rank,rank,8,parallel_for,one_large_exact_plus_eight_small_exact,,not_applicable,Adaptive,1,1,1,1,1,1,1,0,not_nested,1,wait,granted,1253.27,not_requested,1,,0,0,single,2,25174054,1,0,4,1253.27
2,1.8.0,GCC,14.2.0,Release,Linux,effective_cpu_capacity=4,4,1,linux_sched_affinity+cgroup_cpu_quota,4,4,admission_fairness,small_request_5,completion_rank,rank,7,parallel_for,one_large_exact_plus_eight_small_exact,,not_applicable,Adaptive,1,1,1,1,1,1,1,0,not_nested,1,wait,granted,1223.6610000000001,not_requested,1,,0,0,single,2,25174054,1,0,4,1223.6610000000001
2,1.8.0,GCC,14.2.0,Release,Linux,effective_cpu_capacity=4,4,1,linux_sched_affinity+cgroup_cpu_quota,4,4,admission_fairness,small_request_6,completion_rank,rank,9,parallel_for,one_large_exact_plus_eight_small_exact,,not_applicable,Adaptive,1,1,1,1,1,1,1,0,not_nested,1,wait,granted,1219.2840000000001,not_requested,1,,0,0,single,2,25174054,1,0,4,1219.2840000000001
2,1.8.0,GCC,14.2.0,Release,Linux,effective_cpu_capacity=4,4,1,linux_sched_affinity+cgroup_cpu_quota,4,4,admission_fairness,small_request_7,completion_rank,rank,6,parallel_for,one_large_exact_plus_eight_small_exact,,not_applicable,Adaptive,1,1,1,1,1,1,1,0,not_nested,1,wait,granted,1137.758,not_requested,1,,0,0,single,2,25174054,1,0,4,1137.758
2,1.8.0,GCC,14.2.0,Release,Linux,effective_cpu_capacity=4,4,1,linux_sched_affinity+cgroup_cpu_quota,4,4,adaptive_partial_grant,available_one_of_preferred_budget,granted_workers,threads,1,parallel_for,,thread_pool,not_applicable,Adaptive,4,1,4,4,1,1,1,0,not_nested,0,wait,granted,0.27100000000000002,not_requested,1,,0.105307,0,single,2,25174054,1,1,0,0
2,1.8.0,GCC,14.2.0,Release,Linux,effective_cpu_capacity=4,4,1,linux_sched_affinity+cgroup_cpu_quota,4,4,nested_execution,depth_1,peak_participation,threads,1,parallel_for,depth=1;leaves=2,thread_pool,not_applicable,Adaptive,2,1,2,4,2,2,1,0,not_nested,0,wait,granted,0.28999999999999998,not_requested,1,,0.036333999999999998,0,single,2,25174054,1,1,0,0
2,1.8.0,GCC,14.2.0,Release,Linux,effective_cpu_capacity=4,4,1,linux_sched_affinity+cgroup_cpu_quota,4,4,nested_execution,depth_2,peak_participation,threads,1,parallel_for,depth=2;leaves=4,thread_pool,not_applicable,Adaptive,2,1,2,4,2,2,1,0,not_nested,0,wait,granted,0.23100000000000001,not_requested,1,,0.022512999999999998,0,single,2,25174054,1,1,0,0
2,1.8.0,GCC,14.2.0,Release,Linux,effective_cpu_capacity=4,4,1,linux_sched_affinity+cgroup_cpu_quota,4,4,nested_execution,depth_3,peak_participation,threads,1,parallel_for,depth=3;leaves=8,thread_pool,not_applicable,Adaptive,2,1,2,4,2,2,1,0,not_nested,0,wait,granted,0.20999999999999999,not_requested,1,,0.018287000000000001,0,single,2,25174054,1,1,0,0
2,1.8.0,GCC,14.2.0,Release,Linux,effective_cpu_capacity=4,4,1,linux_sched_affinity+cgroup_cpu_quota,4,4,nested_execution,depth_4,peak_participation,threads,1,parallel_for,depth=4;leaves=16,thread_pool,not_applicable,Adaptive,2,1,2,4,2,2,1,0,not_nested,0,wait,granted,0.19,not_requested,1,,0.019970000000000002,0,single,2,25174054,1,1,0,0
2,1.8.0,GCC,14.2.0,Release,Linux,effective_cpu_capacity=4,4,1,linux_sched_affinity+cgroup_cpu_quota,1,1,scheduler_comparison,sequential,duration,ms,0.43168200000000001,parallel_for,,sequential,not_applicable,Adaptive,1,1,1,1,1,1,1,0,not_nested,0,wait,granted,0.17000000000000001,not_requested,1,5314921549994187984,0.43168200000000001,0,single,2,25174054,1,1,0,0
2,1.8.0,GCC,14.2.0,Release,Linux,effective_cpu_capacity=4,4,1,linux_sched_affinity+cgroup_cpu_quota,4,4,scheduler_comparison,thread_pool,duration,ms,0.29414800000000002,parallel_for,,thread_pool,not_applicable,Adaptive,4,1,4,4,4,4,3,0,not_nested,0,wait,granted,0.22,not_requested,1,5314921549994187984,0.29414800000000002,0,single,2,25174054,1,3,0,0
2,1.8.0,GCC,14.2.0,Release,Linux,effective_cpu_capacity=4,4,1,linux_sched_affinity+cgroup_cpu_quota,4,4,scheduler_comparison,static_thread,duration,ms,0.63280700000000001,parallel_for,,static_thread,not_applicable,Adaptive,4,1,4,4,4,4,4,0,not_nested,0,wait,granted,0.501,not_requested,1,5314921549994187984,0.63280700000000001,0,single,2,25174054,1,4,0,0
2,1.8.0,GCC,14.2.0,Release,Linux,effective_cpu_capacity=4,4,1,linux_sched_affinity+cgroup_cpu_quota,4,4,deterministic_exact_grant,success,accepted,boolean,1,parallel_for,,thread_pool,not_applicable,Deterministic,4,4,4,4,4,4,1,0,not_nested,1,fail_immediately,granted,0.65100000000000002,not_requested,1,,0,0,single,2,25174054,1,0,0,0
2,1.8.0,GCC,14.2.0,Release,Linux,effective_cpu_capacity=4,4,1,linux_sched_affinity+cgroup_cpu_quota,4,4,deterministic_exact_grant,insufficient_budget_failure,accepted,boolean,1,parallel_for,,,not_applicable,Deterministic,4,4,4,4,0,0,0,0,not_nested,1,fail_immediately,would_block,0,not_requested,1,,0,0,single,2,25174054,1,0,0,0
2,1.8.0,GCC,14.2.0,Release,Linux,effective_cpu_capacity=4,4,1,linux_sched_affinity+cgroup_cpu_quota,4,4,governed_vs_ungoverned,governed,batch_wall_time,ms,2.7618209999999999,parallel_for,runtimes=2;items_per_runtime=128,thread_pool,not_applicable,Adaptive,4,1,4,4,4,4,2,0,not_nested,0,wait,granted,1098.5050000000001,not_requested,1,14754973877547064749,2.7618209999999999,0,governed_then_ungoverned,2,25174054,2,4,0,0
2,1.8.0,GCC,14.2.0,Release,Linux,effective_cpu_capacity=4,4,1,linux_sched_affinity+cgroup_cpu_quota,4,4,governed_vs_ungoverned,governed,throughput,operations_per_second,724.15989305606706,parallel_for,runtimes=2;items_per_runtime=128,thread_pool,not_applicable,Adaptive,4,1,4,4,4,4,2,0,not_nested,0,wait,granted,1098.5050000000001,not_requested,1,14754973877547064749,2.7618209999999999,0,governed_then_ungoverned,2,25174054,2,4,0,0
2,1.8.0,GCC,14.2.0,Release,Linux,effective_cpu_capacity=4,4,1,linux_sched_affinity+cgroup_cpu_quota,4,4,governed_vs_ungoverned,governed,peak_participation,threads,4,parallel_for,runtimes=2;items_per_runtime=128,thread_pool,not_applicable,Adaptive,4,1,4,4,4,4,2,0,not_nested,0,wait,granted,1098.5050000000001,not_requested,1,14754973877547064749,2.7618209999999999,0,governed_then_ungoverned,2,25174054,2,4,0,0
2,1.8.0,GCC,14.2.0,Release,Linux,effective_cpu_capacity=4,4,1,linux_sched_affinity+cgroup_cpu_quota,4,4,runtime_latency,governed_runtime_0,completion_latency,ms,2.6472500000000001,parallel_for,runtimes=2;items_per_runtime=128,thread_pool,not_applicable,Adaptive,4,1,4,4,4,4,2,0,not_nested,0,wait,granted,1098.5050000000001,not_requested,1,14754973877547064749,2.6472500000000001,0,governed_then_ungoverned,2,25174054,1,4,0,0
2,1.8.0,GCC,14.2.0,Release,Linux,effective_cpu_capacity=4,4,1,linux_sched_affinity+cgroup_cpu_quota,4,4,runtime_latency,governed_runtime_1,completion_latency,ms,1.0864670000000001,parallel_for,runtimes=2;items_per_runtime=128,thread_pool,not_applicable,Adaptive,4,1,4,4,4,4,4,0,not_nested,0,wait,granted,1.3420000000000001,not_requested,1,14754973877547064749,1.0864670000000001,0,governed_then_ungoverned,2,25174054,1,4,0,0
2,1.8.0,GCC,14.2.0,Release,Linux,effective_cpu_capacity=4,4,1,linux_sched_affinity+cgroup_cpu_quota,4,4,governed_vs_ungoverned,ungoverned,batch_wall_time,ms,1.763935,parallel_for,runtimes=2;items_per_runtime=128,thread_pool,not_applicable,Adaptive,4,1,4,4,4,4,2,0,not_nested,0,wait,granted,0.97199999999999998,not_requested,1,14754973877547064749,1.763935,0,governed_then_ungoverned,2,25174054,2,4,0,0
2,1.8.0,GCC,14.2.0,Release,Linux,effective_cpu_capacity=4,4,1,linux_sched_affinity+cgroup_cpu_quota,4,4,governed_vs_ungoverned,ungoverned,throughput,operations_per_second,1133.8286274721006,parallel_for,runtimes=2;items_per_runtime=128,thread_pool,not_applicable,Adaptive,4,1,4,4,4,4,2,0,not_nested,0,wait,granted,0.97199999999999998,not_requested,1,14754973877547064749,1.763935,0,governed_then_ungoverned,2,25174054,2,4,0,0
2,1.8.0,GCC,14.2.0,Release,Linux,effective_cpu_capacity=4,4,1,linux_sched_affinity+cgroup_cpu_quota,4,4,governed_vs_ungoverned,ungoverned,peak_participation,threads,4,parallel_for,runtimes=2;items_per_runtime=128,thread_pool,not_applicable,Adaptive,4,1,4,4,4,4,2,0,not_nested,0,wait,granted,0.97199999999999998,not_requested,1,14754973877547064749,1.763935,0,governed_then_ungoverned,2,25174054,2,4,0,0
2,1.8.0,GCC,14.2.0,Release,Linux,effective_cpu_capacity=4,4,1,linux_sched_affinity+cgroup_cpu_quota,4,4,runtime_latency,ungoverned_runtime_0,completion_latency,ms,1.5562560000000001,parallel_for,runtimes=2;items_per_runtime=128,thread_pool,not_applicable,Adaptive,4,1,4,4,4,4,2,0,not_nested,0,wait,granted,0.97199999999999998,not_requested,1,14754973877547064749,1.5562560000000001,0,governed_then_ungoverned,2,25174054,1,4,0,0
2,1.8.0,GCC,14.2.0,Release,Linux,effective_cpu_capacity=4,4,1,linux_sched_affinity+cgroup_cpu_quota,4,4,runtime_latency,ungoverned_runtime_1,completion_latency,ms,1.6755340000000001,parallel_for,runtimes=2;items_per_runtime=128,thread_pool,not_applicable,Adaptive,4,1,4,4,4,4,2,0,not_nested,0,wait,granted,0.92100000000000004,not_requested,1,14754973877547064749,1.6755340000000001,0,governed_then_ungoverned,2,25174054,1,4,0,0
2,1.8.0,GCC,14.2.0,Release,Linux,effective_cpu_capacity=4,4,1,linux_sched_affinity+cgroup_cpu_quota,4,4,governed_vs_ungoverned,governed_2_runtimes,batch_wall_time,ms,1.088635,parallel_for,runtimes=2;items_per_runtime=32,thread_pool,not_applicable,Adaptive,4,1,4,4,4,4,1,0,not_nested,0,wait,granted,131.54499999999999,not_requested,1,10831286851329034220,1.088635,0,single,2,25174054,2,2,0,0
2,1.8.0,GCC,14.2.0,Release,Linux,effective_cpu_capacity=4,4,1,linux_sched_affinity+cgroup_cpu_quota,4,4,governed_vs_ungoverned,governed_2_runtimes,throughput,operations_per_second,1837.1630528138446,parallel_for,runtimes=2;items_per_runtime=32,thread_pool,not_applicable,Adaptive,4,1,4,4,4,4,1,0,not_nested,0,wait,granted,131.54499999999999,not_requested,1,10831286851329034220,1.088635,0,single,2,25174054,2,2,0,0
2,1.8.0,GCC,14.2.0,Release,Linux,effective_cpu_capacity=4,4,1,linux_sched_affinity+cgroup_cpu_quota,4,4,governed_vs_ungoverned,governed_2_runtimes,peak_participation,threads,2,parallel_for,runtimes=2;items_per_runtime=32,thread_pool,not_applicable,Adaptive,4,1,4,4,4,4,1,0,not_nested,0,wait,granted,131.54499999999999,not_requested,1,10831286851329034220,1.088635,0,single,2,25174054,2,2,0,0
2,1.8.0,GCC,14.2.0,Release,Linux,effective_cpu_capacity=4,4,1,linux_sched_affinity+cgroup_cpu_quota,4,4,runtime_latency,governed_2_runtimes_runtime_0,completion_latency,ms,0.19131400000000001,parallel_for,runtimes=2;items_per_runtime=32,thread_pool,not_applicable,Adaptive,4,1,4,4,4,4,1,0,not_nested,0,wait,granted,131.54499999999999,not_requested,1,10831286851329034220,0.19131400000000001,0,single,2,25174054,1,2,0,0
2,1.8.0,GCC,14.2.0,Release,Linux,effective_cpu_capacity=4,4,1,linux_sched_affinity+cgroup_cpu_quota,4,4,runtime_latency,governed_2_runtimes_runtime_1,completion_latency,ms,0.12998000000000001,parallel_for,runtimes=2;items_per_runtime=32,thread_pool,not_applicable,Adaptive,4,1,4,4,4,4,2,0,not_nested,0,wait,granted,1.242,not_requested,1,10831286851329034220,0.12998000000000001,0,single,2,25174054,1,2,0,0
2,1.8.0,GCC,14.2.0,Release,Linux,effective_cpu_capacity=4,4,1,linux_sched_affinity+cgroup_cpu_quota,4,4,governed_vs_ungoverned,governed_4_runtimes,batch_wall_time,ms,0.47859299999999999,parallel_for,runtimes=4;items_per_runtime=32,thread_pool,not_applicable,Adaptive,4,1,4,4,4,4,3,0,not_nested,0,wait,granted,1.302,not_requested,1,7589314552514409162,0.47859299999999999,0,single,2,25174054,4,3,0,0
2,1.8.0,GCC,14.2.0,Release,Linux,effective_cpu_capacity=4,4,1,linux_sched_affinity+cgroup_cpu_quota,4,4,governed_vs_ungoverned,governed_4_runtimes,throughput,operations_per_second,8357.8322290547512,parallel_for,runtimes=4;items_per_runtime=32,thread_pool,not_applicable,Adaptive,4,1,4,4,4,4,3,0,not_nested,0,wait,granted,1.302,not_requested,1,7589314552514409162,0.47859299999999999,0,single,2,25174054,4,3,0,0
2,1.8.0,GCC,14.2.0,Release,Linux,effective_cpu_capacity=4,4,1,linux_sched_affinity+cgroup_cpu_quota,4,4,governed_vs_ungoverned,governed_4_runtimes,peak_participation,threads,3,parallel_for,runtimes=4;items_per_runtime=32,thread_pool,not_applicable,Adaptive,4,1,4,4,4,4,3,0,not_nested,0,wait,granted,1.302,not_requested,1,7589314552514409162,0.47859299999999999,0,single,2,25174054,4,3,0,0
2,1.8.0,GCC,14.2.0,Release,Linux,effective_cpu_capacity=4,4,1,linux_sched_affinity+cgroup_cpu_quota,4,4,runtime_latency,governed_4_runtimes_runtime_0,completion_latency,ms,0.10467600000000001,parallel_for,runtimes=4;items_per_runtime=32,thread_pool,not_applicable,Adaptive,4,1,4,4,4,4,3,0,not_nested,0,wait,granted,1.302,not_requested,1,7589314552514409162,0.10467600000000001,0,single,2,25174054,1,3,0,0
2,1.8.0,GCC,14.2.0,Release,Linux,effective_cpu_capacity=4,4,1,linux_sched_affinity+cgroup_cpu_quota,4,4,runtime_latency,governed_4_runtimes_runtime_1,completion_latency,ms,0.18811600000000001,parallel_for,runtimes=4;items_per_runtime=32,thread_pool,not_applicable,Adaptive,4,1,4,4,4,4,1,0,not_nested,0,wait,granted,112.172,not_requested,1,7589314552514409162,0.18811600000000001,0,single,2,25174054,1,3,0,0
2,1.8.0,GCC,14.2.0,Release,Linux,effective_cpu_capacity=4,4,1,linux_sched_affinity+cgroup_cpu_quota,4,4,runtime_latency,governed_4_runtimes_runtime_2,completion_latency,ms,0.29647099999999998,parallel_for,runtimes=4;items_per_runtime=32,thread_pool,not_applicable,Adaptive,4,1,4,4,4,4,3,0,not_nested,0,wait,granted,195.821,not_requested,1,7589314552514409162,0.29647099999999998,0,single,2,25174054,1,3,0,0
2,1.8.0,GCC,14.2.0,Release,Linux,effective_cpu_capacity=4,4,1,linux_sched_affinity+cgroup_cpu_quota,4,4,runtime_latency,governed_4_runtimes_runtime_3,completion_latency,ms,0.246167,parallel_for,runtimes=4;items_per_runtime=32,thread_pool,not_applicable,Adaptive,4,1,4,4,4,4,2,0,not_nested,0,wait,granted,180.809,not_requested,1,7589314552514409162,0.246167,0,single,2,25174054,1,3,0,0
2,1.8.0,GCC,14.2.0,Release,Linux,effective_cpu_capacity=4,4,1,linux_sched_affinity+cgroup_cpu_quota,4,4,governed_vs_ungoverned,governed_8_runtimes,batch_wall_time,ms,0.99269700000000005,parallel_for,runtimes=8;items_per_runtime=32,thread_pool,not_applicable,Adaptive,4,1,4,4,4,4,3,0,not_nested,0,wait,granted,296.24099999999999,not_requested,1,3424649268515386025,0.99269700000000005,0,single,2,25174054,8,3,0,0
2,1.8.0,GCC,14.2.0,Release,Linux,effective_cpu_capacity=4,4,1,linux_sched_affinity+cgroup_cpu_quota,4,4,governed_vs_ungoverned,governed_8_runtimes,throughput,operations_per_second,8058.8538093698271,parallel_for,runtimes=8;items_per_runtime=32,thread_pool,not_applicable,Adaptive,4,1,4,4,4,4,3,0,not_nested,0,wait,granted,296.24099999999999,not_requested,1,3424649268515386025,0.99269700000000005,0,single,2,25174054,8,3,0,0
2,1.8.0,GCC,14.2.0,Release,Linux,effective_cpu_capacity=4,4,1,linux_sched_affinity+cgroup_cpu_quota,4,4,governed_vs_ungoverned,governed_8_runtimes,peak_participation,threads,3,parallel_for,runtimes=8;items_per_runtime=32,thread_pool,not_applicable,Adaptive,4,1,4,4,4,4,3,0,not_nested,0,wait,granted,296.24099999999999,not_requested,1,3424649268515386025,0.99269700000000005,0,single,2,25174054,8,3,0,0
2,1.8.0,GCC,14.2.0,Release,Linux,effective_cpu_capacity=4,4,1,linux_sched_affinity+cgroup_cpu_quota,4,4,runtime_latency,governed_8_runtimes_runtime_0,completion_latency,ms,0.37328600000000001,parallel_for,runtimes=8;items_per_runtime=32,thread_pool,not_applicable,Adaptive,4,1,4,4,4,4,3,0,not_nested,0,wait,granted,296.24099999999999,not_requested,1,3424649268515386025,0.37328600000000001,0,single,2,25174054,1,3,0,0
2,1.8.0,GCC,14.2.0,Release,Linux,effective_cpu_capacity=4,4,1,linux_sched_affinity+cgroup_cpu_quota,4,4,runtime_latency,governed_8_runtimes_runtime_1,completion_latency,ms,0.184534,parallel_for,runtimes=8;items_per_runtime=32,thread_pool,not_applicable,Adaptive,4,1,4,4,4,4,2,0,not_nested,0,wait,granted,92.507999999999996,not_requested,1,3424649268515386025,0.184534,0,single,2,25174054,1,3,0,0
2,1.8.0,GCC,14.2.0,Release,Linux,effective_cpu_capacity=4,4,1,linux_sched_affinity+cgroup_cpu_quota,4,4,runtime_latency,governed_8_runtimes_runtime_2,completion_latency,ms,0.082171999999999995,parallel_for,runtimes=8;items_per_runtime=32,thread_pool,not_applicable,Adaptive,4,1,4,4,4,4,1,0,not_nested,0,wait,granted,1.101,not_requested,1,3424649268515386025,0.082171999999999995,0,single,2,25174054,1,3,0,0
2,1.8.0,GCC,14.2.0,Release,Linux,effective_cpu_capacity=4,4,1,linux_sched_affinity+cgroup_cpu_quota,4,4,runtime_latency,governed_8_runtimes_runtime_3,completion_latency,ms,0.53238200000000002,parallel_for,runtimes=8;items_per_runtime=32,thread_pool,not_applicable,Adaptive,4,1,4,4,4,4,2,0,not_nested,0,wait,granted,432.90499999999997,not_requested,1,3424649268515386025,0.53238200000000002,0,single,2,25174054,1,3,0,0
2,1.8.0,GCC,14.2.0,Release,Linux,effective_cpu_capacity=4,4,1,linux_sched_affinity+cgroup_cpu_quota,4,4,runtime_latency,governed_8_runtimes_runtime_4,completion_latency,ms,0.62281699999999995,parallel_for,runtimes=8;items_per_runtime=32,thread_pool,not_applicable,Adaptive,4,1,4,4,4,4,2,0,not_nested,0,wait,granted,490.661,not_requested,1,3424649268515386025,0.62281699999999995,0,single,2,25174054,1,3,0,0
2,1.8.0,GCC,14.2.0,Release,Linux,effective_cpu_capacity=4,4,1,linux_sched_affinity+cgroup_cpu_quota,4,4,runtime_latency,governed_8_runtimes_runtime_5,completion_latency,ms,0.676006,parallel_for,runtimes=8;items_per_runtime=32,thread_pool,not_applicable,Adaptive,4,1,4,4,4,4,3,0,not_nested,0,wait,granted,560.67499999999995,not_requested,1,3424649268515386025,0.676006,0,single,2,25174054,1,3,0,0
2,1.8.0,GCC,14.2.0,Release,Linux,effective_cpu_capacity=4,4,1,linux_sched_affinity+cgroup_cpu_quota,4,4,runtime_latency,governed_8_runtimes_runtime_6,completion_latency,ms,0.277393,parallel_for,runtimes=8;items_per_runtime=32,thread_pool,not_applicable,Adaptive,4,1,4,4,4,4,2,0,not_nested,0,wait,granted,182.952,not_requested,1,3424649268515386025,0.277393,0,single,2,25174054,1,3,0,0
2,1.8.0,GCC,14.2.0,Release,Linux,effective_cpu_capacity=4,4,1,linux_sched_affinity+cgroup_cpu_quota,4,4,runtime_latency,governed_8_runtimes_runtime_7,completion_latency,ms,0.59550599999999998,parallel_for,runtimes=8;items_per_runtime=32,thread_pool,not_applicable,Adaptive,4,1,4,4,4,4,2,0,not_nested,0,wait,granted,374.45699999999999,not_requested,1,3424649268515386025,0.59550599999999998,0,single,2,25174054,1,3,0,0
2,1.8.0,GCC,14.2.0,Release,Linux,effective_cpu_capacity=4,4,1,linux_sched_affinity+cgroup_cpu_quota,1,1,governed_vs_ungoverned,budget_1,batch_wall_time,ms,0.16753000000000001,parallel_for,runtimes=2;items_per_runtime=32,thread_pool,not_applicable,Adaptive,1,1,1,1,1,1,1,0,not_nested,0,wait,granted,1.482,not_requested,1,10831286851329034220,0.16753000000000001,0,single,2,25174054,2,1,0,0
2,1.8.0,GCC,14.2.0,Release,Linux,effective_cpu_capacity=4,4,1,linux_sched_affinity+cgroup_cpu_quota,1,1,governed_vs_ungoverned,budget_1,throughput,operations_per_second,11938.160329493225,parallel_for,runtimes=2;items_per_runtime=32,thread_pool,not_applicable,Adaptive,1,1,1,1,1,1,1,0,not_nested,0,wait,granted,1.482,not_requested,1,10831286851329034220,0.16753000000000001,0,single,2,25174054,2,1,0,0
2,1.8.0,GCC,14.2.0,Release,Linux,effective_cpu_capacity=4,4,1,linux_sched_affinity+cgroup_cpu_quota,1,1,governed_vs_ungoverned,budget_1,peak_participation,threads,1,parallel_for,runtimes=2;items_per_runtime=32,thread_pool,not_applicable,Adaptive,1,1,1,1,1,1,1,0,not_nested,0,wait,granted,1.482,not_requested,1,10831286851329034220,0.16753000000000001,0,single,2,25174054,2,1,0,0
2,1.8.0,GCC,14.2.0,Release,Linux,effective_cpu_capacity=4,4,1,linux_sched_affinity+cgroup_cpu_quota,1,1,runtime_latency,budget_1_runtime_0,completion_latency,ms,0.057064999999999998,parallel_for,runtimes=2;items_per_runtime=32,thread_pool,not_applicable,Adaptive,1,1,1,1,1,1,1,0,not_nested,0,wait,granted,1.482,not_requested,1,10831286851329034220,0.057064999999999998,0,single,2,25174054,1,1,0,0
2,1.8.0,GCC,14.2.0,Release,Linux,effective_cpu_capacity=4,4,1,linux_sched_affinity+cgroup_cpu_quota,1,1,runtime_latency,budget_1_runtime_1,completion_latency,ms,0.099788000000000002,parallel_for,runtimes=2;items_per_runtime=32,thread_pool,not_applicable,Adaptive,1,1,1,1,1,1,1,0,not_nested,0,wait,granted,57.234999999999999,not_requested,1,10831286851329034220,0.099788000000000002,0,single,2,25174054,1,1,0,0
2,1.8.0,GCC,14.2.0,Release,Linux,effective_cpu_capacity=4,4,1,linux_sched_affinity+cgroup_cpu_quota,2,2,governed_vs_ungoverned,budget_2,batch_wall_time,ms,0.20372299999999999,parallel_for,runtimes=2;items_per_runtime=32,thread_pool,not_applicable,Adaptive,2,1,2,2,2,2,1,0,not_nested,0,wait,granted,1.071,not_requested,1,10831286851329034220,0.20372299999999999,0,single,2,25174054,2,2,0,0
2,1.8.0,GCC,14.2.0,Release,Linux,effective_cpu_capacity=4,4,1,linux_sched_affinity+cgroup_cpu_quota,2,2,governed_vs_ungoverned,budget_2,throughput,operations_per_second,9817.251856687757,parallel_for,runtimes=2;items_per_runtime=32,thread_pool,not_applicable,Adaptive,2,1,2,2,2,2,1,0,not_nested,0,wait,granted,1.071,not_requested,1,10831286851329034220,0.20372299999999999,0,single,2,25174054,2,2,0,0
2,1.8.0,GCC,14.2.0,Release,Linux,effective_cpu_capacity=4,4,1,linux_sched_affinity+cgroup_cpu_quota,2,2,governed_vs_ungoverned,budget_2,peak_participation,threads,2,parallel_for,runtimes=2;items_per_runtime=32,thread_pool,not_applicable,Adaptive,2,1,2,2,2,2,1,0,not_nested,0,wait,granted,1.071,not_requested,1,10831286851329034220,0.20372299999999999,0,single,2,25174054,2,2,0,0
2,1.8.0,GCC,14.2.0,Release,Linux,effective_cpu_capacity=4,4,1,linux_sched_affinity+cgroup_cpu_quota,2,2,runtime_latency,budget_2_runtime_0,completion_latency,ms,0.068592,parallel_for,runtimes=2;items_per_runtime=32,thread_pool,not_applicable,Adaptive,2,1,2,2,2,2,1,0,not_nested,0,wait,granted,1.071,not_requested,1,10831286851329034220,0.068592,0,single,2,25174054,1,2,0,0
2,1.8.0,GCC,14.2.0,Release,Linux,effective_cpu_capacity=4,4,1,linux_sched_affinity+cgroup_cpu_quota,2,2,runtime_latency,budget_2_runtime_1,completion_latency,ms,0.13631299999999999,parallel_for,runtimes=2;items_per_runtime=32,thread_pool,not_applicable,Adaptive,2,1,2,2,2,2,2,0,not_nested,0,wait,granted,80.5,not_requested,1,10831286851329034220,0.13631299999999999,0,single,2,25174054,1,2,0,0
2,1.8.0,GCC,14.2.0,Release,Linux,effective_cpu_capacity=4,4,1,linux_sched_affinity+cgroup_cpu_quota,4,4,governed_vs_ungoverned,budget_4,batch_wall_time,ms,0.26251099999999999,parallel_for,runtimes=2;items_per_runtime=64,thread_pool,not_applicable,Adaptive,4,1,4,4,4,4,4,0,not_nested,0,wait,granted,0.97199999999999998,not_requested,1,7589314552514409162,0.26251099999999999,0,single,2,25174054,2,2,0,0
2,1.8.0,GCC,14.2.0,Release,Linux,effective_cpu_capacity=4,4,1,linux_sched_affinity+cgroup_cpu_quota,4,4,governed_vs_ungoverned,budget_4,throughput,operations_per_second,7618.7283580497578,parallel_for,runtimes=2;items_per_runtime=64,thread_pool,not_applicable,Adaptive,4,1,4,4,4,4,4,0,not_nested,0,wait,granted,0.97199999999999998,not_requested,1,7589314552514409162,0.26251099999999999,0,single,2,25174054,2,2,0,0
2,1.8.0,GCC,14.2.0,Release,Linux,effective_cpu_capacity=4,4,1,linux_sched_affinity+cgroup_cpu_quota,4,4,governed_vs_ungoverned,budget_4,peak_participation,threads,2,parallel_for,runtimes=2;items_per_runtime=64,thread_pool,not_applicable,Adaptive,4,1,4,4,4,4,4,0,not_nested,0,wait,granted,0.97199999999999998,not_requested,1,7589314552514409162,0.26251099999999999,0,single,2,25174054,2,2,0,0
2,1.8.0,GCC,14.2.0,Release,Linux,effective_cpu_capacity=4,4,1,linux_sched_affinity+cgroup_cpu_quota,4,4,runtime_latency,budget_4_runtime_0,completion_latency,ms,0.098987000000000006,parallel_for,runtimes=2;items_per_runtime=64,thread_pool,not_applicable,Adaptive,4,1,4,4,4,4,4,0,not_nested,0,wait,granted,0.97199999999999998,not_requested,1,7589314552514409162,0.098987000000000006,0,single,2,25174054,1,2,0,0
2,1.8.0,GCC,14.2.0,Release,Linux,effective_cpu_capacity=4,4,1,linux_sched_affinity+cgroup_cpu_quota,4,4,runtime_latency,budget_4_runtime_1,completion_latency,ms,0.19431399999999999,parallel_for,runtimes=2;items_per_runtime=64,thread_pool,not_applicable,Adaptive,4,1,4,4,4,4,2,0,not_nested,0,wait,granted,114.625,not_requested,1,7589314552514409162,0.19431399999999999,0,single,2,25174054,1,2,0,0
2,1.8.0,GCC,14.2.0,Release,Linux,effective_cpu_capacity=4,4,1,linux_sched_affinity+cgroup_cpu_quota,4,1,governor_overhead,uncontended_exact_acquire_release,latency,us_per_acquire_release,0.14452500000000001,parallel_for,,,not_applicable,Adaptive,1,1,1,1,1,1,1,0,not_nested,1,fail_immediately,granted,0.080000000000000002,not_requested,1,,0.000144525,1,single,2,25174054,1000,1,0,0
2,1.8.0,GCC,14.2.0,Release,Linux,effective_cpu_capacity=4,4,1,linux_sched_affinity+cgroup_cpu_quota,4,1,governor_overhead,inherited_nested_lease,latency,us_per_acquire_release,0.016966000000000002,parallel_for,,,not_applicable,Adaptive,1,1,1,1,1,1,1,1,reuse_parent,1,fail_immediately,granted,0.080000000000000002,not_requested,1,,0.000144525,1,single,2,25174054,1000,1,0,0
2,1.8.0,GCC,14.2.0,Release,Linux,effective_cpu_capacity=4,4,1,linux_sched_affinity+cgroup_cpu_quota,4,4,governor_overhead,flexible_partial_grant,latency,us_per_acquire_release,0.48099999999999998,parallel_for,,,not_applicable,Adaptive,4,1,4,4,1,1,1,0,not_nested,0,fail_immediately,granted,0.23000000000000001,not_requested,1,,0.000144525,1,single,2,25174054,1,1,0,0
2,1.8.0,GCC,14.2.0,Release,Linux,effective_cpu_capacity=4,4,1,linux_sched_affinity+cgroup_cpu_quota,4,4,governor_overhead,immediate_failure,latency,us_per_acquire_release,0.39100000000000001,parallel_for,,,not_applicable,Adaptive,4,4,4,4,0,0,0,0,not_nested,1,fail_immediately,would_block,0,not_requested,1,,0.000144525,1,single,2,25174054,1,1,0,0
2,1.8.0,GCC,14.2.0,Release,Linux,effective_cpu_capacity=4,4,1,linux_sched_affinity+cgroup_cpu_quota,4,4,governor_overhead,direct_cancellation_notification,latency,us,15.483000000000001,parallel_for,,,not_applicable,Adaptive,4,4,4,4,0,0,0,0,not_nested,1,wait,cancelled,3.8050000000000002,requested,1,,0.015483,1,single,2,25174054,1,0,0,0
2,1.8.0,GCC,14.2.0,Release,Linux,effective_cpu_capacity=4,4,1,linux_sched_affinity+cgroup_cpu_quota,4,4,admission_fairness,large_exact_request,completion_rank,rank,5,parallel_for,one_large_exact_plus_eight_small_exact,,not_applicable,Adaptive,4,4,4,4,4,4,4,0,not_nested,1,wait,granted,237.04300000000001,not_requested,1,,0,1,single,2,25174054,1,0,4,237.04300000000001
2,1.8.0,GCC,14.2.0,Release,Linux,effective_cpu_capacity=4,4,1,linux_sched_affinity+cgroup_cpu_quota,4,4,admission_fairness,small_request_0,completion_rank,rank,1,parallel_for,one_large_exact_plus_eight_small_exact,,not_applicable,Adaptive,1,1,1,1,1,1,1,0,not_nested,1,wait,granted,10.115,not_requested,1,,0,1,single,2,25174054,1,0,4,10.115
2,1.8.0,GCC,14.2.0,Release,Linux,effective_cpu_capacity=4,4,1,linux_sched_affinity+cgroup_cpu_quota,4,4,admission_fairness,small_request_1,completion_rank,rank,2,parallel_for,one_large_exact_plus_eight_small_exact,,not_applicable,Adaptive,1,1,1,1,1,1,1,0,not_nested,1,wait,granted,1.2310000000000001,not_requested,1,,0,1,single,2,25174054,1,0,4,1.2310000000000001
2,1.8.0,GCC,14.2.0,Release,Linux,effective_cpu_capacity=4,4,1,linux_sched_affinity+cgroup_cpu_quota,4,4,admission_fairness,small_request_2,completion_rank,rank,3,parallel_for,one_large_exact_plus_eight_small_exact,,not_applicable,Adaptive,1,1,1,1,1,1,1,0,not_nested,1,wait,granted,8.9939999999999998,not_requested,1,,0,1,single,2,25174054,1,0,4,8.9939999999999998
2,1.8.0,GCC,14.2.0,Release,Linux,effective_cpu_capacity=4,4,1,linux_sched_affinity+cgroup_cpu_quota,4,4,admission_fairness,small_request_3,completion_rank,rank,4,parallel_for,one_large_exact_plus_eight_small_exact,,not_applicable,Adaptive,1,1,1,1,1,1,1,0,not_nested,1,wait,granted,6.3499999999999996,not_requested,1,,0,1,single,2,25174054,1,0,4,6.3499999999999996
2,1.8.0,GCC,14.2.0,Release,Linux,effective_cpu_capacity=4,4,1,linux_sched_affinity+cgroup_cpu_quota,4,4,admission_fairness,small_request_4,completion_rank,rank,9,parallel_for,one_large_exact_plus_eight_small_exact,,not_applicable,Adaptive,1,1,1,1,1,1,1,0,not_nested,1,wait,granted,1327.2339999999999,not_requested,1,,0,1,single,2,25174054,1,0,4,1327.2339999999999
2,1.8.0,GCC,14.2.0,Release,Linux,effective_cpu_capacity=4,4,1,linux_sched_affinity+cgroup_cpu_quota,4,4,admission_fairness,small_request_5,completion_rank,rank,7,parallel_for,one_large_exact_plus_eight_small_exact,,not_applicable,Adaptive,1,1,1,1,1,1,1,0,not_nested,1,wait,granted,1220.096,not_requested,1,,0,1,single,2,25174054,1,0,4,1220.096
2,1.8.0,GCC,14.2.0,Release,Linux,effective_cpu_capacity=4,4,1,linux_sched_affinity+cgroup_cpu_quota,4,4,admission_fairness,small_request_6,completion_rank,rank,6,parallel_for,one_large_exact_plus_eight_small_exact,,not_applicable,Adaptive,1,1,1,1,1,1,1,0,not_nested,1,wait,granted,1193.2460000000001,not_requested,1,,0,1,single,2,25174054,1,0,4,1193.2460000000001
2,1.8.0,GCC,14.2.0,Release,Linux,effective_cpu_capacity=4,4,1,linux_sched_affinity+cgroup_cpu_quota,4,4,admission_fairness,small_request_7,completion_rank,rank,8,parallel_for,one_large_exact_plus_eight_small_exact,,not_applicable,Adaptive,1,1,1,1,1,1,1,0,not_nested,1,wait,granted,1260.2660000000001,not_requested,1,,0,1,single,2,25174054,1,0,4,1260.2660000000001
2,1.8.0,GCC,14.2.0,Release,Linux,effective_cpu_capacity=4,4,1,linux_sched_affinity+cgroup_cpu_quota,4,4,adaptive_partial_grant,available_one_of_preferred_budget,granted_workers,threads,1,parallel_for,,thread_pool,not_applicable,Adaptive,4,1,4,4,1,1,1,0,not_nested,0,wait,granted,0.51100000000000001,not_requested,1,,0.101551,1,single,2,25174054,1,1,0,0
2,1.8.0,GCC,14.2.0,Release,Linux,effective_cpu_capacity=4,4,1,linux_sched_affinity+cgroup_cpu_quota,4,4,nested_execution,depth_1,peak_participation,threads,1,parallel_for,depth=1;leaves=2,thread_pool,not_applicable,Adaptive,2,1,2,4,2,2,1,0,not_nested,0,wait,granted,0.28000000000000003,not_requested,1,,0.034861999999999997,1,single,2,25174054,1,1,0,0
2,1.8.0,GCC,14.2.0,Release,Linux,effective_cpu_capacity=4,4,1,linux_sched_affinity+cgroup_cpu_quota,4,4,nested_execution,depth_2,peak_participation,threads,1,parallel_for,depth=2;leaves=4,thread_pool,not_applicable,Adaptive,2,1,2,4,2,2,1,0,not_nested,0,wait,granted,0.51100000000000001,not_requested,1,,0.019418999999999999,1,single,2,25174054,1,1,0,0
2,1.8.0,GCC,14.2.0,Release,Linux,effective_cpu_capacity=4,4,1,linux_sched_affinity+cgroup_cpu_quota,4,4,nested_execution,depth_3,peak_participation,threads,1,parallel_for,depth=3;leaves=8,thread_pool,not_applicable,Adaptive,2,1,2,4,2,2,1,0,not_nested,0,wait,granted,111.806,not_requested,1,,0.14181099999999999,1,single,2,25174054,1,1,0,0
2,1.8.0,GCC,14.2.0,Release,Linux,effective_cpu_capacity=4,4,1,linux_sched_affinity+cgroup_cpu_quota,4,4,nested_execution,depth_4,peak_participation,threads,1,parallel_for,depth=4;leaves=16,thread_pool,not_applicable,Adaptive,2,1,2,4,2,2,1,0,not_nested,0,wait,granted,0.28000000000000003,not_requested,1,,0.020108999999999998,1,single,2,25174054,1,1,0,0
2,1.8.0,GCC,14.2.0,Release,Linux,effective_cpu_capacity=4,4,1,linux_sched_affinity+cgroup_cpu_quota,1,1,scheduler_comparison,sequential,duration,ms,0.441276,parallel_for,,sequential,not_applicable,Adaptive,1,1,1,1,1,1,1,0,not_nested,0,wait,granted,0.23999999999999999,not_requested,1,5314921549994187984,0.441276,1,single,2,25174054,1,1,0,0
2,1.8.0,GCC,14.2.0,Release,Linux,effective_cpu_capacity=4,4,1,linux_sched_affinity+cgroup_cpu_quota,4,4,scheduler_comparison,thread_pool,duration,ms,0.98116000000000003,parallel_for,,thread_pool,not_applicable,Adaptive,4,1,4,4,4,4,4,0,not_nested,0,wait,granted,0.32000000000000001,not_requested,1,5314921549994187984,0.98116000000000003,1,single,2,25174054,1,4,0,0
2,1.8.0,GCC,14.2.0,Release,Linux,effective_cpu_capacity=4,4,1,linux_sched_affinity+cgroup_cpu_quota,4,4,scheduler_comparison,static_thread,duration,ms,0.28891,parallel_for,,static_thread,not_applicable,Adaptive,4,1,4,4,4,4,4,0,not_nested,0,wait,granted,0.56100000000000005,not_requested,1,5314921549994187984,0.28891,1,single,2,25174054,1,4,0,0
2,1.8.0,GCC,14.2.0,Release,Linux,effective_cpu_capacity=4,4,1,linux_sched_affinity+cgroup_cpu_quota,4,4,deterministic_exact_grant,success,accepted,boolean,1,parallel_for,,thread_pool,not_applicable,Deterministic,4,4,4,4,4,4,2,0,not_nested,1,fail_immediately,granted,0.58099999999999996,not_requested,1,,0,1,single,2,25174054,1,0,0,0
2,1.8.0,GCC,14.2.0,Release,Linux,effective_cpu_capacity=4,4,1,linux_sched_affinity+cgroup_cpu_quota,4,4,deterministic_exact_grant,insufficient_budget_failure,accepted,boolean,1,parallel_for,,,not_applicable,Deterministic,4,4,4,4,0,0,0,0,not_nested,1,fail_immediately,would_block,0,not_requested,1,,0,1,single,2,25174054,1,0,0,0
2,1.8.0,GCC,14.2.0,Release,Linux,effective_cpu_capacity=4,4,1,linux_sched_affinity+cgroup_cpu_quota,4,4,governed_vs_ungoverned,governed,batch_wall_time,ms,2.497557,parallel_for,runtimes=2;items_per_runtime=128,thread_pool,not_applicable,Adaptive,4,1,4,4,4,4,4,0,not_nested,0,wait,granted,1.0509999999999999,not_requested,1,14754973877547064749,2.497557,1,ungoverned_then_governed,2,25174054,2,4,0,0
2,1.8.0,GCC,14.2.0,Release,Linux,effective_cpu_capacity=4,4,1,linux_sched_affinity+cgroup_cpu_quota,4,4,governed_vs_ungoverned,governed,throughput,operations_per_second,800.7825246831203,parallel_for,runtimes=2;items_per_runtime=128,thread_pool,not_applicable,Adaptive,4,1,4,4,4,4,4,0,not_nested,0,wait,granted,1.0509999999999999,not_requested,1,14754973877547064749,2.497557,1,ungoverned_then_governed,2,25174054,2,4,0,0
2,1.8.0,GCC,14.2.0,Release,Linux,effective_cpu_capacity=4,4,1,linux_sched_affinity+cgroup_cpu_quota,4,4,governed_vs_ungoverned,governed,peak_participation,threads,4,parallel_for,runtimes=2;items_per_runtime=128,thread_pool,not_applicable,Adaptive,4,1,4,4,4,4,4,0,not_nested,0,wait,granted,1.0509999999999999,not_requested,1,14754973877547064749,2.497557,1,ungoverned_then_governed,2,25174054,2,4,0,0
2,1.8.0,GCC,14.2.0,Release,Linux,effective_cpu_capacity=4,4,1,linux_sched_affinity+cgroup_cpu_quota,4,4,runtime_latency,governed_runtime_0,completion_latency,ms,1.202661,parallel_for,runtimes=2;items_per_runtime=128,thread_pool,not_applicable,Adaptive,4,1,4,4,4,4,4,0,not_nested,0,wait,granted,1.0509999999999999,not_requested,1,14754973877547064749,1.202661,1,ungoverned_then_governed,2,25174054,1,4,0,0
2,1.8.0,GCC,14.2.0,Release,Linux,effective_cpu_capacity=4,4,1,linux_sched_affinity+cgroup_cpu_quota,4,4,runtime_latency,governed_runtime_1,completion_latency,ms,2.4020959999999998,parallel_for,runtimes=2;items_per_runtime=128,thread_pool,not_applicable,Adaptive,4,1,4,4,4,4,3,0,not_nested,0,wait,granted,1191.433,not_requested,1,14754973877547064749,2.4020959999999998,1,ungoverned_then_governed,2,25174054,1,4,0,0
2,1.8.0,GCC,14.2.0,Release,Linux,effective_cpu_capacity=4,4,1,linux_sched_affinity+cgroup_cpu_quota,4,4,governed_vs_ungoverned,ungoverned,batch_wall_time,ms,1.7810410000000001,parallel_for,runtimes=2;items_per_runtime=128,thread_pool,not_applicable,Adaptive,4,1,4,4,4,4,3,0,not_nested,0,wait,granted,1.0209999999999999,not_requested,1,14754973877547064749,1.7810410000000001,1,ungoverned_then_governed,2,25174054,2,4,0,0
2,1.8.0,GCC,14.2.0,Release,Linux,effective_cpu_capacity=4,4,1,linux_sched_affinity+cgroup_cpu_quota,4,4,governed_vs_ungoverned,ungoverned,throughput,operations_per_second,1122.9387756935409,parallel_for,runtimes=2;items_per_runtime=128,thread_pool,not_applicable,Adaptive,4,1,4,4,4,4,3,0,not_nested,0,wait,granted,1.0209999999999999,not_requested,1,14754973877547064749,1.7810410000000001,1,ungoverned_then_governed,2,25174054,2,4,0,0
2,1.8.0,GCC,14.2.0,Release,Linux,effective_cpu_capacity=4,4,1,linux_sched_affinity+cgroup_cpu_quota,4,4,governed_vs_ungoverned,ungoverned,peak_participation,threads,4,parallel_for,runtimes=2;items_per_runtime=128,thread_pool,not_applicable,Adaptive,4,1,4,4,4,4,3,0,not_nested,0,wait,granted,1.0209999999999999,not_requested,1,14754973877547064749,1.7810410000000001,1,ungoverned_then_governed,2,25174054,2,4,0,0
2,1.8.0,GCC,14.2.0,Release,Linux,effective_cpu_capacity=4,4,1,linux_sched_affinity+cgroup_cpu_quota,4,4,runtime_latency,ungoverned_runtime_0,completion_latency,ms,1.218183,parallel_for,runtimes=2;items_per_runtime=128,thread_pool,not_applicable,Adaptive,4,1,4,4,4,4,3,0,not_nested,0,wait,granted,1.0209999999999999,not_requested,1,14754973877547064749,1.218183,1,ungoverned_then_governed,2,25174054,1,4,0,0
2,1.8.0,GCC,14.2.0,Release,Linux,effective_cpu_capacity=4,4,1,linux_sched_affinity+cgroup_cpu_quota,4,4,runtime_latency,ungoverned_runtime_1,completion_latency,ms,1.7170810000000001,parallel_for,runtimes=2;items_per_runtime=128,thread_pool,not_applicable,Adaptive,4,1,4,4,4,4,4,0,not_nested,0,wait,granted,1.151,not_requested,1,14754973877547064749,1.7170810000000001,1,ungoverned_then_governed,2,25174054,1,4,0,0
2,1.8.0,GCC,14.2.0,Release,Linux,effective_cpu_capacity=4,4,1,linux_sched_affinity+cgroup_cpu_quota,4,4,governed_vs_ungoverned,governed_2_runtimes,batch_wall_time,ms,0.220468,parallel_for,runtimes=2;items_per_runtime=32,thread_pool,not_applicable,Adaptive,4,1,4,4,4,4,3,0,not_nested,0,wait,granted,1.1719999999999999,not_requested,1,10831286851329034220,0.220468,1,single,2,25174054,2,2,0,0
2,1.8.0,GCC,14.2.0,Release,Linux,effective_cpu_capacity=4,4,1,linux_sched_affinity+cgroup_cpu_quota,4,4,governed_vs_ungoverned,governed_2_runtimes,throughput,operations_per_second,9071.6112995990352,parallel_for,runtimes=2;items_per_runtime=32,thread_pool,not_applicable,Adaptive,4,1,4,4,4,4,3,0,not_nested,0,wait,granted,1.1719999999999999,not_requested,1,10831286851329034220,0.220468,1,single,2,25174054,2,2,0,0
2,1.8.0,GCC,14.2.0,Release,Linux,effective_cpu_capacity=4,4,1,linux_sched_affinity+cgroup_cpu_quota,4,4,governed_vs_ungoverned,governed_2_runtimes,peak_participation,threads,2,parallel_for,runtimes=2;items_per_runtime=32,thread_pool,not_applicable,Adaptive,4,1,4,4,4,4,3,0,not_nested,0,wait,granted,1.1719999999999999,not_requested,1,10831286851329034220,0.220468,1,single,2,25174054,2,2,0,0
2,1.8.0,GCC,14.2.0,Release,Linux,effective_cpu_capacity=4,4,1,linux_sched_affinity+cgroup_cpu_quota,4,4,runtime_latency,governed_2_runtimes_runtime_0,completion_latency,ms,0.076293,parallel_for,runtimes=2;items_per_runtime=32,thread_pool,not_applicable,Adaptive,4,1,4,4,4,4,3,0,not_nested,0,wait,granted,1.1719999999999999,not_requested,1,10831286851329034220,0.076293,1,single,2,25174054,1,2,0,0
2,1.8.0,GCC,14.2.0,Release,Linux,effective_cpu_capacity=4,4,1,linux_sched_affinity+cgroup_cpu_quota,4,4,runtime_latency,governed_2_runtimes_runtime_1,completion_latency,ms,0.12751999999999999,parallel_for,runtimes=2;items_per_runtime=32,thread_pool,not_applicable,Adaptive,4,1,4,4,4,4,1,0,not_nested,0,wait,granted,52.959000000000003,not_requested,1,10831286851329034220,0.12751999999999999,1,single,2,25174054,1,2,0,0
2,1.8.0,GCC,14.2.0,Release,Linux,effective_cpu_capacity=4,4,1,linux_sched_affinity+cgroup_cpu_quota,4,4,governed_vs_ungoverned,governed_4_runtimes,batch_wall_time,ms,0.434917,parallel_for,runtimes=4;items_per_runtime=32,thread_pool,not_applicable,Adaptive,4,1,4,4,4,4,2,0,not_nested,0,wait,granted,283.79199999999997,not_requested,1,7589314552514409162,0.434917,1,single,2,25174054,4,2,0,0
2,1.8.0,GCC,14.2.0,Release,Linux,effective_cpu_capacity=4,4,1,linux_sched_affinity+cgroup_cpu_quota,4,4,governed_vs_ungoverned,governed_4_runtimes,throughput,operations_per_second,9197.1571587222388,parallel_for,runtimes=4;items_per_runtime=32,thread_pool,not_applicable,Adaptive,4,1,4,4,4,4,2,0,not_nested,0,wait,granted,283.79199999999997,not_requested,1,7589314552514409162,0.434917,1,single,2,25174054,4,2,0,0
2,1.8.0,GCC,14.2.0,Release,Linux,effective_cpu_capacity=4,4,1,linux_sched_affinity+cgroup_cpu_quota,4,4,governed_vs_ungoverned,governed_4_runtimes,peak_participation,threads,2,parallel_for,runtimes=4;items_per_runtime=32,thread_pool,not_applicable,Adaptive,4,1,4,4,4,4,2,0,not_nested,0,wait,granted,283.79199999999997,not_requested,1,7589314552514409162,0.434917,1,single,2,25174054,4,2,0,0
2,1.8.0,GCC,14.2.0,Release,Linux,effective_cpu_capacity=4,4,1,linux_sched_affinity+cgroup_cpu_quota,4,4,runtime_latency,governed_4_runtimes_runtime_0,completion_latency,ms,0.33798299999999998,parallel_for,runtimes=4;items_per_runtime=32,thread_pool,not_applicable,Adaptive,4,1,4,4,4,4,2,0,not_nested,0,wait,granted,283.79199999999997,not_requested,1,7589314552514409162,0.33798299999999998,1,single,2,25174054,1,2,0,0
2,1.8.0,GCC,14.2.0,Release,Linux,effective_cpu_capacity=4,4,1,linux_sched_affinity+cgroup_cpu_quota,4,4,runtime_latency,governed_4_runtimes_runtime_1,completion_latency,ms,0.094921000000000005,parallel_for,runtimes=4;items_per_runtime=32,thread_pool,not_applicable,Adaptive,4,1,4,4,4,4,3,0,not_nested,0,wait,granted,1.212,not_requested,1,7589314552514409162,0.094921000000000005,1,single,2,25174054,1,2,0,0
2,1.8.0,GCC,14.2.0,Release,Linux,effective_cpu_capacity=4,4,1,linux_sched_affinity+cgroup_cpu_quota,4,4,runtime_latency,governed_4_runtimes_runtime_2,completion_latency,ms,0.18308199999999999,parallel_for,runtimes=4;items_per_runtime=32,thread_pool,not_applicable,Adaptive,4,1,4,4,4,4,3,0,not_nested,0,wait,granted,85.257000000000005,not_requested,1,7589314552514409162,0.18308199999999999,1,single,2,25174054,1,2,0,0
2,1.8.0,GCC,14.2.0,Release,Linux,effective_cpu_capacity=4,4,1,linux_sched_affinity+cgroup_cpu_quota,4,4,runtime_latency,governed_4_runtimes_runtime_3,completion_latency,ms,0.26207000000000003,parallel_for,runtimes=4;items_per_runtime=32,thread_pool,not_applicable,Adaptive,4,1,4,4,4,4,2,0,not_nested,0,wait,granted,177.744,not_requested,1,7589314552514409162,0.26207000000000003,1,single,2,25174054,1,2,0,0
2,1.8.0,GCC,14.2.0,Release,Linux,effective_cpu_capacity=4,4,1,linux_sched_affinity+cgroup_cpu_quota,4,4,governed_vs_ungoverned,governed_8_runtimes,batch_wall_time,ms,1.04159,parallel_for,runtimes=8;items_per_runtime=32,thread_pool,not_applicable,Adaptive,4,1,4,4,4,4,1,0,not_nested,0,wait,granted,521.67700000000002,not_requested,1,3424649268515386025,1.04159,1,single,2,25174054,8,3,0,0
2,1.8.0,GCC,14.2.0,Release,Linux,effective_cpu_capacity=4,4,1,linux_sched_affinity+cgroup_cpu_quota,4,4,governed_vs_ungoverned,governed_8_runtimes,throughput,operations_per_second,7680.5652896053152,parallel_for,runtimes=8;items_per_runtime=32,thread_pool,not_applicable,Adaptive,4,1,4,4,4,4,1,0,not_nested,0,wait,granted,521.67700000000002,not_requested,1,3424649268515386025,1.04159,1,single,2,25174054,8,3,0,0
2,1.8.0,GCC,14.2.0,Release,Linux,effective_cpu_capacity=4,4,1,linux_sched_affinity+cgroup_cpu_quota,4,4,governed_vs_ungoverned,governed_8_runtimes,peak_participation,threads,3,parallel_for,runtimes=8;items_per_runtime=32,thread_pool,not_applicable,Adaptive,4,1,4,4,4,4,1,0,not_nested,0,wait,granted,521.67700000000002,not_requested,1,3424649268515386025,1.04159,1,single,2,25174054,8,3,0,0
2,1.8.0,GCC,14.2.0,Release,Linux,effective_cpu_capacity=4,4,1,linux_sched_affinity+cgroup_cpu_quota,4,4,runtime_latency,governed_8_runtimes_runtime_0,completion_latency,ms,0.62584200000000001,parallel_for,runtimes=8;items_per_runtime=32,thread_pool,not_applicable,Adaptive,4,1,4,4,4,4,1,0,not_nested,0,wait,granted,521.67700000000002,not_requested,1,3424649268515386025,0.62584200000000001,1,single,2,25174054,1,3,0,0
2,1.8.0,GCC,14.2.0,Release,Linux,effective_cpu_capacity=4,4,1,linux_sched_affinity+cgroup_cpu_quota,4,4,runtime_latency,governed_8_runtimes_runtime_1,completion_latency,ms,0.099477999999999997,parallel_for,runtimes=8;items_per_runtime=32,thread_pool,not_applicable,Adaptive,4,1,4,4,4,4,1,0,not_nested,0,wait,granted,1.3919999999999999,not_requested,1,3424649268515386025,0.099477999999999997,1,single,2,25174054,1,3,0,0
2,1.8.0,GCC,14.2.0,Release,Linux,effective_cpu_capacity=4,4,1,linux_sched_affinity+cgroup_cpu_quota,4,4,runtime_latency,governed_8_runtimes_runtime_2,completion_latency,ms,0.70469899999999996,parallel_for,runtimes=8;items_per_runtime=32,thread_pool,not_applicable,Adaptive,4,1,4,4,4,4,3,0,not_nested,0,wait,granted,623.52800000000002,not_requested,1,3424649268515386025,0.70469899999999996,1,single,2,25174054,1,3,0,0
2,1.8.0,GCC,14.2.0,Release,Linux,effective_cpu_capacity=4,4,1,linux_sched_affinity+cgroup_cpu_quota,4,4,runtime_latency,governed_8_runtimes_runtime_3,completion_latency,ms,0.19539100000000001,parallel_for,runtimes=8;items_per_runtime=32,thread_pool,not_applicable,Adaptive,4,1,4,4,4,4,1,0,not_nested,0,wait,granted,110.655,not_requested,1,3424649268515386025,0.19539100000000001,1,single,2,25174054,1,3,0,0
2,1.8.0,GCC,14.2.0,Release,Linux,effective_cpu_capacity=4,4,1,linux_sched_affinity+cgroup_cpu_quota,4,4,runtime_latency,governed_8_runtimes_runtime_4,completion_latency,ms,0.525482,parallel_for,runtimes=8;items_per_runtime=32,thread_pool,not_applicable,Adaptive,4,1,4,4,4,4,2,0,not_nested,0,wait,granted,388.43799999999999,not_requested,1,3424649268515386025,0.525482,1,single,2,25174054,1,3,0,0
2,1.8.0,GCC,14.2.0,Release,Linux,effective_cpu_capacity=4,4,1,linux_sched_affinity+cgroup_cpu_quota,4,4,runtime_latency,governed_8_runtimes_runtime_5,completion_latency,ms,0.81197900000000001,parallel_for,runtimes=8;items_per_runtime=32,thread_pool,not_applicable,Adaptive,4,1,4,4,4,4,4,0,not_nested,0,wait,granted,701.18399999999997,not_requested,1,3424649268515386025,0.81197900000000001,1,single,2,25174054,1,3,0,0
2,1.8.0,GCC,14.2.0,Release,Linux,effective_cpu_capacity=4,4,1,linux_sched_affinity+cgroup_cpu_quota,4,4,runtime_latency,governed_8_runtimes_runtime_6,completion_latency,ms,0.305925,parallel_for,runtimes=8;items_per_runtime=32,thread_pool,not_applicable,Adaptive,4,1,4,4,4,4,3,0,not_nested,0,wait,granted,194.5,not_requested,1,3424649268515386025,0.305925,1,single,2,25174054,1,3,0,0
2,1.8.0,GCC,14.2.0,Release,Linux,effective_cpu_capacity=4,4,1,linux_sched_affinity+cgroup_cpu_quota,4,4,runtime_latency,governed_8_runtimes_runtime_7,completion_latency,ms,0.38448199999999999,parallel_for,runtimes=8;items_per_runtime=32,thread_pool,not_applicable,Adaptive,4,1,4,4,4,4,2,0,not_nested,0,wait,granted,301.63900000000001,not_requested,1,3424649268515386025,0.38448199999999999,1,single,2,25174054,1,3,0,0
2,1.8.0,GCC,14.2.0,Release,Linux,effective_cpu_capacity=4,4,1,linux_sched_affinity+cgroup_cpu_quota,1,1,governed_vs_ungoverned,budget_1,batch_wall_time,ms,0.15831600000000001,parallel_for,runtimes=2;items_per_runtime=32,thread_pool,not_applicable,Adaptive,1,1,1,1,1,1,1,0,not_nested,0,wait,granted,0.85099999999999998,not_requested,1,10831286851329034220,0.15831600000000001,1,single,2,25174054,2,1,0,0
2,1.8.0,GCC,14.2.0,Release,Linux,effective_cpu_capacity=4,4,1,linux_sched_affinity+cgroup_cpu_quota,1,1,governed_vs_ungoverned,budget_1,throughput,operations_per_second,12632.961924252761,parallel_for,runtimes=2;items_per_runtime=32,thread_pool,not_applicable,Adaptive,1,1,1,1,1,1,1,0,not_nested,0,wait,granted,0.85099999999999998,not_requested,1,10831286851329034220,0.15831600000000001,1,single,2,25174054,2,1,0,0
2,1.8.0,GCC,14.2.0,Release,Linux,effective_cpu_capacity=4,4,1,linux_sched_affinity+cgroup_cpu_quota,1,1,governed_vs_ungoverned,budget_1,peak_participation,threads,1,parallel_for,runtimes=2;items_per_runtime=32,thread_pool,not_applicable,Adaptive,1,1,1,1,1,1,1,0,not_nested,0,wait,granted,0.85099999999999998,not_requested,1,10831286851329034220,0.15831600000000001,1,single,2,25174054,2,1,0,0
2,1.8.0,GCC,14.2.0,Release,Linux,effective_cpu_capacity=4,4,1,linux_sched_affinity+cgroup_cpu_quota,1,1,runtime_latency,budget_1_runtime_0,completion_latency,ms,0.044014999999999999,parallel_for,runtimes=2;items_per_runtime=32,thread_pool,not_applicable,Adaptive,1,1,1,1,1,1,1,0,not_nested,0,wait,granted,0.85099999999999998,not_requested,1,10831286851329034220,0.044014999999999999,1,single,2,25174054,1,1,0,0
2,1.8.0,GCC,14.2.0,Release,Linux,effective_cpu_capacity=4,4,1,linux_sched_affinity+cgroup_cpu_quota,1,1,runtime_latency,budget_1_runtime_1,completion_latency,ms,0.083735000000000004,parallel_for,runtimes=2;items_per_runtime=32,thread_pool,not_applicable,Adaptive,1,1,1,1,1,1,1,0,not_nested,0,wait,granted,36.533999999999999,not_requested,1,10831286851329034220,0.083735000000000004,1,single,2,25174054,1,1,0,0
2,1.8.0,GCC,14.2.0,Release,Linux,effective_cpu_capacity=4,4,1,linux_sched_affinity+cgroup_cpu_quota,2,2,governed_vs_ungoverned,budget_2,batch_wall_time,ms,0.20922199999999999,parallel_for,runtimes=2;items_per_runtime=32,thread_pool,not_applicable,Adaptive,2,1,2,2,2,2,1,0,not_nested,0,wait,granted,1.1120000000000001,not_requested,1,10831286851329034220,0.20922199999999999,1,single,2,25174054,2,2,0,0
2,1.8.0,GCC,14.2.0,Release,Linux,effective_cpu_capacity=4,4,1,linux_sched_affinity+cgroup_cpu_quota,2,2,governed_vs_ungoverned,budget_2,throughput,operations_per_second,9559.2241733660903,parallel_for,runtimes=2;items_per_runtime=32,thread_pool,not_applicable,Adaptive,2,1,2,2,2,2,1,0,not_nested,0,wait,granted,1.1120000000000001,not_requested,1,10831286851329034220,0.20922199999999999,1,single,2,25174054,2,2,0,0
2,1.8.0,GCC,14.2.0,Release,Linux,effective_cpu_capacity=4,4,1,linux_sched_affinity+cgroup_cpu_quota,2,2,governed_vs_ungoverned,budget_2,peak_participation,threads,2,parallel_for,runtimes=2;items_per_runtime=32,thread_pool,not_applicable,Adaptive,2,1,2,2,2,2,1,0,not_nested,0,wait,granted,1.1120000000000001,not_requested,1,10831286851329034220,0.20922199999999999,1,single,2,25174054,2,2,0,0
2,1.8.0,GCC,14.2.0,Release,Linux,effective_cpu_capacity=4,4,1,linux_sched_affinity+cgroup_cpu_quota,2,2,runtime_latency,budget_2_runtime_0,completion_latency,ms,0.079648999999999998,parallel_for,runtimes=2;items_per_runtime=32,thread_pool,not_applicable,Adaptive,2,1,2,2,2,2,1,0,not_nested,0,wait,granted,1.1120000000000001,not_requested,1,10831286851329034220,0.079648999999999998,1,single,2,25174054,1,2,0,0
2,1.8.0,GCC,14.2.0,Release,Linux,effective_cpu_capacity=4,4,1,linux_sched_affinity+cgroup_cpu_quota,2,2,runtime_latency,budget_2_runtime_1,completion_latency,ms,0.12623699999999999,parallel_for,runtimes=2;items_per_runtime=32,thread_pool,not_applicable,Adaptive,2,1,2,2,2,2,2,0,not_nested,0,wait,granted,73.248999999999995,not_requested,1,10831286851329034220,0.12623699999999999,1,single,2,25174054,1,2,0,0
2,1.8.0,GCC,14.2.0,Release,Linux,effective_cpu_capacity=4,4,1,linux_sched_affinity+cgroup_cpu_quota,4,4,governed_vs_ungoverned,budget_4,batch_wall_time,ms,0.36771799999999999,parallel_for,runtimes=2;items_per_runtime=64,thread_pool,not_applicable,Adaptive,4,1,4,4,4,4,3,0,not_nested,0,wait,granted,0.89100000000000001,not_requested,1,7589314552514409162,0.36771799999999999,1,single,2,25174054,2,3,0,0
2,1.8.0,GCC,14.2.0,Release,Linux,effective_cpu_capacity=4,4,1,linux_sched_affinity+cgroup_cpu_quota,4,4,governed_vs_ungoverned,budget_4,throughput,operations_per_second,5438.9505001114985,parallel_for,runtimes=2;items_per_runtime=64,thread_pool,not_applicable,Adaptive,4,1,4,4,4,4,3,0,not_nested,0,wait,granted,0.89100000000000001,not_requested,1,7589314552514409162,0.36771799999999999,1,single,2,25174054,2,3,0,0
2,1.8.0,GCC,14.2.0,Release,Linux,effective_cpu_capacity=4,4,1,linux_sched_affinity+cgroup_cpu_quota,4,4,governed_vs_ungoverned,budget_4,peak_participation,threads,3,parallel_for,runtimes=2;items_per_runtime=64,thread_pool,not_applicable,Adaptive,4,1,4,4,4,4,3,0,not_nested,0,wait,granted,0.89100000000000001,not_requested,1,7589314552514409162,0.36771799999999999,1,single,2,25174054,2,3,0,0
2,1.8.0,GCC,14.2.0,Release,Linux,effective_cpu_capacity=4,4,1,linux_sched_affinity+cgroup_cpu_quota,4,4,runtime_latency,budget_4_runtime_0,completion_latency,ms,0.22069800000000001,parallel_for,runtimes=2;items_per_runtime=64,thread_pool,not_applicable,Adaptive,4,1,4,4,4,4,3,0,not_nested,0,wait,granted,0.89100000000000001,not_requested,1,7589314552514409162,0.22069800000000001,1,single,2,25174054,1,3,0,0
2,1.8.0,GCC,14.2.0,Release,Linux,effective_cpu_capacity=4,4,1,linux_sched_affinity+cgroup_cpu_quota,4,4,runtime_latency,budget_4_runtime_1,completion_latency,ms,0.29051300000000002,parallel_for,runtimes=2;items_per_runtime=64,thread_pool,not_applicable,Adaptive,4,1,4,4,4,4,4,0,not_nested,0,wait,granted,217.03299999999999,not_requested,1,7589314552514409162,0.29051300000000002,1,single,2,25174054,1,3,0,0
2,1.8.0,GCC,14.2.0,Release,Linux,effective_cpu_capacity=4,4,1,linux_sched_affinity+cgroup_cpu_quota,4,1,governor_overhead,uncontended_exact_acquire_release,latency,us_per_acquire_release,0.14638800000000002,parallel_for,,,not_applicable,Adaptive,1,1,1,1,1,1,1,0,not_nested,1,fail_immediately,granted,0.080000000000000002,not_requested,1,,0.00014638800000000001,2,single,2,25174054,1000,1,0,0
2,1.8.0,GCC,14.2.0,Release,Linux,effective_cpu_capacity=4,4,1,linux_sched_affinity+cgroup_cpu_quota,4,1,governor_overhead,inherited_nested_lease,latency,us_per_acquire_release,0.037676000000000001,parallel_for,,,not_applicable,Adaptive,1,1,1,1,1,1,1,1,reuse_parent,1,fail_immediately,granted,0.080000000000000002,not_requested,1,,0.00014638800000000001,2,single,2,25174054,1000,1,0,0
2,1.8.0,GCC,14.2.0,Release,Linux,effective_cpu_capacity=4,4,1,linux_sched_affinity+cgroup_cpu_quota,4,4,governor_overhead,flexible_partial_grant,latency,us_per_acquire_release,0.31,parallel_for,,,not_applicable,Adaptive,4,1,4,4,1,1,1,0,not_nested,0,fail_immediately,granted,0.16,not_requested,1,,0.00014638800000000001,2,single,2,25174054,1,1,0,0
2,1.8.0,GCC,14.2.0,Release,Linux,effective_cpu_capacity=4,4,1,linux_sched_affinity+cgroup_cpu_quota,4,4,governor_overhead,immediate_failure,latency,us_per_acquire_release,0.55100000000000005,parallel_for,,,not_applicable,Adaptive,4,4,4,4,0,0,0,0,not_nested,1,fail_immediately,would_block,0,not_requested,1,,0.00014638800000000001,2,single,2,25174054,1,1,0,0
2,1.8.0,GCC,14.2.0,Release,Linux,effective_cpu_capacity=4,4,1,linux_sched_affinity+cgroup_cpu_quota,4,4,governor_overhead,direct_cancellation_notification,latency,us,65.668000000000006,parallel_for,,,not_applicable,Adaptive,4,4,4,4,0,0,0,0,not_nested,1,wait,cancelled,10.484999999999999,requested,1,,0.065668000000000004,2,single,2,25174054,1,0,0,0
2,1.8.0,GCC,14.2.0,Release,Linux,effective_cpu_capacity=4,4,1,linux_sched_affinity+cgroup_cpu_quota,4,4,admission_fairness,large_exact_request,completion_rank,rank,5,parallel_for,one_large_exact_plus_eight_small_exact,,not_applicable,Adaptive,4,4,4,4,4,4,4,0,not_nested,1,wait,granted,272.46499999999997,not_requested,1,,0,2,single,2,25174054,1,0,4,272.46499999999997
2,1.8.0,GCC,14.2.0,Release,Linux,effective_cpu_capacity=4,4,1,linux_sched_affinity+cgroup_cpu_quota,4,4,admission_fairness,small_request_0,completion_rank,rank,1,parallel_for,one_large_exact_plus_eight_small_exact,,not_applicable,Adaptive,1,1,1,1,1,1,1,0,not_nested,1,wait,granted,3.5859999999999999,not_requested,1,,0,2,single,2,25174054,1,0,4,3.5859999999999999
2,1.8.0,GCC,14.2.0,Release,Linux,effective_cpu_capacity=4,4,1,linux_sched_affinity+cgroup_cpu_quota,4,4,admission_fairness,small_request_1,completion_rank,rank,2,parallel_for,one_large_exact_plus_eight_small_exact,,not_applicable,Adaptive,1,1,1,1,1,1,1,0,not_nested,1,wait,granted,9.8350000000000009,not_requested,1,,0,2,single,2,25174054,1,0,4,9.8350000000000009
2,1.8.0,GCC,14.2.0,Release,Linux,effective_cpu_capacity=4,4,1,linux_sched_affinity+cgroup_cpu_quota,4,4,admission_fairness,small_request_2,completion_rank,rank,3,parallel_for,one_large_exact_plus_eight_small_exact,,not_applicable,Adaptive,1,1,1,1,1,1,1,0,not_nested,1,wait,granted,7.9119999999999999,not_requested,1,,0,2,single,2,25174054,1,0,4,7.9119999999999999
2,1.8.0,GCC,14.2.0,Release,Linux,effective_cpu_capacity=4,4,1,linux_sched_affinity+cgroup_cpu_quota,4,4,admission_fairness,small_request_3,completion_rank,rank,4,parallel_for,one_large_exact_plus_eight_small_exact,,not_applicable,Adaptive,1,1,1,1,1,1,1,0,not_nested,1,wait,granted,2.0630000000000002,not_requested,1,,0,2,single,2,25174054,1,0,4,2.0630000000000002
2,1.8.0,GCC,14.2.0,Release,Linux,effective_cpu_capacity=4,4,1,linux_sched_affinity+cgroup_cpu_quota,4,4,admission_fairness,small_request_4,completion_rank,rank,9,parallel_for,one_large_exact_plus_eight_small_exact,,not_applicable,Adaptive,1,1,1,1,1,1,1,0,not_nested,1,wait,granted,1334.0250000000001,not_requested,1,,0,2,single,2,25174054,1,0,4,1334.0250000000001
2,1.8.0,GCC,14.2.0,Release,Linux,effective_cpu_capacity=4,4,1,linux_sched_affinity+cgroup_cpu_quota,4,4,admission_fairness,small_request_5,completion_rank,rank,7,parallel_for,one_large_exact_plus_eight_small_exact,,not_applicable,Adaptive,1,1,1,1,1,1,1,0,not_nested,1,wait,granted,1246.0889999999999,not_requested,1,,0,2,single,2,25174054,1,0,4,1246.0889999999999
2,1.8.0,GCC,14.2.0,Release,Linux,effective_cpu_capacity=4,4,1,linux_sched_affinity+cgroup_cpu_quota,4,4,admission_fairness,small_request_6,completion_rank,rank,8,parallel_for,one_large_exact_plus_eight_small_exact,,not_applicable,Adaptive,1,1,1,1,1,1,1,0,not_nested,1,wait,granted,1257.942,not_requested,1,,0,2,single,2,25174054,1,0,4,1257.942
2,1.8.0,GCC,14.2.0,Release,Linux,effective_cpu_capacity=4,4,1,linux_sched_affinity+cgroup_cpu_quota,4,4,admission_fairness,small_request_7,completion_rank,rank,6,parallel_for,one_large_exact_plus_eight_small_exact,,not_applicable,Adaptive,1,1,1,1,1,1,1,0,not_nested,1,wait,granted,1156.6400000000001,not_requested,1,,0,2,single,2,25174054,1,0,4,1156.6400000000001
2,1.8.0,GCC,14.2.0,Release,Linux,effective_cpu_capacity=4,4,1,linux_sched_affinity+cgroup_cpu_quota,4,4,adaptive_partial_grant,available_one_of_preferred_budget,granted_workers,threads,1,parallel_for,,thread_pool,not_applicable,Adaptive,4,1,4,4,1,1,1,0,not_nested,0,wait,granted,0.29999999999999999,not_requested,1,,0.098417000000000004,2,single,2,25174054,1,1,0,0
2,1.8.0,GCC,14.2.0,Release,Linux,effective_cpu_capacity=4,4,1,linux_sched_affinity+cgroup_cpu_quota,4,4,nested_execution,depth_1,peak_participation,threads,1,parallel_for,depth=1;leaves=2,thread_pool,not_applicable,Adaptive,2,1,2,4,2,2,1,0,not_nested,0,wait,granted,0.23999999999999999,not_requested,1,,0.027341000000000001,2,single,2,25174054,1,1,0,0
2,1.8.0,GCC,14.2.0,Release,Linux,effective_cpu_capacity=4,4,1,linux_sched_affinity+cgroup_cpu_quota,4,4,nested_execution,depth_2,peak_participation,threads,1,parallel_for,depth=2;leaves=4,thread_pool,not_applicable,Adaptive,2,1,2,4,2,2,1,0,not_nested,0,wait,granted,0.26000000000000001,not_requested,1,,0.026380000000000001,2,single,2,25174054,1,1,0,0
2,1.8.0,GCC,14.2.0,Release,Linux,effective_cpu_capacity=4,4,1,linux_sched_affinity+cgroup_cpu_quota,4,4,nested_execution,depth_3,peak_participation,threads,1,parallel_for,depth=3;leaves=8,thread_pool,not_applicable,Adaptive,2,1,2,4,2,2,1,0,not_nested,0,wait,granted,0.42999999999999999,not_requested,1,,0.080619999999999997,2,single,2,25174054,1,1,0,0
2,1.8.0,GCC,14.2.0,Release,Linux,effective_cpu_capacity=4,4,1,linux_sched_affinity+cgroup_cpu_quota,4,4,nested_execution,depth_4,peak_participation,threads,1,parallel_for,depth=4;leaves=16,thread_pool,not_applicable,Adaptive,2,1,2,4,2,2,1,0,not_nested,0,wait,granted,0.46000000000000002,not_requested,1,,0.022894000000000001,2,single,2,25174054,1,1,0,0
2,1.8.0,GCC,14.2.0,Release,Linux,effective_cpu_capacity=4,4,1,linux_sched_affinity+cgroup_cpu_quota,1,1,scheduler_comparison,sequential,duration,ms,0.40662500000000001,parallel_for,,sequential,not_applicable,Adaptive,1,1,1,1,1,1,1,0,not_nested,0,wait,granted,0.23999999999999999,not_requested,1,5314921549994187984,0.40662500000000001,2,single,2,25174054,1,1,0,0
2,1.8.0,GCC,14.2.0,Release,Linux,effective_cpu_capacity=4,4,1,linux_sched_affinity+cgroup_cpu_quota,4,4,scheduler_comparison,thread_pool,duration,ms,0.23669299999999999,parallel_for,,thread_pool,not_applicable,Adaptive,4,1,4,4,4,4,4,0,not_nested,0,wait,granted,0.16,not_requested,1,5314921549994187984,0.23669299999999999,2,single,2,25174054,1,4,0,0
2,1.8.0,GCC,14.2.0,Release,Linux,effective_cpu_capacity=4,4,1,linux_sched_affinity+cgroup_cpu_quota,4,4,scheduler_comparison,static_thread,duration,ms,0.25001200000000001,parallel_for,,static_thread,not_applicable,Adaptive,4,1,4,4,4,4,4,0,not_nested,0,wait,granted,0.54100000000000004,not_requested,1,5314921549994187984,0.25001200000000001,2,single,2,25174054,1,4,0,0
2,1.8.0,GCC,14.2.0,Release,Linux,effective_cpu_capacity=4,4,1,linux_sched_affinity+cgroup_cpu_quota,4,4,deterministic_exact_grant,success,accepted,boolean,1,parallel_for,,thread_pool,not_applicable,Deterministic,4,4,4,4,4,4,1,0,not_nested,1,fail_immediately,granted,0.54000000000000004,not_requested,1,,0,2,single,2,25174054,1,0,0,0
2,1.8.0,GCC,14.2.0,Release,Linux,effective_cpu_capacity=4,4,1,linux_sched_affinity+cgroup_cpu_quota,4,4,deterministic_exact_grant,insufficient_budget_failure,accepted,boolean,1,parallel_for,,,not_applicable,Deterministic,4,4,4,4,0,0,0,0,not_nested,1,fail_immediately,would_block,0,not_requested,1,,0,2,single,2,25174054,1,0,0,0
2,1.8.0,GCC,14.2.0,Release,Linux,effective_cpu_capacity=4,4,1,linux_sched_affinity+cgroup_cpu_quota,4,4,governed_vs_ungoverned,governed,batch_wall_time,ms,2.1229390000000001,parallel_for,runtimes=2;items_per_runtime=128,thread_pool,not_applicable,Adaptive,4,1,4,4,4,4,3,0,not_nested,0,wait,granted,0.98099999999999998,not_requested,1,14754973877547064749,2.1229390000000001,2,governed_then_ungoverned,2,25174054,2,4,0,0
2,1.8.0,GCC,14.2.0,Release,Linux,effective_cpu_capacity=4,4,1,linux_sched_affinity+cgroup_cpu_quota,4,4,governed_vs_ungoverned,governed,throughput,operations_per_second,942.0901872357141,parallel_for,runtimes=2;items_per_runtime=128,thread_pool,not_applicable,Adaptive,4,1,4,4,4,4,3,0,not_nested,0,wait,granted,0.98099999999999998,not_requested,1,14754973877547064749,2.1229390000000001,2,governed_then_ungoverned,2,25174054,2,4,0,0
2,1.8.0,GCC,14.2.0,Release,Linux,effective_cpu_capacity=4,4,1,linux_sched_affinity+cgroup_cpu_quota,4,4,governed_vs_ungoverned,governed,peak_participation,threads,4,parallel_for,runtimes=2;items_per_runtime=128,thread_pool,not_applicable,Adaptive,4,1,4,4,4,4,3,0,not_nested,0,wait,granted,0.98099999999999998,not_requested,1,14754973877547064749,2.1229390000000001,2,governed_then_ungoverned,2,25174054,2,4,0,0
2,1.8.0,GCC,14.2.0,Release,Linux,effective_cpu_capacity=4,4,1,linux_sched_affinity+cgroup_cpu_quota,4,4,runtime_latency,governed_runtime_0,completion_latency,ms,1.181899,parallel_for,runtimes=2;items_per_runtime=128,thread_pool,not_applicable,Adaptive,4,1,4,4,4,4,3,0,not_nested,0,wait,granted,0.98099999999999998,not_requested,1,14754973877547064749,1.181899,2,governed_then_ungoverned,2,25174054,1,4,0,0
2,1.8.0,GCC,14.2.0,Release,Linux,effective_cpu_capacity=4,4,1,linux_sched_affinity+cgroup_cpu_quota,4,4,runtime_latency,governed_runtime_1,completion_latency,ms,2.0124249999999999,parallel_for,runtimes=2;items_per_runtime=128,thread_pool,not_applicable,Adaptive,4,1,4,4,4,4,4,0,not_nested,0,wait,granted,1181.028,not_requested,1,14754973877547064749,2.0124249999999999,2,governed_then_ungoverned,2,25174054,1,4,0,0
2,1.8.0,GCC,14.2.0,Release,Linux,effective_cpu_capacity=4,4,1,linux_sched_affinity+cgroup_cpu_quota,4,4,governed_vs_ungoverned,ungoverned,batch_wall_time,ms,1.668223,parallel_for,runtimes=2;items_per_runtime=128,thread_pool,not_applicable,Adaptive,4,1,4,4,4,4,4,0,not_nested,0,wait,granted,0.79100000000000004,not_requested,1,14754973877547064749,1.668223,2,governed_then_ungoverned,2,25174054,2,5,0,0
2,1.8.0,GCC,14.2.0,Release,Linux,effective_cpu_capacity=4,4,1,linux_sched_affinity+cgroup_cpu_quota,4,4,governed_vs_ungoverned,ungoverned,throughput,operations_per_second,1198.880485402731,parallel_for,runtimes=2;items_per_runtime=128,thread_pool,not_applicable,Adaptive,4,1,4,4,4,4,4,0,not_nested,0,wait,granted,0.79100000000000004,not_requested,1,14754973877547064749,1.668223,2,governed_then_ungoverned,2,25174054,2,5,0,0
2,1.8.0,GCC,14.2.0,Release,Linux,effective_cpu_capacity=4,4,1,linux_sched_affinity+cgroup_cpu_quota,4,4,governed_vs_ungoverned,ungoverned,peak_participation,threads,5,parallel_for,runtimes=2;items_per_runtime=128,thread_pool,not_applicable,Adaptive,4,1,4,4,4,4,4,0,not_nested,0,wait,granted,0.79100000000000004,not_requested,1,14754973877547064749,1.668223,2,governed_then_ungoverned,2,25174054,2,5,0,0
2,1.8.0,GCC,14.2.0,Release,Linux,effective_cpu_capacity=4,4,1,linux_sched_affinity+cgroup_cpu_quota,4,4,runtime_latency,ungoverned_runtime_0,completion_latency,ms,1.5320400000000001,parallel_for,runtimes=2;items_per_runtime=128,thread_pool,not_applicable,Adaptive,4,1,4,4,4,4,4,0,not_nested,0,wait,granted,0.79100000000000004,not_requested,1,14754973877547064749,1.5320400000000001,2,governed_then_ungoverned,2,25174054,1,5,0,0
2,1.8.0,GCC,14.2.0,Release,Linux,effective_cpu_capacity=4,4,1,linux_sched_affinity+cgroup_cpu_quota,4,4,runtime_latency,ungoverned_runtime_1,completion_latency,ms,1.581264,parallel_for,runtimes=2;items_per_runtime=128,thread_pool,not_applicable,Adaptive,4,1,4,4,4,4,4,0,not_nested,0,wait,granted,1.242,not_requested,1,14754973877547064749,1.581264,2,governed_then_ungoverned,2,25174054,1,5,0,0
2,1.8.0,GCC,14.2.0,Release,Linux,effective_cpu_capacity=4,4,1,linux_sched_affinity+cgroup_cpu_quota,4,4,governed_vs_ungoverned,governed_2_runtimes,batch_wall_time,ms,0.265154,parallel_for,runtimes=2;items_per_runtime=32,thread_pool,not_applicable,Adaptive,4,1,4,4,4,4,2,0,not_nested,0,wait,granted,1.3320000000000001,not_requested,1,10831286851329034220,0.265154,2,single,2,25174054,2,2,0,0
2,1.8.0,GCC,14.2.0,Release,Linux,effective_cpu_capacity=4,4,1,linux_sched_affinity+cgroup_cpu_quota,4,4,governed_vs_ungoverned,governed_2_runtimes,throughput,operations_per_second,7542.7864561726401,parallel_for,runtimes=2;items_per_runtime=32,thread_pool,not_applicable,Adaptive,4,1,4,4,4,4,2,0,not_nested,0,wait,granted,1.3320000000000001,not_requested,1,10831286851329034220,0.265154,2,single,2,25174054,2,2,0,0
2,1.8.0,GCC,14.2.0,Release,Linux,effective_cpu_capacity=4,4,1,linux_sched_affinity+cgroup_cpu_quota,4,4,governed_vs_ungoverned,governed_2_runtimes,peak_participation,threads,2,parallel_for,runtimes=2;items_per_runtime=32,thread_pool,not_applicable,Adaptive,4,1,4,4,4,4,2,0,not_nested,0,wait,granted,1.3320000000000001,not_requested,1,10831286851329034220,0.265154,2,single,2,25174054,2,2,0,0
2,1.8.0,GCC,14.2.0,Release,Linux,effective_cpu_capacity=4,4,1,linux_sched_affinity+cgroup_cpu_quota,4,4,runtime_latency,governed_2_runtimes_runtime_0,completion_latency,ms,0.094149999999999998,parallel_for,runtimes=2;items_per_runtime=32,thread_pool,not_applicable,Adaptive,4,1,4,4,4,4,2,0,not_nested,0,wait,granted,1.3320000000000001,not_requested,1,10831286851329034220,0.094149999999999998,2,single,2,25174054,1,2,0,0
2,1.8.0,GCC,14.2.0,Release,Linux,effective_cpu_capacity=4,4,1,linux_sched_affinity+cgroup_cpu_quota,4,4,runtime_latency,governed_2_runtimes_runtime_1,completion_latency,ms,0.183282,parallel_for,runtimes=2;items_per_runtime=32,thread_pool,not_applicable,Adaptive,4,1,4,4,4,4,4,0,not_nested,0,wait,granted,99.748000000000005,not_requested,1,10831286851329034220,0.183282,2,single,2,25174054,1,2,0,0
2,1.8.0,GCC,14.2.0,Release,Linux,effective_cpu_capacity=4,4,1,linux_sched_affinity+cgroup_cpu_quota,4,4,governed_vs_ungoverned,governed_4_runtimes,batch_wall_time,ms,0.53649899999999995,parallel_for,runtimes=4;items_per_runtime=32,thread_pool,not_applicable,Adaptive,4,1,4,4,4,4,2,0,not_nested,0,wait,granted,243.41200000000001,not_requested,1,7589314552514409162,0.53649899999999995,2,single,2,25174054,4,2,0,0
2,1.8.0,GCC,14.2.0,Release,Linux,effective_cpu_capacity=4,4,1,linux_sched_affinity+cgroup_cpu_quota,4,4,governed_vs_ungoverned,governed_4_runtimes,throughput,operations_per_second,7455.7454906719313,parallel_for,runtimes=4;items_per_runtime=32,thread_pool,not_applicable,Adaptive,4,1,4,4,4,4,2,0,not_nested,0,wait,granted,243.41200000000001,not_requested,1,7589314552514409162,0.53649899999999995,2,single,2,25174054,4,2,0,0
2,1.8.0,GCC,14.2.0,Release,Linux,effective_cpu_capacity=4,4,1,linux_sched_affinity+cgroup_cpu_quota,4,4,governed_vs_ungoverned,governed_4_runtimes,peak_participation,threads,2,parallel_for,runtimes=4;items_per_runtime=32,thread_pool,not_applicable,Adaptive,4,1,4,4,4,4,2,0,not_nested,0,wait,granted,243.41200000000001,not_requested,1,7589314552514409162,0.53649899999999995,2,single,2,25174054,4,2,0,0
2,1.8.0,GCC,14.2.0,Release,Linux,effective_cpu_capacity=4,4,1,linux_sched_affinity+cgroup_cpu_quota,4,4,runtime_latency,governed_4_runtimes_runtime_0,completion_latency,ms,0.30875000000000002,parallel_for,runtimes=4;items_per_runtime=32,thread_pool,not_applicable,Adaptive,4,1,4,4,4,4,2,0,not_nested,0,wait,granted,243.41200000000001,not_requested,1,7589314552514409162,0.30875000000000002,2,single,2,25174054,1,2,0,0
2,1.8.0,GCC,14.2.0,Release,Linux,effective_cpu_capacity=4,4,1,linux_sched_affinity+cgroup_cpu_quota,4,4,runtime_latency,governed_4_runtimes_runtime_1,completion_latency,ms,0.14840100000000001,parallel_for,runtimes=4;items_per_runtime=32,thread_pool,not_applicable,Adaptive,4,1,4,4,4,4,1,0,not_nested,0,wait,granted,1.3919999999999999,not_requested,1,7589314552514409162,0.14840100000000001,2,single,2,25174054,1,2,0,0
2,1.8.0,GCC,14.2.0,Release,Linux,effective_cpu_capacity=4,4,1,linux_sched_affinity+cgroup_cpu_quota,4,4,runtime_latency,governed_4_runtimes_runtime_2,completion_latency,ms,0.276611,parallel_for,runtimes=4;items_per_runtime=32,thread_pool,not_applicable,Adaptive,4,1,4,4,4,4,2,0,not_nested,0,wait,granted,199.89699999999999,not_requested,1,7589314552514409162,0.276611,2,single,2,25174054,1,2,0,0
2,1.8.0,GCC,14.2.0,Release,Linux,effective_cpu_capacity=4,4,1,linux_sched_affinity+cgroup_cpu_quota,4,4,runtime_latency,governed_4_runtimes_runtime_3,completion_latency,ms,0.30119800000000002,parallel_for,runtimes=4;items_per_runtime=32,thread_pool,not_applicable,Adaptive,4,1,4,4,4,4,2,0,not_nested,0,wait,granted,232.96700000000001,not_requested,1,7589314552514409162,0.30119800000000002,2,single,2,25174054,1,2,0,0
2,1.8.0,GCC,14.2.0,Release,Linux,effective_cpu_capacity=4,4,1,linux_sched_affinity+cgroup_cpu_quota,4,4,governed_vs_ungoverned,governed_8_runtimes,batch_wall_time,ms,0.90083000000000002,parallel_for,runtimes=8;items_per_runtime=32,thread_pool,not_applicable,Adaptive,4,1,4,4,4,4,3,0,not_nested,0,wait,granted,327.61399999999998,not_requested,1,3424649268515386025,0.90083000000000002,2,single,2,25174054,8,3,0,0
2,1.8.0,GCC,14.2.0,Release,Linux,effective_cpu_capacity=4,4,1,linux_sched_affinity+cgroup_cpu_quota,4,4,governed_vs_ungoverned,governed_8_runtimes,throughput,operations_per_second,8880.698911004296,parallel_for,runtimes=8;items_per_runtime=32,thread_pool,not_applicable,Adaptive,4,1,4,4,4,4,3,0,not_nested,0,wait,granted,327.61399999999998,not_requested,1,3424649268515386025,0.90083000000000002,2,single,2,25174054,8,3,0,0
2,1.8.0,GCC,14.2.0,Release,Linux,effective_cpu_capacity=4,4,1,linux_sched_affinity+cgroup_cpu_quota,4,4,governed_vs_ungoverned,governed_8_runtimes,peak_participation,threads,3,parallel_for,runtimes=8;items_per_runtime=32,thread_pool,not_applicable,Adaptive,4,1,4,4,4,4,3,0,not_nested,0,wait,granted,327.61399999999998,not_requested,1,3424649268515386025,0.90083000000000002,2,single,2,25174054,8,3,0,0
2,1.8.0,GCC,14.2.0,Release,Linux,effective_cpu_capacity=4,4,1,linux_sched_affinity+cgroup_cpu_quota,4,4,runtime_latency,governed_8_runtimes_runtime_0,completion_latency,ms,0.39283099999999999,parallel_for,runtimes=8;items_per_runtime=32,thread_pool,not_applicable,Adaptive,4,1,4,4,4,4,3,0,not_nested,0,wait,granted,327.61399999999998,not_requested,1,3424649268515386025,0.39283099999999999,2,single,2,25174054,1,3,0,0
2,1.8.0,GCC,14.2.0,Release,Linux,effective_cpu_capacity=4,4,1,linux_sched_affinity+cgroup_cpu_quota,4,4,runtime_latency,governed_8_runtimes_runtime_1,completion_latency,ms,0.52162600000000003,parallel_for,runtimes=8;items_per_runtime=32,thread_pool,not_applicable,Adaptive,4,1,4,4,4,4,4,0,not_nested,0,wait,granted,457.06099999999998,not_requested,1,3424649268515386025,0.52162600000000003,2,single,2,25174054,1,3,0,0
2,1.8.0,GCC,14.2.0,Release,Linux,effective_cpu_capacity=4,4,1,linux_sched_affinity+cgroup_cpu_quota,4,4,runtime_latency,governed_8_runtimes_runtime_2,completion_latency,ms,0.48511599999999999,parallel_for,runtimes=8;items_per_runtime=32,thread_pool,not_applicable,Adaptive,4,1,4,4,4,4,3,0,not_nested,0,wait,granted,396.66500000000002,not_requested,1,3424649268515386025,0.48511599999999999,2,single,2,25174054,1,3,0,0
2,1.8.0,GCC,14.2.0,Release,Linux,effective_cpu_capacity=4,4,1,linux_sched_affinity+cgroup_cpu_quota,4,4,runtime_latency,governed_8_runtimes_runtime_3,completion_latency,ms,0.55153099999999999,parallel_for,runtimes=8;items_per_runtime=32,thread_pool,not_applicable,Adaptive,4,1,4,4,4,4,2,0,not_nested,0,wait,granted,482.18700000000001,not_requested,1,3424649268515386025,0.55153099999999999,2,single,2,25174054,1,3,0,0
2,1.8.0,GCC,14.2.0,Release,Linux,effective_cpu_capacity=4,4,1,linux_sched_affinity+cgroup_cpu_quota,4,4,runtime_latency,governed_8_runtimes_runtime_4,completion_latency,ms,0.23389799999999999,parallel_for,runtimes=8;items_per_runtime=32,thread_pool,not_applicable,Adaptive,4,1,4,4,4,4,2,0,not_nested,0,wait,granted,115.953,not_requested,1,3424649268515386025,0.23389799999999999,2,single,2,25174054,1,3,0,0
2,1.8.0,GCC,14.2.0,Release,Linux,effective_cpu_capacity=4,4,1,linux_sched_affinity+cgroup_cpu_quota,4,4,runtime_latency,governed_8_runtimes_runtime_5,completion_latency,ms,0.46829700000000002,parallel_for,runtimes=8;items_per_runtime=32,thread_pool,not_applicable,Adaptive,4,1,4,4,4,4,3,0,not_nested,0,wait,granted,393.25599999999997,not_requested,1,3424649268515386025,0.46829700000000002,2,single,2,25174054,1,3,0,0
2,1.8.0,GCC,14.2.0,Release,Linux,effective_cpu_capacity=4,4,1,linux_sched_affinity+cgroup_cpu_quota,4,4,runtime_latency,governed_8_runtimes_runtime_6,completion_latency,ms,0.12123100000000001,parallel_for,runtimes=8;items_per_runtime=32,thread_pool,not_applicable,Adaptive,4,1,4,4,4,4,2,0,not_nested,0,wait,granted,1.3919999999999999,not_requested,1,3424649268515386025,0.12123100000000001,2,single,2,25174054,1,3,0,0
2,1.8.0,GCC,14.2.0,Release,Linux,effective_cpu_capacity=4,4,1,linux_sched_affinity+cgroup_cpu_quota,4,4,runtime_latency,governed_8_runtimes_runtime_7,completion_latency,ms,0.44234499999999999,parallel_for,runtimes=8;items_per_runtime=32,thread_pool,not_applicable,Adaptive,4,1,4,4,4,4,2,0,not_nested,0,wait,granted,232.61199999999999,not_requested,1,3424649268515386025,0.44234499999999999,2,single,2,25174054,1,3,0,0
2,1.8.0,GCC,14.2.0,Release,Linux,effective_cpu_capacity=4,4,1,linux_sched_affinity+cgroup_cpu_quota,1,1,governed_vs_ungoverned,budget_1,batch_wall_time,ms,0.21423900000000001,parallel_for,runtimes=2;items_per_runtime=32,thread_pool,not_applicable,Adaptive,1,1,1,1,1,1,1,0,not_nested,0,wait,granted,1.4019999999999999,not_requested,1,10831286851329034220,0.21423900000000001,2,single,2,25174054,2,1,0,0
2,1.8.0,GCC,14.2.0,Release,Linux,effective_cpu_capacity=4,4,1,linux_sched_affinity+cgroup_cpu_quota,1,1,governed_vs_ungoverned,budget_1,throughput,operations_per_second,9335.3684436540498,parallel_for,runtimes=2;items_per_runtime=32,thread_pool,not_applicable,Adaptive,1,1,1,1,1,1,1,0,not_nested,0,wait,granted,1.4019999999999999,not_requested,1,10831286851329034220,0.21423900000000001,2,single,2,25174054,2,1,0,0
2,1.8.0,GCC,14.2.0,Release,Linux,effective_cpu_capacity=4,4,1,linux_sched_affinity+cgroup_cpu_quota,1,1,governed_vs_ungoverned,budget_1,peak_participation,threads,1,parallel_for,runtimes=2;items_per_runtime=32,thread_pool,not_applicable,Adaptive,1,1,1,1,1,1,1,0,not_nested,0,wait,granted,1.4019999999999999,not_requested,1,10831286851329034220,0.21423900000000001,2,single,2,25174054,2,1,0,0
2,1.8.0,GCC,14.2.0,Release,Linux,effective_cpu_capacity=4,4,1,linux_sched_affinity+cgroup_cpu_quota,1,1,runtime_latency,budget_1_runtime_0,completion_latency,ms,0.053319999999999999,parallel_for,runtimes=2;items_per_runtime=32,thread_pool,not_applicable,Adaptive,1,1,1,1,1,1,1,0,not_nested,0,wait,granted,1.4019999999999999,not_requested,1,10831286851329034220,0.053319999999999999,2,single,2,25174054,1,1,0,0
2,1.8.0,GCC,14.2.0,Release,Linux,effective_cpu_capacity=4,4,1,linux_sched_affinity+cgroup_cpu_quota,1,1,runtime_latency,budget_1_runtime_1,completion_latency,ms,0.150925,parallel_for,runtimes=2;items_per_runtime=32,thread_pool,not_applicable,Adaptive,1,1,1,1,1,1,1,0,not_nested,0,wait,granted,105.557,not_requested,1,10831286851329034220,0.150925,2,single,2,25174054,1,1,0,0
2,1.8.0,GCC,14.2.0,Release,Linux,effective_cpu_capacity=4,4,1,linux_sched_affinity+cgroup_cpu_quota,2,2,governed_vs_ungoverned,budget_2,batch_wall_time,ms,0.16735,parallel_for,runtimes=2;items_per_runtime=32,thread_pool,not_applicable,Adaptive,2,1,2,2,2,2,1,0,not_nested,0,wait,granted,1.012,not_requested,1,10831286851329034220,0.16735,2,single,2,25174054,2,2,0,0
2,1.8.0,GCC,14.2.0,Release,Linux,effective_cpu_capacity=4,4,1,linux_sched_affinity+cgroup_cpu_quota,2,2,governed_vs_ungoverned,budget_2,throughput,operations_per_second,11951.000896325068,parallel_for,runtimes=2;items_per_runtime=32,thread_pool,not_applicable,Adaptive,2,1,2,2,2,2,1,0,not_nested,0,wait,granted,1.012,not_requested,1,10831286851329034220,0.16735,2,single,2,25174054,2,2,0,0
2,1.8.0,GCC,14.2.0,Release,Linux,effective_cpu_capacity=4,4,1,linux_sched_affinity+cgroup_cpu_quota,2,2,governed_vs_ungoverned,budget_2,peak_participation,threads,2,parallel_for,runtimes=2;items_per_runtime=32,thread_pool,not_applicable,Adaptive,2,1,2,2,2,2,1,0,not_nested,0,wait,granted,1.012,not_requested,1,10831286851329034220,0.16735,2,single,2,25174054,2,2,0,0
2,1.8.0,GCC,14.2.0,Release,Linux,effective_cpu_capacity=4,4,1,linux_sched_affinity+cgroup_cpu_quota,2,2,runtime_latency,budget_2_runtime_0,completion_latency,ms,0.054812,parallel_for,runtimes=2;items_per_runtime=32,thread_pool,not_applicable,Adaptive,2,1,2,2,2,2,1,0,not_nested,0,wait,granted,1.012,not_requested,1,10831286851329034220,0.054812,2,single,2,25174054,1,2,0,0
2,1.8.0,GCC,14.2.0,Release,Linux,effective_cpu_capacity=4,4,1,linux_sched_affinity+cgroup_cpu_quota,2,2,runtime_latency,budget_2_runtime_1,completion_latency,ms,0.104646,parallel_for,runtimes=2;items_per_runtime=32,thread_pool,not_applicable,Adaptive,2,1,2,2,2,2,2,0,not_nested,0,wait,granted,51.737000000000002,not_requested,1,10831286851329034220,0.104646,2,single,2,25174054,1,2,0,0
2,1.8.0,GCC,14.2.0,Release,Linux,effective_cpu_capacity=4,4,1,linux_sched_affinity+cgroup_cpu_quota,4,4,governed_vs_ungoverned,budget_4,batch_wall_time,ms,0.22534599999999999,parallel_for,runtimes=2;items_per_runtime=64,thread_pool,not_applicable,Adaptive,4,1,4,4,4,4,2,0,not_nested,0,wait,granted,0.71099999999999997,not_requested,1,7589314552514409162,0.22534599999999999,2,single,2,25174054,2,2,0,0
2,1.8.0,GCC,14.2.0,Release,Linux,effective_cpu_capacity=4,4,1,linux_sched_affinity+cgroup_cpu_quota,4,4,governed_vs_ungoverned,budget_4,throughput,operations_per_second,8875.2407409050975,parallel_for,runtimes=2;items_per_runtime=64,thread_pool,not_applicable,Adaptive,4,1,4,4,4,4,2,0,not_nested,0,wait,granted,0.71099999999999997,not_requested,1,7589314552514409162,0.22534599999999999,2,single,2,25174054,2,2,0,0
2,1.8.0,GCC,14.2.0,Release,Linux,effective_cpu_capacity=4,4,1,linux_sched_affinity+cgroup_cpu_quota,4,4,governed_vs_ungoverned,budget_4,peak_participation,threads,2,parallel_for,runtimes=2;items_per_runtime=64,thread_pool,not_applicable,Adaptive,4,1,4,4,4,4,2,0,not_nested,0,wait,granted,0.71099999999999997,not_requested,1,7589314552514409162,0.22534599999999999,2,single,2,25174054,2,2,0,0
2,1.8.0,GCC,14.2.0,Release,Linux,effective_cpu_capacity=4,4,1,linux_sched_affinity+cgroup_cpu_quota,4,4,runtime_latency,budget_4_runtime_0,completion_latency,ms,0.094910999999999995,parallel_for,runtimes=2;items_per_runtime=64,thread_pool,not_applicable,Adaptive,4,1,4,4,4,4,2,0,not_nested,0,wait,granted,0.71099999999999997,not_requested,1,7589314552514409162,0.094910999999999995,2,single,2,25174054,1,2,0,0
2,1.8.0,GCC,14.2.0,Release,Linux,effective_cpu_capacity=4,4,1,linux_sched_affinity+cgroup_cpu_quota,4,4,runtime_latency,budget_4_runtime_1,completion_latency,ms,0.15285799999999999,parallel_for,runtimes=2;items_per_runtime=64,thread_pool,not_applicable,Adaptive,4,1,4,4,4,4,3,0,not_nested,0,wait,granted,78.036000000000001,not_requested,1,7589314552514409162,0.15285799999999999,2,single,2,25174054,1,2,0,0
2,1.8.0,GCC,14.2.0,Release,Linux,effective_cpu_capacity=4,4,1,linux_sched_affinity+cgroup_cpu_quota,4,1,governor_overhead,uncontended_exact_acquire_release,latency,us_per_acquire_release,0.146287,parallel_for,,,not_applicable,Adaptive,1,1,1,1,1,1,1,0,not_nested,1,fail_immediately,granted,0.080000000000000002,not_requested,1,,0.00014628699999999999,3,single,2,25174054,1000,1,0,0
2,1.8.0,GCC,14.2.0,Release,Linux,effective_cpu_capacity=4,4,1,linux_sched_affinity+cgroup_cpu_quota,4,1,governor_overhead,inherited_nested_lease,latency,us_per_acquire_release,0.016985,parallel_for,,,not_applicable,Adaptive,1,1,1,1,1,1,1,1,reuse_parent,1,fail_immediately,granted,0.080000000000000002,not_requested,1,,0.00014628699999999999,3,single,2,25174054,1000,1,0,0
2,1.8.0,GCC,14.2.0,Release,Linux,effective_cpu_capacity=4,4,1,linux_sched_affinity+cgroup_cpu_quota,4,4,governor_overhead,flexible_partial_grant,latency,us_per_acquire_release,0.33000000000000002,parallel_for,,,not_applicable,Adaptive,4,1,4,4,1,1,1,0,not_nested,0,fail_immediately,granted,0.17999999999999999,not_requested,1,,0.00014628699999999999,3,single,2,25174054,1,1,0,0
2,1.8.0,GCC,14.2.0,Release,Linux,effective_cpu_capacity=4,4,1,linux_sched_affinity+cgroup_cpu_quota,4,4,governor_overhead,immediate_failure,latency,us_per_acquire_release,0.42999999999999999,parallel_for,,,not_applicable,Adaptive,4,4,4,4,0,0,0,0,not_nested,1,fail_immediately,would_block,0,not_requested,1,,0.00014628699999999999,3,single,2,25174054,1,1,0,0
2,1.8.0,GCC,14.2.0,Release,Linux,effective_cpu_capacity=4,4,1,linux_sched_affinity+cgroup_cpu_quota,4,4,governor_overhead,direct_cancellation_notification,latency,us,12.599,parallel_for,,,not_applicable,Adaptive,4,4,4,4,0,0,0,0,not_nested,1,wait,cancelled,12.968999999999999,requested,1,,0.012599000000000001,3,single,2,25174054,1,0,0,0
2,1.8.0,GCC,14.2.0,Release,Linux,effective_cpu_capacity=4,4,1,linux_sched_affinity+cgroup_cpu_quota,4,4,admission_fairness,large_exact_request,completion_rank,rank,5,parallel_for,one_large_exact_plus_eight_small_exact,,not_applicable,Adaptive,4,4,4,4,4,4,4,0,not_nested,1,wait,granted,235.24000000000001,not_requested,1,,0,3,single,2,25174054,1,0,4,235.24000000000001
2,1.8.0,GCC,14.2.0,Release,Linux,effective_cpu_capacity=4,4,1,linux_sched_affinity+cgroup_cpu_quota,4,4,admission_fairness,small_request_0,completion_rank,rank,1,parallel_for,one_large_exact_plus_eight_small_exact,,not_applicable,Adaptive,1,1,1,1,1,1,1,0,not_nested,1,wait,granted,12.789,not_requested,1,,0,3,single,2,25174054,1,0,4,12.789
2,1.8.0,GCC,14.2.0,Release,Linux,effective_cpu_capacity=4,4,1,linux_sched_affinity+cgroup_cpu_quota,4,4,admission_fairness,small_request_1,completion_rank,rank,4,parallel_for,one_large_exact_plus_eight_small_exact,,not_applicable,Adaptive,1,1,1,1,1,1,1,0,not_nested,1,wait,granted,49.222999999999999,not_requested,1,,0,3,single,2,25174054,1,0,4,49.222999999999999
2,1.8.0,GCC,14.2.0,Release,Linux,effective_cpu_capacity=4,4,1,linux_sched_affinity+cgroup_cpu_quota,4,4,admission_fairness,small_request_2,completion_rank,rank,2,parallel_for,one_large_exact_plus_eight_small_exact,,not_applicable,Adaptive,1,1,1,1,1,1,1,0,not_nested,1,wait,granted,9.6839999999999993,not_requested,1,,0,3,single,2,25174054,1,0,4,9.6839999999999993
2,1.8.0,GCC,14.2.0,Release,Linux,effective_cpu_capacity=4,4,1,linux_sched_affinity+cgroup_cpu_quota,4,4,admission_fairness,small_request_3,completion_rank,rank,3,parallel_for,one_large_exact_plus_eight_small_exact,,not_applicable,Adaptive,1,1,1,1,1,1,1,0,not_nested,1,wait,granted,1.1319999999999999,not_requested,1,,0,3,single,2,25174054,1,0,4,1.1319999999999999
2,1.8.0,GCC,14.2.0,Release,Linux,effective_cpu_capacity=4,4,1,linux_sched_affinity+cgroup_cpu_quota,4,4,admission_fairness,small_request_4,completion_rank,rank,7,parallel_for,one_large_exact_plus_eight_small_exact,,not_applicable,Adaptive,1,1,1,1,1,1,1,0,not_nested,1,wait,granted,1232.865,not_requested,1,,0,3,single,2,25174054,1,0,4,1232.865
2,1.8.0,GCC,14.2.0,Release,Linux,effective_cpu_capacity=4,4,1,linux_sched_affinity+cgroup_cpu_quota,4,4,admission_fairness,small_request_5,completion_rank,rank,9,parallel_for,one_large_exact_plus_eight_small_exact,,not_applicable,Adaptive,1,1,1,1,1,1,1,0,not_nested,1,wait,granted,1263.7809999999999,not_requested,1,,0,3,single,2,25174054,1,0,4,1263.7809999999999
2,1.8.0,GCC,14.2.0,Release,Linux,effective_cpu_capacity=4,4,1,linux_sched_affinity+cgroup_cpu_quota,4,4,admission_fairness,small_request_6,completion_rank,rank,8,parallel_for,one_large_exact_plus_eight_small_exact,,not_applicable,Adaptive,1,1,1,1,1,1,1,0,not_nested,1,wait,granted,1170.9939999999999,not_requested,1,,0,3,single,2,25174054,1,0,4,1170.9939999999999
2,1.8.0,GCC,14.2.0,Release,Linux,effective_cpu_capacity=4,4,1,linux_sched_affinity+cgroup_cpu_quota,4,4,admission_fairness,small_request_7,completion_rank,rank,6,parallel_for,one_large_exact_plus_eight_small_exact,,not_applicable,Adaptive,1,1,1,1,1,1,1,0,not_nested,1,wait,granted,1116.652,not_requested,1,,0,3,single,2,25174054,1,0,4,1116.652
2,1.8.0,GCC,14.2.0,Release,Linux,effective_cpu_capacity=4,4,1,linux_sched_affinity+cgroup_cpu_quota,4,4,adaptive_partial_grant,available_one_of_preferred_budget,granted_workers,threads,1,parallel_for,,thread_pool,not_applicable,Adaptive,4,1,4,4,1,1,1,0,not_nested,0,wait,granted,0.27000000000000002,not_requested,1,,0.099918000000000007,3,single,2,25174054,1,1,0,0
2,1.8.0,GCC,14.2.0,Release,Linux,effective_cpu_capacity=4,4,1,linux_sched_affinity+cgroup_cpu_quota,4,4,nested_execution,depth_1,peak_participation,threads,1,parallel_for,depth=1;leaves=2,thread_pool,not_applicable,Adaptive,2,1,2,4,2,2,1,0,not_nested,0,wait,granted,0.27000000000000002,not_requested,1,,0.027862000000000001,3,single,2,25174054,1,1,0,0
2,1.8.0,GCC,14.2.0,Release,Linux,effective_cpu_capacity=4,4,1,linux_sched_affinity+cgroup_cpu_quota,4,4,nested_execution,depth_2,peak_participation,threads,1,parallel_for,depth=2;leaves=4,thread_pool,not_applicable,Adaptive,2,1,2,4,2,2,1,0,not_nested,0,wait,granted,0.24099999999999999,not_requested,1,,0.022943999999999999,3,single,2,25174054,1,1,0,0
2,1.8.0,GCC,14.2.0,Release,Linux,effective_cpu_capacity=4,4,1,linux_sched_affinity+cgroup_cpu_quota,4,4,nested_execution,depth_3,peak_participation,threads,1,parallel_for,depth=3;leaves=8,thread_pool,not_applicable,Adaptive,2,1,2,4,2,2,1,0,not_nested,0,wait,granted,0.251,not_requested,1,,0.021963,3,single,2,25174054,1,1,0,0
2,1.8.0,GCC,14.2.0,Release,Linux,effective_cpu_capacity=4,4,1,linux_sched_affinity+cgroup_cpu_quota,4,4,nested_execution,depth_4,peak_participation,threads,1,parallel_for,depth=4;leaves=16,thread_pool,not_applicable,Adaptive,2,1,2,4,2,2,1,0,not_nested,0,wait,granted,0.23000000000000001,not_requested,1,,0.023615000000000001,3,single,2,25174054,1,1,0,0
2,1.8.0,GCC,14.2.0,Release,Linux,effective_cpu_capacity=4,4,1,linux_sched_affinity+cgroup_cpu_quota,1,1,scheduler_comparison,sequential,duration,ms,0.41036099999999998,parallel_for,,sequential,not_applicable,Adaptive,1,1,1,1,1,1,1,0,not_nested,0,wait,granted,0.23000000000000001,not_requested,1,5314921549994187984,0.41036099999999998,3,single,2,25174054,1,1,0,0
2,1.8.0,GCC,14.2.0,Release,Linux,effective_cpu_capacity=4,4,1,linux_sched_affinity+cgroup_cpu_quota,4,4,scheduler_comparison,thread_pool,duration,ms,0.23219600000000001,parallel_for,,thread_pool,not_applicable,Adaptive,4,1,4,4,4,4,4,0,not_nested,0,wait,granted,0.16,not_requested,1,5314921549994187984,0.23219600000000001,3,single,2,25174054,1,4,0,0
2,1.8.0,GCC,14.2.0,Release,Linux,effective_cpu_capacity=4,4,1,linux_sched_affinity+cgroup_cpu_quota,4,4,scheduler_comparison,static_thread,duration,ms,0.38984000000000002,parallel_for,,static_thread,not_applicable,Adaptive,4,1,4,4,4,4,4,0,not_nested,0,wait,granted,0.43099999999999999,not_requested,1,5314921549994187984,0.38984000000000002,3,single,2,25174054,1,4,0,0
2,1.8.0,GCC,14.2.0,Release,Linux,effective_cpu_capacity=4,4,1,linux_sched_affinity+cgroup_cpu_quota,4,4,deterministic_exact_grant,success,accepted,boolean,1,parallel_for,,thread_pool,not_applicable,Deterministic,4,4,4,4,4,4,1,0,not_nested,1,fail_immediately,granted,0.49099999999999999,not_requested,1,,0,3,single,2,25174054,1,0,0,0
2,1.8.0,GCC,14.2.0,Release,Linux,effective_cpu_capacity=4,4,1,linux_sched_affinity+cgroup_cpu_quota,4,4,deterministic_exact_grant,insufficient_budget_failure,accepted,boolean,1,parallel_for,,,not_applicable,Deterministic,4,4,4,4,0,0,0,0,not_nested,1,fail_immediately,would_block,0,not_requested,1,,0,3,single,2,25174054,1,0,0,0
2,1.8.0,GCC,14.2.0,Release,Linux,effective_cpu_capacity=4,4,1,linux_sched_affinity+cgroup_cpu_quota,4,4,governed_vs_ungoverned,governed,batch_wall_time,ms,2.0538069999999999,parallel_for,runtimes=2;items_per_runtime=128,thread_pool,not_applicable,Adaptive,4,1,4,4,4,4,3,0,not_nested,0,wait,granted,0.98099999999999998,not_requested,1,14754973877547064749,2.0538069999999999,3,ungoverned_then_governed,2,25174054,2,4,0,0
2,1.8.0,GCC,14.2.0,Release,Linux,effective_cpu_capacity=4,4,1,linux_sched_affinity+cgroup_cpu_quota,4,4,governed_vs_ungoverned,governed,throughput,operations_per_second,973.80133576329229,parallel_for,runtimes=2;items_per_runtime=128,thread_pool,not_applicable,Adaptive,4,1,4,4,4,4,3,0,not_nested,0,wait,granted,0.98099999999999998,not_requested,1,14754973877547064749,2.0538069999999999,3,ungoverned_then_governed,2,25174054,2,4,0,0
2,1.8.0,GCC,14.2.0,Release,Linux,effective_cpu_capacity=4,4,1,linux_sched_affinity+cgroup_cpu_quota,4,4,governed_vs_ungoverned,governed,peak_participation,threads,4,parallel_for,runtimes=2;items_per_runtime=128,thread_pool,not_applicable,Adaptive,4,1,4,4,4,4,3,0,not_nested,0,wait,granted,0.98099999999999998,not_requested,1,14754973877547064749,2.0538069999999999,3,ungoverned_then_governed,2,25174054,2,4,0,0
2,1.8.0,GCC,14.2.0,Release,Linux,effective_cpu_capacity=4,4,1,linux_sched_affinity+cgroup_cpu_quota,4,4,runtime_latency,governed_runtime_0,completion_latency,ms,1.1661859999999999,parallel_for,runtimes=2;items_per_runtime=128,thread_pool,not_applicable,Adaptive,4,1,4,4,4,4,3,0,not_nested,0,wait,granted,0.98099999999999998,not_requested,1,14754973877547064749,1.1661859999999999,3,ungoverned_then_governed,2,25174054,1,4,0,0
2,1.8.0,GCC,14.2.0,Release,Linux,effective_cpu_capacity=4,4,1,linux_sched_affinity+cgroup_cpu_quota,4,4,runtime_latency,governed_runtime_1,completion_latency,ms,1.983903,parallel_for,runtimes=2;items_per_runtime=128,thread_pool,not_applicable,Adaptive,4,1,4,4,4,4,4,0,not_nested,0,wait,granted,1164.143,not_requested,1,14754973877547064749,1.983903,3,ungoverned_then_governed,2,25174054,1,4,0,0
2,1.8.0,GCC,14.2.0,Release,Linux,effective_cpu_capacity=4,4,1,linux_sched_affinity+cgroup_cpu_quota,4,4,governed_vs_ungoverned,ungoverned,batch_wall_time,ms,1.756575,parallel_for,runtimes=2;items_per_runtime=128,thread_pool,not_applicable,Adaptive,4,1,4,4,4,4,3,0,not_nested,0,wait,granted,1.1719999999999999,not_requested,1,14754973877547064749,1.756575,3,ungoverned_then_governed,2,25174054,2,4,0,0
2,1.8.0,GCC,14.2.0,Release,Linux,effective_cpu_capacity=4,4,1,linux_sched_affinity+cgroup_cpu_quota,4,4,governed_vs_ungoverned,ungoverned,throughput,operations_per_second,1138.5793376314703,parallel_for,runtimes=2;items_per_runtime=128,thread_pool,not_applicable,Adaptive,4,1,4,4,4,4,3,0,not_nested,0,wait,granted,1.1719999999999999,not_requested,1,14754973877547064749,1.756575,3,ungoverned_then_governed,2,25174054,2,4,0,0
2,1.8.0,GCC,14.2.0,Release,Linux,effective_cpu_capacity=4,4,1,linux_sched_affinity+cgroup_cpu_quota,4,4,governed_vs_ungoverned,ungoverned,peak_participation,threads,4,parallel_for,runtimes=2;items_per_runtime=128,thread_pool,not_applicable,Adaptive,4,1,4,4,4,4,3,0,not_nested,0,wait,granted,1.1719999999999999,not_requested,1,14754973877547064749,1.756575,3,ungoverned_then_governed,2,25174054,2,4,0,0
2,1.8.0,GCC,14.2.0,Release,Linux,effective_cpu_capacity=4,4,1,linux_sched_affinity+cgroup_cpu_quota,4,4,runtime_latency,ungoverned_runtime_0,completion_latency,ms,1.227687,parallel_for,runtimes=2;items_per_runtime=128,thread_pool,not_applicable,Adaptive,4,1,4,4,4,4,3,0,not_nested,0,wait,granted,1.1719999999999999,not_requested,1,14754973877547064749,1.227687,3,ungoverned_then_governed,2,25174054,1,4,0,0
2,1.8.0,GCC,14.2.0,Release,Linux,effective_cpu_capacity=4,4,1,linux_sched_affinity+cgroup_cpu_quota,4,4,runtime_latency,ungoverned_runtime_1,completion_latency,ms,1.6804209999999999,parallel_for,runtimes=2;items_per_runtime=128,thread_pool,not_applicable,Adaptive,4,1,4,4,4,4,4,0,not_nested,0,wait,granted,1.1719999999999999,not_requested,1,14754973877547064749,1.6804209999999999,3,ungoverned_then_governed,2,25174054,1,4,0,0
2,1.8.0,GCC,14.2.0,Release,Linux,effective_cpu_capacity=4,4,1,linux_sched_affinity+cgroup_cpu_quota,4,4,governed_vs_ungoverned,governed_2_runtimes,batch_wall_time,ms,0.18252199999999999,parallel_for,runtimes=2;items_per_runtime=32,thread_pool,not_applicable,Adaptive,4,1,4,4,4,4,1,0,not_nested,0,wait,granted,0.79100000000000004,not_requested,1,10831286851329034220,0.18252199999999999,3,single,2,25174054,2,1,0,0
2,1.8.0,GCC,14.2.0,Release,Linux,effective_cpu_capacity=4,4,1,linux_sched_affinity+cgroup_cpu_quota,4,4,governed_vs_ungoverned,governed_2_runtimes,throughput,operations_per_second,10957.583195450412,parallel_for,runtimes=2;items_per_runtime=32,thread_pool,not_applicable,Adaptive,4,1,4,4,4,4,1,0,not_nested,0,wait,granted,0.79100000000000004,not_requested,1,10831286851329034220,0.18252199999999999,3,single,2,25174054,2,1,0,0
2,1.8.0,GCC,14.2.0,Release,Linux,effective_cpu_capacity=4,4,1,linux_sched_affinity+cgroup_cpu_quota,4,4,governed_vs_ungoverned,governed_2_runtimes,peak_participation,threads,1,parallel_for,runtimes=2;items_per_runtime=32,thread_pool,not_applicable,Adaptive,4,1,4,4,4,4,1,0,not_nested,0,wait,granted,0.79100000000000004,not_requested,1,10831286851329034220,0.18252199999999999,3,single,2,25174054,2,1,0,0
2,1.8.0,GCC,14.2.0,Release,Linux,effective_cpu_capacity=4,4,1,linux_sched_affinity+cgroup_cpu_quota,4,4,runtime_latency,governed_2_runtimes_runtime_0,completion_latency,ms,0.061261000000000003,parallel_for,runtimes=2;items_per_runtime=32,thread_pool,not_applicable,Adaptive,4,1,4,4,4,4,1,0,not_nested,0,wait,granted,0.79100000000000004,not_requested,1,10831286851329034220,0.061261000000000003,3,single,2,25174054,1,1,0,0
2,1.8.0,GCC,14.2.0,Release,Linux,effective_cpu_capacity=4,4,1,linux_sched_affinity+cgroup_cpu_quota,4,4,runtime_latency,governed_2_runtimes_runtime_1,completion_latency,ms,0.12096999999999999,parallel_for,runtimes=2;items_per_runtime=32,thread_pool,not_applicable,Adaptive,4,1,4,4,4,4,1,0,not_nested,0,wait,granted,60.881,not_requested,1,10831286851329034220,0.12096999999999999,3,single,2,25174054,1,1,0,0
2,1.8.0,GCC,14.2.0,Release,Linux,effective_cpu_capacity=4,4,1,linux_sched_affinity+cgroup_cpu_quota,4,4,governed_vs_ungoverned,governed_4_runtimes,batch_wall_time,ms,0.39285399999999998,parallel_for,runtimes=4;items_per_runtime=32,thread_pool,not_applicable,Adaptive,4,1,4,4,4,4,4,0,not_nested,0,wait,granted,0.751,not_requested,1,7589314552514409162,0.39285399999999998,3,single,2,25174054,4,3,0,0
2,1.8.0,GCC,14.2.0,Release,Linux,effective_cpu_capacity=4,4,1,linux_sched_affinity+cgroup_cpu_quota,4,4,governed_vs_ungoverned,governed_4_runtimes,throughput,operations_per_second,10181.899637015278,parallel_for,runtimes=4;items_per_runtime=32,thread_pool,not_applicable,Adaptive,4,1,4,4,4,4,4,0,not_nested,0,wait,granted,0.751,not_requested,1,7589314552514409162,0.39285399999999998,3,single,2,25174054,4,3,0,0
2,1.8.0,GCC,14.2.0,Release,Linux,effective_cpu_capacity=4,4,1,linux_sched_affinity+cgroup_cpu_quota,4,4,governed_vs_ungoverned,governed_4_runtimes,peak_participation,threads,3,parallel_for,runtimes=4;items_per_runtime=32,thread_pool,not_applicable,Adaptive,4,1,4,4,4,4,4,0,not_nested,0,wait,granted,0.751,not_requested,1,7589314552514409162,0.39285399999999998,3,single,2,25174054,4,3,0,0
2,1.8.0,GCC,14.2.0,Release,Linux,effective_cpu_capacity=4,4,1,linux_sched_affinity+cgroup_cpu_quota,4,4,runtime_latency,governed_4_runtimes_runtime_0,completion_latency,ms,0.068200999999999998,parallel_for,runtimes=4;items_per_runtime=32,thread_pool,not_applicable,Adaptive,4,1,4,4,4,4,4,0,not_nested,0,wait,granted,0.751,not_requested,1,7589314552514409162,0.068200999999999998,3,single,2,25174054,1,3,0,0
2,1.8.0,GCC,14.2.0,Release,Linux,effective_cpu_capacity=4,4,1,linux_sched_affinity+cgroup_cpu_quota,4,4,runtime_latency,governed_4_runtimes_runtime_1,completion_latency,ms,0.16859099999999999,parallel_for,runtimes=4;items_per_runtime=32,thread_pool,not_applicable,Adaptive,4,1,4,4,4,4,4,0,not_nested,0,wait,granted,67.971000000000004,not_requested,1,7589314552514409162,0.16859099999999999,3,single,2,25174054,1,3,0,0
2,1.8.0,GCC,14.2.0,Release,Linux,effective_cpu_capacity=4,4,1,linux_sched_affinity+cgroup_cpu_quota,4,4,runtime_latency,governed_4_runtimes_runtime_2,completion_latency,ms,0.30554399999999998,parallel_for,runtimes=4;items_per_runtime=32,thread_pool,not_applicable,Adaptive,4,1,4,4,4,4,3,0,not_nested,0,wait,granted,245.92599999999999,not_requested,1,7589314552514409162,0.30554399999999998,3,single,2,25174054,1,3,0,0
2,1.8.0,GCC,14.2.0,Release,Linux,effective_cpu_capacity=4,4,1,linux_sched_affinity+cgroup_cpu_quota,4,4,runtime_latency,governed_4_runtimes_runtime_3,completion_latency,ms,0.24671699999999999,parallel_for,runtimes=4;items_per_runtime=32,thread_pool,not_applicable,Adaptive,4,1,4,4,4,4,4,0,not_nested,0,wait,granted,152.357,not_requested,1,7589314552514409162,0.24671699999999999,3,single,2,25174054,1,3,0,0
2,1.8.0,GCC,14.2.0,Release,Linux,effective_cpu_capacity=4,4,1,linux_sched_affinity+cgroup_cpu_quota,4,4,governed_vs_ungoverned,governed_8_runtimes,batch_wall_time,ms,0.81810700000000003,parallel_for,runtimes=8;items_per_runtime=32,thread_pool,not_applicable,Adaptive,4,1,4,4,4,4,4,0,not_nested,0,wait,granted,362.30399999999997,not_requested,1,3424649268515386025,0.81810700000000003,3,single,2,25174054,8,3,0,0
2,1.8.0,GCC,14.2.0,Release,Linux,effective_cpu_capacity=4,4,1,linux_sched_affinity+cgroup_cpu_quota,4,4,governed_vs_ungoverned,governed_8_runtimes,throughput,operations_per_second,9778.6719830046677,parallel_for,runtimes=8;items_per_runtime=32,thread_pool,not_applicable,Adaptive,4,1,4,4,4,4,4,0,not_nested,0,wait,granted,362.30399999999997,not_requested,1,3424649268515386025,0.81810700000000003,3,single,2,25174054,8,3,0,0
2,1.8.0,GCC,14.2.0,Release,Linux,effective_cpu_capacity=4,4,1,linux_sched_affinity+cgroup_cpu_quota,4,4,governed_vs_ungoverned,governed_8_runtimes,peak_participation,threads,3,parallel_for,runtimes=8;items_per_runtime=32,thread_pool,not_applicable,Adaptive,4,1,4,4,4,4,4,0,not_nested,0,wait,granted,362.30399999999997,not_requested,1,3424649268515386025,0.81810700000000003,3,single,2,25174054,8,3,0,0
2,1.8.0,GCC,14.2.0,Release,Linux,effective_cpu_capacity=4,4,1,linux_sched_affinity+cgroup_cpu_quota,4,4,runtime_latency,governed_8_runtimes_runtime_0,completion_latency,ms,0.45161699999999999,parallel_for,runtimes=8;items_per_runtime=32,thread_pool,not_applicable,Adaptive,4,1,4,4,4,4,4,0,not_nested,0,wait,granted,362.30399999999997,not_requested,1,3424649268515386025,0.45161699999999999,3,single,2,25174054,1,3,0,0
2,1.8.0,GCC,14.2.0,Release,Linux,effective_cpu_capacity=4,4,1,linux_sched_affinity+cgroup_cpu_quota,4,4,runtime_latency,governed_8_runtimes_runtime_1,completion_latency,ms,0.090554999999999997,parallel_for,runtimes=8;items_per_runtime=32,thread_pool,not_applicable,Adaptive,4,1,4,4,4,4,2,0,not_nested,0,wait,granted,0.94199999999999995,not_requested,1,3424649268515386025,0.090554999999999997,3,single,2,25174054,1,3,0,0
2,1.8.0,GCC,14.2.0,Release,Linux,effective_cpu_capacity=4,4,1,linux_sched_affinity+cgroup_cpu_quota,4,4,runtime_latency,governed_8_runtimes_runtime_2,completion_latency,ms,0.590279,parallel_for,runtimes=8;items_per_runtime=32,thread_pool,not_applicable,Adaptive,4,1,4,4,4,4,2,0,not_nested,0,wait,granted,522.75800000000004,not_requested,1,3424649268515386025,0.590279,3,single,2,25174054,1,3,0,0
2,1.8.0,GCC,14.2.0,Release,Linux,effective_cpu_capacity=4,4,1,linux_sched_affinity+cgroup_cpu_quota,4,4,runtime_latency,governed_8_runtimes_runtime_3,completion_latency,ms,0.17441000000000001,parallel_for,runtimes=8;items_per_runtime=32,thread_pool,not_applicable,Adaptive,4,1,4,4,4,4,2,0,not_nested,0,wait,granted,84.656000000000006,not_requested,1,3424649268515386025,0.17441000000000001,3,single,2,25174054,1,3,0,0
2,1.8.0,GCC,14.2.0,Release,Linux,effective_cpu_capacity=4,4,1,linux_sched_affinity+cgroup_cpu_quota,4,4,runtime_latency,governed_8_runtimes_runtime_4,completion_latency,ms,0.36362100000000003,parallel_for,runtimes=8;items_per_runtime=32,thread_pool,not_applicable,Adaptive,4,1,4,4,4,4,3,0,not_nested,0,wait,granted,292.99599999999998,not_requested,1,3424649268515386025,0.36362100000000003,3,single,2,25174054,1,3,0,0
2,1.8.0,GCC,14.2.0,Release,Linux,effective_cpu_capacity=4,4,1,linux_sched_affinity+cgroup_cpu_quota,4,4,runtime_latency,governed_8_runtimes_runtime_5,completion_latency,ms,0.51478599999999997,parallel_for,runtimes=8;items_per_runtime=32,thread_pool,not_applicable,Adaptive,4,1,4,4,4,4,2,0,not_nested,0,wait,granted,441.46699999999998,not_requested,1,3424649268515386025,0.51478599999999997,3,single,2,25174054,1,3,0,0
2,1.8.0,GCC,14.2.0,Release,Linux,effective_cpu_capacity=4,4,1,linux_sched_affinity+cgroup_cpu_quota,4,4,runtime_latency,governed_8_runtimes_runtime_6,completion_latency,ms,0.562747,parallel_for,runtimes=8;items_per_runtime=32,thread_pool,not_applicable,Adaptive,4,1,4,4,4,4,3,0,not_nested,0,wait,granted,478.13200000000001,not_requested,1,3424649268515386025,0.562747,3,single,2,25174054,1,3,0,0
2,1.8.0,GCC,14.2.0,Release,Linux,effective_cpu_capacity=4,4,1,linux_sched_affinity+cgroup_cpu_quota,4,4,runtime_latency,governed_8_runtimes_runtime_7,completion_latency,ms,0.29592499999999999,parallel_for,runtimes=8;items_per_runtime=32,thread_pool,not_applicable,Adaptive,4,1,4,4,4,4,3,0,not_nested,0,wait,granted,207.54400000000001,not_requested,1,3424649268515386025,0.29592499999999999,3,single,2,25174054,1,3,0,0
2,1.8.0,GCC,14.2.0,Release,Linux,effective_cpu_capacity=4,4,1,linux_sched_affinity+cgroup_cpu_quota,1,1,governed_vs_ungoverned,budget_1,batch_wall_time,ms,0.14726900000000001,parallel_for,runtimes=2;items_per_runtime=32,thread_pool,not_applicable,Adaptive,1,1,1,1,1,1,1,0,not_nested,0,wait,granted,0.85099999999999998,not_requested,1,10831286851329034220,0.14726900000000001,3,single,2,25174054,2,1,0,0
2,1.8.0,GCC,14.2.0,Release,Linux,effective_cpu_capacity=4,4,1,linux_sched_affinity+cgroup_cpu_quota,1,1,governed_vs_ungoverned,budget_1,throughput,operations_per_second,13580.590619886059,parallel_for,runtimes=2;items_per_runtime=32,thread_pool,not_applicable,Adaptive,1,1,1,1,1,1,1,0,not_nested,0,wait,granted,0.85099999999999998,not_requested,1,10831286851329034220,0.14726900000000001,3,single,2,25174054,2,1,0,0
2,1.8.0,GCC,14.2.0,Release,Linux,effective_cpu_capacity=4,4,1,linux_sched_affinity+cgroup_cpu_quota,1,1,governed_vs_ungoverned,budget_1,peak_participation,threads,1,parallel_for,runtimes=2;items_per_runtime=32,thread_pool,not_applicable,Adaptive,1,1,1,1,1,1,1,0,not_nested,0,wait,granted,0.85099999999999998,not_requested,1,10831286851329034220,0.14726900000000001,3,single,2,25174054,2,1,0,0
2,1.8.0,GCC,14.2.0,Release,Linux,effective_cpu_capacity=4,4,1,linux_sched_affinity+cgroup_cpu_quota,1,1,runtime_latency,budget_1_runtime_0,completion_latency,ms,0.043764999999999998,parallel_for,runtimes=2;items_per_runtime=32,thread_pool,not_applicable,Adaptive,1,1,1,1,1,1,1,0,not_nested,0,wait,granted,0.85099999999999998,not_requested,1,10831286851329034220,0.043764999999999998,3,single,2,25174054,1,1,0,0
2,1.8.0,GCC,14.2.0,Release,Linux,effective_cpu_capacity=4,4,1,linux_sched_affinity+cgroup_cpu_quota,1,1,runtime_latency,budget_1_runtime_1,completion_latency,ms,0.078175999999999995,parallel_for,runtimes=2;items_per_runtime=32,thread_pool,not_applicable,Adaptive,1,1,1,1,1,1,1,0,not_nested,0,wait,granted,36.604999999999997,not_requested,1,10831286851329034220,0.078175999999999995,3,single,2,25174054,1,1,0,0
2,1.8.0,GCC,14.2.0,Release,Linux,effective_cpu_capacity=4,4,1,linux_sched_affinity+cgroup_cpu_quota,2,2,governed_vs_ungoverned,budget_2,batch_wall_time,ms,0.14424500000000001,parallel_for,runtimes=2;items_per_runtime=32,thread_pool,not_applicable,Adaptive,2,1,2,2,2,2,1,0,not_nested,0,wait,granted,0.91200000000000003,not_requested,1,10831286851329034220,0.14424500000000001,3,single,2,25174054,2,1,0,0
2,1.8.0,GCC,14.2.0,Release,Linux,effective_cpu_capacity=4,4,1,linux_sched_affinity+cgroup_cpu_quota,2,2,governed_vs_ungoverned,budget_2,throughput,operations_per_second,13865.29862386911,parallel_for,runtimes=2;items_per_runtime=32,thread_pool,not_applicable,Adaptive,2,1,2,2,2,2,1,0,not_nested,0,wait,granted,0.91200000000000003,not_requested,1,10831286851329034220,0.14424500000000001,3,single,2,25174054,2,1,0,0
2,1.8.0,GCC,14.2.0,Release,Linux,effective_cpu_capacity=4,4,1,linux_sched_affinity+cgroup_cpu_quota,2,2,governed_vs_ungoverned,budget_2,peak_participation,threads,1,parallel_for,runtimes=2;items_per_runtime=32,thread_pool,not_applicable,Adaptive,2,1,2,2,2,2,1,0,not_nested,0,wait,granted,0.91200000000000003,not_requested,1,10831286851329034220,0.14424500000000001,3,single,2,25174054,2,1,0,0
2,1.8.0,GCC,14.2.0,Release,Linux,effective_cpu_capacity=4,4,1,linux_sched_affinity+cgroup_cpu_quota,2,2,runtime_latency,budget_2_runtime_0,completion_latency,ms,0.053260000000000002,parallel_for,runtimes=2;items_per_runtime=32,thread_pool,not_applicable,Adaptive,2,1,2,2,2,2,1,0,not_nested,0,wait,granted,0.91200000000000003,not_requested,1,10831286851329034220,0.053260000000000002,3,single,2,25174054,1,1,0,0
2,1.8.0,GCC,14.2.0,Release,Linux,effective_cpu_capacity=4,4,1,linux_sched_affinity+cgroup_cpu_quota,2,2,runtime_latency,budget_2_runtime_1,completion_latency,ms,0.087359999999999993,parallel_for,runtimes=2;items_per_runtime=32,thread_pool,not_applicable,Adaptive,2,1,2,2,2,2,1,0,not_nested,0,wait,granted,48.703000000000003,not_requested,1,10831286851329034220,0.087359999999999993,3,single,2,25174054,1,1,0,0
2,1.8.0,GCC,14.2.0,Release,Linux,effective_cpu_capacity=4,4,1,linux_sched_affinity+cgroup_cpu_quota,4,4,governed_vs_ungoverned,budget_4,batch_wall_time,ms,0.15732399999999999,parallel_for,runtimes=2;items_per_runtime=64,thread_pool,not_applicable,Adaptive,4,1,4,4,4,4,3,0,not_nested,0,wait,granted,0.57099999999999995,not_requested,1,7589314552514409162,0.15732399999999999,3,single,2,25174054,2,3,0,0
2,1.8.0,GCC,14.2.0,Release,Linux,effective_cpu_capacity=4,4,1,linux_sched_affinity+cgroup_cpu_quota,4,4,governed_vs_ungoverned,budget_4,throughput,operations_per_second,12712.618545167934,parallel_for,runtimes=2;items_per_runtime=64,thread_pool,not_applicable,Adaptive,4,1,4,4,4,4,3,0,not_nested,0,wait,granted,0.57099999999999995,not_requested,1,7589314552514409162,0.15732399999999999,3,single,2,25174054,2,3,0,0
2,1.8.0,GCC,14.2.0,Release,Linux,effective_cpu_capacity=4,4,1,linux_sched_affinity+cgroup_cpu_quota,4,4,governed_vs_ungoverned,budget_4,peak_participation,threads,3,parallel_for,runtimes=2;items_per_runtime=64,thread_pool,not_applicable,Adaptive,4,1,4,4,4,4,3,0,not_nested,0,wait,granted,0.57099999999999995,not_requested,1,7589314552514409162,0.15732399999999999,3,single,2,25174054,2,3,0,0
2,1.8.0,GCC,14.2.0,Release,Linux,effective_cpu_capacity=4,4,1,linux_sched_affinity+cgroup_cpu_quota,4,4,runtime_latency,budget_4_runtime_0,completion_latency,ms,0.059048000000000003,parallel_for,runtimes=2;items_per_runtime=64,thread_pool,not_applicable,Adaptive,4,1,4,4,4,4,3,0,not_nested,0,wait,granted,0.57099999999999995,not_requested,1,7589314552514409162,0.059048000000000003,3,single,2,25174054,1,3,0,0
2,1.8.0,GCC,14.2.0,Release,Linux,effective_cpu_capacity=4,4,1,linux_sched_affinity+cgroup_cpu_quota,4,4,runtime_latency,budget_4_runtime_1,completion_latency,ms,0.095481999999999997,parallel_for,runtimes=2;items_per_runtime=64,thread_pool,not_applicable,Adaptive,4,1,4,4,4,4,3,0,not_nested,0,wait,granted,39.698999999999998,not_requested,1,7589314552514409162,0.095481999999999997,3,single,2,25174054,1,3,0,0
2,1.8.0,GCC,14.2.0,Release,Linux,effective_cpu_capacity=4,4,1,linux_sched_affinity+cgroup_cpu_quota,4,1,governor_overhead,uncontended_exact_acquire_release,latency,us_per_acquire_release,0.14460499999999998,parallel_for,,,not_applicable,Adaptive,1,1,1,1,1,1,1,0,not_nested,1,fail_immediately,granted,0.080000000000000002,not_requested,1,,0.00014460499999999999,4,single,2,25174054,1000,1,0,0
2,1.8.0,GCC,14.2.0,Release,Linux,effective_cpu_capacity=4,4,1,linux_sched_affinity+cgroup_cpu_quota,4,1,governor_overhead,inherited_nested_lease,latency,us_per_acquire_release,0.019077999999999998,parallel_for,,,not_applicable,Adaptive,1,1,1,1,1,1,1,1,reuse_parent,1,fail_immediately,granted,0.080000000000000002,not_requested,1,,0.00014460499999999999,4,single,2,25174054,1000,1,0,0
2,1.8.0,GCC,14.2.0,Release,Linux,effective_cpu_capacity=4,4,1,linux_sched_affinity+cgroup_cpu_quota,4,4,governor_overhead,flexible_partial_grant,latency,us_per_acquire_release,0.32100000000000001,parallel_for,,,not_applicable,Adaptive,4,1,4,4,1,1,1,0,not_nested,0,fail_immediately,granted,0.17100000000000001,not_requested,1,,0.00014460499999999999,4,single,2,25174054,1,1,0,0
2,1.8.0,GCC,14.2.0,Release,Linux,effective_cpu_capacity=4,4,1,linux_sched_affinity+cgroup_cpu_quota,4,4,governor_overhead,immediate_failure,latency,us_per_acquire_release,0.34100000000000003,parallel_for,,,not_applicable,Adaptive,4,4,4,4,0,0,0,0,not_nested,1,fail_immediately,would_block,0,not_requested,1,,0.00014460499999999999,4,single,2,25174054,1,1,0,0
2,1.8.0,GCC,14.2.0,Release,Linux,effective_cpu_capacity=4,4,1,linux_sched_affinity+cgroup_cpu_quota,4,4,governor_overhead,direct_cancellation_notification,latency,us,17.706,parallel_for,,,not_applicable,Adaptive,4,4,4,4,0,0,0,0,not_nested,1,wait,cancelled,9.3539999999999992,requested,1,,0.017706,4,single,2,25174054,1,0,0,0
2,1.8.0,GCC,14.2.0,Release,Linux,effective_cpu_capacity=4,4,1,linux_sched_affinity+cgroup_cpu_quota,4,4,admission_fairness,large_exact_request,completion_rank,rank,5,parallel_for,one_large_exact_plus_eight_small_exact,,not_applicable,Adaptive,4,4,4,4,4,4,4,0,not_nested,1,wait,granted,179.45699999999999,not_requested,1,,0,4,single,2,25174054,1,0,4,179.45699999999999
2,1.8.0,GCC,14.2.0,Release,Linux,effective_cpu_capacity=4,4,1,linux_sched_affinity+cgroup_cpu_quota,4,4,admission_fairness,small_request_0,completion_rank,rank,1,parallel_for,one_large_exact_plus_eight_small_exact,,not_applicable,Adaptive,1,1,1,1,1,1,1,0,not_nested,1,wait,granted,8.6129999999999995,not_requested,1,,0,4,single,2,25174054,1,0,4,8.6129999999999995
2,1.8.0,GCC,14.2.0,Release,Linux,effective_cpu_capacity=4,4,1,linux_sched_affinity+cgroup_cpu_quota,4,4,admission_fairness,small_request_1,completion_rank,rank,2,parallel_for,one_large_exact_plus_eight_small_exact,,not_applicable,Adaptive,1,1,1,1,1,1,1,0,not_nested,1,wait,granted,1.7529999999999999,not_requested,1,,0,4,single,2,25174054,1,0,4,1.7529999999999999
2,1.8.0,GCC,14.2.0,Release,Linux,effective_cpu_capacity=4,4,1,linux_sched_affinity+cgroup_cpu_quota,4,4,admission_fairness,small_request_2,completion_rank,rank,3,parallel_for,one_large_exact_plus_eight_small_exact,,not_applicable,Adaptive,1,1,1,1,1,1,1,0,not_nested,1,wait,granted,1.042,not_requested,1,,0,4,single,2,25174054,1,0,4,1.042
2,1.8.0,GCC,14.2.0,Release,Linux,effective_cpu_capacity=4,4,1,linux_sched_affinity+cgroup_cpu_quota,4,4,admission_fairness,small_request_3,completion_rank,rank,4,parallel_for,one_large_exact_plus_eight_small_exact,,not_applicable,Adaptive,1,1,1,1,1,1,1,0,not_nested,1,wait,granted,7.5209999999999999,not_requested,1,,0,4,single,2,25174054,1,0,4,7.5209999999999999
2,1.8.0,GCC,14.2.0,Release,Linux,effective_cpu_capacity=4,4,1,linux_sched_affinity+cgroup_cpu_quota,4,4,admission_fairness,small_request_4,completion_rank,rank,8,parallel_for,one_large_exact_plus_eight_small_exact,,not_applicable,Adaptive,1,1,1,1,1,1,1,0,not_nested,1,wait,granted,1213.076,not_requested,1,,0,4,single,2,25174054,1,0,4,1213.076
2,1.8.0,GCC,14.2.0,Release,Linux,effective_cpu_capacity=4,4,1,linux_sched_affinity+cgroup_cpu_quota,4,4,admission_fairness,small_request_5,completion_rank,rank,7,parallel_for,one_large_exact_plus_eight_small_exact,,not_applicable,Adaptive,1,1,1,1,1,1,1,0,not_nested,1,wait,granted,1197.2919999999999,not_requested,1,,0,4,single,2,25174054,1,0,4,1197.2919999999999
2,1.8.0,GCC,14.2.0,Release,Linux,effective_cpu_capacity=4,4,1,linux_sched_affinity+cgroup_cpu_quota,4,4,admission_fairness,small_request_6,completion_rank,rank,6,parallel_for,one_large_exact_plus_eight_small_exact,,not_applicable,Adaptive,1,1,1,1,1,1,1,0,not_nested,1,wait,granted,1180.2370000000001,not_requested,1,,0,4,single,2,25174054,1,0,4,1180.2370000000001
2,1.8.0,GCC,14.2.0,Release,Linux,effective_cpu_capacity=4,4,1,linux_sched_affinity+cgroup_cpu_quota,4,4,admission_fairness,small_request_7,completion_rank,rank,9,parallel_for,one_large_exact_plus_eight_small_exact,,not_applicable,Adaptive,1,1,1,1,1,1,1,0,not_nested,1,wait,granted,1151.3989999999999,not_requested,1,,0,4,single,2,25174054,1,0,4,1151.3989999999999
2,1.8.0,GCC,14.2.0,Release,Linux,effective_cpu_capacity=4,4,1,linux_sched_affinity+cgroup_cpu_quota,4,4,adaptive_partial_grant,available_one_of_preferred_budget,granted_workers,threads,1,parallel_for,,thread_pool,not_applicable,Adaptive,4,1,4,4,1,1,1,0,not_nested,0,wait,granted,0.24099999999999999,not_requested,1,,0.097916000000000003,4,single,2,25174054,1,1,0,0
2,1.8.0,GCC,14.2.0,Release,Linux,effective_cpu_capacity=4,4,1,linux_sched_affinity+cgroup_cpu_quota,4,4,nested_execution,depth_1,peak_participation,threads,1,parallel_for,depth=1;leaves=2,thread_pool,not_applicable,Adaptive,2,1,2,4,2,2,1,0,not_nested,0,wait,granted,0.30099999999999999,not_requested,1,,0.025488,4,single,2,25174054,1,1,0,0
2,1.8.0,GCC,14.2.0,Release,Linux,effective_cpu_capacity=4,4,1,linux_sched_affinity+cgroup_cpu_quota,4,4,nested_execution,depth_2,peak_participation,threads,1,parallel_for,depth=2;leaves=4,thread_pool,not_applicable,Adaptive,2,1,2,4,2,2,1,0,not_nested,0,wait,granted,0.20999999999999999,not_requested,1,,0.020381,4,single,2,25174054,1,1,0,0
2,1.8.0,GCC,14.2.0,Release,Linux,effective_cpu_capacity=4,4,1,linux_sched_affinity+cgroup_cpu_quota,4,4,nested_execution,depth_3,peak_participation,threads,1,parallel_for,depth=3;leaves=8,thread_pool,not_applicable,Adaptive,2,1,2,4,2,2,1,0,not_nested,0,wait,granted,0.23999999999999999,not_requested,1,,0.016553999999999999,4,single,2,25174054,1,1,0,0
2,1.8.0,GCC,14.2.0,Release,Linux,effective_cpu_capacity=4,4,1,linux_sched_affinity+cgroup_cpu_quota,4,4,nested_execution,depth_4,peak_participation,threads,1,parallel_for,depth=4;leaves=16,thread_pool,not_applicable,Adaptive,2,1,2,4,2,2,1,0,not_nested,0,wait,granted,0.20000000000000001,not_requested,1,,0.024025000000000001,4,single,2,25174054,1,1,0,0
2,1.8.0,GCC,14.2.0,Release,Linux,effective_cpu_capacity=4,4,1,linux_sched_affinity+cgroup_cpu_quota,1,1,scheduler_comparison,sequential,duration,ms,0.42942900000000001,parallel_for,,sequential,not_applicable,Adaptive,1,1,1,1,1,1,1,0,not_nested,0,wait,granted,0.23999999999999999,not_requested,1,5314921549994187984,0.42942900000000001,4,single,2,25174054,1,1,0,0
2,1.8.0,GCC,14.2.0,Release,Linux,effective_cpu_capacity=4,4,1,linux_sched_affinity+cgroup_cpu_quota,4,4,scheduler_comparison,thread_pool,duration,ms,0.23183500000000001,parallel_for,,thread_pool,not_applicable,Adaptive,4,1,4,4,4,4,3,0,not_nested,0,wait,granted,0.29099999999999998,not_requested,1,5314921549994187984,0.23183500000000001,4,single,2,25174054,1,3,0,0
2,1.8.0,GCC,14.2.0,Release,Linux,effective_cpu_capacity=4,4,1,linux_sched_affinity+cgroup_cpu_quota,4,4,scheduler_comparison,static_thread,duration,ms,0.19935600000000001,parallel_for,,static_thread,not_applicable,Adaptive,4,1,4,4,4,4,4,0,not_nested,0,wait,granted,0.40100000000000002,not_requested,1,5314921549994187984,0.19935600000000001,4,single,2,25174054,1,4,0,0
2,1.8.0,GCC,14.2.0,Release,Linux,effective_cpu_capacity=4,4,1,linux_sched_affinity+cgroup_cpu_quota,4,4,deterministic_exact_grant,success,accepted,boolean,1,parallel_for,,thread_pool,not_applicable,Deterministic,4,4,4,4,4,4,1,0,not_nested,1,fail_immediately,granted,0.54000000000000004,not_requested,1,,0,4,single,2,25174054,1,0,0,0
2,1.8.0,GCC,14.2.0,Release,Linux,effective_cpu_capacity=4,4,1,linux_sched_affinity+cgroup_cpu_quota,4,4,deterministic_exact_grant,insufficient_budget_failure,accepted,boolean,1,parallel_for,,,not_applicable,Deterministic,4,4,4,4,0,0,0,0,not_nested,1,fail_immediately,would_block,0,not_requested,1,,0,4,single,2,25174054,1,0,0,0
2,1.8.0,GCC,14.2.0,Release,Linux,effective_cpu_capacity=4,4,1,linux_sched_affinity+cgroup_cpu_quota,4,4,governed_vs_ungoverned,governed,batch_wall_time,ms,4.2970259999999998,parallel_for,runtimes=2;items_per_runtime=128,thread_pool,not_applicable,Adaptive,4,1,4,4,4,4,1,0,not_nested,0,wait,granted,1.0209999999999999,not_requested,1,14754973877547064749,4.2970259999999998,4,governed_then_ungoverned,2,25174054,2,3,0,0
2,1.8.0,GCC,14.2.0,Release,Linux,effective_cpu_capacity=4,4,1,linux_sched_affinity+cgroup_cpu_quota,4,4,governed_vs_ungoverned,governed,throughput,operations_per_second,465.43818911032889,parallel_for,runtimes=2;items_per_runtime=128,thread_pool,not_applicable,Adaptive,4,1,4,4,4,4,1,0,not_nested,0,wait,granted,1.0209999999999999,not_requested,1,14754973877547064749,4.2970259999999998,4,governed_then_ungoverned,2,25174054,2,3,0,0
2,1.8.0,GCC,14.2.0,Release,Linux,effective_cpu_capacity=4,4,1,linux_sched_affinity+cgroup_cpu_quota,4,4,governed_vs_ungoverned,governed,peak_participation,threads,3,parallel_for,runtimes=2;items_per_runtime=128,thread_pool,not_applicable,Adaptive,4,1,4,4,4,4,1,0,not_nested,0,wait,granted,1.0209999999999999,not_requested,1,14754973877547064749,4.2970259999999998,4,governed_then_ungoverned,2,25174054,2,3,0,0
2,1.8.0,GCC,14.2.0,Release,Linux,effective_cpu_capacity=4,4,1,linux_sched_affinity+cgroup_cpu_quota,4,4,runtime_latency,governed_runtime_0,completion_latency,ms,3.012975,parallel_for,runtimes=2;items_per_runtime=128,thread_pool,not_applicable,Adaptive,4,1,4,4,4,4,1,0,not_nested,0,wait,granted,1.0209999999999999,not_requested,1,14754973877547064749,3.012975,4,governed_then_ungoverned,2,25174054,1,3,0,0
2,1.8.0,GCC,14.2.0,Release,Linux,effective_cpu_capacity=4,4,1,linux_sched_affinity+cgroup_cpu_quota,4,4,runtime_latency,governed_runtime_1,completion_latency,ms,4.2112530000000001,parallel_for,runtimes=2;items_per_runtime=128,thread_pool,not_applicable,Adaptive,4,1,4,4,4,4,3,0,not_nested,0,wait,granted,3021.002,not_requested,1,14754973877547064749,4.2112530000000001,4,governed_then_ungoverned,2,25174054,1,3,0,0
2,1.8.0,GCC,14.2.0,Release,Linux,effective_cpu_capacity=4,4,1,linux_sched_affinity+cgroup_cpu_quota,4,4,governed_vs_ungoverned,ungoverned,batch_wall_time,ms,1.6792130000000001,parallel_for,runtimes=2;items_per_runtime=128,thread_pool,not_applicable,Adaptive,4,1,4,4,4,4,3,0,not_nested,0,wait,granted,0.77100000000000002,not_requested,1,14754973877547064749,1.6792130000000001,4,governed_then_ungoverned,2,25174054,2,5,0,0
2,1.8.0,GCC,14.2.0,Release,Linux,effective_cpu_capacity=4,4,1,linux_sched_affinity+cgroup_cpu_quota,4,4,governed_vs_ungoverned,ungoverned,throughput,operations_per_second,1191.0341332517078,parallel_for,runtimes=2;items_per_runtime=128,thread_pool,not_applicable,Adaptive,4,1,4,4,4,4,3,0,not_nested,0,wait,granted,0.77100000000000002,not_requested,1,14754973877547064749,1.6792130000000001,4,governed_then_ungoverned,2,25174054,2,5,0,0
2,1.8.0,GCC,14.2.0,Release,Linux,effective_cpu_capacity=4,4,1,linux_sched_affinity+cgroup_cpu_quota,4,4,governed_vs_ungoverned,ungoverned,peak_participation,threads,5,parallel_for,runtimes=2;items_per_runtime=128,thread_pool,not_applicable,Adaptive,4,1,4,4,4,4,3,0,not_nested,0,wait,granted,0.77100000000000002,not_requested,1,14754973877547064749,1.6792130000000001,4,governed_then_ungoverned,2,25174054,2,5,0,0
2,1.8.0,GCC,14.2.0,Release,Linux,effective_cpu_capacity=4,4,1,linux_sched_affinity+cgroup_cpu_quota,4,4,runtime_latency,ungoverned_runtime_0,completion_latency,ms,1.1748879999999999,parallel_for,runtimes=2;items_per_runtime=128,thread_pool,not_applicable,Adaptive,4,1,4,4,4,4,3,0,not_nested,0,wait,granted,0.77100000000000002,not_requested,1,14754973877547064749,1.1748879999999999,4,governed_then_ungoverned,2,25174054,1,5,0,0
2,1.8.0,GCC,14.2.0,Release,Linux,effective_cpu_capacity=4,4,1,linux_sched_affinity+cgroup_cpu_quota,4,4,runtime_latency,ungoverned_runtime_1,completion_latency,ms,1.6031059999999999,parallel_for,runtimes=2;items_per_runtime=128,thread_pool,not_applicable,Adaptive,4,1,4,4,4,4,4,0,not_nested,0,wait,granted,0.81100000000000005,not_requested,1,14754973877547064749,1.6031059999999999,4,governed_then_ungoverned,2,25174054,1,5,0,0
2,1.8.0,GCC,14.2.0,Release,Linux,effective_cpu_capacity=4,4,1,linux_sched_affinity+cgroup_cpu_quota,4,4,governed_vs_ungoverned,governed_2_runtimes,batch_wall_time,ms,0.26336199999999999,parallel_for,runtimes=2;items_per_runtime=32,thread_pool,not_applicable,Adaptive,4,1,4,4,4,4,2,0,not_nested,0,wait,granted,1.212,not_requested,1,10831286851329034220,0.26336199999999999,4,single,2,25174054,2,2,0,0
2,1.8.0,GCC,14.2.0,Release,Linux,effective_cpu_capacity=4,4,1,linux_sched_affinity+cgroup_cpu_quota,4,4,governed_vs_ungoverned,governed_2_runtimes,throughput,operations_per_second,7594.1100082775802,parallel_for,runtimes=2;items_per_runtime=32,thread_pool,not_applicable,Adaptive,4,1,4,4,4,4,2,0,not_nested,0,wait,granted,1.212,not_requested,1,10831286851329034220,0.26336199999999999,4,single,2,25174054,2,2,0,0
2,1.8.0,GCC,14.2.0,Release,Linux,effective_cpu_capacity=4,4,1,linux_sched_affinity+cgroup_cpu_quota,4,4,governed_vs_ungoverned,governed_2_runtimes,peak_participation,threads,2,parallel_for,runtimes=2;items_per_runtime=32,thread_pool,not_applicable,Adaptive,4,1,4,4,4,4,2,0,not_nested,0,wait,granted,1.212,not_requested,1,10831286851329034220,0.26336199999999999,4,single,2,25174054,2,2,0,0
2,1.8.0,GCC,14.2.0,Release,Linux,effective_cpu_capacity=4,4,1,linux_sched_affinity+cgroup_cpu_quota,4,4,runtime_latency,governed_2_runtimes_runtime_0,completion_latency,ms,0.088861999999999997,parallel_for,runtimes=2;items_per_runtime=32,thread_pool,not_applicable,Adaptive,4,1,4,4,4,4,2,0,not_nested,0,wait,granted,1.212,not_requested,1,10831286851329034220,0.088861999999999997,4,single,2,25174054,1,2,0,0
2,1.8.0,GCC,14.2.0,Release,Linux,effective_cpu_capacity=4,4,1,linux_sched_affinity+cgroup_cpu_quota,4,4,runtime_latency,governed_2_runtimes_runtime_1,completion_latency,ms,0.18359400000000001,parallel_for,runtimes=2;items_per_runtime=32,thread_pool,not_applicable,Adaptive,4,1,4,4,4,4,3,0,not_nested,0,wait,granted,89.914000000000001,not_requested,1,10831286851329034220,0.18359400000000001,4,single,2,25174054,1,2,0,0
2,1.8.0,GCC,14.2.0,Release,Linux,effective_cpu_capacity=4,4,1,linux_sched_affinity+cgroup_cpu_quota,4,4,governed_vs_ungoverned,governed_4_runtimes,batch_wall_time,ms,0.50127600000000005,parallel_for,runtimes=4;items_per_runtime=32,thread_pool,not_applicable,Adaptive,4,1,4,4,4,4,2,0,not_nested,0,wait,granted,1.1020000000000001,not_requested,1,7589314552514409162,0.50127600000000005,4,single,2,25174054,4,3,0,0
2,1.8.0,GCC,14.2.0,Release,Linux,effective_cpu_capacity=4,4,1,linux_sched_affinity+cgroup_cpu_quota,4,4,governed_vs_ungoverned,governed_4_runtimes,throughput,operations_per_second,7979.6359690070931,parallel_for,runtimes=4;items_per_runtime=32,thread_pool,not_applicable,Adaptive,4,1,4,4,4,4,2,0,not_nested,0,wait,granted,1.1020000000000001,not_requested,1,7589314552514409162,0.50127600000000005,4,single,2,25174054,4,3,0,0
2,1.8.0,GCC,14.2.0,Release,Linux,effective_cpu_capacity=4,4,1,linux_sched_affinity+cgroup_cpu_quota,4,4,governed_vs_ungoverned,governed_4_runtimes,peak_participation,threads,3,parallel_for,runtimes=4;items_per_runtime=32,thread_pool,not_applicable,Adaptive,4,1,4,4,4,4,2,0,not_nested,0,wait,granted,1.1020000000000001,not_requested,1,7589314552514409162,0.50127600000000005,4,single,2,25174054,4,3,0,0
2,1.8.0,GCC,14.2.0,Release,Linux,effective_cpu_capacity=4,4,1,linux_sched_affinity+cgroup_cpu_quota,4,4,runtime_latency,governed_4_runtimes_runtime_0,completion_latency,ms,0.095222000000000001,parallel_for,runtimes=4;items_per_runtime=32,thread_pool,not_applicable,Adaptive,4,1,4,4,4,4,2,0,not_nested,0,wait,granted,1.1020000000000001,not_requested,1,7589314552514409162,0.095222000000000001,4,single,2,25174054,1,3,0,0
2,1.8.0,GCC,14.2.0,Release,Linux,effective_cpu_capacity=4,4,1,linux_sched_affinity+cgroup_cpu_quota,4,4,runtime_latency,governed_4_runtimes_runtime_1,completion_latency,ms,0.36842900000000001,parallel_for,runtimes=4;items_per_runtime=32,thread_pool,not_applicable,Adaptive,4,1,4,4,4,4,3,0,not_nested,0,wait,granted,298.41399999999999,not_requested,1,7589314552514409162,0.36842900000000001,4,single,2,25174054,1,3,0,0
2,1.8.0,GCC,14.2.0,Release,Linux,effective_cpu_capacity=4,4,1,linux_sched_affinity+cgroup_cpu_quota,4,4,runtime_latency,governed_4_runtimes_runtime_2,completion_latency,ms,0.32109799999999999,parallel_for,runtimes=4;items_per_runtime=32,thread_pool,not_applicable,Adaptive,4,1,4,4,4,4,3,0,not_nested,0,wait,granted,226.08699999999999,not_requested,1,7589314552514409162,0.32109799999999999,4,single,2,25174054,1,3,0,0
2,1.8.0,GCC,14.2.0,Release,Linux,effective_cpu_capacity=4,4,1,linux_sched_affinity+cgroup_cpu_quota,4,4,runtime_latency,governed_4_runtimes_runtime_3,completion_latency,ms,0.229902,parallel_for,runtimes=4;items_per_runtime=32,thread_pool,not_applicable,Adaptive,4,1,4,4,4,4,3,0,not_nested,0,wait,granted,86.968999999999994,not_requested,1,7589314552514409162,0.229902,4,single,2,25174054,1,3,0,0
2,1.8.0,GCC,14.2.0,Release,Linux,effective_cpu_capacity=4,4,1,linux_sched_affinity+cgroup_cpu_quota,4,4,governed_vs_ungoverned,governed_8_runtimes,batch_wall_time,ms,0.86769200000000002,parallel_for,runtimes=8;items_per_runtime=32,thread_pool,not_applicable,Adaptive,4,1,4,4,4,4,2,0,not_nested,0,wait,granted,454.54700000000003,not_requested,1,3424649268515386025,0.86769200000000002,4,single,2,25174054,8,3,0,0
2,1.8.0,GCC,14.2.0,Release,Linux,effective_cpu_capacity=4,4,1,linux_sched_affinity+cgroup_cpu_quota,4,4,governed_vs_ungoverned,governed_8_runtimes,throughput,operations_per_second,9219.8614254827753,parallel_for,runtimes=8;items_per_runtime=32,thread_pool,not_applicable,Adaptive,4,1,4,4,4,4,2,0,not_nested,0,wait,granted,454.54700000000003,not_requested,1,3424649268515386025,0.86769200000000002,4,single,2,25174054,8,3,0,0
2,1.8.0,GCC,14.2.0,Release,Linux,effective_cpu_capacity=4,4,1,linux_sched_affinity+cgroup_cpu_quota,4,4,governed_vs_ungoverned,governed_8_runtimes,peak_participation,threads,3,parallel_for,runtimes=8;items_per_runtime=32,thread_pool,not_applicable,Adaptive,4,1,4,4,4,4,2,0,not_nested,0,wait,granted,454.54700000000003,not_requested,1,3424649268515386025,0.86769200000000002,4,single,2,25174054,8,3,0,0
2,1.8.0,GCC,14.2.0,Release,Linux,effective_cpu_capacity=4,4,1,linux_sched_affinity+cgroup_cpu_quota,4,4,runtime_latency,governed_8_runtimes_runtime_0,completion_latency,ms,0.517621,parallel_for,runtimes=8;items_per_runtime=32,thread_pool,not_applicable,Adaptive,4,1,4,4,4,4,2,0,not_nested,0,wait,granted,454.54700000000003,not_requested,1,3424649268515386025,0.517621,4,single,2,25174054,1,3,0,0
2,1.8.0,GCC,14.2.0,Release,Linux,effective_cpu_capacity=4,4,1,linux_sched_affinity+cgroup_cpu_quota,4,4,runtime_latency,governed_8_runtimes_runtime_1,completion_latency,ms,0.44860800000000001,parallel_for,runtimes=8;items_per_runtime=32,thread_pool,not_applicable,Adaptive,4,1,4,4,4,4,3,0,not_nested,0,wait,granted,364.70299999999997,not_requested,1,3424649268515386025,0.44860800000000001,4,single,2,25174054,1,3,0,0
2,1.8.0,GCC,14.2.0,Release,Linux,effective_cpu_capacity=4,4,1,linux_sched_affinity+cgroup_cpu_quota,4,4,runtime_latency,governed_8_runtimes_runtime_2,completion_latency,ms,0.62840499999999999,parallel_for,runtimes=8;items_per_runtime=32,thread_pool,not_applicable,Adaptive,4,1,4,4,4,4,2,0,not_nested,0,wait,granted,586.31299999999999,not_requested,1,3424649268515386025,0.62840499999999999,4,single,2,25174054,1,3,0,0
2,1.8.0,GCC,14.2.0,Release,Linux,effective_cpu_capacity=4,4,1,linux_sched_affinity+cgroup_cpu_quota,4,4,runtime_latency,governed_8_runtimes_runtime_3,completion_latency,ms,0.094390000000000002,parallel_for,runtimes=8;items_per_runtime=32,thread_pool,not_applicable,Adaptive,4,1,4,4,4,4,3,0,not_nested,0,wait,granted,1.1220000000000001,not_requested,1,3424649268515386025,0.094390000000000002,4,single,2,25174054,1,3,0,0
2,1.8.0,GCC,14.2.0,Release,Linux,effective_cpu_capacity=4,4,1,linux_sched_affinity+cgroup_cpu_quota,4,4,runtime_latency,governed_8_runtimes_runtime_4,completion_latency,ms,0.58364799999999994,parallel_for,runtimes=8;items_per_runtime=32,thread_pool,not_applicable,Adaptive,4,1,4,4,4,4,4,0,not_nested,0,wait,granted,524.89200000000005,not_requested,1,3424649268515386025,0.58364799999999994,4,single,2,25174054,1,3,0,0
2,1.8.0,GCC,14.2.0,Release,Linux,effective_cpu_capacity=4,4,1,linux_sched_affinity+cgroup_cpu_quota,4,4,runtime_latency,governed_8_runtimes_runtime_5,completion_latency,ms,0.19000300000000001,parallel_for,runtimes=8;items_per_runtime=32,thread_pool,not_applicable,Adaptive,4,1,4,4,4,4,2,0,not_nested,0,wait,granted,107.65000000000001,not_requested,1,3424649268515386025,0.19000300000000001,4,single,2,25174054,1,3,0,0
2,1.8.0,GCC,14.2.0,Release,Linux,effective_cpu_capacity=4,4,1,linux_sched_affinity+cgroup_cpu_quota,4,4,runtime_latency,governed_8_runtimes_runtime_6,completion_latency,ms,0.29520999999999997,parallel_for,runtimes=8;items_per_runtime=32,thread_pool,not_applicable,Adaptive,4,1,4,4,4,4,2,0,not_nested,0,wait,granted,202.221,not_requested,1,3424649268515386025,0.29520999999999997,4,single,2,25174054,1,3,0,0
2,1.8.0,GCC,14.2.0,Release,Linux,effective_cpu_capacity=4,4,1,linux_sched_affinity+cgroup_cpu_quota,4,4,runtime_latency,governed_8_runtimes_runtime_7,completion_latency,ms,0.368558,parallel_for,runtimes=8;items_per_runtime=32,thread_pool,not_applicable,Adaptive,4,1,4,4,4,4,4,0,not_nested,0,wait,granted,298.79500000000002,not_requested,1,3424649268515386025,0.368558,4,single,2,25174054,1,3,0,0
2,1.8.0,GCC,14.2.0,Release,Linux,effective_cpu_capacity=4,4,1,linux_sched_affinity+cgroup_cpu_quota,1,1,governed_vs_ungoverned,budget_1,batch_wall_time,ms,0.15761500000000001,parallel_for,runtimes=2;items_per_runtime=32,thread_pool,not_applicable,Adaptive,1,1,1,1,1,1,1,0,not_nested,0,wait,granted,1.262,not_requested,1,10831286851329034220,0.15761500000000001,4,single,2,25174054,2,1,0,0
2,1.8.0,GCC,14.2.0,Release,Linux,effective_cpu_capacity=4,4,1,linux_sched_affinity+cgroup_cpu_quota,1,1,governed_vs_ungoverned,budget_1,throughput,operations_per_second,12689.147606509532,parallel_for,runtimes=2;items_per_runtime=32,thread_pool,not_applicable,Adaptive,1,1,1,1,1,1,1,0,not_nested,0,wait,granted,1.262,not_requested,1,10831286851329034220,0.15761500000000001,4,single,2,25174054,2,1,0,0
2,1.8.0,GCC,14.2.0,Release,Linux,effective_cpu_capacity=4,4,1,linux_sched_affinity+cgroup_cpu_quota,1,1,governed_vs_ungoverned,budget_1,peak_participation,threads,1,parallel_for,runtimes=2;items_per_runtime=32,thread_pool,not_applicable,Adaptive,1,1,1,1,1,1,1,0,not_nested,0,wait,granted,1.262,not_requested,1,10831286851329034220,0.15761500000000001,4,single,2,25174054,2,1,0,0
2,1.8.0,GCC,14.2.0,Release,Linux,effective_cpu_capacity=4,4,1,linux_sched_affinity+cgroup_cpu_quota,1,1,runtime_latency,budget_1_runtime_0,completion_latency,ms,0.059579,parallel_for,runtimes=2;items_per_runtime=32,thread_pool,not_applicable,Adaptive,1,1,1,1,1,1,1,0,not_nested,0,wait,granted,1.262,not_requested,1,10831286851329034220,0.059579,4,single,2,25174054,1,1,0,0
2,1.8.0,GCC,14.2.0,Release,Linux,effective_cpu_capacity=4,4,1,linux_sched_affinity+cgroup_cpu_quota,1,1,runtime_latency,budget_1_runtime_1,completion_latency,ms,0.091245999999999994,parallel_for,runtimes=2;items_per_runtime=32,thread_pool,not_applicable,Adaptive,1,1,1,1,1,1,1,0,not_nested,0,wait,granted,57.445,not_requested,1,10831286851329034220,0.091245999999999994,4,single,2,25174054,1,1,0,0
2,1.8.0,GCC,14.2.0,Release,Linux,effective_cpu_capacity=4,4,1,linux_sched_affinity+cgroup_cpu_quota,2,2,governed_vs_ungoverned,budget_2,batch_wall_time,ms,0.20347299999999999,parallel_for,runtimes=2;items_per_runtime=32,thread_pool,not_applicable,Adaptive,2,1,2,2,2,2,1,0,not_nested,0,wait,granted,0.45100000000000001,not_requested,1,10831286851329034220,0.20347299999999999,4,single,2,25174054,2,1,0,0
2,1.8.0,GCC,14.2.0,Release,Linux,effective_cpu_capacity=4,4,1,linux_sched_affinity+cgroup_cpu_quota,2,2,governed_vs_ungoverned,budget_2,throughput,operations_per_second,9829.3139630319511,parallel_for,runtimes=2;items_per_runtime=32,thread_pool,not_applicable,Adaptive,2,1,2,2,2,2,1,0,not_nested,0,wait,granted,0.45100000000000001,not_requested,1,10831286851329034220,0.20347299999999999,4,single,2,25174054,2,1,0,0
2,1.8.0,GCC,14.2.0,Release,Linux,effective_cpu_capacity=4,4,1,linux_sched_affinity+cgroup_cpu_quota,2,2,governed_vs_ungoverned,budget_2,peak_participation,threads,1,parallel_for,runtimes=2;items_per_runtime=32,thread_pool,not_applicable,Adaptive,2,1,2,2,2,2,1,0,not_nested,0,wait,granted,0.45100000000000001,not_requested,1,10831286851329034220,0.20347299999999999,4,single,2,25174054,2,1,0,0
2,1.8.0,GCC,14.2.0,Release,Linux,effective_cpu_capacity=4,4,1,linux_sched_affinity+cgroup_cpu_quota,2,2,runtime_latency,budget_2_runtime_0,completion_latency,ms,0.047309999999999998,parallel_for,runtimes=2;items_per_runtime=32,thread_pool,not_applicable,Adaptive,2,1,2,2,2,2,1,0,not_nested,0,wait,granted,0.45100000000000001,not_requested,1,10831286851329034220,0.047309999999999998,4,single,2,25174054,1,1,0,0
2,1.8.0,GCC,14.2.0,Release,Linux,effective_cpu_capacity=4,4,1,linux_sched_affinity+cgroup_cpu_quota,2,2,runtime_latency,budget_2_runtime_1,completion_latency,ms,0.12758,parallel_for,runtimes=2;items_per_runtime=32,thread_pool,not_applicable,Adaptive,2,1,2,2,2,2,1,0,not_nested,0,wait,granted,60.841000000000001,not_requested,1,10831286851329034220,0.12758,4,single,2,25174054,1,1,0,0
2,1.8.0,GCC,14.2.0,Release,Linux,effective_cpu_capacity=4,4,1,linux_sched_affinity+cgroup_cpu_quota,4,4,governed_vs_ungoverned,budget_4,batch_wall_time,ms,0.23426900000000001,parallel_for,runtimes=2;items_per_runtime=64,thread_pool,not_applicable,Adaptive,4,1,4,4,4,4,3,0,not_nested,0,wait,granted,0.68100000000000005,not_requested,1,7589314552514409162,0.23426900000000001,4,single,2,25174054,2,2,0,0
2,1.8.0,GCC,14.2.0,Release,Linux,effective_cpu_capacity=4,4,1,linux_sched_affinity+cgroup_cpu_quota,4,4,governed_vs_ungoverned,budget_4,throughput,operations_per_second,8537.194421797165,parallel_for,runtimes=2;items_per_runtime=64,thread_pool,not_applicable,Adaptive,4,1,4,4,4,4,3,0,not_nested,0,wait,granted,0.68100000000000005,not_requested,1,7589314552514409162,0.23426900000000001,4,single,2,25174054,2,2,0,0
2,1.8.0,GCC,14.2.0,Release,Linux,effective_cpu_capacity=4,4,1,linux_sched_affinity+cgroup_cpu_quota,4,4,governed_vs_ungoverned,budget_4,peak_participation,threads,2,parallel_for,runtimes=2;items_per_runtime=64,thread_pool,not_applicable,Adaptive,4,1,4,4,4,4,3,0,not_nested,0,wait,granted,0.68100000000000005,not_requested,1,7589314552514409162,0.23426900000000001,4,single,2,25174054,2,2,0,0
2,1.8.0,GCC,14.2.0,Release,Linux,effective_cpu_capacity=4,4,1,linux_sched_affinity+cgroup_cpu_quota,4,4,runtime_latency,budget_4_runtime_0,completion_latency,ms,0.076523999999999995,parallel_for,runtimes=2;items_per_runtime=64,thread_pool,not_applicable,Adaptive,4,1,4,4,4,4,3,0,not_nested,0,wait,granted,0.68100000000000005,not_requested,1,7589314552514409162,0.076523999999999995,4,single,2,25174054,1,2,0,0
2,1.8.0,GCC,14.2.0,Release,Linux,effective_cpu_capacity=4,4,1,linux_sched_affinity+cgroup_cpu_quota,4,4,runtime_latency,budget_4_runtime_1,completion_latency,ms,0.16282199999999999,parallel_for,runtimes=2;items_per_runtime=64,thread_pool,not_applicable,Adaptive,4,1,4,4,4,4,4,0,not_nested,0,wait,granted,69.703999999999994,not_requested,1,7589314552514409162,0.16282199999999999,4,single,2,25174054,1,2,0,0
2,1.8.0,GCC,14.2.0,Release,Linux,effective_cpu_capacity=4,4,1,linux_sched_affinity+cgroup_cpu_quota,4,1,governor_overhead,uncontended_exact_acquire_release,latency,us_per_acquire_release,0.14651800000000001,parallel_for,,,not_applicable,Adaptive,1,1,1,1,1,1,1,0,not_nested,1,fail_immediately,granted,0.080000000000000002,not_requested,1,,0.00014651800000000002,5,single,2,25174054,1000,1,0,0
2,1.8.0,GCC,14.2.0,Release,Linux,effective_cpu_capacity=4,4,1,linux_sched_affinity+cgroup_cpu_quota,4,1,governor_overhead,inherited_nested_lease,latency,us_per_acquire_release,0.016985,parallel_for,,,not_applicable,Adaptive,1,1,1,1,1,1,1,1,reuse_parent,1,fail_immediately,granted,0.080000000000000002,not_requested,1,,0.00014651800000000002,5,single,2,25174054,1000,1,0,0
2,1.8.0,GCC,14.2.0,Release,Linux,effective_cpu_capacity=4,4,1,linux_sched_affinity+cgroup_cpu_quota,4,4,governor_overhead,flexible_partial_grant,latency,us_per_acquire_release,0.43099999999999999,parallel_for,,,not_applicable,Adaptive,4,1,4,4,1,1,1,0,not_nested,0,fail_immediately,granted,0.28100000000000003,not_requested,1,,0.00014651800000000002,5,single,2,25174054,1,1,0,0
2,1.8.0,GCC,14.2.0,Release,Linux,effective_cpu_capacity=4,4,1,linux_sched_affinity+cgroup_cpu_quota,4,4,governor_overhead,immediate_failure,latency,us_per_acquire_release,0.56000000000000005,parallel_for,,,not_applicable,Adaptive,4,4,4,4,0,0,0,0,not_nested,1,fail_immediately,would_block,0,not_requested,1,,0.00014651800000000002,5,single,2,25174054,1,1,0,0
2,1.8.0,GCC,14.2.0,Release,Linux,effective_cpu_capacity=4,4,1,linux_sched_affinity+cgroup_cpu_quota,4,4,governor_overhead,direct_cancellation_notification,latency,us,18.917999999999999,parallel_for,,,not_applicable,Adaptive,4,4,4,4,0,0,0,0,not_nested,1,wait,cancelled,6.0990000000000002,requested,1,,0.018918000000000001,5,single,2,25174054,1,0,0,0
2,1.8.0,GCC,14.2.0,Release,Linux,effective_cpu_capacity=4,4,1,linux_sched_affinity+cgroup_cpu_quota,4,4,admission_fairness,large_exact_request,completion_rank,rank,5,parallel_for,one_large_exact_plus_eight_small_exact,,not_applicable,Adaptive,4,4,4,4,4,4,4,0,not_nested,1,wait,granted,203.483,not_requested,1,,0,5,single,2,25174054,1,0,4,203.483
2,1.8.0,GCC,14.2.0,Release,Linux,effective_cpu_capacity=4,4,1,linux_sched_affinity+cgroup_cpu_quota,4,4,admission_fairness,small_request_0,completion_rank,rank,1,parallel_for,one_large_exact_plus_eight_small_exact,,not_applicable,Adaptive,1,1,1,1,1,1,1,0,not_nested,1,wait,granted,12.438000000000001,not_requested,1,,0,5,single,2,25174054,1,0,4,12.438000000000001
2,1.8.0,GCC,14.2.0,Release,Linux,effective_cpu_capacity=4,4,1,linux_sched_affinity+cgroup_cpu_quota,4,4,admission_fairness,small_request_1,completion_rank,rank,2,parallel_for,one_large_exact_plus_eight_small_exact,,not_applicable,Adaptive,1,1,1,1,1,1,1,0,not_nested,1,wait,granted,13.199,not_requested,1,,0,5,single,2,25174054,1,0,4,13.199
2,1.8.0,GCC,14.2.0,Release,Linux,effective_cpu_capacity=4,4,1,linux_sched_affinity+cgroup_cpu_quota,4,4,admission_fairness,small_request_2,completion_rank,rank,3,parallel_for,one_large_exact_plus_eight_small_exact,,not_applicable,Adaptive,1,1,1,1,1,1,1,0,not_nested,1,wait,granted,17.315999999999999,not_requested,1,,0,5,single,2,25174054,1,0,4,17.315999999999999
2,1.8.0,GCC,14.2.0,Release,Linux,effective_cpu_capacity=4,4,1,linux_sched_affinity+cgroup_cpu_quota,4,4,admission_fairness,small_request_3,completion_rank,rank,4,parallel_for,one_large_exact_plus_eight_small_exact,,not_applicable,Adaptive,1,1,1,1,1,1,1,0,not_nested,1,wait,granted,1.0409999999999999,not_requested,1,,0,5,single,2,25174054,1,0,4,1.0409999999999999
2,1.8.0,GCC,14.2.0,Release,Linux,effective_cpu_capacity=4,4,1,linux_sched_affinity+cgroup_cpu_quota,4,4,admission_fairness,small_request_4,completion_rank,rank,7,parallel_for,one_large_exact_plus_eight_small_exact,,not_applicable,Adaptive,1,1,1,1,1,1,1,0,not_nested,1,wait,granted,1189.6500000000001,not_requested,1,,0,5,single,2,25174054,1,0,4,1189.6500000000001
2,1.8.0,GCC,14.2.0,Release,Linux,effective_cpu_capacity=4,4,1,linux_sched_affinity+cgroup_cpu_quota,4,4,admission_fairness,small_request_5,completion_rank,rank,6,parallel_for,one_large_exact_plus_eight_small_exact,,not_applicable,Adaptive,1,1,1,1,1,1,1,0,not_nested,1,wait,granted,1159,not_requested,1,,0,5,single,2,25174054,1,0,4,1159
2,1.8.0,GCC,14.2.0,Release,Linux,effective_cpu_capacity=4,4,1,linux_sched_affinity+cgroup_cpu_quota,4,4,admission_fairness,small_request_6,completion_rank,rank,9,parallel_for,one_large_exact_plus_eight_small_exact,,not_applicable,Adaptive,1,1,1,1,1,1,1,0,not_nested,1,wait,granted,1172.0640000000001,not_requested,1,,0,5,single,2,25174054,1,0,4,1172.0640000000001
2,1.8.0,GCC,14.2.0,Release,Linux,effective_cpu_capacity=4,4,1,linux_sched_affinity+cgroup_cpu_quota,4,4,admission_fairness,small_request_7,completion_rank,rank,8,parallel_for,one_large_exact_plus_eight_small_exact,,not_applicable,Adaptive,1,1,1,1,1,1,1,0,not_nested,1,wait,granted,1114.569,not_requested,1,,0,5,single,2,25174054,1,0,4,1114.569
2,1.8.0,GCC,14.2.0,Release,Linux,effective_cpu_capacity=4,4,1,linux_sched_affinity+cgroup_cpu_quota,4,4,adaptive_partial_grant,available_one_of_preferred_budget,granted_workers,threads,1,parallel_for,,thread_pool,not_applicable,Adaptive,4,1,4,4,1,1,1,0,not_nested,0,wait,granted,0.28100000000000003,not_requested,1,,0.099097000000000005,5,single,2,25174054,1,1,0,0
2,1.8.0,GCC,14.2.0,Release,Linux,effective_cpu_capacity=4,4,1,linux_sched_affinity+cgroup_cpu_quota,4,4,nested_execution,depth_1,peak_participation,threads,1,parallel_for,depth=1;leaves=2,thread_pool,not_applicable,Adaptive,2,1,2,4,2,2,1,0,not_nested,0,wait,granted,0.23999999999999999,not_requested,1,,0.026308999999999999,5,single,2,25174054,1,1,0,0
2,1.8.0,GCC,14.2.0,Release,Linux,effective_cpu_capacity=4,4,1,linux_sched_affinity+cgroup_cpu_quota,4,4,nested_execution,depth_2,peak_participation,threads,1,parallel_for,depth=2;leaves=4,thread_pool,not_applicable,Adaptive,2,1,2,4,2,2,1,0,not_nested,0,wait,granted,0.25,not_requested,1,,0.024365999999999999,5,single,2,25174054,1,1,0,0
2,1.8.0,GCC,14.2.0,Release,Linux,effective_cpu_capacity=4,4,1,linux_sched_affinity+cgroup_cpu_quota,4,4,nested_execution,depth_3,peak_participation,threads,1,parallel_for,depth=3;leaves=8,thread_pool,not_applicable,Adaptive,2,1,2,4,2,2,1,0,not_nested,0,wait,granted,0.20999999999999999,not_requested,1,,0.023265000000000001,5,single,2,25174054,1,1,0,0
2,1.8.0,GCC,14.2.0,Release,Linux,effective_cpu_capacity=4,4,1,linux_sched_affinity+cgroup_cpu_quota,4,4,nested_execution,depth_4,peak_participation,threads,1,parallel_for,depth=4;leaves=16,thread_pool,not_applicable,Adaptive,2,1,2,4,2,2,1,0,not_nested,0,wait,granted,0.28000000000000003,not_requested,1,,0.024587000000000001,5,single,2,25174054,1,1,0,0
2,1.8.0,GCC,14.2.0,Release,Linux,effective_cpu_capacity=4,4,1,linux_sched_affinity+cgroup_cpu_quota,1,1,scheduler_comparison,sequential,duration,ms,0.404362,parallel_for,,sequential,not_applicable,Adaptive,1,1,1,1,1,1,1,0,not_nested,0,wait,granted,0.23999999999999999,not_requested,1,5314921549994187984,0.404362,5,single,2,25174054,1,1,0,0
2,1.8.0,GCC,14.2.0,Release,Linux,effective_cpu_capacity=4,4,1,linux_sched_affinity+cgroup_cpu_quota,4,4,scheduler_comparison,thread_pool,duration,ms,0.269646,parallel_for,,thread_pool,not_applicable,Adaptive,4,1,4,4,4,4,2,0,not_nested,0,wait,granted,0.20100000000000001,not_requested,1,5314921549994187984,0.269646,5,single,2,25174054,1,2,0,0
2,1.8.0,GCC,14.2.0,Release,Linux,effective_cpu_capacity=4,4,1,linux_sched_affinity+cgroup_cpu_quota,4,4,scheduler_comparison,static_thread,duration,ms,0.28366200000000003,parallel_for,,static_thread,not_applicable,Adaptive,4,1,4,4,4,4,4,0,not_nested,0,wait,granted,0.56999999999999995,not_requested,1,5314921549994187984,0.28366200000000003,5,single,2,25174054,1,4,0,0
2,1.8.0,GCC,14.2.0,Release,Linux,effective_cpu_capacity=4,4,1,linux_sched_affinity+cgroup_cpu_quota,4,4,deterministic_exact_grant,success,accepted,boolean,1,parallel_for,,thread_pool,not_applicable,Deterministic,4,4,4,4,4,4,1,0,not_nested,1,fail_immediately,granted,0.501,not_requested,1,,0,5,single,2,25174054,1,0,0,0
2,1.8.0,GCC,14.2.0,Release,Linux,effective_cpu_capacity=4,4,1,linux_sched_affinity+cgroup_cpu_quota,4,4,deterministic_exact_grant,insufficient_budget_failure,accepted,boolean,1,parallel_for,,,not_applicable,Deterministic,4,4,4,4,0,0,0,0,not_nested,1,fail_immediately,would_block,0,not_requested,1,,0,5,single,2,25174054,1,0,0,0
2,1.8.0,GCC,14.2.0,Release,Linux,effective_cpu_capacity=4,4,1,linux_sched_affinity+cgroup_cpu_quota,4,4,governed_vs_ungoverned,governed,batch_wall_time,ms,2.4979179999999999,parallel_for,runtimes=2;items_per_runtime=128,thread_pool,not_applicable,Adaptive,4,1,4,4,4,4,3,0,not_nested,0,wait,granted,0.93100000000000005,not_requested,1,14754973877547064749,2.4979179999999999,5,ungoverned_then_governed,2,25174054,2,3,0,0
2,1.8.0,GCC,14.2.0,Release,Linux,effective_cpu_capacity=4,4,1,linux_sched_affinity+cgroup_cpu_quota,4,4,governed_vs_ungoverned,governed,throughput,operations_per_second,800.66679530713179,parallel_for,runtimes=2;items_per_runtime=128,thread_pool,not_applicable,Adaptive,4,1,4,4,4,4,3,0,not_nested,0,wait,granted,0.93100000000000005,not_requested,1,14754973877547064749,2.4979179999999999,5,ungoverned_then_governed,2,25174054,2,3,0,0
2,1.8.0,GCC,14.2.0,Release,Linux,effective_cpu_capacity=4,4,1,linux_sched_affinity+cgroup_cpu_quota,4,4,governed_vs_ungoverned,governed,peak_participation,threads,3,parallel_for,runtimes=2;items_per_runtime=128,thread_pool,not_applicable,Adaptive,4,1,4,4,4,4,3,0,not_nested,0,wait,granted,0.93100000000000005,not_requested,1,14754973877547064749,2.4979179999999999,5,ungoverned_then_governed,2,25174054,2,3,0,0
2,1.8.0,GCC,14.2.0,Release,Linux,effective_cpu_capacity=4,4,1,linux_sched_affinity+cgroup_cpu_quota,4,4,runtime_latency,governed_runtime_0,completion_latency,ms,1.1984140000000001,parallel_for,runtimes=2;items_per_runtime=128,thread_pool,not_applicable,Adaptive,4,1,4,4,4,4,3,0,not_nested,0,wait,granted,0.93100000000000005,not_requested,1,14754973877547064749,1.1984140000000001,5,ungoverned_then_governed,2,25174054,1,3,0,0
2,1.8.0,GCC,14.2.0,Release,Linux,effective_cpu_capacity=4,4,1,linux_sched_affinity+cgroup_cpu_quota,4,4,runtime_latency,governed_runtime_1,completion_latency,ms,2.394835,parallel_for,runtimes=2;items_per_runtime=128,thread_pool,not_applicable,Adaptive,4,1,4,4,4,4,3,0,not_nested,0,wait,granted,1195.4090000000001,not_requested,1,14754973877547064749,2.394835,5,ungoverned_then_governed,2,25174054,1,3,0,0
2,1.8.0,GCC,14.2.0,Release,Linux,effective_cpu_capacity=4,4,1,linux_sched_affinity+cgroup_cpu_quota,4,4,governed_vs_ungoverned,ungoverned,batch_wall_time,ms,1.618609,parallel_for,runtimes=2;items_per_runtime=128,thread_pool,not_applicable,Adaptive,4,1,4,4,4,4,4,0,not_nested,0,wait,granted,1.042,not_requested,1,14754973877547064749,1.618609,5,ungoverned_then_governed,2,25174054,2,6,0,0
2,1.8.0,GCC,14.2.0,Release,Linux,effective_cpu_capacity=4,4,1,linux_sched_affinity+cgroup_cpu_quota,4,4,governed_vs_ungoverned,ungoverned,throughput,operations_per_second,1235.6288640431383,parallel_for,runtimes=2;items_per_runtime=128,thread_pool,not_applicable,Adaptive,4,1,4,4,4,4,4,0,not_nested,0,wait,granted,1.042,not_requested,1,14754973877547064749,1.618609,5,ungoverned_then_governed,2,25174054,2,6,0,0
2,1.8.0,GCC,14.2.0,Release,Linux,effective_cpu_capacity=4,4,1,linux_sched_affinity+cgroup_cpu_quota,4,4,governed_vs_ungoverned,ungoverned,peak_participation,threads,6,parallel_for,runtimes=2;items_per_runtime=128,thread_pool,not_applicable,Adaptive,4,1,4,4,4,4,4,0,not_nested,0,wait,granted,1.042,not_requested,1,14754973877547064749,1.618609,5,ungoverned_then_governed,2,25174054,2,6,0,0
2,1.8.0,GCC,14.2.0,Release,Linux,effective_cpu_capacity=4,4,1,linux_sched_affinity+cgroup_cpu_quota,4,4,runtime_latency,ungoverned_runtime_0,completion_latency,ms,1.5530619999999999,parallel_for,runtimes=2;items_per_runtime=128,thread_pool,not_applicable,Adaptive,4,1,4,4,4,4,4,0,not_nested,0,wait,granted,1.042,not_requested,1,14754973877547064749,1.5530619999999999,5,ungoverned_then_governed,2,25174054,1,6,0,0
2,1.8.0,GCC,14.2.0,Release,Linux,effective_cpu_capacity=4,4,1,linux_sched_affinity+cgroup_cpu_quota,4,4,runtime_latency,ungoverned_runtime_1,completion_latency,ms,1.2535959999999999,parallel_for,runtimes=2;items_per_runtime=128,thread_pool,not_applicable,Adaptive,4,1,4,4,4,4,4,0,not_nested,0,wait,granted,1.1419999999999999,not_requested,1,14754973877547064749,1.2535959999999999,5,ungoverned_then_governed,2,25174054,1,6,0,0
2,1.8.0,GCC,14.2.0,Release,Linux,effective_cpu_capacity=4,4,1,linux_sched_affinity+cgroup_cpu_quota,4,4,governed_vs_ungoverned,governed_2_runtimes,batch_wall_time,ms,0.19194600000000001,parallel_for,runtimes=2;items_per_runtime=32,thread_pool,not_applicable,Adaptive,4,1,4,4,4,4,2,0,not_nested,0,wait,granted,0.82099999999999995,not_requested,1,10831286851329034220,0.19194600000000001,5,single,2,25174054,2,3,0,0
2,1.8.0,GCC,14.2.0,Release,Linux,effective_cpu_capacity=4,4,1,linux_sched_affinity+cgroup_cpu_quota,4,4,governed_vs_ungoverned,governed_2_runtimes,throughput,operations_per_second,10419.597178373084,parallel_for,runtimes=2;items_per_runtime=32,thread_pool,not_applicable,Adaptive,4,1,4,4,4,4,2,0,not_nested,0,wait,granted,0.82099999999999995,not_requested,1,10831286851329034220,0.19194600000000001,5,single,2,25174054,2,3,0,0
2,1.8.0,GCC,14.2.0,Release,Linux,effective_cpu_capacity=4,4,1,linux_sched_affinity+cgroup_cpu_quota,4,4,governed_vs_ungoverned,governed_2_runtimes,peak_participation,threads,3,parallel_for,runtimes=2;items_per_runtime=32,thread_pool,not_applicable,Adaptive,4,1,4,4,4,4,2,0,not_nested,0,wait,granted,0.82099999999999995,not_requested,1,10831286851329034220,0.19194600000000001,5,single,2,25174054,2,3,0,0
2,1.8.0,GCC,14.2.0,Release,Linux,effective_cpu_capacity=4,4,1,linux_sched_affinity+cgroup_cpu_quota,4,4,runtime_latency,governed_2_runtimes_runtime_0,completion_latency,ms,0.059297999999999997,parallel_for,runtimes=2;items_per_runtime=32,thread_pool,not_applicable,Adaptive,4,1,4,4,4,4,2,0,not_nested,0,wait,granted,0.82099999999999995,not_requested,1,10831286851329034220,0.059297999999999997,5,single,2,25174054,1,3,0,0
2,1.8.0,GCC,14.2.0,Release,Linux,effective_cpu_capacity=4,4,1,linux_sched_affinity+cgroup_cpu_quota,4,4,runtime_latency,governed_2_runtimes_runtime_1,completion_latency,ms,0.11575299999999999,parallel_for,runtimes=2;items_per_runtime=32,thread_pool,not_applicable,Adaptive,4,1,4,4,4,4,3,0,not_nested,0,wait,granted,48.902000000000001,not_requested,1,10831286851329034220,0.11575299999999999,5,single,2,25174054,1,3,0,0
2,1.8.0,GCC,14.2.0,Release,Linux,effective_cpu_capacity=4,4,1,linux_sched_affinity+cgroup_cpu_quota,4,4,governed_vs_ungoverned,governed_4_runtimes,batch_wall_time,ms,0.38577400000000001,parallel_for,runtimes=4;items_per_runtime=32,thread_pool,not_applicable,Adaptive,4,1,4,4,4,4,3,0,not_nested,0,wait,granted,0.68100000000000005,not_requested,1,7589314552514409162,0.38577400000000001,5,single,2,25174054,4,3,0,0
2,1.8.0,GCC,14.2.0,Release,Linux,effective_cpu_capacity=4,4,1,linux_sched_affinity+cgroup_cpu_quota,4,4,governed_vs_ungoverned,governed_4_runtimes,throughput,operations_per_second,10368.765131916614,parallel_for,runtimes=4;items_per_runtime=32,thread_pool,not_applicable,Adaptive,4,1,4,4,4,4,3,0,not_nested,0,wait,granted,0.68100000000000005,not_requested,1,7589314552514409162,0.38577400000000001,5,single,2,25174054,4,3,0,0
2,1.8.0,GCC,14.2.0,Release,Linux,effective_cpu_capacity=4,4,1,linux_sched_affinity+cgroup_cpu_quota,4,4,governed_vs_ungoverned,governed_4_runtimes,peak_participation,threads,3,parallel_for,runtimes=4;items_per_runtime=32,thread_pool,not_applicable,Adaptive,4,1,4,4,4,4,3,0,not_nested,0,wait,granted,0.68100000000000005,not_requested,1,7589314552514409162,0.38577400000000001,5,single,2,25174054,4,3,0,0
2,1.8.0,GCC,14.2.0,Release,Linux,effective_cpu_capacity=4,4,1,linux_sched_affinity+cgroup_cpu_quota,4,4,runtime_latency,governed_4_runtimes_runtime_0,completion_latency,ms,0.069141999999999995,parallel_for,runtimes=4;items_per_runtime=32,thread_pool,not_applicable,Adaptive,4,1,4,4,4,4,3,0,not_nested,0,wait,granted,0.68100000000000005,not_requested,1,7589314552514409162,0.069141999999999995,5,single,2,25174054,1,3,0,0
2,1.8.0,GCC,14.2.0,Release,Linux,effective_cpu_capacity=4,4,1,linux_sched_affinity+cgroup_cpu_quota,4,4,runtime_latency,governed_4_runtimes_runtime_1,completion_latency,ms,0.136573,parallel_for,runtimes=4;items_per_runtime=32,thread_pool,not_applicable,Adaptive,4,1,4,4,4,4,3,0,not_nested,0,wait,granted,78.816999999999993,not_requested,1,7589314552514409162,0.136573,5,single,2,25174054,1,3,0,0
2,1.8.0,GCC,14.2.0,Release,Linux,effective_cpu_capacity=4,4,1,linux_sched_affinity+cgroup_cpu_quota,4,4,runtime_latency,governed_4_runtimes_runtime_2,completion_latency,ms,0.15210699999999999,parallel_for,runtimes=4;items_per_runtime=32,thread_pool,not_applicable,Adaptive,4,1,4,4,4,4,3,0,not_nested,0,wait,granted,66.138000000000005,not_requested,1,7589314552514409162,0.15210699999999999,5,single,2,25174054,1,3,0,0
2,1.8.0,GCC,14.2.0,Release,Linux,effective_cpu_capacity=4,4,1,linux_sched_affinity+cgroup_cpu_quota,4,4,runtime_latency,governed_4_runtimes_runtime_3,completion_latency,ms,0.21546100000000001,parallel_for,runtimes=4;items_per_runtime=32,thread_pool,not_applicable,Adaptive,4,1,4,4,4,4,2,0,not_nested,0,wait,granted,139.86799999999999,not_requested,1,7589314552514409162,0.21546100000000001,5,single,2,25174054,1,3,0,0
2,1.8.0,GCC,14.2.0,Release,Linux,effective_cpu_capacity=4,4,1,linux_sched_affinity+cgroup_cpu_quota,4,4,governed_vs_ungoverned,governed_8_runtimes,batch_wall_time,ms,0.95644399999999996,parallel_for,runtimes=8;items_per_runtime=32,thread_pool,not_applicable,Adaptive,4,1,4,4,4,4,4,0,not_nested,0,wait,granted,129.51300000000001,not_requested,1,3424649268515386025,0.95644399999999996,5,single,2,25174054,8,3,0,0
2,1.8.0,GCC,14.2.0,Release,Linux,effective_cpu_capacity=4,4,1,linux_sched_affinity+cgroup_cpu_quota,4,4,governed_vs_ungoverned,governed_8_runtimes,throughput,operations_per_second,8364.3161544220056,parallel_for,runtimes=8;items_per_runtime=32,thread_pool,not_applicable,Adaptive,4,1,4,4,4,4,4,0,not_nested,0,wait,granted,129.51300000000001,not_requested,1,3424649268515386025,0.95644399999999996,5,single,2,25174054,8,3,0,0
2,1.8.0,GCC,14.2.0,Release,Linux,effective_cpu_capacity=4,4,1,linux_sched_affinity+cgroup_cpu_quota,4,4,governed_vs_ungoverned,governed_8_runtimes,peak_participation,threads,3,parallel_for,runtimes=8;items_per_runtime=32,thread_pool,not_applicable,Adaptive,4,1,4,4,4,4,4,0,not_nested,0,wait,granted,129.51300000000001,not_requested,1,3424649268515386025,0.95644399999999996,5,single,2,25174054,8,3,0,0
2,1.8.0,GCC,14.2.0,Release,Linux,effective_cpu_capacity=4,4,1,linux_sched_affinity+cgroup_cpu_quota,4,4,runtime_latency,governed_8_runtimes_runtime_0,completion_latency,ms,0.25035299999999999,parallel_for,runtimes=8;items_per_runtime=32,thread_pool,not_applicable,Adaptive,4,1,4,4,4,4,4,0,not_nested,0,wait,granted,129.51300000000001,not_requested,1,3424649268515386025,0.25035299999999999,5,single,2,25174054,1,3,0,0
2,1.8.0,GCC,14.2.0,Release,Linux,effective_cpu_capacity=4,4,1,linux_sched_affinity+cgroup_cpu_quota,4,4,runtime_latency,governed_8_runtimes_runtime_1,completion_latency,ms,0.678871,parallel_for,runtimes=8;items_per_runtime=32,thread_pool,not_applicable,Adaptive,4,1,4,4,4,4,3,0,not_nested,0,wait,granted,599.69299999999998,not_requested,1,3424649268515386025,0.678871,5,single,2,25174054,1,3,0,0
2,1.8.0,GCC,14.2.0,Release,Linux,effective_cpu_capacity=4,4,1,linux_sched_affinity+cgroup_cpu_quota,4,4,runtime_latency,governed_8_runtimes_runtime_2,completion_latency,ms,0.51344500000000004,parallel_for,runtimes=8;items_per_runtime=32,thread_pool,not_applicable,Adaptive,4,1,4,4,4,4,2,0,not_nested,0,wait,granted,447.81700000000001,not_requested,1,3424649268515386025,0.51344500000000004,5,single,2,25174054,1,3,0,0
2,1.8.0,GCC,14.2.0,Release,Linux,effective_cpu_capacity=4,4,1,linux_sched_affinity+cgroup_cpu_quota,4,4,runtime_latency,governed_8_runtimes_runtime_3,completion_latency,ms,0.35330600000000001,parallel_for,runtimes=8;items_per_runtime=32,thread_pool,not_applicable,Adaptive,4,1,4,4,4,4,1,0,not_nested,0,wait,granted,245.38499999999999,not_requested,1,3424649268515386025,0.35330600000000001,5,single,2,25174054,1,3,0,0
2,1.8.0,GCC,14.2.0,Release,Linux,effective_cpu_capacity=4,4,1,linux_sched_affinity+cgroup_cpu_quota,4,4,runtime_latency,governed_8_runtimes_runtime_4,completion_latency,ms,0.60866600000000004,parallel_for,runtimes=8;items_per_runtime=32,thread_pool,not_applicable,Adaptive,4,1,4,4,4,4,3,0,not_nested,0,wait,granted,526.95399999999995,not_requested,1,3424649268515386025,0.60866600000000004,5,single,2,25174054,1,3,0,0
2,1.8.0,GCC,14.2.0,Release,Linux,effective_cpu_capacity=4,4,1,linux_sched_affinity+cgroup_cpu_quota,4,4,runtime_latency,governed_8_runtimes_runtime_5,completion_latency,ms,0.132628,parallel_for,runtimes=8;items_per_runtime=32,thread_pool,not_applicable,Adaptive,4,1,4,4,4,4,4,0,not_nested,0,wait,granted,1.232,not_requested,1,3424649268515386025,0.132628,5,single,2,25174054,1,3,0,0
2,1.8.0,GCC,14.2.0,Release,Linux,effective_cpu_capacity=4,4,1,linux_sched_affinity+cgroup_cpu_quota,4,4,runtime_latency,governed_8_runtimes_runtime_6,completion_latency,ms,0.44619399999999998,parallel_for,runtimes=8;items_per_runtime=32,thread_pool,not_applicable,Adaptive,4,1,4,4,4,4,4,0,not_nested,0,wait,granted,360.06599999999997,not_requested,1,3424649268515386025,0.44619399999999998,5,single,2,25174054,1,3,0,0
2,1.8.0,GCC,14.2.0,Release,Linux,effective_cpu_capacity=4,4,1,linux_sched_affinity+cgroup_cpu_quota,4,4,runtime_latency,governed_8_runtimes_runtime_7,completion_latency,ms,0.65744800000000003,parallel_for,runtimes=8;items_per_runtime=32,thread_pool,not_applicable,Adaptive,4,1,4,4,4,4,3,0,not_nested,0,wait,granted,599.12099999999998,not_requested,1,3424649268515386025,0.65744800000000003,5,single,2,25174054,1,3,0,0
2,1.8.0,GCC,14.2.0,Release,Linux,effective_cpu_capacity=4,4,1,linux_sched_affinity+cgroup_cpu_quota,1,1,governed_vs_ungoverned,budget_1,batch_wall_time,ms,0.14269200000000001,parallel_for,runtimes=2;items_per_runtime=32,thread_pool,not_applicable,Adaptive,1,1,1,1,1,1,1,0,not_nested,0,wait,granted,1.131,not_requested,1,10831286851329034220,0.14269200000000001,5,single,2,25174054,2,1,0,0
2,1.8.0,GCC,14.2.0,Release,Linux,effective_cpu_capacity=4,4,1,linux_sched_affinity+cgroup_cpu_quota,1,1,governed_vs_ungoverned,budget_1,throughput,operations_per_second,14016.202730356292,parallel_for,runtimes=2;items_per_runtime=32,thread_pool,not_applicable,Adaptive,1,1,1,1,1,1,1,0,not_nested,0,wait,granted,1.131,not_requested,1,10831286851329034220,0.14269200000000001,5,single,2,25174054,2,1,0,0
2,1.8.0,GCC,14.2.0,Release,Linux,effective_cpu_capacity=4,4,1,linux_sched_affinity+cgroup_cpu_quota,1,1,governed_vs_ungoverned,budget_1,peak_participation,threads,1,parallel_for,runtimes=2;items_per_runtime=32,thread_pool,not_applicable,Adaptive,1,1,1,1,1,1,1,0,not_nested,0,wait,granted,1.131,not_requested,1,10831286851329034220,0.14269200000000001,5,single,2,25174054,2,1,0,0
2,1.8.0,GCC,14.2.0,Release,Linux,effective_cpu_capacity=4,4,1,linux_sched_affinity+cgroup_cpu_quota,1,1,runtime_latency,budget_1_runtime_0,completion_latency,ms,0.055252999999999997,parallel_for,runtimes=2;items_per_runtime=32,thread_pool,not_applicable,Adaptive,1,1,1,1,1,1,1,0,not_nested,0,wait,granted,1.131,not_requested,1,10831286851329034220,0.055252999999999997,5,single,2,25174054,1,1,0,0
2,1.8.0,GCC,14.2.0,Release,Linux,effective_cpu_capacity=4,4,1,linux_sched_affinity+cgroup_cpu_quota,1,1,runtime_latency,budget_1_runtime_1,completion_latency,ms,0.083455000000000001,parallel_for,runtimes=2;items_per_runtime=32,thread_pool,not_applicable,Adaptive,1,1,1,1,1,1,1,0,not_nested,0,wait,granted,49.874000000000002,not_requested,1,10831286851329034220,0.083455000000000001,5,single,2,25174054,1,1,0,0
2,1.8.0,GCC,14.2.0,Release,Linux,effective_cpu_capacity=4,4,1,linux_sched_affinity+cgroup_cpu_quota,2,2,governed_vs_ungoverned,budget_2,batch_wall_time,ms,0.175011,parallel_for,runtimes=2;items_per_runtime=32,thread_pool,not_applicable,Adaptive,2,1,2,2,2,2,2,0,not_nested,0,wait,granted,0.79100000000000004,not_requested,1,10831286851329034220,0.175011,5,single,2,25174054,2,2,0,0
2,1.8.0,GCC,14.2.0,Release,Linux,effective_cpu_capacity=4,4,1,linux_sched_affinity+cgroup_cpu_quota,2,2,governed_vs_ungoverned,budget_2,throughput,operations_per_second,11427.853106376169,parallel_for,runtimes=2;items_per_runtime=32,thread_pool,not_applicable,Adaptive,2,1,2,2,2,2,2,0,not_nested,0,wait,granted,0.79100000000000004,not_requested,1,10831286851329034220,0.175011,5,single,2,25174054,2,2,0,0
2,1.8.0,GCC,14.2.0,Release,Linux,effective_cpu_capacity=4,4,1,linux_sched_affinity+cgroup_cpu_quota,2,2,governed_vs_ungoverned,budget_2,peak_participation,threads,2,parallel_for,runtimes=2;items_per_runtime=32,thread_pool,not_applicable,Adaptive,2,1,2,2,2,2,2,0,not_nested,0,wait,granted,0.79100000000000004,not_requested,1,10831286851329034220,0.175011,5,single,2,25174054,2,2,0,0
2,1.8.0,GCC,14.2.0,Release,Linux,effective_cpu_capacity=4,4,1,linux_sched_affinity+cgroup_cpu_quota,2,2,runtime_latency,budget_2_runtime_0,completion_latency,ms,0.055621999999999998,parallel_for,runtimes=2;items_per_runtime=32,thread_pool,not_applicable,Adaptive,2,1,2,2,2,2,2,0,not_nested,0,wait,granted,0.79100000000000004,not_requested,1,10831286851329034220,0.055621999999999998,5,single,2,25174054,1,2,0,0
2,1.8.0,GCC,14.2.0,Release,Linux,effective_cpu_capacity=4,4,1,linux_sched_affinity+cgroup_cpu_quota,2,2,runtime_latency,budget_2_runtime_1,completion_latency,ms,0.105266,parallel_for,runtimes=2;items_per_runtime=32,thread_pool,not_applicable,Adaptive,2,1,2,2,2,2,1,0,not_nested,0,wait,granted,48.631999999999998,not_requested,1,10831286851329034220,0.105266,5,single,2,25174054,1,2,0,0
2,1.8.0,GCC,14.2.0,Release,Linux,effective_cpu_capacity=4,4,1,linux_sched_affinity+cgroup_cpu_quota,4,4,governed_vs_ungoverned,budget_4,batch_wall_time,ms,0.235681,parallel_for,runtimes=2;items_per_runtime=64,thread_pool,not_applicable,Adaptive,4,1,4,4,4,4,4,0,not_nested,0,wait,granted,1.242,not_requested,1,7589314552514409162,0.235681,5,single,2,25174054,2,3,0,0
2,1.8.0,GCC,14.2.0,Release,Linux,effective_cpu_capacity=4,4,1,linux_sched_affinity+cgroup_cpu_quota,4,4,governed_vs_ungoverned,budget_4,throughput,operations_per_second,8486.0468175202914,parallel_for,runtimes=2;items_per_runtime=64,thread_pool,not_applicable,Adaptive,4,1,4,4,4,4,4,0,not_nested,0,wait,granted,1.242,not_requested,1,7589314552514409162,0.235681,5,single,2,25174054,2,3,0,0
2,1.8.0,GCC,14.2.0,Release,Linux,effective_cpu_capacity=4,4,1,linux_sched_affinity+cgroup_cpu_quota,4,4,governed_vs_ungoverned,budget_4,peak_participation,threads,3,parallel_for,runtimes=2;items_per_runtime=64,thread_pool,not_applicable,Adaptive,4,1,4,4,4,4,4,0,not_nested,0,wait,granted,1.242,not_requested,1,7589314552514409162,0.235681,5,single,2,25174054,2,3,0,0
2,1.8.0,GCC,14.2.0,Release,Linux,effective_cpu_capacity=4,4,1,linux_sched_affinity+cgroup_cpu_quota,4,4,runtime_latency,budget_4_runtime_0,completion_latency,ms,0.093409000000000006,parallel_for,runtimes=2;items_per_runtime=64,thread_pool,not_applicable,Adaptive,4,1,4,4,4,4,4,0,not_nested,0,wait,granted,1.242,not_requested,1,7589314552514409162,0.093409000000000006,5,single,2,25174054,1,3,0,0
2,1.8.0,GCC,14.2.0,Release,Linux,effective_cpu_capacity=4,4,1,linux_sched_affinity+cgroup_cpu_quota,4,4,runtime_latency,budget_4_runtime_1,completion_latency,ms,0.14236199999999999,parallel_for,runtimes=2;items_per_runtime=64,thread_pool,not_applicable,Adaptive,4,1,4,4,4,4,3,0,not_nested,0,wait,granted,90.644999999999996,not_requested,1,7589314552514409162,0.14236199999999999,5,single,2,25174054,1,3,0,0
2,1.8.0,GCC,14.2.0,Release,Linux,effective_cpu_capacity=4,4,1,linux_sched_affinity+cgroup_cpu_quota,4,1,governor_overhead,uncontended_exact_acquire_release,latency,us_per_acquire_release,0.14537700000000001,parallel_for,,,not_applicable,Adaptive,1,1,1,1,1,1,1,0,not_nested,1,fail_immediately,granted,0.080000000000000002,not_requested,1,,0.000145377,6,single,2,25174054,1000,1,0,0
2,1.8.0,GCC,14.2.0,Release,Linux,effective_cpu_capacity=4,4,1,linux_sched_affinity+cgroup_cpu_quota,4,1,governor_overhead,inherited_nested_lease,latency,us_per_acquire_release,0.019167999999999998,parallel_for,,,not_applicable,Adaptive,1,1,1,1,1,1,1,1,reuse_parent,1,fail_immediately,granted,0.080000000000000002,not_requested,1,,0.000145377,6,single,2,25174054,1000,1,0,0
2,1.8.0,GCC,14.2.0,Release,Linux,effective_cpu_capacity=4,4,1,linux_sched_affinity+cgroup_cpu_quota,4,4,governor_overhead,flexible_partial_grant,latency,us_per_acquire_release,0.33100000000000002,parallel_for,,,not_applicable,Adaptive,4,1,4,4,1,1,1,0,not_nested,0,fail_immediately,granted,0.18099999999999999,not_requested,1,,0.000145377,6,single,2,25174054,1,1,0,0
2,1.8.0,GCC,14.2.0,Release,Linux,effective_cpu_capacity=4,4,1,linux_sched_affinity+cgroup_cpu_quota,4,4,governor_overhead,immediate_failure,latency,us_per_acquire_release,0.46999999999999997,parallel_for,,,not_applicable,Adaptive,4,4,4,4,0,0,0,0,not_nested,1,fail_immediately,would_block,0,not_requested,1,,0.000145377,6,single,2,25174054,1,1,0,0
2,1.8.0,GCC,14.2.0,Release,Linux,effective_cpu_capacity=4,4,1,linux_sched_affinity+cgroup_cpu_quota,4,4,governor_overhead,direct_cancellation_notification,latency,us,18.337,parallel_for,,,not_applicable,Adaptive,4,4,4,4,0,0,0,0,not_nested,1,wait,cancelled,5.8490000000000002,requested,1,,0.018336999999999999,6,single,2,25174054,1,0,0,0
2,1.8.0,GCC,14.2.0,Release,Linux,effective_cpu_capacity=4,4,1,linux_sched_affinity+cgroup_cpu_quota,4,4,admission_fairness,large_exact_request,completion_rank,rank,5,parallel_for,one_large_exact_plus_eight_small_exact,,not_applicable,Adaptive,4,4,4,4,4,4,4,0,not_nested,1,wait,granted,277.47800000000001,not_requested,1,,0,6,single,2,25174054,1,0,4,277.47800000000001
2,1.8.0,GCC,14.2.0,Release,Linux,effective_cpu_capacity=4,4,1,linux_sched_affinity+cgroup_cpu_quota,4,4,admission_fairness,small_request_0,completion_rank,rank,1,parallel_for,one_large_exact_plus_eight_small_exact,,not_applicable,Adaptive,1,1,1,1,1,1,1,0,not_nested,1,wait,granted,11.737,not_requested,1,,0,6,single,2,25174054,1,0,4,11.737
2,1.8.0,GCC,14.2.0,Release,Linux,effective_cpu_capacity=4,4,1,linux_sched_affinity+cgroup_cpu_quota,4,4,admission_fairness,small_request_1,completion_rank,rank,2,parallel_for,one_large_exact_plus_eight_small_exact,,not_applicable,Adaptive,1,1,1,1,1,1,1,0,not_nested,1,wait,granted,3.294,not_requested,1,,0,6,single,2,25174054,1,0,4,3.294
2,1.8.0,GCC,14.2.0,Release,Linux,effective_cpu_capacity=4,4,1,linux_sched_affinity+cgroup_cpu_quota,4,4,admission_fairness,small_request_2,completion_rank,rank,4,parallel_for,one_large_exact_plus_eight_small_exact,,not_applicable,Adaptive,1,1,1,1,1,1,1,0,not_nested,1,wait,granted,1.522,not_requested,1,,0,6,single,2,25174054,1,0,4,1.522
2,1.8.0,GCC,14.2.0,Release,Linux,effective_cpu_capacity=4,4,1,linux_sched_affinity+cgroup_cpu_quota,4,4,admission_fairness,small_request_3,completion_rank,rank,3,parallel_for,one_large_exact_plus_eight_small_exact,,not_applicable,Adaptive,1,1,1,1,1,1,1,0,not_nested,1,wait,granted,1.913,not_requested,1,,0,6,single,2,25174054,1,0,4,1.913
2,1.8.0,GCC,14.2.0,Release,Linux,effective_cpu_capacity=4,4,1,linux_sched_affinity+cgroup_cpu_quota,4,4,admission_fairness,small_request_4,completion_rank,rank,9,parallel_for,one_large_exact_plus_eight_small_exact,,not_applicable,Adaptive,1,1,1,1,1,1,1,0,not_nested,1,wait,granted,1243.922,not_requested,1,,0,6,single,2,25174054,1,0,4,1243.922
2,1.8.0,GCC,14.2.0,Release,Linux,effective_cpu_capacity=4,4,1,linux_sched_affinity+cgroup_cpu_quota,4,4,admission_fairness,small_request_5,completion_rank,rank,7,parallel_for,one_large_exact_plus_eight_small_exact,,not_applicable,Adaptive,1,1,1,1,1,1,1,0,not_nested,1,wait,granted,1174.7570000000001,not_requested,1,,0,6,single,2,25174054,1,0,4,1174.7570000000001
2,1.8.0,GCC,14.2.0,Release,Linux,effective_cpu_capacity=4,4,1,linux_sched_affinity+cgroup_cpu_quota,4,4,admission_fairness,small_request_6,completion_rank,rank,8,parallel_for,one_large_exact_plus_eight_small_exact,,not_applicable,Adaptive,1,1,1,1,1,1,1,0,not_nested,1,wait,granted,1157.403,not_requested,1,,0,6,single,2,25174054,1,0,4,1157.403
2,1.8.0,GCC,14.2.0,Release,Linux,effective_cpu_capacity=4,4,1,linux_sched_affinity+cgroup_cpu_quota,4,4,admission_fairness,small_request_7,completion_rank,rank,6,parallel_for,one_large_exact_plus_eight_small_exact,,not_applicable,Adaptive,1,1,1,1,1,1,1,0,not_nested,1,wait,granted,1100.1780000000001,not_requested,1,,0,6,single,2,25174054,1,0,4,1100.1780000000001
2,1.8.0,GCC,14.2.0,Release,Linux,effective_cpu_capacity=4,4,1,linux_sched_affinity+cgroup_cpu_quota,4,4,adaptive_partial_grant,available_one_of_preferred_budget,granted_workers,threads,1,parallel_for,,thread_pool,not_applicable,Adaptive,4,1,4,4,1,1,1,0,not_nested,0,wait,granted,0.28000000000000003,not_requested,1,,0.097854999999999998,6,single,2,25174054,1,1,0,0
2,1.8.0,GCC,14.2.0,Release,Linux,effective_cpu_capacity=4,4,1,linux_sched_affinity+cgroup_cpu_quota,4,4,nested_execution,depth_1,peak_participation,threads,1,parallel_for,depth=1;leaves=2,thread_pool,not_applicable,Adaptive,2,1,2,4,2,2,1,0,not_nested,0,wait,granted,0.22,not_requested,1,,0.019108,6,single,2,25174054,1,1,0,0
2,1.8.0,GCC,14.2.0,Release,Linux,effective_cpu_capacity=4,4,1,linux_sched_affinity+cgroup_cpu_quota,4,4,nested_execution,depth_2,peak_participation,threads,1,parallel_for,depth=2;leaves=4,thread_pool,not_applicable,Adaptive,2,1,2,4,2,2,1,0,not_nested,0,wait,granted,0.27000000000000002,not_requested,1,,0.023404999999999999,6,single,2,25174054,1,1,0,0
2,1.8.0,GCC,14.2.0,Release,Linux,effective_cpu_capacity=4,4,1,linux_sched_affinity+cgroup_cpu_quota,4,4,nested_execution,depth_3,peak_participation,threads,1,parallel_for,depth=3;leaves=8,thread_pool,not_applicable,Adaptive,2,1,2,4,2,2,1,0,not_nested,0,wait,granted,0.23000000000000001,not_requested,1,,0.015353,6,single,2,25174054,1,1,0,0
2,1.8.0,GCC,14.2.0,Release,Linux,effective_cpu_capacity=4,4,1,linux_sched_affinity+cgroup_cpu_quota,4,4,nested_execution,depth_4,peak_participation,threads,1,parallel_for,depth=4;leaves=16,thread_pool,not_applicable,Adaptive,2,1,2,4,2,2,1,0,not_nested,0,wait,granted,0.20100000000000001,not_requested,1,,0.029895000000000001,6,single,2,25174054,1,1,0,0
2,1.8.0,GCC,14.2.0,Release,Linux,effective_cpu_capacity=4,4,1,linux_sched_affinity+cgroup_cpu_quota,1,1,scheduler_comparison,sequential,duration,ms,0.42591400000000001,parallel_for,,sequential,not_applicable,Adaptive,1,1,1,1,1,1,1,0,not_nested,0,wait,granted,0.46000000000000002,not_requested,1,5314921549994187984,0.42591400000000001,6,single,2,25174054,1,1,0,0
2,1.8.0,GCC,14.2.0,Release,Linux,effective_cpu_capacity=4,4,1,linux_sched_affinity+cgroup_cpu_quota,4,4,scheduler_comparison,thread_pool,duration,ms,0.44276900000000002,parallel_for,,thread_pool,not_applicable,Adaptive,4,1,4,4,4,4,1,0,not_nested,0,wait,granted,0.26100000000000001,not_requested,1,5314921549994187984,0.44276900000000002,6,single,2,25174054,1,1,0,0
2,1.8.0,GCC,14.2.0,Release,Linux,effective_cpu_capacity=4,4,1,linux_sched_affinity+cgroup_cpu_quota,4,4,scheduler_comparison,static_thread,duration,ms,0.30468299999999998,parallel_for,,static_thread,not_applicable,Adaptive,4,1,4,4,4,4,4,0,not_nested,0,wait,granted,0.43099999999999999,not_requested,1,5314921549994187984,0.30468299999999998,6,single,2,25174054,1,4,0,0
2,1.8.0,GCC,14.2.0,Release,Linux,effective_cpu_capacity=4,4,1,linux_sched_affinity+cgroup_cpu_quota,4,4,deterministic_exact_grant,success,accepted,boolean,1,parallel_for,,thread_pool,not_applicable,Deterministic,4,4,4,4,4,4,1,0,not_nested,1,fail_immediately,granted,0.46999999999999997,not_requested,1,,0,6,single,2,25174054,1,0,0,0
2,1.8.0,GCC,14.2.0,Release,Linux,effective_cpu_capacity=4,4,1,linux_sched_affinity+cgroup_cpu_quota,4,4,deterministic_exact_grant,insufficient_budget_failure,accepted,boolean,1,parallel_for,,,not_applicable,Deterministic,4,4,4,4,0,0,0,0,not_nested,1,fail_immediately,would_block,0,not_requested,1,,0,6,single,2,25174054,1,0,0,0
2,1.8.0,GCC,14.2.0,Release,Linux,effective_cpu_capacity=4,4,1,linux_sched_affinity+cgroup_cpu_quota,4,4,governed_vs_ungoverned,governed,batch_wall_time,ms,2.5335320000000001,parallel_for,runtimes=2;items_per_runtime=128,thread_pool,not_applicable,Adaptive,4,1,4,4,4,4,4,0,not_nested,0,wait,granted,1.3420000000000001,not_requested,1,14754973877547064749,2.5335320000000001,6,governed_then_ungoverned,2,25174054,2,4,0,0
2,1.8.0,GCC,14.2.0,Release,Linux,effective_cpu_capacity=4,4,1,linux_sched_affinity+cgroup_cpu_quota,4,4,governed_vs_ungoverned,governed,throughput,operations_per_second,789.41177770795866,parallel_for,runtimes=2;items_per_runtime=128,thread_pool,not_applicable,Adaptive,4,1,4,4,4,4,4,0,not_nested,0,wait,granted,1.3420000000000001,not_requested,1,14754973877547064749,2.5335320000000001,6,governed_then_ungoverned,2,25174054,2,4,0,0
2,1.8.0,GCC,14.2.0,Release,Linux,effective_cpu_capacity=4,4,1,linux_sched_affinity+cgroup_cpu_quota,4,4,governed_vs_ungoverned,governed,peak_participation,threads,4,parallel_for,runtimes=2;items_per_runtime=128,thread_pool,not_applicable,Adaptive,4,1,4,4,4,4,4,0,not_nested,0,wait,granted,1.3420000000000001,not_requested,1,14754973877547064749,2.5335320000000001,6,governed_then_ungoverned,2,25174054,2,4,0,0
2,1.8.0,GCC,14.2.0,Release,Linux,effective_cpu_capacity=4,4,1,linux_sched_affinity+cgroup_cpu_quota,4,4,runtime_latency,governed_runtime_0,completion_latency,ms,1.2341869999999999,parallel_for,runtimes=2;items_per_runtime=128,thread_pool,not_applicable,Adaptive,4,1,4,4,4,4,4,0,not_nested,0,wait,granted,1.3420000000000001,not_requested,1,14754973877547064749,1.2341869999999999,6,governed_then_ungoverned,2,25174054,1,4,0,0
2,1.8.0,GCC,14.2.0,Release,Linux,effective_cpu_capacity=4,4,1,linux_sched_affinity+cgroup_cpu_quota,4,4,runtime_latency,governed_runtime_1,completion_latency,ms,2.4326110000000001,parallel_for,runtimes=2;items_per_runtime=128,thread_pool,not_applicable,Adaptive,4,1,4,4,4,4,3,0,not_nested,0,wait,granted,1229.289,not_requested,1,14754973877547064749,2.4326110000000001,6,governed_then_ungoverned,2,25174054,1,4,0,0
2,1.8.0,GCC,14.2.0,Release,Linux,effective_cpu_capacity=4,4,1,linux_sched_affinity+cgroup_cpu_quota,4,4,governed_vs_ungoverned,ungoverned,batch_wall_time,ms,1.671438,parallel_for,runtimes=2;items_per_runtime=128,thread_pool,not_applicable,Adaptive,4,1,4,4,4,4,3,0,not_nested,0,wait,granted,0.82199999999999995,not_requested,1,14754973877547064749,1.671438,6,governed_then_ungoverned,2,25174054,2,4,0,0
2,1.8.0,GCC,14.2.0,Release,Linux,effective_cpu_capacity=4,4,1,linux_sched_affinity+cgroup_cpu_quota,4,4,governed_vs_ungoverned,ungoverned,throughput,operations_per_second,1196.5744466740616,parallel_for,runtimes=2;items_per_runtime=128,thread_pool,not_applicable,Adaptive,4,1,4,4,4,4,3,0,not_nested,0,wait,granted,0.82199999999999995,not_requested,1,14754973877547064749,1.671438,6,governed_then_ungoverned,2,25174054,2,4,0,0
2,1.8.0,GCC,14.2.0,Release,Linux,effective_cpu_capacity=4,4,1,linux_sched_affinity+cgroup_cpu_quota,4,4,governed_vs_ungoverned,ungoverned,peak_participation,threads,4,parallel_for,runtimes=2;items_per_runtime=128,thread_pool,not_applicable,Adaptive,4,1,4,4,4,4,3,0,not_nested,0,wait,granted,0.82199999999999995,not_requested,1,14754973877547064749,1.671438,6,governed_then_ungoverned,2,25174054,2,4,0,0
2,1.8.0,GCC,14.2.0,Release,Linux,effective_cpu_capacity=4,4,1,linux_sched_affinity+cgroup_cpu_quota,4,4,runtime_latency,ungoverned_runtime_0,completion_latency,ms,1.160588,parallel_for,runtimes=2;items_per_runtime=128,thread_pool,not_applicable,Adaptive,4,1,4,4,4,4,3,0,not_nested,0,wait,granted,0.82199999999999995,not_requested,1,14754973877547064749,1.160588,6,governed_then_ungoverned,2,25174054,1,4,0,0
2,1.8.0,GCC,14.2.0,Release,Linux,effective_cpu_capacity=4,4,1,linux_sched_affinity+cgroup_cpu_quota,4,4,runtime_latency,ungoverned_runtime_1,completion_latency,ms,1.5573079999999999,parallel_for,runtimes=2;items_per_runtime=128,thread_pool,not_applicable,Adaptive,4,1,4,4,4,4,4,0,not_nested,0,wait,granted,1.1419999999999999,not_requested,1,14754973877547064749,1.5573079999999999,6,governed_then_ungoverned,2,25174054,1,4,0,0
2,1.8.0,GCC,14.2.0,Release,Linux,effective_cpu_capacity=4,4,1,linux_sched_affinity+cgroup_cpu_quota,4,4,governed_vs_ungoverned,governed_2_runtimes,batch_wall_time,ms,0.30718800000000002,parallel_for,runtimes=2;items_per_runtime=32,thread_pool,not_applicable,Adaptive,4,1,4,4,4,4,1,0,not_nested,0,wait,granted,0.871,not_requested,1,10831286851329034220,0.30718800000000002,6,single,2,25174054,2,2,0,0
2,1.8.0,GCC,14.2.0,Release,Linux,effective_cpu_capacity=4,4,1,linux_sched_affinity+cgroup_cpu_quota,4,4,governed_vs_ungoverned,governed_2_runtimes,throughput,operations_per_second,6510.6709897522032,parallel_for,runtimes=2;items_per_runtime=32,thread_pool,not_applicable,Adaptive,4,1,4,4,4,4,1,0,not_nested,0,wait,granted,0.871,not_requested,1,10831286851329034220,0.30718800000000002,6,single,2,25174054,2,2,0,0
2,1.8.0,GCC,14.2.0,Release,Linux,effective_cpu_capacity=4,4,1,linux_sched_affinity+cgroup_cpu_quota,4,4,governed_vs_ungoverned,governed_2_runtimes,peak_participation,threads,2,parallel_for,runtimes=2;items_per_runtime=32,thread_pool,not_applicable,Adaptive,4,1,4,4,4,4,1,0,not_nested,0,wait,granted,0.871,not_requested,1,10831286851329034220,0.30718800000000002,6,single,2,25174054,2,2,0,0
2,1.8.0,GCC,14.2.0,Release,Linux,effective_cpu_capacity=4,4,1,linux_sched_affinity+cgroup_cpu_quota,4,4,runtime_latency,governed_2_runtimes_runtime_0,completion_latency,ms,0.066658999999999996,parallel_for,runtimes=2;items_per_runtime=32,thread_pool,not_applicable,Adaptive,4,1,4,4,4,4,1,0,not_nested,0,wait,granted,0.871,not_requested,1,10831286851329034220,0.066658999999999996,6,single,2,25174054,1,2,0,0
2,1.8.0,GCC,14.2.0,Release,Linux,effective_cpu_capacity=4,4,1,linux_sched_affinity+cgroup_cpu_quota,4,4,runtime_latency,governed_2_runtimes_runtime_1,completion_latency,ms,0.12832099999999999,parallel_for,runtimes=2;items_per_runtime=32,thread_pool,not_applicable,Adaptive,4,1,4,4,4,4,3,0,not_nested,0,wait,granted,65.988,not_requested,1,10831286851329034220,0.12832099999999999,6,single,2,25174054,1,2,0,0
2,1.8.0,GCC,14.2.0,Release,Linux,effective_cpu_capacity=4,4,1,linux_sched_affinity+cgroup_cpu_quota,4,4,governed_vs_ungoverned,governed_4_runtimes,batch_wall_time,ms,0.42110700000000001,parallel_for,runtimes=4;items_per_runtime=32,thread_pool,not_applicable,Adaptive,4,1,4,4,4,4,3,0,not_nested,0,wait,granted,1.4119999999999999,not_requested,1,7589314552514409162,0.42110700000000001,6,single,2,25174054,4,3,0,0
2,1.8.0,GCC,14.2.0,Release,Linux,effective_cpu_capacity=4,4,1,linux_sched_affinity+cgroup_cpu_quota,4,4,governed_vs_ungoverned,governed_4_runtimes,throughput,operations_per_second,9498.7734708755743,parallel_for,runtimes=4;items_per_runtime=32,thread_pool,not_applicable,Adaptive,4,1,4,4,4,4,3,0,not_nested,0,wait,granted,1.4119999999999999,not_requested,1,7589314552514409162,0.42110700000000001,6,single,2,25174054,4,3,0,0
2,1.8.0,GCC,14.2.0,Release,Linux,effective_cpu_capacity=4,4,1,linux_sched_affinity+cgroup_cpu_quota,4,4,governed_vs_ungoverned,governed_4_runtimes,peak_participation,threads,3,parallel_for,runtimes=4;items_per_runtime=32,thread_pool,not_applicable,Adaptive,4,1,4,4,4,4,3,0,not_nested,0,wait,granted,1.4119999999999999,not_requested,1,7589314552514409162,0.42110700000000001,6,single,2,25174054,4,3,0,0
2,1.8.0,GCC,14.2.0,Release,Linux,effective_cpu_capacity=4,4,1,linux_sched_affinity+cgroup_cpu_quota,4,4,runtime_latency,governed_4_runtimes_runtime_0,completion_latency,ms,0.102353,parallel_for,runtimes=4;items_per_runtime=32,thread_pool,not_applicable,Adaptive,4,1,4,4,4,4,3,0,not_nested,0,wait,granted,1.4119999999999999,not_requested,1,7589314552514409162,0.102353,6,single,2,25174054,1,3,0,0
2,1.8.0,GCC,14.2.0,Release,Linux,effective_cpu_capacity=4,4,1,linux_sched_affinity+cgroup_cpu_quota,4,4,runtime_latency,governed_4_runtimes_runtime_1,completion_latency,ms,0.21404899999999999,parallel_for,runtimes=4;items_per_runtime=32,thread_pool,not_applicable,Adaptive,4,1,4,4,4,4,4,0,not_nested,0,wait,granted,101.771,not_requested,1,7589314552514409162,0.21404899999999999,6,single,2,25174054,1,3,0,0
2,1.8.0,GCC,14.2.0,Release,Linux,effective_cpu_capacity=4,4,1,linux_sched_affinity+cgroup_cpu_quota,4,4,runtime_latency,governed_4_runtimes_runtime_2,completion_latency,ms,0.28078799999999998,parallel_for,runtimes=4;items_per_runtime=32,thread_pool,not_applicable,Adaptive,4,1,4,4,4,4,4,0,not_nested,0,wait,granted,198.726,not_requested,1,7589314552514409162,0.28078799999999998,6,single,2,25174054,1,3,0,0
2,1.8.0,GCC,14.2.0,Release,Linux,effective_cpu_capacity=4,4,1,linux_sched_affinity+cgroup_cpu_quota,4,4,runtime_latency,governed_4_runtimes_runtime_3,completion_latency,ms,0.33099299999999998,parallel_for,runtimes=4;items_per_runtime=32,thread_pool,not_applicable,Adaptive,4,1,4,4,4,4,3,0,not_nested,0,wait,granted,273.31700000000001,not_requested,1,7589314552514409162,0.33099299999999998,6,single,2,25174054,1,3,0,0
2,1.8.0,GCC,14.2.0,Release,Linux,effective_cpu_capacity=4,4,1,linux_sched_affinity+cgroup_cpu_quota,4,4,governed_vs_ungoverned,governed_8_runtimes,batch_wall_time,ms,1.947559,parallel_for,runtimes=8;items_per_runtime=32,thread_pool,not_applicable,Adaptive,4,1,4,4,4,4,3,0,not_nested,0,wait,granted,598.38599999999997,not_requested,1,3424649268515386025,1.947559,6,single,2,25174054,8,2,0,0
2,1.8.0,GCC,14.2.0,Release,Linux,effective_cpu_capacity=4,4,1,linux_sched_affinity+cgroup_cpu_quota,4,4,governed_vs_ungoverned,governed_8_runtimes,throughput,operations_per_second,4107.7061080049434,parallel_for,runtimes=8;items_per_runtime=32,thread_pool,not_applicable,Adaptive,4,1,4,4,4,4,3,0,not_nested,0,wait,granted,598.38599999999997,not_requested,1,3424649268515386025,1.947559,6,single,2,25174054,8,2,0,0
2,1.8.0,GCC,14.2.0,Release,Linux,effective_cpu_capacity=4,4,1,linux_sched_affinity+cgroup_cpu_quota,4,4,governed_vs_ungoverned,governed_8_runtimes,peak_participation,threads,2,parallel_for,runtimes=8;items_per_runtime=32,thread_pool,not_applicable,Adaptive,4,1,4,4,4,4,3,0,not_nested,0,wait,granted,598.38599999999997,not_requested,1,3424649268515386025,1.947559,6,single,2,25174054,8,2,0,0
2,1.8.0,GCC,14.2.0,Release,Linux,effective_cpu_capacity=4,4,1,linux_sched_affinity+cgroup_cpu_quota,4,4,runtime_latency,governed_8_runtimes_runtime_0,completion_latency,ms,1.6268959999999999,parallel_for,runtimes=8;items_per_runtime=32,thread_pool,not_applicable,Adaptive,4,1,4,4,4,4,3,0,not_nested,0,wait,granted,598.38599999999997,not_requested,1,3424649268515386025,1.6268959999999999,6,single,2,25174054,1,2,0,0
2,1.8.0,GCC,14.2.0,Release,Linux,effective_cpu_capacity=4,4,1,linux_sched_affinity+cgroup_cpu_quota,4,4,runtime_latency,governed_8_runtimes_runtime_1,completion_latency,ms,0.44848700000000002,parallel_for,runtimes=8;items_per_runtime=32,thread_pool,not_applicable,Adaptive,4,1,4,4,4,4,4,0,not_nested,0,wait,granted,349.88099999999997,not_requested,1,3424649268515386025,0.44848700000000002,6,single,2,25174054,1,2,0,0
2,1.8.0,GCC,14.2.0,Release,Linux,effective_cpu_capacity=4,4,1,linux_sched_affinity+cgroup_cpu_quota,4,4,runtime_latency,governed_8_runtimes_runtime_2,completion_latency,ms,0.586893,parallel_for,runtimes=8;items_per_runtime=32,thread_pool,not_applicable,Adaptive,4,1,4,4,4,4,2,0,not_nested,0,wait,granted,532.68200000000002,not_requested,1,3424649268515386025,0.586893,6,single,2,25174054,1,2,0,0
2,1.8.0,GCC,14.2.0,Release,Linux,effective_cpu_capacity=4,4,1,linux_sched_affinity+cgroup_cpu_quota,4,4,runtime_latency,governed_8_runtimes_runtime_3,completion_latency,ms,0.154805,parallel_for,runtimes=8;items_per_runtime=32,thread_pool,not_applicable,Adaptive,4,1,4,4,4,4,3,0,not_nested,0,wait,granted,0.94099999999999995,not_requested,1,3424649268515386025,0.154805,6,single,2,25174054,1,2,0,0
2,1.8.0,GCC,14.2.0,Release,Linux,effective_cpu_capacity=4,4,1,linux_sched_affinity+cgroup_cpu_quota,4,4,runtime_latency,governed_8_runtimes_runtime_4,completion_latency,ms,0.53723900000000002,parallel_for,runtimes=8;items_per_runtime=32,thread_pool,not_applicable,Adaptive,4,1,4,4,4,4,3,0,not_nested,0,wait,granted,446.995,not_requested,1,3424649268515386025,0.53723900000000002,6,single,2,25174054,1,2,0,0
2,1.8.0,GCC,14.2.0,Release,Linux,effective_cpu_capacity=4,4,1,linux_sched_affinity+cgroup_cpu_quota,4,4,runtime_latency,governed_8_runtimes_runtime_5,completion_latency,ms,1.711147,parallel_for,runtimes=8;items_per_runtime=32,thread_pool,not_applicable,Adaptive,4,1,4,4,4,4,1,0,not_nested,0,wait,granted,1641.8140000000001,not_requested,1,3424649268515386025,1.711147,6,single,2,25174054,1,2,0,0
2,1.8.0,GCC,14.2.0,Release,Linux,effective_cpu_capacity=4,4,1,linux_sched_affinity+cgroup_cpu_quota,4,4,runtime_latency,governed_8_runtimes_runtime_6,completion_latency,ms,0.25969599999999998,parallel_for,runtimes=8;items_per_runtime=32,thread_pool,not_applicable,Adaptive,4,1,4,4,4,4,2,0,not_nested,0,wait,granted,151.99700000000001,not_requested,1,3424649268515386025,0.25969599999999998,6,single,2,25174054,1,2,0,0
2,1.8.0,GCC,14.2.0,Release,Linux,effective_cpu_capacity=4,4,1,linux_sched_affinity+cgroup_cpu_quota,4,4,runtime_latency,governed_8_runtimes_runtime_7,completion_latency,ms,0.339445,parallel_for,runtimes=8;items_per_runtime=32,thread_pool,not_applicable,Adaptive,4,1,4,4,4,4,2,0,not_nested,0,wait,granted,258.42500000000001,not_requested,1,3424649268515386025,0.339445,6,single,2,25174054,1,2,0,0
2,1.8.0,GCC,14.2.0,Release,Linux,effective_cpu_capacity=4,4,1,linux_sched_affinity+cgroup_cpu_quota,1,1,governed_vs_ungoverned,budget_1,batch_wall_time,ms,0.19700300000000001,parallel_for,runtimes=2;items_per_runtime=32,thread_pool,not_applicable,Adaptive,1,1,1,1,1,1,1,0,not_nested,0,wait,granted,1.252,not_requested,1,10831286851329034220,0.19700300000000001,6,single,2,25174054,2,1,0,0
2,1.8.0,GCC,14.2.0,Release,Linux,effective_cpu_capacity=4,4,1,linux_sched_affinity+cgroup_cpu_quota,1,1,governed_vs_ungoverned,budget_1,throughput,operations_per_second,10152.129663000056,parallel_for,runtimes=2;items_per_runtime=32,thread_pool,not_applicable,Adaptive,1,1,1,1,1,1,1,0,not_nested,0,wait,granted,1.252,not_requested,1,10831286851329034220,0.19700300000000001,6,single,2,25174054,2,1,0,0
2,1.8.0,GCC,14.2.0,Release,Linux,effective_cpu_capacity=4,4,1,linux_sched_affinity+cgroup_cpu_quota,1,1,governed_vs_ungoverned,budget_1,peak_participation,threads,1,parallel_for,runtimes=2;items_per_runtime=32,thread_pool,not_applicable,Adaptive,1,1,1,1,1,1,1,0,not_nested,0,wait,granted,1.252,not_requested,1,10831286851329034220,0.19700300000000001,6,single,2,25174054,2,1,0,0
2,1.8.0,GCC,14.2.0,Release,Linux,effective_cpu_capacity=4,4,1,linux_sched_affinity+cgroup_cpu_quota,1,1,runtime_latency,budget_1_runtime_0,completion_latency,ms,0.058356999999999999,parallel_for,runtimes=2;items_per_runtime=32,thread_pool,not_applicable,Adaptive,1,1,1,1,1,1,1,0,not_nested,0,wait,granted,1.252,not_requested,1,10831286851329034220,0.058356999999999999,6,single,2,25174054,1,1,0,0
2,1.8.0,GCC,14.2.0,Release,Linux,effective_cpu_capacity=4,4,1,linux_sched_affinity+cgroup_cpu_quota,1,1,runtime_latency,budget_1_runtime_1,completion_latency,ms,0.11276799999999999,parallel_for,runtimes=2;items_per_runtime=32,thread_pool,not_applicable,Adaptive,1,1,1,1,1,1,1,0,not_nested,0,wait,granted,61.741999999999997,not_requested,1,10831286851329034220,0.11276799999999999,6,single,2,25174054,1,1,0,0
2,1.8.0,GCC,14.2.0,Release,Linux,effective_cpu_capacity=4,4,1,linux_sched_affinity+cgroup_cpu_quota,2,2,governed_vs_ungoverned,budget_2,batch_wall_time,ms,0.19284699999999999,parallel_for,runtimes=2;items_per_runtime=32,thread_pool,not_applicable,Adaptive,2,1,2,2,2,2,2,0,not_nested,0,wait,granted,0.86199999999999999,not_requested,1,10831286851329034220,0.19284699999999999,6,single,2,25174054,2,2,0,0
2,1.8.0,GCC,14.2.0,Release,Linux,effective_cpu_capacity=4,4,1,linux_sched_affinity+cgroup_cpu_quota,2,2,governed_vs_ungoverned,budget_2,throughput,operations_per_second,10370.915803720049,parallel_for,runtimes=2;items_per_runtime=32,thread_pool,not_applicable,Adaptive,2,1,2,2,2,2,2,0,not_nested,0,wait,granted,0.86199999999999999,not_requested,1,10831286851329034220,0.19284699999999999,6,single,2,25174054,2,2,0,0
2,1.8.0,GCC,14.2.0,Release,Linux,effective_cpu_capacity=4,4,1,linux_sched_affinity+cgroup_cpu_quota,2,2,governed_vs_ungoverned,budget_2,peak_participation,threads,2,parallel_for,runtimes=2;items_per_runtime=32,thread_pool,not_applicable,Adaptive,2,1,2,2,2,2,2,0,not_nested,0,wait,granted,0.86199999999999999,not_requested,1,10831286851329034220,0.19284699999999999,6,single,2,25174054,2,2,0,0
2,1.8.0,GCC,14.2.0,Release,Linux,effective_cpu_capacity=4,4,1,linux_sched_affinity+cgroup_cpu_quota,2,2,runtime_latency,budget_2_runtime_0,completion_latency,ms,0.066099000000000005,parallel_for,runtimes=2;items_per_runtime=32,thread_pool,not_applicable,Adaptive,2,1,2,2,2,2,2,0,not_nested,0,wait,granted,0.86199999999999999,not_requested,1,10831286851329034220,0.066099000000000005,6,single,2,25174054,1,2,0,0
2,1.8.0,GCC,14.2.0,Release,Linux,effective_cpu_capacity=4,4,1,linux_sched_affinity+cgroup_cpu_quota,2,2,runtime_latency,budget_2_runtime_1,completion_latency,ms,0.097133999999999998,parallel_for,runtimes=2;items_per_runtime=32,thread_pool,not_applicable,Adaptive,2,1,2,2,2,2,1,0,not_nested,0,wait,granted,48.982999999999997,not_requested,1,10831286851329034220,0.097133999999999998,6,single,2,25174054,1,2,0,0
2,1.8.0,GCC,14.2.0,Release,Linux,effective_cpu_capacity=4,4,1,linux_sched_affinity+cgroup_cpu_quota,4,4,governed_vs_ungoverned,budget_4,batch_wall_time,ms,0.30948999999999999,parallel_for,runtimes=2;items_per_runtime=64,thread_pool,not_applicable,Adaptive,4,1,4,4,4,4,2,0,not_nested,0,wait,granted,0.86099999999999999,not_requested,1,7589314552514409162,0.30948999999999999,6,single,2,25174054,2,2,0,0
2,1.8.0,GCC,14.2.0,Release,Linux,effective_cpu_capacity=4,4,1,linux_sched_affinity+cgroup_cpu_quota,4,4,governed_vs_ungoverned,budget_4,throughput,operations_per_second,6462.2443374583991,parallel_for,runtimes=2;items_per_runtime=64,thread_pool,not_applicable,Adaptive,4,1,4,4,4,4,2,0,not_nested,0,wait,granted,0.86099999999999999,not_requested,1,7589314552514409162,0.30948999999999999,6,single,2,25174054,2,2,0,0
2,1.8.0,GCC,14.2.0,Release,Linux,effective_cpu_capacity=4,4,1,linux_sched_affinity+cgroup_cpu_quota,4,4,governed_vs_ungoverned,budget_4,peak_participation,threads,2,parallel_for,runtimes=2;items_per_runtime=64,thread_pool,not_applicable,Adaptive,4,1,4,4,4,4,2,0,not_nested,0,wait,granted,0.86099999999999999,not_requested,1,7589314552514409162,0.30948999999999999,6,single,2,25174054,2,2,0,0
2,1.8.0,GCC,14.2.0,Release,Linux,effective_cpu_capacity=4,4,1,linux_sched_affinity+cgroup_cpu_quota,4,4,runtime_latency,budget_4_runtime_0,completion_latency,ms,0.065308000000000005,parallel_for,runtimes=2;items_per_runtime=64,thread_pool,not_applicable,Adaptive,4,1,4,4,4,4,2,0,not_nested,0,wait,granted,0.86099999999999999,not_requested,1,7589314552514409162,0.065308000000000005,6,single,2,25174054,1,2,0,0
2,1.8.0,GCC,14.2.0,Release,Linux,effective_cpu_capacity=4,4,1,linux_sched_affinity+cgroup_cpu_quota,4,4,runtime_latency,budget_4_runtime_1,completion_latency,ms,0.15421000000000001,parallel_for,runtimes=2;items_per_runtime=64,thread_pool,not_applicable,Adaptive,4,1,4,4,4,4,1,0,not_nested,0,wait,granted,39.088000000000001,not_requested,1,7589314552514409162,0.15421000000000001,6,single,2,25174054,1,2,0,0
2,1.8.0,GCC,14.2.0,Release,Linux,effective_cpu_capacity=4,4,1,linux_sched_affinity+cgroup_cpu_quota,4,1,governor_overhead,uncontended_exact_acquire_release,latency,us_per_acquire_release,0.14399400000000001,parallel_for,,,not_applicable,Adaptive,1,1,1,1,1,1,1,0,not_nested,1,fail_immediately,granted,0.080000000000000002,not_requested,1,,0.00014399400000000002,7,single,2,25174054,1000,1,0,0
2,1.8.0,GCC,14.2.0,Release,Linux,effective_cpu_capacity=4,4,1,linux_sched_affinity+cgroup_cpu_quota,4,1,governor_overhead,inherited_nested_lease,latency,us_per_acquire_release,0.019088000000000001,parallel_for,,,not_applicable,Adaptive,1,1,1,1,1,1,1,1,reuse_parent,1,fail_immediately,granted,0.080000000000000002,not_requested,1,,0.00014399400000000002,7,single,2,25174054,1000,1,0,0
2,1.8.0,GCC,14.2.0,Release,Linux,effective_cpu_capacity=4,4,1,linux_sched_affinity+cgroup_cpu_quota,4,4,governor_overhead,flexible_partial_grant,latency,us_per_acquire_release,0.39000000000000001,parallel_for,,,not_applicable,Adaptive,4,1,4,4,1,1,1,0,not_nested,0,fail_immediately,granted,0.25,not_requested,1,,0.00014399400000000002,7,single,2,25174054,1,1,0,0
2,1.8.0,GCC,14.2.0,Release,Linux,effective_cpu_capacity=4,4,1,linux_sched_affinity+cgroup_cpu_quota,4,4,governor_overhead,immediate_failure,latency,us_per_acquire_release,0.42099999999999999,parallel_for,,,not_applicable,Adaptive,4,4,4,4,0,0,0,0,not_nested,1,fail_immediately,would_block,0,not_requested,1,,0.00014399400000000002,7,single,2,25174054,1,1,0,0
2,1.8.0,GCC,14.2.0,Release,Linux,effective_cpu_capacity=4,4,1,linux_sched_affinity+cgroup_cpu_quota,4,4,governor_overhead,direct_cancellation_notification,latency,us,60.314999999999998,parallel_for,,,not_applicable,Adaptive,4,4,4,4,0,0,0,0,not_nested,1,wait,cancelled,18.286999999999999,requested,1,,0.060315000000000001,7,single,2,25174054,1,0,0,0
2,1.8.0,GCC,14.2.0,Release,Linux,effective_cpu_capacity=4,4,1,linux_sched_affinity+cgroup_cpu_quota,4,4,admission_fairness,large_exact_request,completion_rank,rank,5,parallel_for,one_large_exact_plus_eight_small_exact,,not_applicable,Adaptive,4,4,4,4,4,4,4,0,not_nested,1,wait,granted,245.62,not_requested,1,,0,7,single,2,25174054,1,0,4,245.62
2,1.8.0,GCC,14.2.0,Release,Linux,effective_cpu_capacity=4,4,1,linux_sched_affinity+cgroup_cpu_quota,4,4,admission_fairness,small_request_0,completion_rank,rank,1,parallel_for,one_large_exact_plus_eight_small_exact,,not_applicable,Adaptive,1,1,1,1,1,1,1,0,not_nested,1,wait,granted,15.933999999999999,not_requested,1,,0,7,single,2,25174054,1,0,4,15.933999999999999
2,1.8.0,GCC,14.2.0,Release,Linux,effective_cpu_capacity=4,4,1,linux_sched_affinity+cgroup_cpu_quota,4,4,admission_fairness,small_request_1,completion_rank,rank,2,parallel_for,one_large_exact_plus_eight_small_exact,,not_applicable,Adaptive,1,1,1,1,1,1,1,0,not_nested,1,wait,granted,10.906000000000001,not_requested,1,,0,7,single,2,25174054,1,0,4,10.906000000000001
2,1.8.0,GCC,14.2.0,Release,Linux,effective_cpu_capacity=4,4,1,linux_sched_affinity+cgroup_cpu_quota,4,4,admission_fairness,small_request_2,completion_rank,rank,6,parallel_for,one_large_exact_plus_eight_small_exact,,not_applicable,Adaptive,1,1,1,1,1,1,1,0,not_nested,1,wait,granted,1130.989,not_requested,1,,0,7,single,2,25174054,1,0,4,1130.989
2,1.8.0,GCC,14.2.0,Release,Linux,effective_cpu_capacity=4,4,1,linux_sched_affinity+cgroup_cpu_quota,4,4,admission_fairness,small_request_3,completion_rank,rank,3,parallel_for,one_large_exact_plus_eight_small_exact,,not_applicable,Adaptive,1,1,1,1,1,1,1,0,not_nested,1,wait,granted,32.598999999999997,not_requested,1,,0,7,single,2,25174054,1,0,4,32.598999999999997
2,1.8.0,GCC,14.2.0,Release,Linux,effective_cpu_capacity=4,4,1,linux_sched_affinity+cgroup_cpu_quota,4,4,admission_fairness,small_request_4,completion_rank,rank,4,parallel_for,one_large_exact_plus_eight_small_exact,,not_applicable,Adaptive,1,1,1,1,1,1,1,0,not_nested,1,wait,granted,24.635999999999999,not_requested,1,,0,7,single,2,25174054,1,0,4,24.635999999999999
2,1.8.0,GCC,14.2.0,Release,Linux,effective_cpu_capacity=4,4,1,linux_sched_affinity+cgroup_cpu_quota,4,4,admission_fairness,small_request_5,completion_rank,rank,9,parallel_for,one_large_exact_plus_eight_small_exact,,not_applicable,Adaptive,1,1,1,1,1,1,1,0,not_nested,1,wait,granted,1199.6110000000001,not_requested,1,,0,7,single,2,25174054,1,0,4,1199.6110000000001
2,1.8.0,GCC,14.2.0,Release,Linux,effective_cpu_capacity=4,4,1,linux_sched_affinity+cgroup_cpu_quota,4,4,admission_fairness,small_request_6,completion_rank,rank,7,parallel_for,one_large_exact_plus_eight_small_exact,,not_applicable,Adaptive,1,1,1,1,1,1,1,0,not_nested,1,wait,granted,1213.0250000000001,not_requested,1,,0,7,single,2,25174054,1,0,4,1213.0250000000001
2,1.8.0,GCC,14.2.0,Release,Linux,effective_cpu_capacity=4,4,1,linux_sched_affinity+cgroup_cpu_quota,4,4,admission_fairness,small_request_7,completion_rank,rank,8,parallel_for,one_large_exact_plus_eight_small_exact,,not_applicable,Adaptive,1,1,1,1,1,1,1,0,not_nested,1,wait,granted,1190.1659999999999,not_requested,1,,0,7,single,2,25174054,1,0,4,1190.1659999999999
2,1.8.0,GCC,14.2.0,Release,Linux,effective_cpu_capacity=4,4,1,linux_sched_affinity+cgroup_cpu_quota,4,4,adaptive_partial_grant,available_one_of_preferred_budget,granted_workers,threads,1,parallel_for,,thread_pool,not_applicable,Adaptive,4,1,4,4,1,1,1,0,not_nested,0,wait,granted,0.36099999999999999,not_requested,1,,0.10116,7,single,2,25174054,1,1,0,0
2,1.8.0,GCC,14.2.0,Release,Linux,effective_cpu_capacity=4,4,1,linux_sched_affinity+cgroup_cpu_quota,4,4,nested_execution,depth_1,peak_participation,threads,1,parallel_for,depth=1;leaves=2,thread_pool,not_applicable,Adaptive,2,1,2,4,2,2,1,0,not_nested,0,wait,granted,0.21099999999999999,not_requested,1,,0.028613,7,single,2,25174054,1,1,0,0
2,1.8.0,GCC,14.2.0,Release,Linux,effective_cpu_capacity=4,4,1,linux_sched_affinity+cgroup_cpu_quota,4,4,nested_execution,depth_2,peak_participation,threads,1,parallel_for,depth=2;leaves=4,thread_pool,not_applicable,Adaptive,2,1,2,4,2,2,1,0,not_nested,0,wait,granted,0.251,not_requested,1,,0.020891,7,single,2,25174054,1,1,0,0
2,1.8.0,GCC,14.2.0,Release,Linux,effective_cpu_capacity=4,4,1,linux_sched_affinity+cgroup_cpu_quota,4,4,nested_execution,depth_3,peak_participation,threads,1,parallel_for,depth=3;leaves=8,thread_pool,not_applicable,Adaptive,2,1,2,4,2,2,1,0,not_nested,0,wait,granted,0.26000000000000001,not_requested,1,,0.022553,7,single,2,25174054,1,1,0,0
2,1.8.0,GCC,14.2.0,Release,Linux,effective_cpu_capacity=4,4,1,linux_sched_affinity+cgroup_cpu_quota,4,4,nested_execution,depth_4,peak_participation,threads,1,parallel_for,depth=4;leaves=16,thread_pool,not_applicable,Adaptive,2,1,2,4,2,2,1,0,not_nested,0,wait,granted,0.20100000000000001,not_requested,1,,0.017596000000000001,7,single,2,25174054,1,1,0,0
2,1.8.0,GCC,14.2.0,Release,Linux,effective_cpu_capacity=4,4,1,linux_sched_affinity+cgroup_cpu_quota,1,1,scheduler_comparison,sequential,duration,ms,0.40722599999999998,parallel_for,,sequential,not_applicable,Adaptive,1,1,1,1,1,1,1,0,not_nested,0,wait,granted,0.23000000000000001,not_requested,1,5314921549994187984,0.40722599999999998,7,single,2,25174054,1,1,0,0
2,1.8.0,GCC,14.2.0,Release,Linux,effective_cpu_capacity=4,4,1,linux_sched_affinity+cgroup_cpu_quota,4,4,scheduler_comparison,thread_pool,duration,ms,0.24524499999999999,parallel_for,,thread_pool,not_applicable,Adaptive,4,1,4,4,4,4,4,0,not_nested,0,wait,granted,0.22,not_requested,1,5314921549994187984,0.24524499999999999,7,single,2,25174054,1,4,0,0
2,1.8.0,GCC,14.2.0,Release,Linux,effective_cpu_capacity=4,4,1,linux_sched_affinity+cgroup_cpu_quota,4,4,scheduler_comparison,static_thread,duration,ms,0.242671,parallel_for,,static_thread,not_applicable,Adaptive,4,1,4,4,4,4,4,0,not_nested,0,wait,granted,0.43099999999999999,not_requested,1,5314921549994187984,0.242671,7,single,2,25174054,1,4,0,0
2,1.8.0,GCC,14.2.0,Release,Linux,effective_cpu_capacity=4,4,1,linux_sched_affinity+cgroup_cpu_quota,4,4,deterministic_exact_grant,success,accepted,boolean,1,parallel_for,,thread_pool,not_applicable,Deterministic,4,4,4,4,4,4,1,0,not_nested,1,fail_immediately,granted,0.60999999999999999,not_requested,1,,0,7,single,2,25174054,1,0,0,0
2,1.8.0,GCC,14.2.0,Release,Linux,effective_cpu_capacity=4,4,1,linux_sched_affinity+cgroup_cpu_quota,4,4,deterministic_exact_grant,insufficient_budget_failure,accepted,boolean,1,parallel_for,,,not_applicable,Deterministic,4,4,4,4,0,0,0,0,not_nested,1,fail_immediately,would_block,0,not_requested,1,,0,7,single,2,25174054,1,0,0,0
2,1.8.0,GCC,14.2.0,Release,Linux,effective_cpu_capacity=4,4,1,linux_sched_affinity+cgroup_cpu_quota,4,4,governed_vs_ungoverned,governed,batch_wall_time,ms,2.1088779999999998,parallel_for,runtimes=2;items_per_runtime=128,thread_pool,not_applicable,Adaptive,4,1,4,4,4,4,4,0,not_nested,0,wait,granted,1170.3920000000001,not_requested,1,14754973877547064749,2.1088779999999998,7,ungoverned_then_governed,2,25174054,2,4,0,0
2,1.8.0,GCC,14.2.0,Release,Linux,effective_cpu_capacity=4,4,1,linux_sched_affinity+cgroup_cpu_quota,4,4,governed_vs_ungoverned,governed,throughput,operations_per_second,948.3715985467154,parallel_for,runtimes=2;items_per_runtime=128,thread_pool,not_applicable,Adaptive,4,1,4,4,4,4,4,0,not_nested,0,wait,granted,1170.3920000000001,not_requested,1,14754973877547064749,2.1088779999999998,7,ungoverned_then_governed,2,25174054,2,4,0,0
2,1.8.0,GCC,14.2.0,Release,Linux,effective_cpu_capacity=4,4,1,linux_sched_affinity+cgroup_cpu_quota,4,4,governed_vs_ungoverned,governed,peak_participation,threads,4,parallel_for,runtimes=2;items_per_runtime=128,thread_pool,not_applicable,Adaptive,4,1,4,4,4,4,4,0,not_nested,0,wait,granted,1170.3920000000001,not_requested,1,14754973877547064749,2.1088779999999998,7,ungoverned_then_governed,2,25174054,2,4,0,0
2,1.8.0,GCC,14.2.0,Release,Linux,effective_cpu_capacity=4,4,1,linux_sched_affinity+cgroup_cpu_quota,4,4,runtime_latency,governed_runtime_0,completion_latency,ms,2.0123250000000001,parallel_for,runtimes=2;items_per_runtime=128,thread_pool,not_applicable,Adaptive,4,1,4,4,4,4,4,0,not_nested,0,wait,granted,1170.3920000000001,not_requested,1,14754973877547064749,2.0123250000000001,7,ungoverned_then_governed,2,25174054,1,4,0,0
2,1.8.0,GCC,14.2.0,Release,Linux,effective_cpu_capacity=4,4,1,linux_sched_affinity+cgroup_cpu_quota,4,4,runtime_latency,governed_runtime_1,completion_latency,ms,1.16239,parallel_for,runtimes=2;items_per_runtime=128,thread_pool,not_applicable,Adaptive,4,1,4,4,4,4,3,0,not_nested,0,wait,granted,1.002,not_requested,1,14754973877547064749,1.16239,7,ungoverned_then_governed,2,25174054,1,4,0,0
2,1.8.0,GCC,14.2.0,Release,Linux,effective_cpu_capacity=4,4,1,linux_sched_affinity+cgroup_cpu_quota,4,4,governed_vs_ungoverned,ungoverned,batch_wall_time,ms,2.535088,parallel_for,runtimes=2;items_per_runtime=128,thread_pool,not_applicable,Adaptive,4,1,4,4,4,4,2,0,not_nested,0,wait,granted,1.3520000000000001,not_requested,1,14754973877547064749,2.535088,7,ungoverned_then_governed,2,25174054,2,3,0,0
2,1.8.0,GCC,14.2.0,Release,Linux,effective_cpu_capacity=4,4,1,linux_sched_affinity+cgroup_cpu_quota,4,4,governed_vs_ungoverned,ungoverned,throughput,operations_per_second,788.92724828487212,parallel_for,runtimes=2;items_per_runtime=128,thread_pool,not_applicable,Adaptive,4,1,4,4,4,4,2,0,not_nested,0,wait,granted,1.3520000000000001,not_requested,1,14754973877547064749,2.535088,7,ungoverned_then_governed,2,25174054,2,3,0,0
2,1.8.0,GCC,14.2.0,Release,Linux,effective_cpu_capacity=4,4,1,linux_sched_affinity+cgroup_cpu_quota,4,4,governed_vs_ungoverned,ungoverned,peak_participation,threads,3,parallel_for,runtimes=2;items_per_runtime=128,thread_pool,not_applicable,Adaptive,4,1,4,4,4,4,2,0,not_nested,0,wait,granted,1.3520000000000001,not_requested,1,14754973877547064749,2.535088,7,ungoverned_then_governed,2,25174054,2,3,0,0
2,1.8.0,GCC,14.2.0,Release,Linux,effective_cpu_capacity=4,4,1,linux_sched_affinity+cgroup_cpu_quota,4,4,runtime_latency,ungoverned_runtime_0,completion_latency,ms,2.4672670000000001,parallel_for,runtimes=2;items_per_runtime=128,thread_pool,not_applicable,Adaptive,4,1,4,4,4,4,2,0,not_nested,0,wait,granted,1.3520000000000001,not_requested,1,14754973877547064749,2.4672670000000001,7,ungoverned_then_governed,2,25174054,1,3,0,0
2,1.8.0,GCC,14.2.0,Release,Linux,effective_cpu_capacity=4,4,1,linux_sched_affinity+cgroup_cpu_quota,4,4,runtime_latency,ungoverned_runtime_1,completion_latency,ms,2.485169,parallel_for,runtimes=2;items_per_runtime=128,thread_pool,not_applicable,Adaptive,4,1,4,4,4,4,3,0,not_nested,0,wait,granted,0.60099999999999998,not_requested,1,14754973877547064749,2.485169,7,ungoverned_then_governed,2,25174054,1,3,0,0
2,1.8.0,GCC,14.2.0,Release,Linux,effective_cpu_capacity=4,4,1,linux_sched_affinity+cgroup_cpu_quota,4,4,governed_vs_ungoverned,governed_2_runtimes,batch_wall_time,ms,0.23663300000000001,parallel_for,runtimes=2;items_per_runtime=32,thread_pool,not_applicable,Adaptive,4,1,4,4,4,4,2,0,not_nested,0,wait,granted,75.962000000000003,not_requested,1,10831286851329034220,0.23663300000000001,7,single,2,25174054,2,2,0,0
2,1.8.0,GCC,14.2.0,Release,Linux,effective_cpu_capacity=4,4,1,linux_sched_affinity+cgroup_cpu_quota,4,4,governed_vs_ungoverned,governed_2_runtimes,throughput,operations_per_second,8451.9065388174931,parallel_for,runtimes=2;items_per_runtime=32,thread_pool,not_applicable,Adaptive,4,1,4,4,4,4,2,0,not_nested,0,wait,granted,75.962000000000003,not_requested,1,10831286851329034220,0.23663300000000001,7,single,2,25174054,2,2,0,0
2,1.8.0,GCC,14.2.0,Release,Linux,effective_cpu_capacity=4,4,1,linux_sched_affinity+cgroup_cpu_quota,4,4,governed_vs_ungoverned,governed_2_runtimes,peak_participation,threads,2,parallel_for,runtimes=2;items_per_runtime=32,thread_pool,not_applicable,Adaptive,4,1,4,4,4,4,2,0,not_nested,0,wait,granted,75.962000000000003,not_requested,1,10831286851329034220,0.23663300000000001,7,single,2,25174054,2,2,0,0
2,1.8.0,GCC,14.2.0,Release,Linux,effective_cpu_capacity=4,4,1,linux_sched_affinity+cgroup_cpu_quota,4,4,runtime_latency,governed_2_runtimes_runtime_0,completion_latency,ms,0.13783400000000001,parallel_for,runtimes=2;items_per_runtime=32,thread_pool,not_applicable,Adaptive,4,1,4,4,4,4,2,0,not_nested,0,wait,granted,75.962000000000003,not_requested,1,10831286851329034220,0.13783400000000001,7,single,2,25174054,1,2,0,0
2,1.8.0,GCC,14.2.0,Release,Linux,effective_cpu_capacity=4,4,1,linux_sched_affinity+cgroup_cpu_quota,4,4,runtime_latency,governed_2_runtimes_runtime_1,completion_latency,ms,0.061622000000000003,parallel_for,runtimes=2;items_per_runtime=32,thread_pool,not_applicable,Adaptive,4,1,4,4,4,4,1,0,not_nested,0,wait,granted,0.76200000000000001,not_requested,1,10831286851329034220,0.061622000000000003,7,single,2,25174054,1,2,0,0
2,1.8.0,GCC,14.2.0,Release,Linux,effective_cpu_capacity=4,4,1,linux_sched_affinity+cgroup_cpu_quota,4,4,governed_vs_ungoverned,governed_4_runtimes,batch_wall_time,ms,0.40790199999999999,parallel_for,runtimes=4;items_per_runtime=32,thread_pool,not_applicable,Adaptive,4,1,4,4,4,4,3,0,not_nested,0,wait,granted,0.76100000000000001,not_requested,1,7589314552514409162,0.40790199999999999,7,single,2,25174054,4,2,0,0
2,1.8.0,GCC,14.2.0,Release,Linux,effective_cpu_capacity=4,4,1,linux_sched_affinity+cgroup_cpu_quota,4,4,governed_vs_ungoverned,governed_4_runtimes,throughput,operations_per_second,9806.2769979063614,parallel_for,runtimes=4;items_per_runtime=32,thread_pool,not_applicable,Adaptive,4,1,4,4,4,4,3,0,not_nested,0,wait,granted,0.76100000000000001,not_requested,1,7589314552514409162,0.40790199999999999,7,single,2,25174054,4,2,0,0
2,1.8.0,GCC,14.2.0,Release,Linux,effective_cpu_capacity=4,4,1,linux_sched_affinity+cgroup_cpu_quota,4,4,governed_vs_ungoverned,governed_4_runtimes,peak_participation,threads,2,parallel_for,runtimes=4;items_per_runtime=32,thread_pool,not_applicable,Adaptive,4,1,4,4,4,4,3,0,not_nested,0,wait,granted,0.76100000000000001,not_requested,1,7589314552514409162,0.40790199999999999,7,single,2,25174054,4,2,0,0
2,1.8.0,GCC,14.2.0,Release,Linux,effective_cpu_capacity=4,4,1,linux_sched_affinity+cgroup_cpu_quota,4,4,runtime_latency,governed_4_runtimes_runtime_0,completion_latency,ms,0.065036999999999998,parallel_for,runtimes=4;items_per_runtime=32,thread_pool,not_applicable,Adaptive,4,1,4,4,4,4,3,0,not_nested,0,wait,granted,0.76100000000000001,not_requested,1,7589314552514409162,0.065036999999999998,7,single,2,25174054,1,2,0,0
2,1.8.0,GCC,14.2.0,Release,Linux,effective_cpu_capacity=4,4,1,linux_sched_affinity+cgroup_cpu_quota,4,4,runtime_latency,governed_4_runtimes_runtime_1,completion_latency,ms,0.15168599999999999,parallel_for,runtimes=4;items_per_runtime=32,thread_pool,not_applicable,Adaptive,4,1,4,4,4,4,2,0,not_nested,0,wait,granted,69.724000000000004,not_requested,1,7589314552514409162,0.15168599999999999,7,single,2,25174054,1,2,0,0
2,1.8.0,GCC,14.2.0,Release,Linux,effective_cpu_capacity=4,4,1,linux_sched_affinity+cgroup_cpu_quota,4,4,runtime_latency,governed_4_runtimes_runtime_2,completion_latency,ms,0.240117,parallel_for,runtimes=4;items_per_runtime=32,thread_pool,not_applicable,Adaptive,4,1,4,4,4,4,3,0,not_nested,0,wait,granted,156.95400000000001,not_requested,1,7589314552514409162,0.240117,7,single,2,25174054,1,2,0,0
2,1.8.0,GCC,14.2.0,Release,Linux,effective_cpu_capacity=4,4,1,linux_sched_affinity+cgroup_cpu_quota,4,4,runtime_latency,governed_4_runtimes_runtime_3,completion_latency,ms,0.26713700000000001,parallel_for,runtimes=4;items_per_runtime=32,thread_pool,not_applicable,Adaptive,4,1,4,4,4,4,1,0,not_nested,0,wait,granted,204.88499999999999,not_requested,1,7589314552514409162,0.26713700000000001,7,single,2,25174054,1,2,0,0
2,1.8.0,GCC,14.2.0,Release,Linux,effective_cpu_capacity=4,4,1,linux_sched_affinity+cgroup_cpu_quota,4,4,governed_vs_ungoverned,governed_8_runtimes,batch_wall_time,ms,1.013258,parallel_for,runtimes=8;items_per_runtime=32,thread_pool,not_applicable,Adaptive,4,1,4,4,4,4,2,0,not_nested,0,wait,granted,651.88999999999999,not_requested,1,3424649268515386025,1.013258,7,single,2,25174054,8,3,0,0
2,1.8.0,GCC,14.2.0,Release,Linux,effective_cpu_capacity=4,4,1,linux_sched_affinity+cgroup_cpu_quota,4,4,governed_vs_ungoverned,governed_8_runtimes,throughput,operations_per_second,7895.3237970980745,parallel_for,runtimes=8;items_per_runtime=32,thread_pool,not_applicable,Adaptive,4,1,4,4,4,4,2,0,not_nested,0,wait,granted,651.88999999999999,not_requested,1,3424649268515386025,1.013258,7,single,2,25174054,8,3,0,0
2,1.8.0,GCC,14.2.0,Release,Linux,effective_cpu_capacity=4,4,1,linux_sched_affinity+cgroup_cpu_quota,4,4,governed_vs_ungoverned,governed_8_runtimes,peak_participation,threads,3,parallel_for,runtimes=8;items_per_runtime=32,thread_pool,not_applicable,Adaptive,4,1,4,4,4,4,2,0,not_nested,0,wait,granted,651.88999999999999,not_requested,1,3424649268515386025,1.013258,7,single,2,25174054,8,3,0,0
2,1.8.0,GCC,14.2.0,Release,Linux,effective_cpu_capacity=4,4,1,linux_sched_affinity+cgroup_cpu_quota,4,4,runtime_latency,governed_8_runtimes_runtime_0,completion_latency,ms,0.71391199999999999,parallel_for,runtimes=8;items_per_runtime=32,thread_pool,not_applicable,Adaptive,4,1,4,4,4,4,2,0,not_nested,0,wait,granted,651.88999999999999,not_requested,1,3424649268515386025,0.71391199999999999,7,single,2,25174054,1,3,0,0
2,1.8.0,GCC,14.2.0,Release,Linux,effective_cpu_capacity=4,4,1,linux_sched_affinity+cgroup_cpu_quota,4,4,runtime_latency,governed_8_runtimes_runtime_1,completion_latency,ms,0.76481299999999997,parallel_for,runtimes=8;items_per_runtime=32,thread_pool,not_applicable,Adaptive,4,1,4,4,4,4,2,0,not_nested,0,wait,granted,685.274,not_requested,1,3424649268515386025,0.76481299999999997,7,single,2,25174054,1,3,0,0
2,1.8.0,GCC,14.2.0,Release,Linux,effective_cpu_capacity=4,4,1,linux_sched_affinity+cgroup_cpu_quota,4,4,runtime_latency,governed_8_runtimes_runtime_2,completion_latency,ms,0.51878199999999997,parallel_for,runtimes=8;items_per_runtime=32,thread_pool,not_applicable,Adaptive,4,1,4,4,4,4,2,0,not_nested,0,wait,granted,441.08699999999999,not_requested,1,3424649268515386025,0.51878199999999997,7,single,2,25174054,1,3,0,0
2,1.8.0,GCC,14.2.0,Release,Linux,effective_cpu_capacity=4,4,1,linux_sched_affinity+cgroup_cpu_quota,4,4,runtime_latency,governed_8_runtimes_runtime_3,completion_latency,ms,0.17292199999999999,parallel_for,runtimes=8;items_per_runtime=32,thread_pool,not_applicable,Adaptive,4,1,4,4,4,4,3,0,not_nested,0,wait,granted,1.492,not_requested,1,3424649268515386025,0.17292199999999999,7,single,2,25174054,1,3,0,0
2,1.8.0,GCC,14.2.0,Release,Linux,effective_cpu_capacity=4,4,1,linux_sched_affinity+cgroup_cpu_quota,4,4,runtime_latency,governed_8_runtimes_runtime_4,completion_latency,ms,0.303622,parallel_for,runtimes=8;items_per_runtime=32,thread_pool,not_applicable,Adaptive,4,1,4,4,4,4,2,0,not_nested,0,wait,granted,195.99100000000001,not_requested,1,3424649268515386025,0.303622,7,single,2,25174054,1,3,0,0
2,1.8.0,GCC,14.2.0,Release,Linux,effective_cpu_capacity=4,4,1,linux_sched_affinity+cgroup_cpu_quota,4,4,runtime_latency,governed_8_runtimes_runtime_5,completion_latency,ms,0.58801499999999995,parallel_for,runtimes=8;items_per_runtime=32,thread_pool,not_applicable,Adaptive,4,1,4,4,4,4,3,0,not_nested,0,wait,granted,517.82100000000003,not_requested,1,3424649268515386025,0.58801499999999995,7,single,2,25174054,1,3,0,0
2,1.8.0,GCC,14.2.0,Release,Linux,effective_cpu_capacity=4,4,1,linux_sched_affinity+cgroup_cpu_quota,4,4,runtime_latency,governed_8_runtimes_runtime_6,completion_latency,ms,0.66553099999999998,parallel_for,runtimes=8;items_per_runtime=32,thread_pool,not_applicable,Adaptive,4,1,4,4,4,4,3,0,not_nested,0,wait,granted,602.22699999999998,not_requested,1,3424649268515386025,0.66553099999999998,7,single,2,25174054,1,3,0,0
2,1.8.0,GCC,14.2.0,Release,Linux,effective_cpu_capacity=4,4,1,linux_sched_affinity+cgroup_cpu_quota,4,4,runtime_latency,governed_8_runtimes_runtime_7,completion_latency,ms,0.42647400000000002,parallel_for,runtimes=8;items_per_runtime=32,thread_pool,not_applicable,Adaptive,4,1,4,4,4,4,4,0,not_nested,0,wait,granted,308.62900000000002,not_requested,1,3424649268515386025,0.42647400000000002,7,single,2,25174054,1,3,0,0
2,1.8.0,GCC,14.2.0,Release,Linux,effective_cpu_capacity=4,4,1,linux_sched_affinity+cgroup_cpu_quota,1,1,governed_vs_ungoverned,budget_1,batch_wall_time,ms,0.19023300000000001,parallel_for,runtimes=2;items_per_runtime=32,thread_pool,not_applicable,Adaptive,1,1,1,1,1,1,1,0,not_nested,0,wait,granted,1.2310000000000001,not_requested,1,10831286851329034220,0.19023300000000001,7,single,2,25174054,2,1,0,0
2,1.8.0,GCC,14.2.0,Release,Linux,effective_cpu_capacity=4,4,1,linux_sched_affinity+cgroup_cpu_quota,1,1,governed_vs_ungoverned,budget_1,throughput,operations_per_second,10513.423012831632,parallel_for,runtimes=2;items_per_runtime=32,thread_pool,not_applicable,Adaptive,1,1,1,1,1,1,1,0,not_nested,0,wait,granted,1.2310000000000001,not_requested,1,10831286851329034220,0.19023300000000001,7,single,2,25174054,2,1,0,0
2,1.8.0,GCC,14.2.0,Release,Linux,effective_cpu_capacity=4,4,1,linux_sched_affinity+cgroup_cpu_quota,1,1,governed_vs_ungoverned,budget_1,peak_participation,threads,1,parallel_for,runtimes=2;items_per_runtime=32,thread_pool,not_applicable,Adaptive,1,1,1,1,1,1,1,0,not_nested,0,wait,granted,1.2310000000000001,not_requested,1,10831286851329034220,0.19023300000000001,7,single,2,25174054,2,1,0,0
2,1.8.0,GCC,14.2.0,Release,Linux,effective_cpu_capacity=4,4,1,linux_sched_affinity+cgroup_cpu_quota,1,1,runtime_latency,budget_1_runtime_0,completion_latency,ms,0.062692999999999999,parallel_for,runtimes=2;items_per_runtime=32,thread_pool,not_applicable,Adaptive,1,1,1,1,1,1,1,0,not_nested,0,wait,granted,1.2310000000000001,not_requested,1,10831286851329034220,0.062692999999999999,7,single,2,25174054,1,1,0,0
2,1.8.0,GCC,14.2.0,Release,Linux,effective_cpu_capacity=4,4,1,linux_sched_affinity+cgroup_cpu_quota,1,1,runtime_latency,budget_1_runtime_1,completion_latency,ms,0.114341,parallel_for,runtimes=2;items_per_runtime=32,thread_pool,not_applicable,Adaptive,1,1,1,1,1,1,1,0,not_nested,0,wait,granted,66.560000000000002,not_requested,1,10831286851329034220,0.114341,7,single,2,25174054,1,1,0,0
2,1.8.0,GCC,14.2.0,Release,Linux,effective_cpu_capacity=4,4,1,linux_sched_affinity+cgroup_cpu_quota,2,2,governed_vs_ungoverned,budget_2,batch_wall_time,ms,0.200068,parallel_for,runtimes=2;items_per_runtime=32,thread_pool,not_applicable,Adaptive,2,1,2,2,2,2,1,0,not_nested,0,wait,granted,83.004000000000005,not_requested,1,10831286851329034220,0.200068,7,single,2,25174054,2,2,0,0
2,1.8.0,GCC,14.2.0,Release,Linux,effective_cpu_capacity=4,4,1,linux_sched_affinity+cgroup_cpu_quota,2,2,governed_vs_ungoverned,budget_2,throughput,operations_per_second,9996.6011556070935,parallel_for,runtimes=2;items_per_runtime=32,thread_pool,not_applicable,Adaptive,2,1,2,2,2,2,1,0,not_nested,0,wait,granted,83.004000000000005,not_requested,1,10831286851329034220,0.200068,7,single,2,25174054,2,2,0,0
2,1.8.0,GCC,14.2.0,Release,Linux,effective_cpu_capacity=4,4,1,linux_sched_affinity+cgroup_cpu_quota,2,2,governed_vs_ungoverned,budget_2,peak_participation,threads,2,parallel_for,runtimes=2;items_per_runtime=32,thread_pool,not_applicable,Adaptive,2,1,2,2,2,2,1,0,not_nested,0,wait,granted,83.004000000000005,not_requested,1,10831286851329034220,0.200068,7,single,2,25174054,2,2,0,0
2,1.8.0,GCC,14.2.0,Release,Linux,effective_cpu_capacity=4,4,1,linux_sched_affinity+cgroup_cpu_quota,2,2,runtime_latency,budget_2_runtime_0,completion_latency,ms,0.136293,parallel_for,runtimes=2;items_per_runtime=32,thread_pool,not_applicable,Adaptive,2,1,2,2,2,2,1,0,not_nested,0,wait,granted,83.004000000000005,not_requested,1,10831286851329034220,0.136293,7,single,2,25174054,1,2,0,0
2,1.8.0,GCC,14.2.0,Release,Linux,effective_cpu_capacity=4,4,1,linux_sched_affinity+cgroup_cpu_quota,2,2,runtime_latency,budget_2_runtime_1,completion_latency,ms,0.065347000000000002,parallel_for,runtimes=2;items_per_runtime=32,thread_pool,not_applicable,Adaptive,2,1,2,2,2,2,2,0,not_nested,0,wait,granted,0.74099999999999999,not_requested,1,10831286851329034220,0.065347000000000002,7,single,2,25174054,1,2,0,0
2,1.8.0,GCC,14.2.0,Release,Linux,effective_cpu_capacity=4,4,1,linux_sched_affinity+cgroup_cpu_quota,4,4,governed_vs_ungoverned,budget_4,batch_wall_time,ms,0.30109799999999998,parallel_for,runtimes=2;items_per_runtime=64,thread_pool,not_applicable,Adaptive,4,1,4,4,4,4,3,0,not_nested,0,wait,granted,115.462,not_requested,1,7589314552514409162,0.30109799999999998,7,single,2,25174054,2,3,0,0
2,1.8.0,GCC,14.2.0,Release,Linux,effective_cpu_capacity=4,4,1,linux_sched_affinity+cgroup_cpu_quota,4,4,governed_vs_ungoverned,budget_4,throughput,operations_per_second,6642.3556450059459,parallel_for,runtimes=2;items_per_runtime=64,thread_pool,not_applicable,Adaptive,4,1,4,4,4,4,3,0,not_nested,0,wait,granted,115.462,not_requested,1,7589314552514409162,0.30109799999999998,7,single,2,25174054,2,3,0,0
2,1.8.0,GCC,14.2.0,Release,Linux,effective_cpu_capacity=4,4,1,linux_sched_affinity+cgroup_cpu_quota,4,4,governed_vs_ungoverned,budget_4,peak_participation,threads,3,parallel_for,runtimes=2;items_per_runtime=64,thread_pool,not_applicable,Adaptive,4,1,4,4,4,4,3,0,not_nested,0,wait,granted,115.462,not_requested,1,7589314552514409162,0.30109799999999998,7,single,2,25174054,2,3,0,0
2,1.8.0,GCC,14.2.0,Release,Linux,effective_cpu_capacity=4,4,1,linux_sched_affinity+cgroup_cpu_quota,4,4,runtime_latency,budget_4_runtime_0,completion_latency,ms,0.184194,parallel_for,runtimes=2;items_per_runtime=64,thread_pool,not_applicable,Adaptive,4,1,4,4,4,4,3,0,not_nested,0,wait,granted,115.462,not_requested,1,7589314552514409162,0.184194,7,single,2,25174054,1,3,0,0
2,1.8.0,GCC,14.2.0,Release,Linux,effective_cpu_capacity=4,4,1,linux_sched_affinity+cgroup_cpu_quota,4,4,runtime_latency,budget_4_runtime_1,completion_latency,ms,0.101371,parallel_for,runtimes=2;items_per_runtime=64,thread_pool,not_applicable,Adaptive,4,1,4,4,4,4,2,0,not_nested,0,wait,granted,0.74099999999999999,not_requested,1,7589314552514409162,0.101371,7,single,2,25174054,1,3,0,0
2,1.8.0,GCC,14.2.0,Release,Linux,effective_cpu_capacity=4,4,1,linux_sched_affinity+cgroup_cpu_quota,4,1,governor_overhead,uncontended_exact_acquire_release,latency,us_per_acquire_release,0.15001300000000001,parallel_for,,,not_applicable,Adaptive,1,1,1,1,1,1,1,0,not_nested,1,fail_immediately,granted,0.080000000000000002,not_requested,1,,0.000150013,8,single,2,25174054,1000,1,0,0
2,1.8.0,GCC,14.2.0,Release,Linux,effective_cpu_capacity=4,4,1,linux_sched_affinity+cgroup_cpu_quota,4,1,governor_overhead,inherited_nested_lease,latency,us_per_acquire_release,0.019108,parallel_for,,,not_applicable,Adaptive,1,1,1,1,1,1,1,1,reuse_parent,1,fail_immediately,granted,0.080000000000000002,not_requested,1,,0.000150013,8,single,2,25174054,1000,1,0,0
2,1.8.0,GCC,14.2.0,Release,Linux,effective_cpu_capacity=4,4,1,linux_sched_affinity+cgroup_cpu_quota,4,4,governor_overhead,flexible_partial_grant,latency,us_per_acquire_release,0.32100000000000001,parallel_for,,,not_applicable,Adaptive,4,1,4,4,1,1,1,0,not_nested,0,fail_immediately,granted,0.18099999999999999,not_requested,1,,0.000150013,8,single,2,25174054,1,1,0,0
2,1.8.0,GCC,14.2.0,Release,Linux,effective_cpu_capacity=4,4,1,linux_sched_affinity+cgroup_cpu_quota,4,4,governor_overhead,immediate_failure,latency,us_per_acquire_release,0.29999999999999999,parallel_for,,,not_applicable,Adaptive,4,4,4,4,0,0,0,0,not_nested,1,fail_immediately,would_block,0,not_requested,1,,0.000150013,8,single,2,25174054,1,1,0,0
2,1.8.0,GCC,14.2.0,Release,Linux,effective_cpu_capacity=4,4,1,linux_sched_affinity+cgroup_cpu_quota,4,4,governor_overhead,direct_cancellation_notification,latency,us,22.393999999999998,parallel_for,,,not_applicable,Adaptive,4,4,4,4,0,0,0,0,not_nested,1,wait,cancelled,12.449,requested,1,,0.022393999999999997,8,single,2,25174054,1,0,0,0
2,1.8.0,GCC,14.2.0,Release,Linux,effective_cpu_capacity=4,4,1,linux_sched_affinity+cgroup_cpu_quota,4,4,admission_fairness,large_exact_request,completion_rank,rank,5,parallel_for,one_large_exact_plus_eight_small_exact,,not_applicable,Adaptive,4,4,4,4,4,4,4,0,not_nested,1,wait,granted,197.173,not_requested,1,,0,8,single,2,25174054,1,0,4,197.173
2,1.8.0,GCC,14.2.0,Release,Linux,effective_cpu_capacity=4,4,1,linux_sched_affinity+cgroup_cpu_quota,4,4,admission_fairness,small_request_0,completion_rank,rank,1,parallel_for,one_large_exact_plus_eight_small_exact,,not_applicable,Adaptive,1,1,1,1,1,1,1,0,not_nested,1,wait,granted,11.606999999999999,not_requested,1,,0,8,single,2,25174054,1,0,4,11.606999999999999
2,1.8.0,GCC,14.2.0,Release,Linux,effective_cpu_capacity=4,4,1,linux_sched_affinity+cgroup_cpu_quota,4,4,admission_fairness,small_request_1,completion_rank,rank,2,parallel_for,one_large_exact_plus_eight_small_exact,,not_applicable,Adaptive,1,1,1,1,1,1,1,0,not_nested,1,wait,granted,2.6240000000000001,not_requested,1,,0,8,single,2,25174054,1,0,4,2.6240000000000001
2,1.8.0,GCC,14.2.0,Release,Linux,effective_cpu_capacity=4,4,1,linux_sched_affinity+cgroup_cpu_quota,4,4,admission_fairness,small_request_2,completion_rank,rank,3,parallel_for,one_large_exact_plus_eight_small_exact,,not_applicable,Adaptive,1,1,1,1,1,1,1,0,not_nested,1,wait,granted,0.96099999999999997,not_requested,1,,0,8,single,2,25174054,1,0,4,0.96099999999999997
2,1.8.0,GCC,14.2.0,Release,Linux,effective_cpu_capacity=4,4,1,linux_sched_affinity+cgroup_cpu_quota,4,4,admission_fairness,small_request_3,completion_rank,rank,4,parallel_for,one_large_exact_plus_eight_small_exact,,not_applicable,Adaptive,1,1,1,1,1,1,1,0,not_nested,1,wait,granted,5.6980000000000004,not_requested,1,,0,8,single,2,25174054,1,0,4,5.6980000000000004
2,1.8.0,GCC,14.2.0,Release,Linux,effective_cpu_capacity=4,4,1,linux_sched_affinity+cgroup_cpu_quota,4,4,admission_fairness,small_request_4,completion_rank,rank,9,parallel_for,one_large_exact_plus_eight_small_exact,,not_applicable,Adaptive,1,1,1,1,1,1,1,0,not_nested,1,wait,granted,1287.6959999999999,not_requested,1,,0,8,single,2,25174054,1,0,4,1287.6959999999999
2,1.8.0,GCC,14.2.0,Release,Linux,effective_cpu_capacity=4,4,1,linux_sched_affinity+cgroup_cpu_quota,4,4,admission_fairness,small_request_5,completion_rank,rank,8,parallel_for,one_large_exact_plus_eight_small_exact,,not_applicable,Adaptive,1,1,1,1,1,1,1,0,not_nested,1,wait,granted,1258.0530000000001,not_requested,1,,0,8,single,2,25174054,1,0,4,1258.0530000000001
2,1.8.0,GCC,14.2.0,Release,Linux,effective_cpu_capacity=4,4,1,linux_sched_affinity+cgroup_cpu_quota,4,4,admission_fairness,small_request_6,completion_rank,rank,6,parallel_for,one_large_exact_plus_eight_small_exact,,not_applicable,Adaptive,1,1,1,1,1,1,1,0,not_nested,1,wait,granted,1164.463,not_requested,1,,0,8,single,2,25174054,1,0,4,1164.463
2,1.8.0,GCC,14.2.0,Release,Linux,effective_cpu_capacity=4,4,1,linux_sched_affinity+cgroup_cpu_quota,4,4,admission_fairness,small_request_7,completion_rank,rank,7,parallel_for,one_large_exact_plus_eight_small_exact,,not_applicable,Adaptive,1,1,1,1,1,1,1,0,not_nested,1,wait,granted,1158.454,not_requested,1,,0,8,single,2,25174054,1,0,4,1158.454
2,1.8.0,GCC,14.2.0,Release,Linux,effective_cpu_capacity=4,4,1,linux_sched_affinity+cgroup_cpu_quota,4,4,adaptive_partial_grant,available_one_of_preferred_budget,granted_workers,threads,1,parallel_for,,thread_pool,not_applicable,Adaptive,4,1,4,4,1,1,1,0,not_nested,0,wait,granted,0.251,not_requested,1,,0.100259,8,single,2,25174054,1,1,0,0
2,1.8.0,GCC,14.2.0,Release,Linux,effective_cpu_capacity=4,4,1,linux_sched_affinity+cgroup_cpu_quota,4,4,nested_execution,depth_1,peak_participation,threads,1,parallel_for,depth=1;leaves=2,thread_pool,not_applicable,Adaptive,2,1,2,4,2,2,1,0,not_nested,0,wait,granted,0.23999999999999999,not_requested,1,,0.030044999999999999,8,single,2,25174054,1,1,0,0
2,1.8.0,GCC,14.2.0,Release,Linux,effective_cpu_capacity=4,4,1,linux_sched_affinity+cgroup_cpu_quota,4,4,nested_execution,depth_2,peak_participation,threads,1,parallel_for,depth=2;leaves=4,thread_pool,not_applicable,Adaptive,2,1,2,4,2,2,1,0,not_nested,0,wait,granted,0.221,not_requested,1,,0.021592,8,single,2,25174054,1,1,0,0
2,1.8.0,GCC,14.2.0,Release,Linux,effective_cpu_capacity=4,4,1,linux_sched_affinity+cgroup_cpu_quota,4,4,nested_execution,depth_3,peak_participation,threads,1,parallel_for,depth=3;leaves=8,thread_pool,not_applicable,Adaptive,2,1,2,4,2,2,1,0,not_nested,0,wait,granted,0.20000000000000001,not_requested,1,,0.016313999999999999,8,single,2,25174054,1,1,0,0
2,1.8.0,GCC,14.2.0,Release,Linux,effective_cpu_capacity=4,4,1,linux_sched_affinity+cgroup_cpu_quota,4,4,nested_execution,depth_4,peak_participation,threads,1,parallel_for,depth=4;leaves=16,thread_pool,not_applicable,Adaptive,2,1,2,4,2,2,1,0,not_nested,0,wait,granted,0.20999999999999999,not_requested,1,,0.023895,8,single,2,25174054,1,1,0,0
2,1.8.0,GCC,14.2.0,Release,Linux,effective_cpu_capacity=4,4,1,linux_sched_affinity+cgroup_cpu_quota,1,1,scheduler_comparison,sequential,duration,ms,0.40772700000000001,parallel_for,,sequential,not_applicable,Adaptive,1,1,1,1,1,1,1,0,not_nested,0,wait,granted,0.621,not_requested,1,5314921549994187984,0.40772700000000001,8,single,2,25174054,1,1,0,0
2,1.8.0,GCC,14.2.0,Release,Linux,effective_cpu_capacity=4,4,1,linux_sched_affinity+cgroup_cpu_quota,4,4,scheduler_comparison,thread_pool,duration,ms,0.20452500000000001,parallel_for,,thread_pool,not_applicable,Adaptive,4,1,4,4,4,4,4,0,not_nested,0,wait,granted,0.17100000000000001,not_requested,1,5314921549994187984,0.20452500000000001,8,single,2,25174054,1,4,0,0
2,1.8.0,GCC,14.2.0,Release,Linux,effective_cpu_capacity=4,4,1,linux_sched_affinity+cgroup_cpu_quota,4,4,scheduler_comparison,static_thread,duration,ms,0.41399599999999998,parallel_for,,static_thread,not_applicable,Adaptive,4,1,4,4,4,4,4,0,not_nested,0,wait,granted,0.71099999999999997,not_requested,1,5314921549994187984,0.41399599999999998,8,single,2,25174054,1,4,0,0
2,1.8.0,GCC,14.2.0,Release,Linux,effective_cpu_capacity=4,4,1,linux_sched_affinity+cgroup_cpu_quota,4,4,deterministic_exact_grant,success,accepted,boolean,1,parallel_for,,thread_pool,not_applicable,Deterministic,4,4,4,4,4,4,1,0,not_nested,1,fail_immediately,granted,0.69099999999999995,not_requested,1,,0,8,single,2,25174054,1,0,0,0
2,1.8.0,GCC,14.2.0,Release,Linux,effective_cpu_capacity=4,4,1,linux_sched_affinity+cgroup_cpu_quota,4,4,deterministic_exact_grant,insufficient_budget_failure,accepted,boolean,1,parallel_for,,,not_applicable,Deterministic,4,4,4,4,0,0,0,0,not_nested,1,fail_immediately,would_block,0,not_requested,1,,0,8,single,2,25174054,1,0,0,0
2,1.8.0,GCC,14.2.0,Release,Linux,effective_cpu_capacity=4,4,1,linux_sched_affinity+cgroup_cpu_quota,4,4,governed_vs_ungoverned,governed,batch_wall_time,ms,2.6539700000000002,parallel_for,runtimes=2;items_per_runtime=128,thread_pool,not_applicable,Adaptive,4,1,4,4,4,4,3,0,not_nested,0,wait,granted,1.2909999999999999,not_requested,1,14754973877547064749,2.6539700000000002,8,governed_then_ungoverned,2,25174054,2,4,0,0
2,1.8.0,GCC,14.2.0,Release,Linux,effective_cpu_capacity=4,4,1,linux_sched_affinity+cgroup_cpu_quota,4,4,governed_vs_ungoverned,governed,throughput,operations_per_second,753.58802096481861,parallel_for,runtimes=2;items_per_runtime=128,thread_pool,not_applicable,Adaptive,4,1,4,4,4,4,3,0,not_nested,0,wait,granted,1.2909999999999999,not_requested,1,14754973877547064749,2.6539700000000002,8,governed_then_ungoverned,2,25174054,2,4,0,0
2,1.8.0,GCC,14.2.0,Release,Linux,effective_cpu_capacity=4,4,1,linux_sched_affinity+cgroup_cpu_quota,4,4,governed_vs_ungoverned,governed,peak_participation,threads,4,parallel_for,runtimes=2;items_per_runtime=128,thread_pool,not_applicable,Adaptive,4,1,4,4,4,4,3,0,not_nested,0,wait,granted,1.2909999999999999,not_requested,1,14754973877547064749,2.6539700000000002,8,governed_then_ungoverned,2,25174054,2,4,0,0
2,1.8.0,GCC,14.2.0,Release,Linux,effective_cpu_capacity=4,4,1,linux_sched_affinity+cgroup_cpu_quota,4,4,runtime_latency,governed_runtime_0,completion_latency,ms,1.6331709999999999,parallel_for,runtimes=2;items_per_runtime=128,thread_pool,not_applicable,Adaptive,4,1,4,4,4,4,3,0,not_nested,0,wait,granted,1.2909999999999999,not_requested,1,14754973877547064749,1.6331709999999999,8,governed_then_ungoverned,2,25174054,1,4,0,0
2,1.8.0,GCC,14.2.0,Release,Linux,effective_cpu_capacity=4,4,1,linux_sched_affinity+cgroup_cpu_quota,4,4,runtime_latency,governed_runtime_1,completion_latency,ms,2.5485630000000001,parallel_for,runtimes=2;items_per_runtime=128,thread_pool,not_applicable,Adaptive,4,1,4,4,4,4,4,0,not_nested,0,wait,granted,1631.6880000000001,not_requested,1,14754973877547064749,2.5485630000000001,8,governed_then_ungoverned,2,25174054,1,4,0,0
2,1.8.0,GCC,14.2.0,Release,Linux,effective_cpu_capacity=4,4,1,linux_sched_affinity+cgroup_cpu_quota,4,4,governed_vs_ungoverned,ungoverned,batch_wall_time,ms,2.2565189999999999,parallel_for,runtimes=2;items_per_runtime=128,thread_pool,not_applicable,Adaptive,4,1,4,4,4,4,2,0,not_nested,0,wait,granted,1.0820000000000001,not_requested,1,14754973877547064749,2.2565189999999999,8,governed_then_ungoverned,2,25174054,2,6,0,0
2,1.8.0,GCC,14.2.0,Release,Linux,effective_cpu_capacity=4,4,1,linux_sched_affinity+cgroup_cpu_quota,4,4,governed_vs_ungoverned,ungoverned,throughput,operations_per_second,886.32092173830586,parallel_for,runtimes=2;items_per_runtime=128,thread_pool,not_applicable,Adaptive,4,1,4,4,4,4,2,0,not_nested,0,wait,granted,1.0820000000000001,not_requested,1,14754973877547064749,2.2565189999999999,8,governed_then_ungoverned,2,25174054,2,6,0,0
2,1.8.0,GCC,14.2.0,Release,Linux,effective_cpu_capacity=4,4,1,linux_sched_affinity+cgroup_cpu_quota,4,4,governed_vs_ungoverned,ungoverned,peak_participation,threads,6,parallel_for,runtimes=2;items_per_runtime=128,thread_pool,not_applicable,Adaptive,4,1,4,4,4,4,2,0,not_nested,0,wait,granted,1.0820000000000001,not_requested,1,14754973877547064749,2.2565189999999999,8,governed_then_ungoverned,2,25174054,2,6,0,0
2,1.8.0,GCC,14.2.0,Release,Linux,effective_cpu_capacity=4,4,1,linux_sched_affinity+cgroup_cpu_quota,4,4,runtime_latency,ungoverned_runtime_0,completion_latency,ms,1.931405,parallel_for,runtimes=2;items_per_runtime=128,thread_pool,not_applicable,Adaptive,4,1,4,4,4,4,2,0,not_nested,0,wait,granted,1.0820000000000001,not_requested,1,14754973877547064749,1.931405,8,governed_then_ungoverned,2,25174054,1,6,0,0
2,1.8.0,GCC,14.2.0,Release,Linux,effective_cpu_capacity=4,4,1,linux_sched_affinity+cgroup_cpu_quota,4,4,runtime_latency,ungoverned_runtime_1,completion_latency,ms,2.1786270000000001,parallel_for,runtimes=2;items_per_runtime=128,thread_pool,not_applicable,Adaptive,4,1,4,4,4,4,4,0,not_nested,0,wait,granted,1.3620000000000001,not_requested,1,14754973877547064749,2.1786270000000001,8,governed_then_ungoverned,2,25174054,1,6,0,0
2,1.8.0,GCC,14.2.0,Release,Linux,effective_cpu_capacity=4,4,1,linux_sched_affinity+cgroup_cpu_quota,4,4,governed_vs_ungoverned,governed_2_runtimes,batch_wall_time,ms,0.250162,parallel_for,runtimes=2;items_per_runtime=32,thread_pool,not_applicable,Adaptive,4,1,4,4,4,4,2,0,not_nested,0,wait,granted,1.3320000000000001,not_requested,1,10831286851329034220,0.250162,8,single,2,25174054,2,2,0,0
2,1.8.0,GCC,14.2.0,Release,Linux,effective_cpu_capacity=4,4,1,linux_sched_affinity+cgroup_cpu_quota,4,4,governed_vs_ungoverned,governed_2_runtimes,throughput,operations_per_second,7994.8193570566273,parallel_for,runtimes=2;items_per_runtime=32,thread_pool,not_applicable,Adaptive,4,1,4,4,4,4,2,0,not_nested,0,wait,granted,1.3320000000000001,not_requested,1,10831286851329034220,0.250162,8,single,2,25174054,2,2,0,0
2,1.8.0,GCC,14.2.0,Release,Linux,effective_cpu_capacity=4,4,1,linux_sched_affinity+cgroup_cpu_quota,4,4,governed_vs_ungoverned,governed_2_runtimes,peak_participation,threads,2,parallel_for,runtimes=2;items_per_runtime=32,thread_pool,not_applicable,Adaptive,4,1,4,4,4,4,2,0,not_nested,0,wait,granted,1.3320000000000001,not_requested,1,10831286851329034220,0.250162,8,single,2,25174054,2,2,0,0
2,1.8.0,GCC,14.2.0,Release,Linux,effective_cpu_capacity=4,4,1,linux_sched_affinity+cgroup_cpu_quota,4,4,runtime_latency,governed_2_runtimes_runtime_0,completion_latency,ms,0.10056,parallel_for,runtimes=2;items_per_runtime=32,thread_pool,not_applicable,Adaptive,4,1,4,4,4,4,2,0,not_nested,0,wait,granted,1.3320000000000001,not_requested,1,10831286851329034220,0.10056,8,single,2,25174054,1,2,0,0
2,1.8.0,GCC,14.2.0,Release,Linux,effective_cpu_capacity=4,4,1,linux_sched_affinity+cgroup_cpu_quota,4,4,runtime_latency,governed_2_runtimes_runtime_1,completion_latency,ms,0.154665,parallel_for,runtimes=2;items_per_runtime=32,thread_pool,not_applicable,Adaptive,4,1,4,4,4,4,2,0,not_nested,0,wait,granted,95.897999999999996,not_requested,1,10831286851329034220,0.154665,8,single,2,25174054,1,2,0,0
2,1.8.0,GCC,14.2.0,Release,Linux,effective_cpu_capacity=4,4,1,linux_sched_affinity+cgroup_cpu_quota,4,4,governed_vs_ungoverned,governed_4_runtimes,batch_wall_time,ms,0.47714099999999998,parallel_for,runtimes=4;items_per_runtime=32,thread_pool,not_applicable,Adaptive,4,1,4,4,4,4,2,0,not_nested,0,wait,granted,1.232,not_requested,1,7589314552514409162,0.47714099999999998,8,single,2,25174054,4,2,0,0
2,1.8.0,GCC,14.2.0,Release,Linux,effective_cpu_capacity=4,4,1,linux_sched_affinity+cgroup_cpu_quota,4,4,governed_vs_ungoverned,governed_4_runtimes,throughput,operations_per_second,8383.266162413207,parallel_for,runtimes=4;items_per_runtime=32,thread_pool,not_applicable,Adaptive,4,1,4,4,4,4,2,0,not_nested,0,wait,granted,1.232,not_requested,1,7589314552514409162,0.47714099999999998,8,single,2,25174054,4,2,0,0
2,1.8.0,GCC,14.2.0,Release,Linux,effective_cpu_capacity=4,4,1,linux_sched_affinity+cgroup_cpu_quota,4,4,governed_vs_ungoverned,governed_4_runtimes,peak_participation,threads,2,parallel_for,runtimes=4;items_per_runtime=32,thread_pool,not_applicable,Adaptive,4,1,4,4,4,4,2,0,not_nested,0,wait,granted,1.232,not_requested,1,7589314552514409162,0.47714099999999998,8,single,2,25174054,4,2,0,0
2,1.8.0,GCC,14.2.0,Release,Linux,effective_cpu_capacity=4,4,1,linux_sched_affinity+cgroup_cpu_quota,4,4,runtime_latency,governed_4_runtimes_runtime_0,completion_latency,ms,0.099598000000000006,parallel_for,runtimes=4;items_per_runtime=32,thread_pool,not_applicable,Adaptive,4,1,4,4,4,4,2,0,not_nested,0,wait,granted,1.232,not_requested,1,7589314552514409162,0.099598000000000006,8,single,2,25174054,1,2,0,0
2,1.8.0,GCC,14.2.0,Release,Linux,effective_cpu_capacity=4,4,1,linux_sched_affinity+cgroup_cpu_quota,4,4,runtime_latency,governed_4_runtimes_runtime_1,completion_latency,ms,0.191576,parallel_for,runtimes=4;items_per_runtime=32,thread_pool,not_applicable,Adaptive,4,1,4,4,4,4,3,0,not_nested,0,wait,granted,97.415000000000006,not_requested,1,7589314552514409162,0.191576,8,single,2,25174054,1,2,0,0
2,1.8.0,GCC,14.2.0,Release,Linux,effective_cpu_capacity=4,4,1,linux_sched_affinity+cgroup_cpu_quota,4,4,runtime_latency,governed_4_runtimes_runtime_2,completion_latency,ms,0.28606500000000001,parallel_for,runtimes=4;items_per_runtime=32,thread_pool,not_applicable,Adaptive,4,1,4,4,4,4,2,0,not_nested,0,wait,granted,197.88399999999999,not_requested,1,7589314552514409162,0.28606500000000001,8,single,2,25174054,1,2,0,0
2,1.8.0,GCC,14.2.0,Release,Linux,effective_cpu_capacity=4,4,1,linux_sched_affinity+cgroup_cpu_quota,4,4,runtime_latency,governed_4_runtimes_runtime_3,completion_latency,ms,0.37644,parallel_for,runtimes=4;items_per_runtime=32,thread_pool,not_applicable,Adaptive,4,1,4,4,4,4,2,0,not_nested,0,wait,granted,316.49099999999999,not_requested,1,7589314552514409162,0.37644,8,single,2,25174054,1,2,0,0
2,1.8.0,GCC,14.2.0,Release,Linux,effective_cpu_capacity=4,4,1,linux_sched_affinity+cgroup_cpu_quota,4,4,governed_vs_ungoverned,governed_8_runtimes,batch_wall_time,ms,0.88593900000000003,parallel_for,runtimes=8;items_per_runtime=32,thread_pool,not_applicable,Adaptive,4,1,4,4,4,4,3,0,not_nested,0,wait,granted,561.77599999999995,not_requested,1,3424649268515386025,0.88593900000000003,8,single,2,25174054,8,3,0,0
2,1.8.0,GCC,14.2.0,Release,Linux,effective_cpu_capacity=4,4,1,linux_sched_affinity+cgroup_cpu_quota,4,4,governed_vs_ungoverned,governed_8_runtimes,throughput,operations_per_second,9029.9670744825544,parallel_for,runtimes=8;items_per_runtime=32,thread_pool,not_applicable,Adaptive,4,1,4,4,4,4,3,0,not_nested,0,wait,granted,561.77599999999995,not_requested,1,3424649268515386025,0.88593900000000003,8,single,2,25174054,8,3,0,0
2,1.8.0,GCC,14.2.0,Release,Linux,effective_cpu_capacity=4,4,1,linux_sched_affinity+cgroup_cpu_quota,4,4,governed_vs_ungoverned,governed_8_runtimes,peak_participation,threads,3,parallel_for,runtimes=8;items_per_runtime=32,thread_pool,not_applicable,Adaptive,4,1,4,4,4,4,3,0,not_nested,0,wait,granted,561.77599999999995,not_requested,1,3424649268515386025,0.88593900000000003,8,single,2,25174054,8,3,0,0
2,1.8.0,GCC,14.2.0,Release,Linux,effective_cpu_capacity=4,4,1,linux_sched_affinity+cgroup_cpu_quota,4,4,runtime_latency,governed_8_runtimes_runtime_0,completion_latency,ms,0.61894099999999996,parallel_for,runtimes=8;items_per_runtime=32,thread_pool,not_applicable,Adaptive,4,1,4,4,4,4,3,0,not_nested,0,wait,granted,561.77599999999995,not_requested,1,3424649268515386025,0.61894099999999996,8,single,2,25174054,1,3,0,0
2,1.8.0,GCC,14.2.0,Release,Linux,effective_cpu_capacity=4,4,1,linux_sched_affinity+cgroup_cpu_quota,4,4,runtime_latency,governed_8_runtimes_runtime_1,completion_latency,ms,0.70966600000000002,parallel_for,runtimes=8;items_per_runtime=32,thread_pool,not_applicable,Adaptive,4,1,4,4,4,4,3,0,not_nested,0,wait,granted,632.24099999999999,not_requested,1,3424649268515386025,0.70966600000000002,8,single,2,25174054,1,3,0,0
2,1.8.0,GCC,14.2.0,Release,Linux,effective_cpu_capacity=4,4,1,linux_sched_affinity+cgroup_cpu_quota,4,4,runtime_latency,governed_8_runtimes_runtime_2,completion_latency,ms,0.40563300000000002,parallel_for,runtimes=8;items_per_runtime=32,thread_pool,not_applicable,Adaptive,4,1,4,4,4,4,1,0,not_nested,0,wait,granted,325.404,not_requested,1,3424649268515386025,0.40563300000000002,8,single,2,25174054,1,3,0,0
2,1.8.0,GCC,14.2.0,Release,Linux,effective_cpu_capacity=4,4,1,linux_sched_affinity+cgroup_cpu_quota,4,4,runtime_latency,governed_8_runtimes_runtime_3,completion_latency,ms,0.124255,parallel_for,runtimes=8;items_per_runtime=32,thread_pool,not_applicable,Adaptive,4,1,4,4,4,4,4,0,not_nested,0,wait,granted,1.3919999999999999,not_requested,1,3424649268515386025,0.124255,8,single,2,25174054,1,3,0,0
2,1.8.0,GCC,14.2.0,Release,Linux,effective_cpu_capacity=4,4,1,linux_sched_affinity+cgroup_cpu_quota,4,4,runtime_latency,governed_8_runtimes_runtime_4,completion_latency,ms,0.32208999999999999,parallel_for,runtimes=8;items_per_runtime=32,thread_pool,not_applicable,Adaptive,4,1,4,4,4,4,2,0,not_nested,0,wait,granted,247.75800000000001,not_requested,1,3424649268515386025,0.32208999999999999,8,single,2,25174054,1,3,0,0
2,1.8.0,GCC,14.2.0,Release,Linux,effective_cpu_capacity=4,4,1,linux_sched_affinity+cgroup_cpu_quota,4,4,runtime_latency,governed_8_runtimes_runtime_5,completion_latency,ms,0.56654300000000002,parallel_for,runtimes=8;items_per_runtime=32,thread_pool,not_applicable,Adaptive,4,1,4,4,4,4,3,0,not_nested,0,wait,granted,499.673,not_requested,1,3424649268515386025,0.56654300000000002,8,single,2,25174054,1,3,0,0
2,1.8.0,GCC,14.2.0,Release,Linux,effective_cpu_capacity=4,4,1,linux_sched_affinity+cgroup_cpu_quota,4,4,runtime_latency,governed_8_runtimes_runtime_6,completion_latency,ms,0.23371800000000001,parallel_for,runtimes=8;items_per_runtime=32,thread_pool,not_applicable,Adaptive,4,1,4,4,4,4,2,0,not_nested,0,wait,granted,140.09800000000001,not_requested,1,3424649268515386025,0.23371800000000001,8,single,2,25174054,1,3,0,0
2,1.8.0,GCC,14.2.0,Release,Linux,effective_cpu_capacity=4,4,1,linux_sched_affinity+cgroup_cpu_quota,4,4,runtime_latency,governed_8_runtimes_runtime_7,completion_latency,ms,0.50750600000000001,parallel_for,runtimes=8;items_per_runtime=32,thread_pool,not_applicable,Adaptive,4,1,4,4,4,4,4,0,not_nested,0,wait,granted,415.78899999999999,not_requested,1,3424649268515386025,0.50750600000000001,8,single,2,25174054,1,3,0,0
2,1.8.0,GCC,14.2.0,Release,Linux,effective_cpu_capacity=4,4,1,linux_sched_affinity+cgroup_cpu_quota,1,1,governed_vs_ungoverned,budget_1,batch_wall_time,ms,0.19009300000000001,parallel_for,runtimes=2;items_per_runtime=32,thread_pool,not_applicable,Adaptive,1,1,1,1,1,1,1,0,not_nested,0,wait,granted,45.258000000000003,not_requested,1,10831286851329034220,0.19009300000000001,8,single,2,25174054,2,1,0,0
2,1.8.0,GCC,14.2.0,Release,Linux,effective_cpu_capacity=4,4,1,linux_sched_affinity+cgroup_cpu_quota,1,1,governed_vs_ungoverned,budget_1,throughput,operations_per_second,10521.165955611201,parallel_for,runtimes=2;items_per_runtime=32,thread_pool,not_applicable,Adaptive,1,1,1,1,1,1,1,0,not_nested,0,wait,granted,45.258000000000003,not_requested,1,10831286851329034220,0.19009300000000001,8,single,2,25174054,2,1,0,0
2,1.8.0,GCC,14.2.0,Release,Linux,effective_cpu_capacity=4,4,1,linux_sched_affinity+cgroup_cpu_quota,1,1,governed_vs_ungoverned,budget_1,peak_participation,threads,1,parallel_for,runtimes=2;items_per_runtime=32,thread_pool,not_applicable,Adaptive,1,1,1,1,1,1,1,0,not_nested,0,wait,granted,45.258000000000003,not_requested,1,10831286851329034220,0.19009300000000001,8,single,2,25174054,2,1,0,0
2,1.8.0,GCC,14.2.0,Release,Linux,effective_cpu_capacity=4,4,1,linux_sched_affinity+cgroup_cpu_quota,1,1,runtime_latency,budget_1_runtime_0,completion_latency,ms,0.093228000000000005,parallel_for,runtimes=2;items_per_runtime=32,thread_pool,not_applicable,Adaptive,1,1,1,1,1,1,1,0,not_nested,0,wait,granted,45.258000000000003,not_requested,1,10831286851329034220,0.093228000000000005,8,single,2,25174054,1,1,0,0
2,1.8.0,GCC,14.2.0,Release,Linux,effective_cpu_capacity=4,4,1,linux_sched_affinity+cgroup_cpu_quota,1,1,runtime_latency,budget_1_runtime_1,completion_latency,ms,0.045256999999999999,parallel_for,runtimes=2;items_per_runtime=32,thread_pool,not_applicable,Adaptive,1,1,1,1,1,1,1,0,not_nested,0,wait,granted,0.77100000000000002,not_requested,1,10831286851329034220,0.045256999999999999,8,single,2,25174054,1,1,0,0
2,1.8.0,GCC,14.2.0,Release,Linux,effective_cpu_capacity=4,4,1,linux_sched_affinity+cgroup_cpu_quota,2,2,governed_vs_ungoverned,budget_2,batch_wall_time,ms,0.21998699999999999,parallel_for,runtimes=2;items_per_runtime=32,thread_pool,not_applicable,Adaptive,2,1,2,2,2,2,1,0,not_nested,0,wait,granted,1.0720000000000001,not_requested,1,10831286851329034220,0.21998699999999999,8,single,2,25174054,2,1,0,0
2,1.8.0,GCC,14.2.0,Release,Linux,effective_cpu_capacity=4,4,1,linux_sched_affinity+cgroup_cpu_quota,2,2,governed_vs_ungoverned,budget_2,throughput,operations_per_second,9091.4463127366616,parallel_for,runtimes=2;items_per_runtime=32,thread_pool,not_applicable,Adaptive,2,1,2,2,2,2,1,0,not_nested,0,wait,granted,1.0720000000000001,not_requested,1,10831286851329034220,0.21998699999999999,8,single,2,25174054,2,1,0,0
2,1.8.0,GCC,14.2.0,Release,Linux,effective_cpu_capacity=4,4,1,linux_sched_affinity+cgroup_cpu_quota,2,2,governed_vs_ungoverned,budget_2,peak_participation,threads,1,parallel_for,runtimes=2;items_per_runtime=32,thread_pool,not_applicable,Adaptive,2,1,2,2,2,2,1,0,not_nested,0,wait,granted,1.0720000000000001,not_requested,1,10831286851329034220,0.21998699999999999,8,single,2,25174054,2,1,0,0
2,1.8.0,GCC,14.2.0,Release,Linux,effective_cpu_capacity=4,4,1,linux_sched_affinity+cgroup_cpu_quota,2,2,runtime_latency,budget_2_runtime_0,completion_latency,ms,0.073498999999999995,parallel_for,runtimes=2;items_per_runtime=32,thread_pool,not_applicable,Adaptive,2,1,2,2,2,2,1,0,not_nested,0,wait,granted,1.0720000000000001,not_requested,1,10831286851329034220,0.073498999999999995,8,single,2,25174054,1,1,0,0
2,1.8.0,GCC,14.2.0,Release,Linux,effective_cpu_capacity=4,4,1,linux_sched_affinity+cgroup_cpu_quota,2,2,runtime_latency,budget_2_runtime_1,completion_latency,ms,0.13370399999999999,parallel_for,runtimes=2;items_per_runtime=32,thread_pool,not_applicable,Adaptive,2,1,2,2,2,2,1,0,not_nested,0,wait,granted,72.552999999999997,not_requested,1,10831286851329034220,0.13370399999999999,8,single,2,25174054,1,1,0,0
2,1.8.0,GCC,14.2.0,Release,Linux,effective_cpu_capacity=4,4,1,linux_sched_affinity+cgroup_cpu_quota,4,4,governed_vs_ungoverned,budget_4,batch_wall_time,ms,0.258685,parallel_for,runtimes=2;items_per_runtime=64,thread_pool,not_applicable,Adaptive,4,1,4,4,4,4,3,0,not_nested,0,wait,granted,1.1519999999999999,not_requested,1,7589314552514409162,0.258685,8,single,2,25174054,2,3,0,0
2,1.8.0,GCC,14.2.0,Release,Linux,effective_cpu_capacity=4,4,1,linux_sched_affinity+cgroup_cpu_quota,4,4,governed_vs_ungoverned,budget_4,throughput,operations_per_second,7731.4107891837566,parallel_for,runtimes=2;items_per_runtime=64,thread_pool,not_applicable,Adaptive,4,1,4,4,4,4,3,0,not_nested,0,wait,granted,1.1519999999999999,not_requested,1,7589314552514409162,0.258685,8,single,2,25174054,2,3,0,0
2,1.8.0,GCC,14.2.0,Release,Linux,effective_cpu_capacity=4,4,1,linux_sched_affinity+cgroup_cpu_quota,4,4,governed_vs_ungoverned,budget_4,peak_participation,threads,3,parallel_for,runtimes=2;items_per_runtime=64,thread_pool,not_applicable,Adaptive,4,1,4,4,4,4,3,0,not_nested,0,wait,granted,1.1519999999999999,not_requested,1,7589314552514409162,0.258685,8,single,2,25174054,2,3,0,0
2,1.8.0,GCC,14.2.0,Release,Linux,effective_cpu_capacity=4,4,1,linux_sched_affinity+cgroup_cpu_quota,4,4,runtime_latency,budget_4_runtime_0,completion_latency,ms,0.12255199999999999,parallel_for,runtimes=2;items_per_runtime=64,thread_pool,not_applicable,Adaptive,4,1,4,4,4,4,3,0,not_nested,0,wait,granted,1.1519999999999999,not_requested,1,7589314552514409162,0.12255199999999999,8,single,2,25174054,1,3,0,0
2,1.8.0,GCC,14.2.0,Release,Linux,effective_cpu_capacity=4,4,1,linux_sched_affinity+cgroup_cpu_quota,4,4,runtime_latency,budget_4_runtime_1,completion_latency,ms,0.136103,parallel_for,runtimes=2;items_per_runtime=64,thread_pool,not_applicable,Adaptive,4,1,4,4,4,4,3,0,not_nested,0,wait,granted,57.956000000000003,not_requested,1,7589314552514409162,0.136103,8,single,2,25174054,1,3,0,0
2,1.8.0,GCC,14.2.0,Release,Linux,effective_cpu_capacity=4,4,1,linux_sched_affinity+cgroup_cpu_quota,4,1,governor_overhead,uncontended_exact_acquire_release,latency,us_per_acquire_release,0.146258,parallel_for,,,not_applicable,Adaptive,1,1,1,1,1,1,1,0,not_nested,1,fail_immediately,granted,0.080000000000000002,not_requested,1,,0.00014625799999999999,9,single,2,25174054,1000,1,0,0
2,1.8.0,GCC,14.2.0,Release,Linux,effective_cpu_capacity=4,4,1,linux_sched_affinity+cgroup_cpu_quota,4,1,governor_overhead,inherited_nested_lease,latency,us_per_acquire_release,0.016985,parallel_for,,,not_applicable,Adaptive,1,1,1,1,1,1,1,1,reuse_parent,1,fail_immediately,granted,0.080000000000000002,not_requested,1,,0.00014625799999999999,9,single,2,25174054,1000,1,0,0
2,1.8.0,GCC,14.2.0,Release,Linux,effective_cpu_capacity=4,4,1,linux_sched_affinity+cgroup_cpu_quota,4,4,governor_overhead,flexible_partial_grant,latency,us_per_acquire_release,0.371,parallel_for,,,not_applicable,Adaptive,4,1,4,4,1,1,1,0,not_nested,0,fail_immediately,granted,0.20000000000000001,not_requested,1,,0.00014625799999999999,9,single,2,25174054,1,1,0,0
2,1.8.0,GCC,14.2.0,Release,Linux,effective_cpu_capacity=4,4,1,linux_sched_affinity+cgroup_cpu_quota,4,4,governor_overhead,immediate_failure,latency,us_per_acquire_release,0.42999999999999999,parallel_for,,,not_applicable,Adaptive,4,4,4,4,0,0,0,0,not_nested,1,fail_immediately,would_block,0,not_requested,1,,0.00014625799999999999,9,single,2,25174054,1,1,0,0
2,1.8.0,GCC,14.2.0,Release,Linux,effective_cpu_capacity=4,4,1,linux_sched_affinity+cgroup_cpu_quota,4,4,governor_overhead,direct_cancellation_notification,latency,us,14.481999999999999,parallel_for,,,not_applicable,Adaptive,4,4,4,4,0,0,0,0,not_nested,1,wait,cancelled,3.9260000000000002,requested,1,,0.014482,9,single,2,25174054,1,0,0,0
2,1.8.0,GCC,14.2.0,Release,Linux,effective_cpu_capacity=4,4,1,linux_sched_affinity+cgroup_cpu_quota,4,4,admission_fairness,large_exact_request,completion_rank,rank,5,parallel_for,one_large_exact_plus_eight_small_exact,,not_applicable,Adaptive,4,4,4,4,4,4,4,0,not_nested,1,wait,granted,223.60300000000001,not_requested,1,,0,9,single,2,25174054,1,0,4,223.60300000000001
2,1.8.0,GCC,14.2.0,Release,Linux,effective_cpu_capacity=4,4,1,linux_sched_affinity+cgroup_cpu_quota,4,4,admission_fairness,small_request_0,completion_rank,rank,1,parallel_for,one_large_exact_plus_eight_small_exact,,not_applicable,Adaptive,1,1,1,1,1,1,1,0,not_nested,1,wait,granted,11.718,not_requested,1,,0,9,single,2,25174054,1,0,4,11.718
2,1.8.0,GCC,14.2.0,Release,Linux,effective_cpu_capacity=4,4,1,linux_sched_affinity+cgroup_cpu_quota,4,4,admission_fairness,small_request_1,completion_rank,rank,2,parallel_for,one_large_exact_plus_eight_small_exact,,not_applicable,Adaptive,1,1,1,1,1,1,1,0,not_nested,1,wait,granted,14.692,not_requested,1,,0,9,single,2,25174054,1,0,4,14.692
2,1.8.0,GCC,14.2.0,Release,Linux,effective_cpu_capacity=4,4,1,linux_sched_affinity+cgroup_cpu_quota,4,4,admission_fairness,small_request_2,completion_rank,rank,3,parallel_for,one_large_exact_plus_eight_small_exact,,not_applicable,Adaptive,1,1,1,1,1,1,1,0,not_nested,1,wait,granted,0.97099999999999997,not_requested,1,,0,9,single,2,25174054,1,0,4,0.97099999999999997
2,1.8.0,GCC,14.2.0,Release,Linux,effective_cpu_capacity=4,4,1,linux_sched_affinity+cgroup_cpu_quota,4,4,admission_fairness,small_request_3,completion_rank,rank,4,parallel_for,one_large_exact_plus_eight_small_exact,,not_applicable,Adaptive,1,1,1,1,1,1,1,0,not_nested,1,wait,granted,10.795999999999999,not_requested,1,,0,9,single,2,25174054,1,0,4,10.795999999999999
2,1.8.0,GCC,14.2.0,Release,Linux,effective_cpu_capacity=4,4,1,linux_sched_affinity+cgroup_cpu_quota,4,4,admission_fairness,small_request_4,completion_rank,rank,8,parallel_for,one_large_exact_plus_eight_small_exact,,not_applicable,Adaptive,1,1,1,1,1,1,1,0,not_nested,1,wait,granted,1355.347,not_requested,1,,0,9,single,2,25174054,1,0,4,1355.347
2,1.8.0,GCC,14.2.0,Release,Linux,effective_cpu_capacity=4,4,1,linux_sched_affinity+cgroup_cpu_quota,4,4,admission_fairness,small_request_5,completion_rank,rank,6,parallel_for,one_large_exact_plus_eight_small_exact,,not_applicable,Adaptive,1,1,1,1,1,1,1,0,not_nested,1,wait,granted,1274.867,not_requested,1,,0,9,single,2,25174054,1,0,4,1274.867
2,1.8.0,GCC,14.2.0,Release,Linux,effective_cpu_capacity=4,4,1,linux_sched_affinity+cgroup_cpu_quota,4,4,admission_fairness,small_request_6,completion_rank,rank,9,parallel_for,one_large_exact_plus_eight_small_exact,,not_applicable,Adaptive,1,1,1,1,1,1,1,0,not_nested,1,wait,granted,1279.819,not_requested,1,,0,9,single,2,25174054,1,0,4,1279.819
2,1.8.0,GCC,14.2.0,Release,Linux,effective_cpu_capacity=4,4,1,linux_sched_affinity+cgroup_cpu_quota,4,4,admission_fairness,small_request_7,completion_rank,rank,7,parallel_for,one_large_exact_plus_eight_small_exact,,not_applicable,Adaptive,1,1,1,1,1,1,1,0,not_nested,1,wait,granted,1233.0360000000001,not_requested,1,,0,9,single,2,25174054,1,0,4,1233.0360000000001
2,1.8.0,GCC,14.2.0,Release,Linux,effective_cpu_capacity=4,4,1,linux_sched_affinity+cgroup_cpu_quota,4,4,adaptive_partial_grant,available_one_of_preferred_budget,granted_workers,threads,1,parallel_for,,thread_pool,not_applicable,Adaptive,4,1,4,4,1,1,1,0,not_nested,0,wait,granted,0.25,not_requested,1,,0.10049,9,single,2,25174054,1,1,0,0
2,1.8.0,GCC,14.2.0,Release,Linux,effective_cpu_capacity=4,4,1,linux_sched_affinity+cgroup_cpu_quota,4,4,nested_execution,depth_1,peak_participation,threads,1,parallel_for,depth=1;leaves=2,thread_pool,not_applicable,Adaptive,2,1,2,4,2,2,1,0,not_nested,0,wait,granted,0.27000000000000002,not_requested,1,,0.027931999999999998,9,single,2,25174054,1,1,0,0
2,1.8.0,GCC,14.2.0,Release,Linux,effective_cpu_capacity=4,4,1,linux_sched_affinity+cgroup_cpu_quota,4,4,nested_execution,depth_2,peak_participation,threads,1,parallel_for,depth=2;leaves=4,thread_pool,not_applicable,Adaptive,2,1,2,4,2,2,1,0,not_nested,0,wait,granted,0.24099999999999999,not_requested,1,,0.016104,9,single,2,25174054,1,1,0,0
2,1.8.0,GCC,14.2.0,Release,Linux,effective_cpu_capacity=4,4,1,linux_sched_affinity+cgroup_cpu_quota,4,4,nested_execution,depth_3,peak_participation,threads,1,parallel_for,depth=3;leaves=8,thread_pool,not_applicable,Adaptive,2,1,2,4,2,2,1,0,not_nested,0,wait,granted,0.23100000000000001,not_requested,1,,0.022162999999999999,9,single,2,25174054,1,1,0,0
2,1.8.0,GCC,14.2.0,Release,Linux,effective_cpu_capacity=4,4,1,linux_sched_affinity+cgroup_cpu_quota,4,4,nested_execution,depth_4,peak_participation,threads,1,parallel_for,depth=4;leaves=16,thread_pool,not_applicable,Adaptive,2,1,2,4,2,2,1,0,not_nested,0,wait,granted,0.20999999999999999,not_requested,1,,0.018086999999999999,9,single,2,25174054,1,1,0,0
2,1.8.0,GCC,14.2.0,Release,Linux,effective_cpu_capacity=4,4,1,linux_sched_affinity+cgroup_cpu_quota,1,1,scheduler_comparison,sequential,duration,ms,0.40674500000000002,parallel_for,,sequential,not_applicable,Adaptive,1,1,1,1,1,1,1,0,not_nested,0,wait,granted,0.19,not_requested,1,5314921549994187984,0.40674500000000002,9,single,2,25174054,1,1,0,0
2,1.8.0,GCC,14.2.0,Release,Linux,effective_cpu_capacity=4,4,1,linux_sched_affinity+cgroup_cpu_quota,4,4,scheduler_comparison,thread_pool,duration,ms,0.186557,parallel_for,,thread_pool,not_applicable,Adaptive,4,1,4,4,4,4,4,0,not_nested,0,wait,granted,0.14999999999999999,not_requested,1,5314921549994187984,0.186557,9,single,2,25174054,1,4,0,0
2,1.8.0,GCC,14.2.0,Release,Linux,effective_cpu_capacity=4,4,1,linux_sched_affinity+cgroup_cpu_quota,4,4,scheduler_comparison,static_thread,duration,ms,0.21707299999999999,parallel_for,,static_thread,not_applicable,Adaptive,4,1,4,4,4,4,4,0,not_nested,0,wait,granted,0.39000000000000001,not_requested,1,5314921549994187984,0.21707299999999999,9,single,2,25174054,1,4,0,0
2,1.8.0,GCC,14.2.0,Release,Linux,effective_cpu_capacity=4,4,1,linux_sched_affinity+cgroup_cpu_quota,4,4,deterministic_exact_grant,success,accepted,boolean,1,parallel_for,,thread_pool,not_applicable,Deterministic,4,4,4,4,4,4,1,0,not_nested,1,fail_immediately,granted,0.42099999999999999,not_requested,1,,0,9,single,2,25174054,1,0,0,0
2,1.8.0,GCC,14.2.0,Release,Linux,effective_cpu_capacity=4,4,1,linux_sched_affinity+cgroup_cpu_quota,4,4,deterministic_exact_grant,insufficient_budget_failure,accepted,boolean,1,parallel_for,,,not_applicable,Deterministic,4,4,4,4,0,0,0,0,not_nested,1,fail_immediately,would_block,0,not_requested,1,,0,9,single,2,25174054,1,0,0,0
2,1.8.0,GCC,14.2.0,Release,Linux,effective_cpu_capacity=4,4,1,linux_sched_affinity+cgroup_cpu_quota,4,4,governed_vs_ungoverned,governed,batch_wall_time,ms,2.4907370000000002,parallel_for,runtimes=2;items_per_runtime=128,thread_pool,not_applicable,Adaptive,4,1,4,4,4,4,3,0,not_nested,0,wait,granted,1.302,not_requested,1,14754973877547064749,2.4907370000000002,9,ungoverned_then_governed,2,25174054,2,3,0,0
2,1.8.0,GCC,14.2.0,Release,Linux,effective_cpu_capacity=4,4,1,linux_sched_affinity+cgroup_cpu_quota,4,4,governed_vs_ungoverned,governed,throughput,operations_per_second,802.97518365046164,parallel_for,runtimes=2;items_per_runtime=128,thread_pool,not_applicable,Adaptive,4,1,4,4,4,4,3,0,not_nested,0,wait,granted,1.302,not_requested,1,14754973877547064749,2.4907370000000002,9,ungoverned_then_governed,2,25174054,2,3,0,0
2,1.8.0,GCC,14.2.0,Release,Linux,effective_cpu_capacity=4,4,1,linux_sched_affinity+cgroup_cpu_quota,4,4,governed_vs_ungoverned,governed,peak_participation,threads,3,parallel_for,runtimes=2;items_per_runtime=128,thread_pool,not_applicable,Adaptive,4,1,4,4,4,4,3,0,not_nested,0,wait,granted,1.302,not_requested,1,14754973877547064749,2.4907370000000002,9,ungoverned_then_governed,2,25174054,2,3,0,0
2,1.8.0,GCC,14.2.0,Release,Linux,effective_cpu_capacity=4,4,1,linux_sched_affinity+cgroup_cpu_quota,4,4,runtime_latency,governed_runtime_0,completion_latency,ms,1.201138,parallel_for,runtimes=2;items_per_runtime=128,thread_pool,not_applicable,Adaptive,4,1,4,4,4,4,3,0,not_nested,0,wait,granted,1.302,not_requested,1,14754973877547064749,1.201138,9,ungoverned_then_governed,2,25174054,1,3,0,0
2,1.8.0,GCC,14.2.0,Release,Linux,effective_cpu_capacity=4,4,1,linux_sched_affinity+cgroup_cpu_quota,4,4,runtime_latency,governed_runtime_1,completion_latency,ms,2.402657,parallel_for,runtimes=2;items_per_runtime=128,thread_pool,not_applicable,Adaptive,4,1,4,4,4,4,3,0,not_nested,0,wait,granted,1202.51,not_requested,1,14754973877547064749,2.402657,9,ungoverned_then_governed,2,25174054,1,3,0,0
2,1.8.0,GCC,14.2.0,Release,Linux,effective_cpu_capacity=4,4,1,linux_sched_affinity+cgroup_cpu_quota,4,4,governed_vs_ungoverned,ungoverned,batch_wall_time,ms,2.2516609999999999,parallel_for,runtimes=2;items_per_runtime=128,thread_pool,not_applicable,Adaptive,4,1,4,4,4,4,3,0,not_nested,0,wait,granted,0.92100000000000004,not_requested,1,14754973877547064749,2.2516609999999999,9,ungoverned_then_governed,2,25174054,2,4,0,0
2,1.8.0,GCC,14.2.0,Release,Linux,effective_cpu_capacity=4,4,1,linux_sched_affinity+cgroup_cpu_quota,4,4,governed_vs_ungoverned,ungoverned,throughput,operations_per_second,888.23317542027871,parallel_for,runtimes=2;items_per_runtime=128,thread_pool,not_applicable,Adaptive,4,1,4,4,4,4,3,0,not_nested,0,wait,granted,0.92100000000000004,not_requested,1,14754973877547064749,2.2516609999999999,9,ungoverned_then_governed,2,25174054,2,4,0,0
2,1.8.0,GCC,14.2.0,Release,Linux,effective_cpu_capacity=4,4,1,linux_sched_affinity+cgroup_cpu_quota,4,4,governed_vs_ungoverned,ungoverned,peak_participation,threads,4,parallel_for,runtimes=2;items_per_runtime=128,thread_pool,not_applicable,Adaptive,4,1,4,4,4,4,3,0,not_nested,0,wait,granted,0.92100000000000004,not_requested,1,14754973877547064749,2.2516609999999999,9,ungoverned_then_governed,2,25174054,2,4,0,0
2,1.8.0,GCC,14.2.0,Release,Linux,effective_cpu_capacity=4,4,1,linux_sched_affinity+cgroup_cpu_quota,4,4,runtime_latency,ungoverned_runtime_0,completion_latency,ms,2.1549779999999998,parallel_for,runtimes=2;items_per_runtime=128,thread_pool,not_applicable,Adaptive,4,1,4,4,4,4,3,0,not_nested,0,wait,granted,0.92100000000000004,not_requested,1,14754973877547064749,2.1549779999999998,9,ungoverned_then_governed,2,25174054,1,4,0,0
2,1.8.0,GCC,14.2.0,Release,Linux,effective_cpu_capacity=4,4,1,linux_sched_affinity+cgroup_cpu_quota,4,4,runtime_latency,ungoverned_runtime_1,completion_latency,ms,2.1657139999999999,parallel_for,runtimes=2;items_per_runtime=128,thread_pool,not_applicable,Adaptive,4,1,4,4,4,4,3,0,not_nested,0,wait,granted,1.242,not_requested,1,14754973877547064749,2.1657139999999999,9,ungoverned_then_governed,2,25174054,1,4,0,0
2,1.8.0,GCC,14.2.0,Release,Linux,effective_cpu_capacity=4,4,1,linux_sched_affinity+cgroup_cpu_quota,4,4,governed_vs_ungoverned,governed_2_runtimes,batch_wall_time,ms,0.22287199999999999,parallel_for,runtimes=2;items_per_runtime=32,thread_pool,not_applicable,Adaptive,4,1,4,4,4,4,3,0,not_nested,0,wait,granted,1.452,not_requested,1,10831286851329034220,0.22287199999999999,9,single,2,25174054,2,2,0,0
2,1.8.0,GCC,14.2.0,Release,Linux,effective_cpu_capacity=4,4,1,linux_sched_affinity+cgroup_cpu_quota,4,4,governed_vs_ungoverned,governed_2_runtimes,throughput,operations_per_second,8973.7607236440654,parallel_for,runtimes=2;items_per_runtime=32,thread_pool,not_applicable,Adaptive,4,1,4,4,4,4,3,0,not_nested,0,wait,granted,1.452,not_requested,1,10831286851329034220,0.22287199999999999,9,single,2,25174054,2,2,0,0
2,1.8.0,GCC,14.2.0,Release,Linux,effective_cpu_capacity=4,4,1,linux_sched_affinity+cgroup_cpu_quota,4,4,governed_vs_ungoverned,governed_2_runtimes,peak_participation,threads,2,parallel_for,runtimes=2;items_per_runtime=32,thread_pool,not_applicable,Adaptive,4,1,4,4,4,4,3,0,not_nested,0,wait,granted,1.452,not_requested,1,10831286851329034220,0.22287199999999999,9,single,2,25174054,2,2,0,0
2,1.8.0,GCC,14.2.0,Release,Linux,effective_cpu_capacity=4,4,1,linux_sched_affinity+cgroup_cpu_quota,4,4,runtime_latency,governed_2_runtimes_runtime_0,completion_latency,ms,0.080759999999999998,parallel_for,runtimes=2;items_per_runtime=32,thread_pool,not_applicable,Adaptive,4,1,4,4,4,4,3,0,not_nested,0,wait,granted,1.452,not_requested,1,10831286851329034220,0.080759999999999998,9,single,2,25174054,1,2,0,0
2,1.8.0,GCC,14.2.0,Release,Linux,effective_cpu_capacity=4,4,1,linux_sched_affinity+cgroup_cpu_quota,4,4,runtime_latency,governed_2_runtimes_runtime_1,completion_latency,ms,0.138456,parallel_for,runtimes=2;items_per_runtime=32,thread_pool,not_applicable,Adaptive,4,1,4,4,4,4,1,0,not_nested,0,wait,granted,73.119,not_requested,1,10831286851329034220,0.138456,9,single,2,25174054,1,2,0,0
2,1.8.0,GCC,14.2.0,Release,Linux,effective_cpu_capacity=4,4,1,linux_sched_affinity+cgroup_cpu_quota,4,4,governed_vs_ungoverned,governed_4_runtimes,batch_wall_time,ms,0.43882300000000002,parallel_for,runtimes=4;items_per_runtime=32,thread_pool,not_applicable,Adaptive,4,1,4,4,4,4,2,0,not_nested,0,wait,granted,1.302,not_requested,1,7589314552514409162,0.43882300000000002,9,single,2,25174054,4,2,0,0
2,1.8.0,GCC,14.2.0,Release,Linux,effective_cpu_capacity=4,4,1,linux_sched_affinity+cgroup_cpu_quota,4,4,governed_vs_ungoverned,governed_4_runtimes,throughput,operations_per_second,9115.2924983421563,parallel_for,runtimes=4;items_per_runtime=32,thread_pool,not_applicable,Adaptive,4,1,4,4,4,4,2,0,not_nested,0,wait,granted,1.302,not_requested,1,7589314552514409162,0.43882300000000002,9,single,2,25174054,4,2,0,0
2,1.8.0,GCC,14.2.0,Release,Linux,effective_cpu_capacity=4,4,1,linux_sched_affinity+cgroup_cpu_quota,4,4,governed_vs_ungoverned,governed_4_runtimes,peak_participation,threads,2,parallel_for,runtimes=4;items_per_runtime=32,thread_pool,not_applicable,Adaptive,4,1,4,4,4,4,2,0,not_nested,0,wait,granted,1.302,not_requested,1,7589314552514409162,0.43882300000000002,9,single,2,25174054,4,2,0,0
2,1.8.0,GCC,14.2.0,Release,Linux,effective_cpu_capacity=4,4,1,linux_sched_affinity+cgroup_cpu_quota,4,4,runtime_latency,governed_4_runtimes_runtime_0,completion_latency,ms,0.084695999999999994,parallel_for,runtimes=4;items_per_runtime=32,thread_pool,not_applicable,Adaptive,4,1,4,4,4,4,2,0,not_nested,0,wait,granted,1.302,not_requested,1,7589314552514409162,0.084695999999999994,9,single,2,25174054,1,2,0,0
2,1.8.0,GCC,14.2.0,Release,Linux,effective_cpu_capacity=4,4,1,linux_sched_affinity+cgroup_cpu_quota,4,4,runtime_latency,governed_4_runtimes_runtime_1,completion_latency,ms,0.17266699999999999,parallel_for,runtimes=4;items_per_runtime=32,thread_pool,not_applicable,Adaptive,4,1,4,4,4,4,4,0,not_nested,0,wait,granted,81.742000000000004,not_requested,1,7589314552514409162,0.17266699999999999,9,single,2,25174054,1,2,0,0
2,1.8.0,GCC,14.2.0,Release,Linux,effective_cpu_capacity=4,4,1,linux_sched_affinity+cgroup_cpu_quota,4,4,runtime_latency,governed_4_runtimes_runtime_2,completion_latency,ms,0.296095,parallel_for,runtimes=4;items_per_runtime=32,thread_pool,not_applicable,Adaptive,4,1,4,4,4,4,2,0,not_nested,0,wait,granted,208.245,not_requested,1,7589314552514409162,0.296095,9,single,2,25174054,1,2,0,0
2,1.8.0,GCC,14.2.0,Release,Linux,effective_cpu_capacity=4,4,1,linux_sched_affinity+cgroup_cpu_quota,4,4,runtime_latency,governed_4_runtimes_runtime_3,completion_latency,ms,0.249441,parallel_for,runtimes=4;items_per_runtime=32,thread_pool,not_applicable,Adaptive,4,1,4,4,4,4,1,0,not_nested,0,wait,granted,162.071,not_requested,1,7589314552514409162,0.249441,9,single,2,25174054,1,2,0,0
2,1.8.0,GCC,14.2.0,Release,Linux,effective_cpu_capacity=4,4,1,linux_sched_affinity+cgroup_cpu_quota,4,4,governed_vs_ungoverned,governed_8_runtimes,batch_wall_time,ms,0.85578399999999999,parallel_for,runtimes=8;items_per_runtime=32,thread_pool,not_applicable,Adaptive,4,1,4,4,4,4,2,0,not_nested,0,wait,granted,558.25999999999999,not_requested,1,3424649268515386025,0.85578399999999999,9,single,2,25174054,8,3,0,0
2,1.8.0,GCC,14.2.0,Release,Linux,effective_cpu_capacity=4,4,1,linux_sched_affinity+cgroup_cpu_quota,4,4,governed_vs_ungoverned,governed_8_runtimes,throughput,operations_per_second,9348.153272321053,parallel_for,runtimes=8;items_per_runtime=32,thread_pool,not_applicable,Adaptive,4,1,4,4,4,4,2,0,not_nested,0,wait,granted,558.25999999999999,not_requested,1,3424649268515386025,0.85578399999999999,9,single,2,25174054,8,3,0,0
2,1.8.0,GCC,14.2.0,Release,Linux,effective_cpu_capacity=4,4,1,linux_sched_affinity+cgroup_cpu_quota,4,4,governed_vs_ungoverned,governed_8_runtimes,peak_participation,threads,3,parallel_for,runtimes=8;items_per_runtime=32,thread_pool,not_applicable,Adaptive,4,1,4,4,4,4,2,0,not_nested,0,wait,granted,558.25999999999999,not_requested,1,3424649268515386025,0.85578399999999999,9,single,2,25174054,8,3,0,0
2,1.8.0,GCC,14.2.0,Release,Linux,effective_cpu_capacity=4,4,1,linux_sched_affinity+cgroup_cpu_quota,4,4,runtime_latency,governed_8_runtimes_runtime_0,completion_latency,ms,0.60303799999999996,parallel_for,runtimes=8;items_per_runtime=32,thread_pool,not_applicable,Adaptive,4,1,4,4,4,4,2,0,not_nested,0,wait,granted,558.25999999999999,not_requested,1,3424649268515386025,0.60303799999999996,9,single,2,25174054,1,3,0,0
2,1.8.0,GCC,14.2.0,Release,Linux,effective_cpu_capacity=4,4,1,linux_sched_affinity+cgroup_cpu_quota,4,4,runtime_latency,governed_8_runtimes_runtime_1,completion_latency,ms,0.075622999999999996,parallel_for,runtimes=8;items_per_runtime=32,thread_pool,not_applicable,Adaptive,4,1,4,4,4,4,2,0,not_nested,0,wait,granted,0.98099999999999998,not_requested,1,3424649268515386025,0.075622999999999996,9,single,2,25174054,1,3,0,0
2,1.8.0,GCC,14.2.0,Release,Linux,effective_cpu_capacity=4,4,1,linux_sched_affinity+cgroup_cpu_quota,4,4,runtime_latency,governed_8_runtimes_runtime_2,completion_latency,ms,0.48052499999999998,parallel_for,runtimes=8;items_per_runtime=32,thread_pool,not_applicable,Adaptive,4,1,4,4,4,4,1,0,not_nested,0,wait,granted,391.803,not_requested,1,3424649268515386025,0.48052499999999998,9,single,2,25174054,1,3,0,0
2,1.8.0,GCC,14.2.0,Release,Linux,effective_cpu_capacity=4,4,1,linux_sched_affinity+cgroup_cpu_quota,4,4,runtime_latency,governed_8_runtimes_runtime_3,completion_latency,ms,0.195771,parallel_for,runtimes=8;items_per_runtime=32,thread_pool,not_applicable,Adaptive,4,1,4,4,4,4,2,0,not_nested,0,wait,granted,98.626999999999995,not_requested,1,3424649268515386025,0.195771,9,single,2,25174054,1,3,0,0
2,1.8.0,GCC,14.2.0,Release,Linux,effective_cpu_capacity=4,4,1,linux_sched_affinity+cgroup_cpu_quota,4,4,runtime_latency,governed_8_runtimes_runtime_4,completion_latency,ms,0.38539299999999999,parallel_for,runtimes=8;items_per_runtime=32,thread_pool,not_applicable,Adaptive,4,1,4,4,4,4,4,0,not_nested,0,wait,granted,289.39100000000002,not_requested,1,3424649268515386025,0.38539299999999999,9,single,2,25174054,1,3,0,0
2,1.8.0,GCC,14.2.0,Release,Linux,effective_cpu_capacity=4,4,1,linux_sched_affinity+cgroup_cpu_quota,4,4,runtime_latency,governed_8_runtimes_runtime_5,completion_latency,ms,0.646702,parallel_for,runtimes=8;items_per_runtime=32,thread_pool,not_applicable,Adaptive,4,1,4,4,4,4,2,0,not_nested,0,wait,granted,599.05100000000004,not_requested,1,3424649268515386025,0.646702,9,single,2,25174054,1,3,0,0
2,1.8.0,GCC,14.2.0,Release,Linux,effective_cpu_capacity=4,4,1,linux_sched_affinity+cgroup_cpu_quota,4,4,runtime_latency,governed_8_runtimes_runtime_6,completion_latency,ms,0.29156399999999999,parallel_for,runtimes=8;items_per_runtime=32,thread_pool,not_applicable,Adaptive,4,1,4,4,4,4,2,0,not_nested,0,wait,granted,183.85400000000001,not_requested,1,3424649268515386025,0.29156399999999999,9,single,2,25174054,1,3,0,0
2,1.8.0,GCC,14.2.0,Release,Linux,effective_cpu_capacity=4,4,1,linux_sched_affinity+cgroup_cpu_quota,4,4,runtime_latency,governed_8_runtimes_runtime_7,completion_latency,ms,0.65188999999999997,parallel_for,runtimes=8;items_per_runtime=32,thread_pool,not_applicable,Adaptive,4,1,4,4,4,4,4,0,not_nested,0,wait,granted,475.488,not_requested,1,3424649268515386025,0.65188999999999997,9,single,2,25174054,1,3,0,0
2,1.8.0,GCC,14.2.0,Release,Linux,effective_cpu_capacity=4,4,1,linux_sched_affinity+cgroup_cpu_quota,1,1,governed_vs_ungoverned,budget_1,batch_wall_time,ms,0.13025400000000001,parallel_for,runtimes=2;items_per_runtime=32,thread_pool,not_applicable,Adaptive,1,1,1,1,1,1,1,0,not_nested,0,wait,granted,0.72099999999999997,not_requested,1,10831286851329034220,0.13025400000000001,9,single,2,25174054,2,1,0,0
2,1.8.0,GCC,14.2.0,Release,Linux,effective_cpu_capacity=4,4,1,linux_sched_affinity+cgroup_cpu_quota,1,1,governed_vs_ungoverned,budget_1,throughput,operations_per_second,15354.614829487002,parallel_for,runtimes=2;items_per_runtime=32,thread_pool,not_applicable,Adaptive,1,1,1,1,1,1,1,0,not_nested,0,wait,granted,0.72099999999999997,not_requested,1,10831286851329034220,0.13025400000000001,9,single,2,25174054,2,1,0,0
2,1.8.0,GCC,14.2.0,Release,Linux,effective_cpu_capacity=4,4,1,linux_sched_affinity+cgroup_cpu_quota,1,1,governed_vs_ungoverned,budget_1,peak_participation,threads,1,parallel_for,runtimes=2;items_per_runtime=32,thread_pool,not_applicable,Adaptive,1,1,1,1,1,1,1,0,not_nested,0,wait,granted,0.72099999999999997,not_requested,1,10831286851329034220,0.13025400000000001,9,single,2,25174054,2,1,0,0
2,1.8.0,GCC,14.2.0,Release,Linux,effective_cpu_capacity=4,4,1,linux_sched_affinity+cgroup_cpu_quota,1,1,runtime_latency,budget_1_runtime_0,completion_latency,ms,0.045157000000000003,parallel_for,runtimes=2;items_per_runtime=32,thread_pool,not_applicable,Adaptive,1,1,1,1,1,1,1,0,not_nested,0,wait,granted,0.72099999999999997,not_requested,1,10831286851329034220,0.045157000000000003,9,single,2,25174054,1,1,0,0
2,1.8.0,GCC,14.2.0,Release,Linux,effective_cpu_capacity=4,4,1,linux_sched_affinity+cgroup_cpu_quota,1,1,runtime_latency,budget_1_runtime_1,completion_latency,ms,0.074160000000000004,parallel_for,runtimes=2;items_per_runtime=32,thread_pool,not_applicable,Adaptive,1,1,1,1,1,1,1,0,not_nested,0,wait,granted,38.887999999999998,not_requested,1,10831286851329034220,0.074160000000000004,9,single,2,25174054,1,1,0,0
2,1.8.0,GCC,14.2.0,Release,Linux,effective_cpu_capacity=4,4,1,linux_sched_affinity+cgroup_cpu_quota,2,2,governed_vs_ungoverned,budget_2,batch_wall_time,ms,0.18842,parallel_for,runtimes=2;items_per_runtime=32,thread_pool,not_applicable,Adaptive,2,1,2,2,2,2,2,0,not_nested,0,wait,granted,0.871,not_requested,1,10831286851329034220,0.18842,9,single,2,25174054,2,2,0,0
2,1.8.0,GCC,14.2.0,Release,Linux,effective_cpu_capacity=4,4,1,linux_sched_affinity+cgroup_cpu_quota,2,2,governed_vs_ungoverned,budget_2,throughput,operations_per_second,10614.584439019212,parallel_for,runtimes=2;items_per_runtime=32,thread_pool,not_applicable,Adaptive,2,1,2,2,2,2,2,0,not_nested,0,wait,granted,0.871,not_requested,1,10831286851329034220,0.18842,9,single,2,25174054,2,2,0,0
2,1.8.0,GCC,14.2.0,Release,Linux,effective_cpu_capacity=4,4,1,linux_sched_affinity+cgroup_cpu_quota,2,2,governed_vs_ungoverned,budget_2,peak_participation,threads,2,parallel_for,runtimes=2;items_per_runtime=32,thread_pool,not_applicable,Adaptive,2,1,2,2,2,2,2,0,not_nested,0,wait,granted,0.871,not_requested,1,10831286851329034220,0.18842,9,single,2,25174054,2,2,0,0
2,1.8.0,GCC,14.2.0,Release,Linux,effective_cpu_capacity=4,4,1,linux_sched_affinity+cgroup_cpu_quota,2,2,runtime_latency,budget_2_runtime_0,completion_latency,ms,0.078877000000000003,parallel_for,runtimes=2;items_per_runtime=32,thread_pool,not_applicable,Adaptive,2,1,2,2,2,2,2,0,not_nested,0,wait,granted,0.871,not_requested,1,10831286851329034220,0.078877000000000003,9,single,2,25174054,1,2,0,0
2,1.8.0,GCC,14.2.0,Release,Linux,effective_cpu_capacity=4,4,1,linux_sched_affinity+cgroup_cpu_quota,2,2,runtime_latency,budget_2_runtime_1,completion_latency,ms,0.136463,parallel_for,runtimes=2;items_per_runtime=32,thread_pool,not_applicable,Adaptive,2,1,2,2,2,2,2,0,not_nested,0,wait,granted,80.028999999999996,not_requested,1,10831286851329034220,0.136463,9,single,2,25174054,1,2,0,0
2,1.8.0,GCC,14.2.0,Release,Linux,effective_cpu_capacity=4,4,1,linux_sched_affinity+cgroup_cpu_quota,4,4,governed_vs_ungoverned,budget_4,batch_wall_time,ms,0.181921,parallel_for,runtimes=2;items_per_runtime=64,thread_pool,not_applicable,Adaptive,4,1,4,4,4,4,2,0,not_nested,0,wait,granted,0.90200000000000002,not_requested,1,7589314552514409162,0.181921,9,single,2,25174054,2,3,0,0
2,1.8.0,GCC,14.2.0,Release,Linux,effective_cpu_capacity=4,4,1,linux_sched_affinity+cgroup_cpu_quota,4,4,governed_vs_ungoverned,budget_4,throughput,operations_per_second,10993.783015704619,parallel_for,runtimes=2;items_per_runtime=64,thread_pool,not_applicable,Adaptive,4,1,4,4,4,4,2,0,not_nested,0,wait,granted,0.90200000000000002,not_requested,1,7589314552514409162,0.181921,9,single,2,25174054,2,3,0,0
2,1.8.0,GCC,14.2.0,Release,Linux,effective_cpu_capacity=4,4,1,linux_sched_affinity+cgroup_cpu_quota,4,4,governed_vs_ungoverned,budget_4,peak_participation,threads,3,parallel_for,runtimes=2;items_per_runtime=64,thread_pool,not_applicable,Adaptive,4,1,4,4,4,4,2,0,not_nested,0,wait,granted,0.90200000000000002,not_requested,1,7589314552514409162,0.181921,9,single,2,25174054,2,3,0,0
2,1.8.0,GCC,14.2.0,Release,Linux,effective_cpu_capacity=4,4,1,linux_sched_affinity+cgroup_cpu_quota,4,4,runtime_latency,budget_4_runtime_0,completion_latency,ms,0.066198999999999994,parallel_for,runtimes=2;items_per_runtime=64,thread_pool,not_applicable,Adaptive,4,1,4,4,4,4,2,0,not_nested,0,wait,granted,0.90200000000000002,not_requested,1,7589314552514409162,0.066198999999999994,9,single,2,25174054,1,3,0,0
2,1.8.0,GCC,14.2.0,Release,Linux,effective_cpu_capacity=4,4,1,linux_sched_affinity+cgroup_cpu_quota,4,4,runtime_latency,budget_4_runtime_1,completion_latency,ms,0.129943,parallel_for,runtimes=2;items_per_runtime=64,thread_pool,not_applicable,Adaptive,4,1,4,4,4,4,3,0,not_nested,0,wait,granted,62.722999999999999,not_requested,1,7589314552514409162,0.129943,9,single,2,25174054,1,3,0,0
2,1.8.0,GCC,14.2.0,Release,Linux,effective_cpu_capacity=4,4,1,linux_sched_affinity+cgroup_cpu_quota,4,1,governor_overhead,uncontended_exact_acquire_release,latency,us_per_acquire_release,0.14346400000000001,parallel_for,,,not_applicable,Adaptive,1,1,1,1,1,1,1,0,not_nested,1,fail_immediately,granted,0.080000000000000002,not_requested,1,,0.00014346400000000002,10,single,2,25174054,1000,1,0,0
2,1.8.0,GCC,14.2.0,Release,Linux,effective_cpu_capacity=4,4,1,linux_sched_affinity+cgroup_cpu_quota,4,1,governor_overhead,inherited_nested_lease,latency,us_per_acquire_release,0.019167999999999998,parallel_for,,,not_applicable,Adaptive,1,1,1,1,1,1,1,1,reuse_parent,1,fail_immediately,granted,0.080000000000000002,not_requested,1,,0.00014346400000000002,10,single,2,25174054,1000,1,0,0
2,1.8.0,GCC,14.2.0,Release,Linux,effective_cpu_capacity=4,4,1,linux_sched_affinity+cgroup_cpu_quota,4,4,governor_overhead,flexible_partial_grant,latency,us_per_acquire_release,0.34100000000000003,parallel_for,,,not_applicable,Adaptive,4,1,4,4,1,1,1,0,not_nested,0,fail_immediately,granted,0.18099999999999999,not_requested,1,,0.00014346400000000002,10,single,2,25174054,1,1,0,0
2,1.8.0,GCC,14.2.0,Release,Linux,effective_cpu_capacity=4,4,1,linux_sched_affinity+cgroup_cpu_quota,4,4,governor_overhead,immediate_failure,latency,us_per_acquire_release,0.30099999999999999,parallel_for,,,not_applicable,Adaptive,4,4,4,4,0,0,0,0,not_nested,1,fail_immediately,would_block,0,not_requested,1,,0.00014346400000000002,10,single,2,25174054,1,1,0,0
2,1.8.0,GCC,14.2.0,Release,Linux,effective_cpu_capacity=4,4,1,linux_sched_affinity+cgroup_cpu_quota,4,4,governor_overhead,direct_cancellation_notification,latency,us,46.359000000000002,parallel_for,,,not_applicable,Adaptive,4,4,4,4,0,0,0,0,not_nested,1,wait,cancelled,46.107999999999997,requested,1,,0.046359000000000004,10,single,2,25174054,1,0,0,0
2,1.8.0,GCC,14.2.0,Release,Linux,effective_cpu_capacity=4,4,1,linux_sched_affinity+cgroup_cpu_quota,4,4,admission_fairness,large_exact_request,completion_rank,rank,5,parallel_for,one_large_exact_plus_eight_small_exact,,not_applicable,Adaptive,4,4,4,4,4,4,4,0,not_nested,1,wait,granted,156.68299999999999,not_requested,1,,0,10,single,2,25174054,1,0,4,156.68299999999999
2,1.8.0,GCC,14.2.0,Release,Linux,effective_cpu_capacity=4,4,1,linux_sched_affinity+cgroup_cpu_quota,4,4,admission_fairness,small_request_0,completion_rank,rank,1,parallel_for,one_large_exact_plus_eight_small_exact,,not_applicable,Adaptive,1,1,1,1,1,1,1,0,not_nested,1,wait,granted,12.709,not_requested,1,,0,10,single,2,25174054,1,0,4,12.709
2,1.8.0,GCC,14.2.0,Release,Linux,effective_cpu_capacity=4,4,1,linux_sched_affinity+cgroup_cpu_quota,4,4,admission_fairness,small_request_1,completion_rank,rank,2,parallel_for,one_large_exact_plus_eight_small_exact,,not_applicable,Adaptive,1,1,1,1,1,1,1,0,not_nested,1,wait,granted,1.4319999999999999,not_requested,1,,0,10,single,2,25174054,1,0,4,1.4319999999999999
2,1.8.0,GCC,14.2.0,Release,Linux,effective_cpu_capacity=4,4,1,linux_sched_affinity+cgroup_cpu_quota,4,4,admission_fairness,small_request_2,completion_rank,rank,3,parallel_for,one_large_exact_plus_eight_small_exact,,not_applicable,Adaptive,1,1,1,1,1,1,1,0,not_nested,1,wait,granted,1.1020000000000001,not_requested,1,,0,10,single,2,25174054,1,0,4,1.1020000000000001
2,1.8.0,GCC,14.2.0,Release,Linux,effective_cpu_capacity=4,4,1,linux_sched_affinity+cgroup_cpu_quota,4,4,admission_fairness,small_request_3,completion_rank,rank,4,parallel_for,one_large_exact_plus_eight_small_exact,,not_applicable,Adaptive,1,1,1,1,1,1,1,0,not_nested,1,wait,granted,7.7519999999999998,not_requested,1,,0,10,single,2,25174054,1,0,4,7.7519999999999998
2,1.8.0,GCC,14.2.0,Release,Linux,effective_cpu_capacity=4,4,1,linux_sched_affinity+cgroup_cpu_quota,4,4,admission_fairness,small_request_4,completion_rank,rank,8,parallel_for,one_large_exact_plus_eight_small_exact,,not_applicable,Adaptive,1,1,1,1,1,1,1,0,not_nested,1,wait,granted,1254.597,not_requested,1,,0,10,single,2,25174054,1,0,4,1254.597
2,1.8.0,GCC,14.2.0,Release,Linux,effective_cpu_capacity=4,4,1,linux_sched_affinity+cgroup_cpu_quota,4,4,admission_fairness,small_request_5,completion_rank,rank,7,parallel_for,one_large_exact_plus_eight_small_exact,,not_applicable,Adaptive,1,1,1,1,1,1,1,0,not_nested,1,wait,granted,1185.845,not_requested,1,,0,10,single,2,25174054,1,0,4,1185.845
2,1.8.0,GCC,14.2.0,Release,Linux,effective_cpu_capacity=4,4,1,linux_sched_affinity+cgroup_cpu_quota,4,4,admission_fairness,small_request_6,completion_rank,rank,9,parallel_for,one_large_exact_plus_eight_small_exact,,not_applicable,Adaptive,1,1,1,1,1,1,1,0,not_nested,1,wait,granted,1213.5170000000001,not_requested,1,,0,10,single,2,25174054,1,0,4,1213.5170000000001
2,1.8.0,GCC,14.2.0,Release,Linux,effective_cpu_capacity=4,4,1,linux_sched_affinity+cgroup_cpu_quota,4,4,admission_fairness,small_request_7,completion_rank,rank,6,parallel_for,one_large_exact_plus_eight_small_exact,,not_applicable,Adaptive,1,1,1,1,1,1,1,0,not_nested,1,wait,granted,1150.412,not_requested,1,,0,10,single,2,25174054,1,0,4,1150.412
2,1.8.0,GCC,14.2.0,Release,Linux,effective_cpu_capacity=4,4,1,linux_sched_affinity+cgroup_cpu_quota,4,4,adaptive_partial_grant,available_one_of_preferred_budget,granted_workers,threads,1,parallel_for,,thread_pool,not_applicable,Adaptive,4,1,4,4,1,1,1,0,not_nested,0,wait,granted,0.27100000000000002,not_requested,1,,0.098296999999999995,10,single,2,25174054,1,1,0,0
2,1.8.0,GCC,14.2.0,Release,Linux,effective_cpu_capacity=4,4,1,linux_sched_affinity+cgroup_cpu_quota,4,4,nested_execution,depth_1,peak_participation,threads,1,parallel_for,depth=1;leaves=2,thread_pool,not_applicable,Adaptive,2,1,2,4,2,2,1,0,not_nested,0,wait,granted,0.32000000000000001,not_requested,1,,0.028783,10,single,2,25174054,1,1,0,0
2,1.8.0,GCC,14.2.0,Release,Linux,effective_cpu_capacity=4,4,1,linux_sched_affinity+cgroup_cpu_quota,4,4,nested_execution,depth_2,peak_participation,threads,1,parallel_for,depth=2;leaves=4,thread_pool,not_applicable,Adaptive,2,1,2,4,2,2,1,0,not_nested,0,wait,granted,0.23000000000000001,not_requested,1,,0.015834000000000001,10,single,2,25174054,1,1,0,0
2,1.8.0,GCC,14.2.0,Release,Linux,effective_cpu_capacity=4,4,1,linux_sched_affinity+cgroup_cpu_quota,4,4,nested_execution,depth_3,peak_participation,threads,1,parallel_for,depth=3;leaves=8,thread_pool,not_applicable,Adaptive,2,1,2,4,2,2,1,0,not_nested,0,wait,granted,0.23100000000000001,not_requested,1,,0.023365,10,single,2,25174054,1,1,0,0
2,1.8.0,GCC,14.2.0,Release,Linux,effective_cpu_capacity=4,4,1,linux_sched_affinity+cgroup_cpu_quota,4,4,nested_execution,depth_4,peak_participation,threads,1,parallel_for,depth=4;leaves=16,thread_pool,not_applicable,Adaptive,2,1,2,4,2,2,1,0,not_nested,0,wait,granted,0.22,not_requested,1,,0.023716000000000001,10,single,2,25174054,1,1,0,0
2,1.8.0,GCC,14.2.0,Release,Linux,effective_cpu_capacity=4,4,1,linux_sched_affinity+cgroup_cpu_quota,1,1,scheduler_comparison,sequential,duration,ms,0.404252,parallel_for,,sequential,not_applicable,Adaptive,1,1,1,1,1,1,1,0,not_nested,0,wait,granted,0.20000000000000001,not_requested,1,5314921549994187984,0.404252,10,single,2,25174054,1,1,0,0
2,1.8.0,GCC,14.2.0,Release,Linux,effective_cpu_capacity=4,4,1,linux_sched_affinity+cgroup_cpu_quota,4,4,scheduler_comparison,thread_pool,duration,ms,0.210733,parallel_for,,thread_pool,not_applicable,Adaptive,4,1,4,4,4,4,4,0,not_nested,0,wait,granted,0.16,not_requested,1,5314921549994187984,0.210733,10,single,2,25174054,1,4,0,0
2,1.8.0,GCC,14.2.0,Release,Linux,effective_cpu_capacity=4,4,1,linux_sched_affinity+cgroup_cpu_quota,4,4,scheduler_comparison,static_thread,duration,ms,0.25442900000000002,parallel_for,,static_thread,not_applicable,Adaptive,4,1,4,4,4,4,4,0,not_nested,0,wait,granted,0.26000000000000001,not_requested,1,5314921549994187984,0.25442900000000002,10,single,2,25174054,1,4,0,0
2,1.8.0,GCC,14.2.0,Release,Linux,effective_cpu_capacity=4,4,1,linux_sched_affinity+cgroup_cpu_quota,4,4,deterministic_exact_grant,success,accepted,boolean,1,parallel_for,,thread_pool,not_applicable,Deterministic,4,4,4,4,4,4,1,0,not_nested,1,fail_immediately,granted,0.53100000000000003,not_requested,1,,0,10,single,2,25174054,1,0,0,0
2,1.8.0,GCC,14.2.0,Release,Linux,effective_cpu_capacity=4,4,1,linux_sched_affinity+cgroup_cpu_quota,4,4,deterministic_exact_grant,insufficient_budget_failure,accepted,boolean,1,parallel_for,,,not_applicable,Deterministic,4,4,4,4,0,0,0,0,not_nested,1,fail_immediately,would_block,0,not_requested,1,,0,10,single,2,25174054,1,0,0,0
2,1.8.0,GCC,14.2.0,Release,Linux,effective_cpu_capacity=4,4,1,linux_sched_affinity+cgroup_cpu_quota,4,4,governed_vs_ungoverned,governed,batch_wall_time,ms,2.4715189999999998,parallel_for,runtimes=2;items_per_runtime=128,thread_pool,not_applicable,Adaptive,4,1,4,4,4,4,4,0,not_nested,0,wait,granted,1.111,not_requested,1,14754973877547064749,2.4715189999999998,10,governed_then_ungoverned,2,25174054,2,4,0,0
2,1.8.0,GCC,14.2.0,Release,Linux,effective_cpu_capacity=4,4,1,linux_sched_affinity+cgroup_cpu_quota,4,4,governed_vs_ungoverned,governed,throughput,operations_per_second,809.21894591949331,parallel_for,runtimes=2;items_per_runtime=128,thread_pool,not_applicable,Adaptive,4,1,4,4,4,4,4,0,not_nested,0,wait,granted,1.111,not_requested,1,14754973877547064749,2.4715189999999998,10,governed_then_ungoverned,2,25174054,2,4,0,0
2,1.8.0,GCC,14.2.0,Release,Linux,effective_cpu_capacity=4,4,1,linux_sched_affinity+cgroup_cpu_quota,4,4,governed_vs_ungoverned,governed,peak_participation,threads,4,parallel_for,runtimes=2;items_per_runtime=128,thread_pool,not_applicable,Adaptive,4,1,4,4,4,4,4,0,not_nested,0,wait,granted,1.111,not_requested,1,14754973877547064749,2.4715189999999998,10,governed_then_ungoverned,2,25174054,2,4,0,0
2,1.8.0,GCC,14.2.0,Release,Linux,effective_cpu_capacity=4,4,1,linux_sched_affinity+cgroup_cpu_quota,4,4,runtime_latency,governed_runtime_0,completion_latency,ms,1.206216,parallel_for,runtimes=2;items_per_runtime=128,thread_pool,not_applicable,Adaptive,4,1,4,4,4,4,4,0,not_nested,0,wait,granted,1.111,not_requested,1,14754973877547064749,1.206216,10,governed_then_ungoverned,2,25174054,1,4,0,0
2,1.8.0,GCC,14.2.0,Release,Linux,effective_cpu_capacity=4,4,1,linux_sched_affinity+cgroup_cpu_quota,4,4,runtime_latency,governed_runtime_1,completion_latency,ms,2.360474,parallel_for,runtimes=2;items_per_runtime=128,thread_pool,not_applicable,Adaptive,4,1,4,4,4,4,3,0,not_nested,0,wait,granted,1204.0920000000001,not_requested,1,14754973877547064749,2.360474,10,governed_then_ungoverned,2,25174054,1,4,0,0
2,1.8.0,GCC,14.2.0,Release,Linux,effective_cpu_capacity=4,4,1,linux_sched_affinity+cgroup_cpu_quota,4,4,governed_vs_ungoverned,ungoverned,batch_wall_time,ms,1.6165160000000001,parallel_for,runtimes=2;items_per_runtime=128,thread_pool,not_applicable,Adaptive,4,1,4,4,4,4,2,0,not_nested,0,wait,granted,1.0209999999999999,not_requested,1,14754973877547064749,1.6165160000000001,10,governed_then_ungoverned,2,25174054,2,4,0,0
2,1.8.0,GCC,14.2.0,Release,Linux,effective_cpu_capacity=4,4,1,linux_sched_affinity+cgroup_cpu_quota,4,4,governed_vs_ungoverned,ungoverned,throughput,operations_per_second,1237.2287066753436,parallel_for,runtimes=2;items_per_runtime=128,thread_pool,not_applicable,Adaptive,4,1,4,4,4,4,2,0,not_nested,0,wait,granted,1.0209999999999999,not_requested,1,14754973877547064749,1.6165160000000001,10,governed_then_ungoverned,2,25174054,2,4,0,0
2,1.8.0,GCC,14.2.0,Release,Linux,effective_cpu_capacity=4,4,1,linux_sched_affinity+cgroup_cpu_quota,4,4,governed_vs_ungoverned,ungoverned,peak_participation,threads,4,parallel_for,runtimes=2;items_per_runtime=128,thread_pool,not_applicable,Adaptive,4,1,4,4,4,4,2,0,not_nested,0,wait,granted,1.0209999999999999,not_requested,1,14754973877547064749,1.6165160000000001,10,governed_then_ungoverned,2,25174054,2,4,0,0
2,1.8.0,GCC,14.2.0,Release,Linux,effective_cpu_capacity=4,4,1,linux_sched_affinity+cgroup_cpu_quota,4,4,runtime_latency,ungoverned_runtime_0,completion_latency,ms,1.516718,parallel_for,runtimes=2;items_per_runtime=128,thread_pool,not_applicable,Adaptive,4,1,4,4,4,4,2,0,not_nested,0,wait,granted,1.0209999999999999,not_requested,1,14754973877547064749,1.516718,10,governed_then_ungoverned,2,25174054,1,4,0,0
2,1.8.0,GCC,14.2.0,Release,Linux,effective_cpu_capacity=4,4,1,linux_sched_affinity+cgroup_cpu_quota,4,4,runtime_latency,ungoverned_runtime_1,completion_latency,ms,1.5472030000000001,parallel_for,runtimes=2;items_per_runtime=128,thread_pool,not_applicable,Adaptive,4,1,4,4,4,4,2,0,not_nested,0,wait,granted,0.55100000000000005,not_requested,1,14754973877547064749,1.5472030000000001,10,governed_then_ungoverned,2,25174054,1,4,0,0
2,1.8.0,GCC,14.2.0,Release,Linux,effective_cpu_capacity=4,4,1,linux_sched_affinity+cgroup_cpu_quota,4,4,governed_vs_ungoverned,governed_2_runtimes,batch_wall_time,ms,0.17577100000000001,parallel_for,runtimes=2;items_per_runtime=32,thread_pool,not_applicable,Adaptive,4,1,4,4,4,4,2,0,not_nested,0,wait,granted,1.0820000000000001,not_requested,1,10831286851329034220,0.17577100000000001,10,single,2,25174054,2,2,0,0
2,1.8.0,GCC,14.2.0,Release,Linux,effective_cpu_capacity=4,4,1,linux_sched_affinity+cgroup_cpu_quota,4,4,governed_vs_ungoverned,governed_2_runtimes,throughput,operations_per_second,11378.441267330787,parallel_for,runtimes=2;items_per_runtime=32,thread_pool,not_applicable,Adaptive,4,1,4,4,4,4,2,0,not_nested,0,wait,granted,1.0820000000000001,not_requested,1,10831286851329034220,0.17577100000000001,10,single,2,25174054,2,2,0,0
2,1.8.0,GCC,14.2.0,Release,Linux,effective_cpu_capacity=4,4,1,linux_sched_affinity+cgroup_cpu_quota,4,4,governed_vs_ungoverned,governed_2_runtimes,peak_participation,threads,2,parallel_for,runtimes=2;items_per_runtime=32,thread_pool,not_applicable,Adaptive,4,1,4,4,4,4,2,0,not_nested,0,wait,granted,1.0820000000000001,not_requested,1,10831286851329034220,0.17577100000000001,10,single,2,25174054,2,2,0,0
2,1.8.0,GCC,14.2.0,Release,Linux,effective_cpu_capacity=4,4,1,linux_sched_affinity+cgroup_cpu_quota,4,4,runtime_latency,governed_2_runtimes_runtime_0,completion_latency,ms,0.065447000000000005,parallel_for,runtimes=2;items_per_runtime=32,thread_pool,not_applicable,Adaptive,4,1,4,4,4,4,2,0,not_nested,0,wait,granted,1.0820000000000001,not_requested,1,10831286851329034220,0.065447000000000005,10,single,2,25174054,1,2,0,0
2,1.8.0,GCC,14.2.0,Release,Linux,effective_cpu_capacity=4,4,1,linux_sched_affinity+cgroup_cpu_quota,4,4,runtime_latency,governed_2_runtimes_runtime_1,completion_latency,ms,0.111596,parallel_for,runtimes=2;items_per_runtime=32,thread_pool,not_applicable,Adaptive,4,1,4,4,4,4,2,0,not_nested,0,wait,granted,59.628999999999998,not_requested,1,10831286851329034220,0.111596,10,single,2,25174054,1,2,0,0
2,1.8.0,GCC,14.2.0,Release,Linux,effective_cpu_capacity=4,4,1,linux_sched_affinity+cgroup_cpu_quota,4,4,governed_vs_ungoverned,governed_4_runtimes,batch_wall_time,ms,0.47168199999999999,parallel_for,runtimes=4;items_per_runtime=32,thread_pool,not_applicable,Adaptive,4,1,4,4,4,4,2,0,not_nested,0,wait,granted,1.1120000000000001,not_requested,1,7589314552514409162,0.47168199999999999,10,single,2,25174054,4,2,0,0
2,1.8.0,GCC,14.2.0,Release,Linux,effective_cpu_capacity=4,4,1,linux_sched_affinity+cgroup_cpu_quota,4,4,governed_vs_ungoverned,governed_4_runtimes,throughput,operations_per_second,8480.289686695698,parallel_for,runtimes=4;items_per_runtime=32,thread_pool,not_applicable,Adaptive,4,1,4,4,4,4,2,0,not_nested,0,wait,granted,1.1120000000000001,not_requested,1,7589314552514409162,0.47168199999999999,10,single,2,25174054,4,2,0,0
2,1.8.0,GCC,14.2.0,Release,Linux,effective_cpu_capacity=4,4,1,linux_sched_affinity+cgroup_cpu_quota,4,4,governed_vs_ungoverned,governed_4_runtimes,peak_participation,threads,2,parallel_for,runtimes=4;items_per_runtime=32,thread_pool,not_applicable,Adaptive,4,1,4,4,4,4,2,0,not_nested,0,wait,granted,1.1120000000000001,not_requested,1,7589314552514409162,0.47168199999999999,10,single,2,25174054,4,2,0,0
2,1.8.0,GCC,14.2.0,Release,Linux,effective_cpu_capacity=4,4,1,linux_sched_affinity+cgroup_cpu_quota,4,4,runtime_latency,governed_4_runtimes_runtime_0,completion_latency,ms,0.071515999999999996,parallel_for,runtimes=4;items_per_runtime=32,thread_pool,not_applicable,Adaptive,4,1,4,4,4,4,2,0,not_nested,0,wait,granted,1.1120000000000001,not_requested,1,7589314552514409162,0.071515999999999996,10,single,2,25174054,1,2,0,0
2,1.8.0,GCC,14.2.0,Release,Linux,effective_cpu_capacity=4,4,1,linux_sched_affinity+cgroup_cpu_quota,4,4,runtime_latency,governed_4_runtimes_runtime_1,completion_latency,ms,0.225936,parallel_for,runtimes=4;items_per_runtime=32,thread_pool,not_applicable,Adaptive,4,1,4,4,4,4,3,0,not_nested,0,wait,granted,143.00299999999999,not_requested,1,7589314552514409162,0.225936,10,single,2,25174054,1,2,0,0
2,1.8.0,GCC,14.2.0,Release,Linux,effective_cpu_capacity=4,4,1,linux_sched_affinity+cgroup_cpu_quota,4,4,runtime_latency,governed_4_runtimes_runtime_2,completion_latency,ms,0.14172100000000001,parallel_for,runtimes=4;items_per_runtime=32,thread_pool,not_applicable,Adaptive,4,1,4,4,4,4,3,0,not_nested,0,wait,granted,64.876000000000005,not_requested,1,7589314552514409162,0.14172100000000001,10,single,2,25174054,1,2,0,0
2,1.8.0,GCC,14.2.0,Release,Linux,effective_cpu_capacity=4,4,1,linux_sched_affinity+cgroup_cpu_quota,4,4,runtime_latency,governed_4_runtimes_runtime_3,completion_latency,ms,0.27398800000000001,parallel_for,runtimes=4;items_per_runtime=32,thread_pool,not_applicable,Adaptive,4,1,4,4,4,4,2,0,not_nested,0,wait,granted,222.87200000000001,not_requested,1,7589314552514409162,0.27398800000000001,10,single,2,25174054,1,2,0,0
2,1.8.0,GCC,14.2.0,Release,Linux,effective_cpu_capacity=4,4,1,linux_sched_affinity+cgroup_cpu_quota,4,4,governed_vs_ungoverned,governed_8_runtimes,batch_wall_time,ms,1.343059,parallel_for,runtimes=8;items_per_runtime=32,thread_pool,not_applicable,Adaptive,4,1,4,4,4,4,3,0,not_nested,0,wait,granted,665.024,not_requested,1,3424649268515386025,1.343059,10,single,2,25174054,8,3,0,0
2,1.8.0,GCC,14.2.0,Release,Linux,effective_cpu_capacity=4,4,1,linux_sched_affinity+cgroup_cpu_quota,4,4,governed_vs_ungoverned,governed_8_runtimes,throughput,operations_per_second,5956.5514247698729,parallel_for,runtimes=8;items_per_runtime=32,thread_pool,not_applicable,Adaptive,4,1,4,4,4,4,3,0,not_nested,0,wait,granted,665.024,not_requested,1,3424649268515386025,1.343059,10,single,2,25174054,8,3,0,0
2,1.8.0,GCC,14.2.0,Release,Linux,effective_cpu_capacity=4,4,1,linux_sched_affinity+cgroup_cpu_quota,4,4,governed_vs_ungoverned,governed_8_runtimes,peak_participation,threads,3,parallel_for,runtimes=8;items_per_runtime=32,thread_pool,not_applicable,Adaptive,4,1,4,4,4,4,3,0,not_nested,0,wait,granted,665.024,not_requested,1,3424649268515386025,1.343059,10,single,2,25174054,8,3,0,0
2,1.8.0,GCC,14.2.0,Release,Linux,effective_cpu_capacity=4,4,1,linux_sched_affinity+cgroup_cpu_quota,4,4,runtime_latency,governed_8_runtimes_runtime_0,completion_latency,ms,0.74676600000000004,parallel_for,runtimes=8;items_per_runtime=32,thread_pool,not_applicable,Adaptive,4,1,4,4,4,4,3,0,not_nested,0,wait,granted,665.024,not_requested,1,3424649268515386025,0.74676600000000004,10,single,2,25174054,1,3,0,0
2,1.8.0,GCC,14.2.0,Release,Linux,effective_cpu_capacity=4,4,1,linux_sched_affinity+cgroup_cpu_quota,4,4,runtime_latency,governed_8_runtimes_runtime_1,completion_latency,ms,0.32988099999999998,parallel_for,runtimes=8;items_per_runtime=32,thread_pool,not_applicable,Adaptive,4,1,4,4,4,4,3,0,not_nested,0,wait,granted,241.40899999999999,not_requested,1,3424649268515386025,0.32988099999999998,10,single,2,25174054,1,3,0,0
2,1.8.0,GCC,14.2.0,Release,Linux,effective_cpu_capacity=4,4,1,linux_sched_affinity+cgroup_cpu_quota,4,4,runtime_latency,governed_8_runtimes_runtime_2,completion_latency,ms,0.71988200000000002,parallel_for,runtimes=8;items_per_runtime=32,thread_pool,not_applicable,Adaptive,4,1,4,4,4,4,3,0,not_nested,0,wait,granted,658.35900000000004,not_requested,1,3424649268515386025,0.71988200000000002,10,single,2,25174054,1,3,0,0
2,1.8.0,GCC,14.2.0,Release,Linux,effective_cpu_capacity=4,4,1,linux_sched_affinity+cgroup_cpu_quota,4,4,runtime_latency,governed_8_runtimes_runtime_3,completion_latency,ms,0.110985,parallel_for,runtimes=8;items_per_runtime=32,thread_pool,not_applicable,Adaptive,4,1,4,4,4,4,1,0,not_nested,0,wait,granted,1.222,not_requested,1,3424649268515386025,0.110985,10,single,2,25174054,1,3,0,0
2,1.8.0,GCC,14.2.0,Release,Linux,effective_cpu_capacity=4,4,1,linux_sched_affinity+cgroup_cpu_quota,4,4,runtime_latency,governed_8_runtimes_runtime_4,completion_latency,ms,0.66172500000000001,parallel_for,runtimes=8;items_per_runtime=32,thread_pool,not_applicable,Adaptive,4,1,4,4,4,4,3,0,not_nested,0,wait,granted,568.37599999999998,not_requested,1,3424649268515386025,0.66172500000000001,10,single,2,25174054,1,3,0,0
2,1.8.0,GCC,14.2.0,Release,Linux,effective_cpu_capacity=4,4,1,linux_sched_affinity+cgroup_cpu_quota,4,4,runtime_latency,governed_8_runtimes_runtime_5,completion_latency,ms,0.24013799999999999,parallel_for,runtimes=8;items_per_runtime=32,thread_pool,not_applicable,Adaptive,4,1,4,4,4,4,1,0,not_nested,0,wait,granted,109.26300000000001,not_requested,1,3424649268515386025,0.24013799999999999,10,single,2,25174054,1,3,0,0
2,1.8.0,GCC,14.2.0,Release,Linux,effective_cpu_capacity=4,4,1,linux_sched_affinity+cgroup_cpu_quota,4,4,runtime_latency,governed_8_runtimes_runtime_6,completion_latency,ms,0.57588700000000004,parallel_for,runtimes=8;items_per_runtime=32,thread_pool,not_applicable,Adaptive,4,1,4,4,4,4,2,0,not_nested,0,wait,granted,427.12599999999998,not_requested,1,3424649268515386025,0.57588700000000004,10,single,2,25174054,1,3,0,0
2,1.8.0,GCC,14.2.0,Release,Linux,effective_cpu_capacity=4,4,1,linux_sched_affinity+cgroup_cpu_quota,4,4,runtime_latency,governed_8_runtimes_runtime_7,completion_latency,ms,0.415578,parallel_for,runtimes=8;items_per_runtime=32,thread_pool,not_applicable,Adaptive,4,1,4,4,4,4,2,0,not_nested,0,wait,granted,326.70600000000002,not_requested,1,3424649268515386025,0.415578,10,single,2,25174054,1,3,0,0
2,1.8.0,GCC,14.2.0,Release,Linux,effective_cpu_capacity=4,4,1,linux_sched_affinity+cgroup_cpu_quota,1,1,governed_vs_ungoverned,budget_1,batch_wall_time,ms,0.160549,parallel_for,runtimes=2;items_per_runtime=32,thread_pool,not_applicable,Adaptive,1,1,1,1,1,1,1,0,not_nested,0,wait,granted,0.96199999999999997,not_requested,1,10831286851329034220,0.160549,10,single,2,25174054,2,1,0,0
2,1.8.0,GCC,14.2.0,Release,Linux,effective_cpu_capacity=4,4,1,linux_sched_affinity+cgroup_cpu_quota,1,1,governed_vs_ungoverned,budget_1,throughput,operations_per_second,12457.256040212022,parallel_for,runtimes=2;items_per_runtime=32,thread_pool,not_applicable,Adaptive,1,1,1,1,1,1,1,0,not_nested,0,wait,granted,0.96199999999999997,not_requested,1,10831286851329034220,0.160549,10,single,2,25174054,2,1,0,0
2,1.8.0,GCC,14.2.0,Release,Linux,effective_cpu_capacity=4,4,1,linux_sched_affinity+cgroup_cpu_quota,1,1,governed_vs_ungoverned,budget_1,peak_participation,threads,1,parallel_for,runtimes=2;items_per_runtime=32,thread_pool,not_applicable,Adaptive,1,1,1,1,1,1,1,0,not_nested,0,wait,granted,0.96199999999999997,not_requested,1,10831286851329034220,0.160549,10,single,2,25174054,2,1,0,0
2,1.8.0,GCC,14.2.0,Release,Linux,effective_cpu_capacity=4,4,1,linux_sched_affinity+cgroup_cpu_quota,1,1,runtime_latency,budget_1_runtime_0,completion_latency,ms,0.059978999999999998,parallel_for,runtimes=2;items_per_runtime=32,thread_pool,not_applicable,Adaptive,1,1,1,1,1,1,1,0,not_nested,0,wait,granted,0.96199999999999997,not_requested,1,10831286851329034220,0.059978999999999998,10,single,2,25174054,1,1,0,0
2,1.8.0,GCC,14.2.0,Release,Linux,effective_cpu_capacity=4,4,1,linux_sched_affinity+cgroup_cpu_quota,1,1,runtime_latency,budget_1_runtime_1,completion_latency,ms,0.090260000000000007,parallel_for,runtimes=2;items_per_runtime=32,thread_pool,not_applicable,Adaptive,1,1,1,1,1,1,1,0,not_nested,0,wait,granted,52.543999999999997,not_requested,1,10831286851329034220,0.090260000000000007,10,single,2,25174054,1,1,0,0
2,1.8.0,GCC,14.2.0,Release,Linux,effective_cpu_capacity=4,4,1,linux_sched_affinity+cgroup_cpu_quota,2,2,governed_vs_ungoverned,budget_2,batch_wall_time,ms,0.54707399999999995,parallel_for,runtimes=2;items_per_runtime=32,thread_pool,not_applicable,Adaptive,2,1,2,2,2,2,2,0,not_nested,0,wait,granted,0.95099999999999996,not_requested,1,10831286851329034220,0.54707399999999995,10,single,2,25174054,2,2,0,0
2,1.8.0,GCC,14.2.0,Release,Linux,effective_cpu_capacity=4,4,1,linux_sched_affinity+cgroup_cpu_quota,2,2,governed_vs_ungoverned,budget_2,throughput,operations_per_second,3655.8125591784665,parallel_for,runtimes=2;items_per_runtime=32,thread_pool,not_applicable,Adaptive,2,1,2,2,2,2,2,0,not_nested,0,wait,granted,0.95099999999999996,not_requested,1,10831286851329034220,0.54707399999999995,10,single,2,25174054,2,2,0,0
2,1.8.0,GCC,14.2.0,Release,Linux,effective_cpu_capacity=4,4,1,linux_sched_affinity+cgroup_cpu_quota,2,2,governed_vs_ungoverned,budget_2,peak_participation,threads,2,parallel_for,runtimes=2;items_per_runtime=32,thread_pool,not_applicable,Adaptive,2,1,2,2,2,2,2,0,not_nested,0,wait,granted,0.95099999999999996,not_requested,1,10831286851329034220,0.54707399999999995,10,single,2,25174054,2,2,0,0
2,1.8.0,GCC,14.2.0,Release,Linux,effective_cpu_capacity=4,4,1,linux_sched_affinity+cgroup_cpu_quota,2,2,runtime_latency,budget_2_runtime_0,completion_latency,ms,0.074971999999999997,parallel_for,runtimes=2;items_per_runtime=32,thread_pool,not_applicable,Adaptive,2,1,2,2,2,2,2,0,not_nested,0,wait,granted,0.95099999999999996,not_requested,1,10831286851329034220,0.074971999999999997,10,single,2,25174054,1,2,0,0
2,1.8.0,GCC,14.2.0,Release,Linux,effective_cpu_capacity=4,4,1,linux_sched_affinity+cgroup_cpu_quota,2,2,runtime_latency,budget_2_runtime_1,completion_latency,ms,0.45033000000000001,parallel_for,runtimes=2;items_per_runtime=32,thread_pool,not_applicable,Adaptive,2,1,2,2,2,2,1,0,not_nested,0,wait,granted,366.505,not_requested,1,10831286851329034220,0.45033000000000001,10,single,2,25174054,1,2,0,0
2,1.8.0,GCC,14.2.0,Release,Linux,effective_cpu_capacity=4,4,1,linux_sched_affinity+cgroup_cpu_quota,4,4,governed_vs_ungoverned,budget_4,batch_wall_time,ms,0.79339599999999999,parallel_for,runtimes=2;items_per_runtime=64,thread_pool,not_applicable,Adaptive,4,1,4,4,4,4,1,0,not_nested,0,wait,granted,1.171,not_requested,1,7589314552514409162,0.79339599999999999,10,single,2,25174054,2,1,0,0
2,1.8.0,GCC,14.2.0,Release,Linux,effective_cpu_capacity=4,4,1,linux_sched_affinity+cgroup_cpu_quota,4,4,governed_vs_ungoverned,budget_4,throughput,operations_per_second,2520.8092806114473,parallel_for,runtimes=2;items_per_runtime=64,thread_pool,not_applicable,Adaptive,4,1,4,4,4,4,1,0,not_nested,0,wait,granted,1.171,not_requested,1,7589314552514409162,0.79339599999999999,10,single,2,25174054,2,1,0,0
2,1.8.0,GCC,14.2.0,Release,Linux,effective_cpu_capacity=4,4,1,linux_sched_affinity+cgroup_cpu_quota,4,4,governed_vs_ungoverned,budget_4,peak_participation,threads,1,parallel_for,runtimes=2;items_per_runtime=64,thread_pool,not_applicable,Adaptive,4,1,4,4,4,4,1,0,not_nested,0,wait,granted,1.171,not_requested,1,7589314552514409162,0.79339599999999999,10,single,2,25174054,2,1,0,0
2,1.8.0,GCC,14.2.0,Release,Linux,effective_cpu_capacity=4,4,1,linux_sched_affinity+cgroup_cpu_quota,4,4,runtime_latency,budget_4_runtime_0,completion_latency,ms,0.080740000000000006,parallel_for,runtimes=2;items_per_runtime=64,thread_pool,not_applicable,Adaptive,4,1,4,4,4,4,1,0,not_nested,0,wait,granted,1.171,not_requested,1,7589314552514409162,0.080740000000000006,10,single,2,25174054,1,1,0,0
2,1.8.0,GCC,14.2.0,Release,Linux,effective_cpu_capacity=4,4,1,linux_sched_affinity+cgroup_cpu_quota,4,4,runtime_latency,budget_4_runtime_1,completion_latency,ms,0.06719,parallel_for,runtimes=2;items_per_runtime=64,thread_pool,not_applicable,Adaptive,4,1,4,4,4,4,1,0,not_nested,0,wait,granted,0.61099999999999999,not_requested,1,7589314552514409162,0.06719,10,single,2,25174054,1,1,0,0
2,1.8.0,GCC,14.2.0,Release,Linux,effective_cpu_capacity=4,4,1,linux_sched_affinity+cgroup_cpu_quota,4,1,governor_overhead,uncontended_exact_acquire_release,latency,us_per_acquire_release,0.14560699999999999,parallel_for,,,not_applicable,Adaptive,1,1,1,1,1,1,1,0,not_nested,1,fail_immediately,granted,0.080000000000000002,not_requested,1,,0.00014560699999999999,11,single,2,25174054,1000,1,0,0
2,1.8.0,GCC,14.2.0,Release,Linux,effective_cpu_capacity=4,4,1,linux_sched_affinity+cgroup_cpu_quota,4,1,governor_overhead,inherited_nested_lease,latency,us_per_acquire_release,0.017004999999999999,parallel_for,,,not_applicable,Adaptive,1,1,1,1,1,1,1,1,reuse_parent,1,fail_immediately,granted,0.080000000000000002,not_requested,1,,0.00014560699999999999,11,single,2,25174054,1000,1,0,0
2,1.8.0,GCC,14.2.0,Release,Linux,effective_cpu_capacity=4,4,1,linux_sched_affinity+cgroup_cpu_quota,4,4,governor_overhead,flexible_partial_grant,latency,us_per_acquire_release,0.44,parallel_for,,,not_applicable,Adaptive,4,1,4,4,1,1,1,0,not_nested,0,fail_immediately,granted,0.19,not_requested,1,,0.00014560699999999999,11,single,2,25174054,1,1,0,0
2,1.8.0,GCC,14.2.0,Release,Linux,effective_cpu_capacity=4,4,1,linux_sched_affinity+cgroup_cpu_quota,4,4,governor_overhead,immediate_failure,latency,us_per_acquire_release,0.52100000000000002,parallel_for,,,not_applicable,Adaptive,4,4,4,4,0,0,0,0,not_nested,1,fail_immediately,would_block,0,not_requested,1,,0.00014560699999999999,11,single,2,25174054,1,1,0,0
2,1.8.0,GCC,14.2.0,Release,Linux,effective_cpu_capacity=4,4,1,linux_sched_affinity+cgroup_cpu_quota,4,4,governor_overhead,direct_cancellation_notification,latency,us,53.143999999999998,parallel_for,,,not_applicable,Adaptive,4,4,4,4,0,0,0,0,not_nested,1,wait,cancelled,6.1600000000000001,requested,1,,0.053143999999999997,11,single,2,25174054,1,0,0,0
2,1.8.0,GCC,14.2.0,Release,Linux,effective_cpu_capacity=4,4,1,linux_sched_affinity+cgroup_cpu_quota,4,4,admission_fairness,large_exact_request,completion_rank,rank,5,parallel_for,one_large_exact_plus_eight_small_exact,,not_applicable,Adaptive,4,4,4,4,4,4,4,0,not_nested,1,wait,granted,179.447,not_requested,1,,0,11,single,2,25174054,1,0,4,179.447
2,1.8.0,GCC,14.2.0,Release,Linux,effective_cpu_capacity=4,4,1,linux_sched_affinity+cgroup_cpu_quota,4,4,admission_fairness,small_request_0,completion_rank,rank,1,parallel_for,one_large_exact_plus_eight_small_exact,,not_applicable,Adaptive,1,1,1,1,1,1,1,0,not_nested,1,wait,granted,17.556000000000001,not_requested,1,,0,11,single,2,25174054,1,0,4,17.556000000000001
2,1.8.0,GCC,14.2.0,Release,Linux,effective_cpu_capacity=4,4,1,linux_sched_affinity+cgroup_cpu_quota,4,4,admission_fairness,small_request_1,completion_rank,rank,4,parallel_for,one_large_exact_plus_eight_small_exact,,not_applicable,Adaptive,1,1,1,1,1,1,1,0,not_nested,1,wait,granted,52.218000000000004,not_requested,1,,0,11,single,2,25174054,1,0,4,52.218000000000004
2,1.8.0,GCC,14.2.0,Release,Linux,effective_cpu_capacity=4,4,1,linux_sched_affinity+cgroup_cpu_quota,4,4,admission_fairness,small_request_2,completion_rank,rank,2,parallel_for,one_large_exact_plus_eight_small_exact,,not_applicable,Adaptive,1,1,1,1,1,1,1,0,not_nested,1,wait,granted,10.907,not_requested,1,,0,11,single,2,25174054,1,0,4,10.907
2,1.8.0,GCC,14.2.0,Release,Linux,effective_cpu_capacity=4,4,1,linux_sched_affinity+cgroup_cpu_quota,4,4,admission_fairness,small_request_3,completion_rank,rank,3,parallel_for,one_large_exact_plus_eight_small_exact,,not_applicable,Adaptive,1,1,1,1,1,1,1,0,not_nested,1,wait,granted,2.0230000000000001,not_requested,1,,0,11,single,2,25174054,1,0,4,2.0230000000000001
2,1.8.0,GCC,14.2.0,Release,Linux,effective_cpu_capacity=4,4,1,linux_sched_affinity+cgroup_cpu_quota,4,4,admission_fairness,small_request_4,completion_rank,rank,6,parallel_for,one_large_exact_plus_eight_small_exact,,not_applicable,Adaptive,1,1,1,1,1,1,1,0,not_nested,1,wait,granted,1155.72,not_requested,1,,0,11,single,2,25174054,1,0,4,1155.72
2,1.8.0,GCC,14.2.0,Release,Linux,effective_cpu_capacity=4,4,1,linux_sched_affinity+cgroup_cpu_quota,4,4,admission_fairness,small_request_5,completion_rank,rank,9,parallel_for,one_large_exact_plus_eight_small_exact,,not_applicable,Adaptive,1,1,1,1,1,1,1,0,not_nested,1,wait,granted,1168.925,not_requested,1,,0,11,single,2,25174054,1,0,4,1168.925
2,1.8.0,GCC,14.2.0,Release,Linux,effective_cpu_capacity=4,4,1,linux_sched_affinity+cgroup_cpu_quota,4,4,admission_fairness,small_request_6,completion_rank,rank,8,parallel_for,one_large_exact_plus_eight_small_exact,,not_applicable,Adaptive,1,1,1,1,1,1,1,0,not_nested,1,wait,granted,1146.126,not_requested,1,,0,11,single,2,25174054,1,0,4,1146.126
2,1.8.0,GCC,14.2.0,Release,Linux,effective_cpu_capacity=4,4,1,linux_sched_affinity+cgroup_cpu_quota,4,4,admission_fairness,small_request_7,completion_rank,rank,7,parallel_for,one_large_exact_plus_eight_small_exact,,not_applicable,Adaptive,1,1,1,1,1,1,1,0,not_nested,1,wait,granted,1124.2429999999999,not_requested,1,,0,11,single,2,25174054,1,0,4,1124.2429999999999
2,1.8.0,GCC,14.2.0,Release,Linux,effective_cpu_capacity=4,4,1,linux_sched_affinity+cgroup_cpu_quota,4,4,adaptive_partial_grant,available_one_of_preferred_budget,granted_workers,threads,1,parallel_for,,thread_pool,not_applicable,Adaptive,4,1,4,4,1,1,1,0,not_nested,0,wait,granted,0.25,not_requested,1,,0.105507,11,single,2,25174054,1,1,0,0
2,1.8.0,GCC,14.2.0,Release,Linux,effective_cpu_capacity=4,4,1,linux_sched_affinity+cgroup_cpu_quota,4,4,nested_execution,depth_1,peak_participation,threads,1,parallel_for,depth=1;leaves=2,thread_pool,not_applicable,Adaptive,2,1,2,4,2,2,1,0,not_nested,0,wait,granted,0.24099999999999999,not_requested,1,,0.029142999999999999,11,single,2,25174054,1,1,0,0
2,1.8.0,GCC,14.2.0,Release,Linux,effective_cpu_capacity=4,4,1,linux_sched_affinity+cgroup_cpu_quota,4,4,nested_execution,depth_2,peak_participation,threads,1,parallel_for,depth=2;leaves=4,thread_pool,not_applicable,Adaptive,2,1,2,4,2,2,1,0,not_nested,0,wait,granted,0.27100000000000002,not_requested,1,,0.021933000000000001,11,single,2,25174054,1,1,0,0
2,1.8.0,GCC,14.2.0,Release,Linux,effective_cpu_capacity=4,4,1,linux_sched_affinity+cgroup_cpu_quota,4,4,nested_execution,depth_3,peak_participation,threads,1,parallel_for,depth=3;leaves=8,thread_pool,not_applicable,Adaptive,2,1,2,4,2,2,1,0,not_nested,0,wait,granted,0.22,not_requested,1,,0.021843000000000001,11,single,2,25174054,1,1,0,0
2,1.8.0,GCC,14.2.0,Release,Linux,effective_cpu_capacity=4,4,1,linux_sched_affinity+cgroup_cpu_quota,4,4,nested_execution,depth_4,peak_participation,threads,1,parallel_for,depth=4;leaves=16,thread_pool,not_applicable,Adaptive,2,1,2,4,2,2,1,0,not_nested,0,wait,granted,0.23999999999999999,not_requested,1,,0.029322999999999998,11,single,2,25174054,1,1,0,0
2,1.8.0,GCC,14.2.0,Release,Linux,effective_cpu_capacity=4,4,1,linux_sched_affinity+cgroup_cpu_quota,1,1,scheduler_comparison,sequential,duration,ms,0.40809699999999999,parallel_for,,sequential,not_applicable,Adaptive,1,1,1,1,1,1,1,0,not_nested,0,wait,granted,0.20999999999999999,not_requested,1,5314921549994187984,0.40809699999999999,11,single,2,25174054,1,1,0,0
2,1.8.0,GCC,14.2.0,Release,Linux,effective_cpu_capacity=4,4,1,linux_sched_affinity+cgroup_cpu_quota,4,4,scheduler_comparison,thread_pool,duration,ms,0.20522499999999999,parallel_for,,thread_pool,not_applicable,Adaptive,4,1,4,4,4,4,4,0,not_nested,0,wait,granted,0.19,not_requested,1,5314921549994187984,0.20522499999999999,11,single,2,25174054,1,4,0,0
2,1.8.0,GCC,14.2.0,Release,Linux,effective_cpu_capacity=4,4,1,linux_sched_affinity+cgroup_cpu_quota,4,4,scheduler_comparison,static_thread,duration,ms,0.48683399999999999,parallel_for,,static_thread,not_applicable,Adaptive,4,1,4,4,4,4,4,0,not_nested,0,wait,granted,0.28999999999999998,not_requested,1,5314921549994187984,0.48683399999999999,11,single,2,25174054,1,4,0,0
2,1.8.0,GCC,14.2.0,Release,Linux,effective_cpu_capacity=4,4,1,linux_sched_affinity+cgroup_cpu_quota,4,4,deterministic_exact_grant,success,accepted,boolean,1,parallel_for,,thread_pool,not_applicable,Deterministic,4,4,4,4,4,4,1,0,not_nested,1,fail_immediately,granted,0.66100000000000003,not_requested,1,,0,11,single,2,25174054,1,0,0,0
2,1.8.0,GCC,14.2.0,Release,Linux,effective_cpu_capacity=4,4,1,linux_sched_affinity+cgroup_cpu_quota,4,4,deterministic_exact_grant,insufficient_budget_failure,accepted,boolean,1,parallel_for,,,not_applicable,Deterministic,4,4,4,4,0,0,0,0,not_nested,1,fail_immediately,would_block,0,not_requested,1,,0,11,single,2,25174054,1,0,0,0
2,1.8.0,GCC,14.2.0,Release,Linux,effective_cpu_capacity=4,4,1,linux_sched_affinity+cgroup_cpu_quota,4,4,governed_vs_ungoverned,governed,batch_wall_time,ms,2.4612829999999999,parallel_for,runtimes=2;items_per_runtime=128,thread_pool,not_applicable,Adaptive,4,1,4,4,4,4,3,0,not_nested,0,wait,granted,0.96199999999999997,not_requested,1,14754973877547064749,2.4612829999999999,11,ungoverned_then_governed,2,25174054,2,3,0,0
2,1.8.0,GCC,14.2.0,Release,Linux,effective_cpu_capacity=4,4,1,linux_sched_affinity+cgroup_cpu_quota,4,4,governed_vs_ungoverned,governed,throughput,operations_per_second,812.58433101760352,parallel_for,runtimes=2;items_per_runtime=128,thread_pool,not_applicable,Adaptive,4,1,4,4,4,4,3,0,not_nested,0,wait,granted,0.96199999999999997,not_requested,1,14754973877547064749,2.4612829999999999,11,ungoverned_then_governed,2,25174054,2,3,0,0
2,1.8.0,GCC,14.2.0,Release,Linux,effective_cpu_capacity=4,4,1,linux_sched_affinity+cgroup_cpu_quota,4,4,governed_vs_ungoverned,governed,peak_participation,threads,3,parallel_for,runtimes=2;items_per_runtime=128,thread_pool,not_applicable,Adaptive,4,1,4,4,4,4,3,0,not_nested,0,wait,granted,0.96199999999999997,not_requested,1,14754973877547064749,2.4612829999999999,11,ungoverned_then_governed,2,25174054,2,3,0,0
2,1.8.0,GCC,14.2.0,Release,Linux,effective_cpu_capacity=4,4,1,linux_sched_affinity+cgroup_cpu_quota,4,4,runtime_latency,governed_runtime_0,completion_latency,ms,1.199776,parallel_for,runtimes=2;items_per_runtime=128,thread_pool,not_applicable,Adaptive,4,1,4,4,4,4,3,0,not_nested,0,wait,granted,0.96199999999999997,not_requested,1,14754973877547064749,1.199776,11,ungoverned_then_governed,2,25174054,1,3,0,0
2,1.8.0,GCC,14.2.0,Release,Linux,effective_cpu_capacity=4,4,1,linux_sched_affinity+cgroup_cpu_quota,4,4,runtime_latency,governed_runtime_1,completion_latency,ms,2.3718499999999998,parallel_for,runtimes=2;items_per_runtime=128,thread_pool,not_applicable,Adaptive,4,1,4,4,4,4,3,0,not_nested,0,wait,granted,1196.461,not_requested,1,14754973877547064749,2.3718499999999998,11,ungoverned_then_governed,2,25174054,1,3,0,0
2,1.8.0,GCC,14.2.0,Release,Linux,effective_cpu_capacity=4,4,1,linux_sched_affinity+cgroup_cpu_quota,4,4,governed_vs_ungoverned,ungoverned,batch_wall_time,ms,1.852077,parallel_for,runtimes=2;items_per_runtime=128,thread_pool,not_applicable,Adaptive,4,1,4,4,4,4,2,0,not_nested,0,wait,granted,1.232,not_requested,1,14754973877547064749,1.852077,11,ungoverned_then_governed,2,25174054,2,4,0,0
2,1.8.0,GCC,14.2.0,Release,Linux,effective_cpu_capacity=4,4,1,linux_sched_affinity+cgroup_cpu_quota,4,4,governed_vs_ungoverned,ungoverned,throughput,operations_per_second,1079.8687095622915,parallel_for,runtimes=2;items_per_runtime=128,thread_pool,not_applicable,Adaptive,4,1,4,4,4,4,2,0,not_nested,0,wait,granted,1.232,not_requested,1,14754973877547064749,1.852077,11,ungoverned_then_governed,2,25174054,2,4,0,0
2,1.8.0,GCC,14.2.0,Release,Linux,effective_cpu_capacity=4,4,1,linux_sched_affinity+cgroup_cpu_quota,4,4,governed_vs_ungoverned,ungoverned,peak_participation,threads,4,parallel_for,runtimes=2;items_per_runtime=128,thread_pool,not_applicable,Adaptive,4,1,4,4,4,4,2,0,not_nested,0,wait,granted,1.232,not_requested,1,14754973877547064749,1.852077,11,ungoverned_then_governed,2,25174054,2,4,0,0
2,1.8.0,GCC,14.2.0,Release,Linux,effective_cpu_capacity=4,4,1,linux_sched_affinity+cgroup_cpu_quota,4,4,runtime_latency,ungoverned_runtime_0,completion_latency,ms,1.776224,parallel_for,runtimes=2;items_per_runtime=128,thread_pool,not_applicable,Adaptive,4,1,4,4,4,4,2,0,not_nested,0,wait,granted,1.232,not_requested,1,14754973877547064749,1.776224,11,ungoverned_then_governed,2,25174054,1,4,0,0
2,1.8.0,GCC,14.2.0,Release,Linux,effective_cpu_capacity=4,4,1,linux_sched_affinity+cgroup_cpu_quota,4,4,runtime_latency,ungoverned_runtime_1,completion_latency,ms,1.526132,parallel_for,runtimes=2;items_per_runtime=128,thread_pool,not_applicable,Adaptive,4,1,4,4,4,4,2,0,not_nested,0,wait,granted,0.89100000000000001,not_requested,1,14754973877547064749,1.526132,11,ungoverned_then_governed,2,25174054,1,4,0,0
2,1.8.0,GCC,14.2.0,Release,Linux,effective_cpu_capacity=4,4,1,linux_sched_affinity+cgroup_cpu_quota,4,4,governed_vs_ungoverned,governed_2_runtimes,batch_wall_time,ms,0.16550599999999999,parallel_for,runtimes=2;items_per_runtime=32,thread_pool,not_applicable,Adaptive,4,1,4,4,4,4,2,0,not_nested,0,wait,granted,0.90200000000000002,not_requested,1,10831286851329034220,0.16550599999999999,11,single,2,25174054,2,2,0,0
2,1.8.0,GCC,14.2.0,Release,Linux,effective_cpu_capacity=4,4,1,linux_sched_affinity+cgroup_cpu_quota,4,4,governed_vs_ungoverned,governed_2_runtimes,throughput,operations_per_second,12084.154048795814,parallel_for,runtimes=2;items_per_runtime=32,thread_pool,not_applicable,Adaptive,4,1,4,4,4,4,2,0,not_nested,0,wait,granted,0.90200000000000002,not_requested,1,10831286851329034220,0.16550599999999999,11,single,2,25174054,2,2,0,0
2,1.8.0,GCC,14.2.0,Release,Linux,effective_cpu_capacity=4,4,1,linux_sched_affinity+cgroup_cpu_quota,4,4,governed_vs_ungoverned,governed_2_runtimes,peak_participation,threads,2,parallel_for,runtimes=2;items_per_runtime=32,thread_pool,not_applicable,Adaptive,4,1,4,4,4,4,2,0,not_nested,0,wait,granted,0.90200000000000002,not_requested,1,10831286851329034220,0.16550599999999999,11,single,2,25174054,2,2,0,0
2,1.8.0,GCC,14.2.0,Release,Linux,effective_cpu_capacity=4,4,1,linux_sched_affinity+cgroup_cpu_quota,4,4,runtime_latency,governed_2_runtimes_runtime_0,completion_latency,ms,0.063084000000000001,parallel_for,runtimes=2;items_per_runtime=32,thread_pool,not_applicable,Adaptive,4,1,4,4,4,4,2,0,not_nested,0,wait,granted,0.90200000000000002,not_requested,1,10831286851329034220,0.063084000000000001,11,single,2,25174054,1,2,0,0
2,1.8.0,GCC,14.2.0,Release,Linux,effective_cpu_capacity=4,4,1,linux_sched_affinity+cgroup_cpu_quota,4,4,runtime_latency,governed_2_runtimes_runtime_1,completion_latency,ms,0.102622,parallel_for,runtimes=2;items_per_runtime=32,thread_pool,not_applicable,Adaptive,4,1,4,4,4,4,2,0,not_nested,0,wait,granted,50.975999999999999,not_requested,1,10831286851329034220,0.102622,11,single,2,25174054,1,2,0,0
2,1.8.0,GCC,14.2.0,Release,Linux,effective_cpu_capacity=4,4,1,linux_sched_affinity+cgroup_cpu_quota,4,4,governed_vs_ungoverned,governed_4_runtimes,batch_wall_time,ms,0.403611,parallel_for,runtimes=4;items_per_runtime=32,thread_pool,not_applicable,Adaptive,4,1,4,4,4,4,2,0,not_nested,0,wait,granted,81.661000000000001,not_requested,1,7589314552514409162,0.403611,11,single,2,25174054,4,3,0,0
2,1.8.0,GCC,14.2.0,Release,Linux,effective_cpu_capacity=4,4,1,linux_sched_affinity+cgroup_cpu_quota,4,4,governed_vs_ungoverned,governed_4_runtimes,throughput,operations_per_second,9910.5326663544838,parallel_for,runtimes=4;items_per_runtime=32,thread_pool,not_applicable,Adaptive,4,1,4,4,4,4,2,0,not_nested,0,wait,granted,81.661000000000001,not_requested,1,7589314552514409162,0.403611,11,single,2,25174054,4,3,0,0
2,1.8.0,GCC,14.2.0,Release,Linux,effective_cpu_capacity=4,4,1,linux_sched_affinity+cgroup_cpu_quota,4,4,governed_vs_ungoverned,governed_4_runtimes,peak_participation,threads,3,parallel_for,runtimes=4;items_per_runtime=32,thread_pool,not_applicable,Adaptive,4,1,4,4,4,4,2,0,not_nested,0,wait,granted,81.661000000000001,not_requested,1,7589314552514409162,0.403611,11,single,2,25174054,4,3,0,0
2,1.8.0,GCC,14.2.0,Release,Linux,effective_cpu_capacity=4,4,1,linux_sched_affinity+cgroup_cpu_quota,4,4,runtime_latency,governed_4_runtimes_runtime_0,completion_latency,ms,0.14180100000000001,parallel_for,runtimes=4;items_per_runtime=32,thread_pool,not_applicable,Adaptive,4,1,4,4,4,4,2,0,not_nested,0,wait,granted,81.661000000000001,not_requested,1,7589314552514409162,0.14180100000000001,11,single,2,25174054,1,3,0,0
2,1.8.0,GCC,14.2.0,Release,Linux,effective_cpu_capacity=4,4,1,linux_sched_affinity+cgroup_cpu_quota,4,4,runtime_latency,governed_4_runtimes_runtime_1,completion_latency,ms,0.081370999999999999,parallel_for,runtimes=4;items_per_runtime=32,thread_pool,not_applicable,Adaptive,4,1,4,4,4,4,2,0,not_nested,0,wait,granted,0.69099999999999995,not_requested,1,7589314552514409162,0.081370999999999999,11,single,2,25174054,1,3,0,0
2,1.8.0,GCC,14.2.0,Release,Linux,effective_cpu_capacity=4,4,1,linux_sched_affinity+cgroup_cpu_quota,4,4,runtime_latency,governed_4_runtimes_runtime_2,completion_latency,ms,0.21281700000000001,parallel_for,runtimes=4;items_per_runtime=32,thread_pool,not_applicable,Adaptive,4,1,4,4,4,4,3,0,not_nested,0,wait,granted,140.16900000000001,not_requested,1,7589314552514409162,0.21281700000000001,11,single,2,25174054,1,3,0,0
2,1.8.0,GCC,14.2.0,Release,Linux,effective_cpu_capacity=4,4,1,linux_sched_affinity+cgroup_cpu_quota,4,4,runtime_latency,governed_4_runtimes_runtime_3,completion_latency,ms,0.26779799999999998,parallel_for,runtimes=4;items_per_runtime=32,thread_pool,not_applicable,Adaptive,4,1,4,4,4,4,2,0,not_nested,0,wait,granted,201.53,not_requested,1,7589314552514409162,0.26779799999999998,11,single,2,25174054,1,3,0,0
2,1.8.0,GCC,14.2.0,Release,Linux,effective_cpu_capacity=4,4,1,linux_sched_affinity+cgroup_cpu_quota,4,4,governed_vs_ungoverned,governed_8_runtimes,batch_wall_time,ms,0.88499700000000003,parallel_for,runtimes=8;items_per_runtime=32,thread_pool,not_applicable,Adaptive,4,1,4,4,4,4,3,0,not_nested,0,wait,granted,577.95000000000005,not_requested,1,3424649268515386025,0.88499700000000003,11,single,2,25174054,8,3,0,0
2,1.8.0,GCC,14.2.0,Release,Linux,effective_cpu_capacity=4,4,1,linux_sched_affinity+cgroup_cpu_quota,4,4,governed_vs_ungoverned,governed_8_runtimes,throughput,operations_per_second,9039.578665238414,parallel_for,runtimes=8;items_per_runtime=32,thread_pool,not_applicable,Adaptive,4,1,4,4,4,4,3,0,not_nested,0,wait,granted,577.95000000000005,not_requested,1,3424649268515386025,0.88499700000000003,11,single,2,25174054,8,3,0,0
2,1.8.0,GCC,14.2.0,Release,Linux,effective_cpu_capacity=4,4,1,linux_sched_affinity+cgroup_cpu_quota,4,4,governed_vs_ungoverned,governed_8_runtimes,peak_participation,threads,3,parallel_for,runtimes=8;items_per_runtime=32,thread_pool,not_applicable,Adaptive,4,1,4,4,4,4,3,0,not_nested,0,wait,granted,577.95000000000005,not_requested,1,3424649268515386025,0.88499700000000003,11,single,2,25174054,8,3,0,0
2,1.8.0,GCC,14.2.0,Release,Linux,effective_cpu_capacity=4,4,1,linux_sched_affinity+cgroup_cpu_quota,4,4,runtime_latency,governed_8_runtimes_runtime_0,completion_latency,ms,0.62209599999999998,parallel_for,runtimes=8;items_per_runtime=32,thread_pool,not_applicable,Adaptive,4,1,4,4,4,4,3,0,not_nested,0,wait,granted,577.95000000000005,not_requested,1,3424649268515386025,0.62209599999999998,11,single,2,25174054,1,3,0,0
2,1.8.0,GCC,14.2.0,Release,Linux,effective_cpu_capacity=4,4,1,linux_sched_affinity+cgroup_cpu_quota,4,4,runtime_latency,governed_8_runtimes_runtime_1,completion_latency,ms,0.50497099999999995,parallel_for,runtimes=8;items_per_runtime=32,thread_pool,not_applicable,Adaptive,4,1,4,4,4,4,3,0,not_nested,0,wait,granted,431.65199999999999,not_requested,1,3424649268515386025,0.50497099999999995,11,single,2,25174054,1,3,0,0
2,1.8.0,GCC,14.2.0,Release,Linux,effective_cpu_capacity=4,4,1,linux_sched_affinity+cgroup_cpu_quota,4,4,runtime_latency,governed_8_runtimes_runtime_2,completion_latency,ms,0.23821400000000001,parallel_for,runtimes=8;items_per_runtime=32,thread_pool,not_applicable,Adaptive,4,1,4,4,4,4,2,0,not_nested,0,wait,granted,88.701999999999998,not_requested,1,3424649268515386025,0.23821400000000001,11,single,2,25174054,1,3,0,0
2,1.8.0,GCC,14.2.0,Release,Linux,effective_cpu_capacity=4,4,1,linux_sched_affinity+cgroup_cpu_quota,4,4,runtime_latency,governed_8_runtimes_runtime_3,completion_latency,ms,0.086078000000000002,parallel_for,runtimes=8;items_per_runtime=32,thread_pool,not_applicable,Adaptive,4,1,4,4,4,4,3,0,not_nested,0,wait,granted,0.66100000000000003,not_requested,1,3424649268515386025,0.086078000000000002,11,single,2,25174054,1,3,0,0
2,1.8.0,GCC,14.2.0,Release,Linux,effective_cpu_capacity=4,4,1,linux_sched_affinity+cgroup_cpu_quota,4,4,runtime_latency,governed_8_runtimes_runtime_4,completion_latency,ms,0.57528599999999996,parallel_for,runtimes=8;items_per_runtime=32,thread_pool,not_applicable,Adaptive,4,1,4,4,4,4,1,0,not_nested,0,wait,granted,497.89100000000002,not_requested,1,3424649268515386025,0.57528599999999996,11,single,2,25174054,1,3,0,0
2,1.8.0,GCC,14.2.0,Release,Linux,effective_cpu_capacity=4,4,1,linux_sched_affinity+cgroup_cpu_quota,4,4,runtime_latency,governed_8_runtimes_runtime_5,completion_latency,ms,0.340617,parallel_for,runtimes=8;items_per_runtime=32,thread_pool,not_applicable,Adaptive,4,1,4,4,4,4,3,0,not_nested,0,wait,granted,257.11200000000002,not_requested,1,3424649268515386025,0.340617,11,single,2,25174054,1,3,0,0
2,1.8.0,GCC,14.2.0,Release,Linux,effective_cpu_capacity=4,4,1,linux_sched_affinity+cgroup_cpu_quota,4,4,runtime_latency,governed_8_runtimes_runtime_6,completion_latency,ms,0.589036,parallel_for,runtimes=8;items_per_runtime=32,thread_pool,not_applicable,Adaptive,4,1,4,4,4,4,3,0,not_nested,0,wait,granted,524.01999999999998,not_requested,1,3424649268515386025,0.589036,11,single,2,25174054,1,3,0,0
2,1.8.0,GCC,14.2.0,Release,Linux,effective_cpu_capacity=4,4,1,linux_sched_affinity+cgroup_cpu_quota,4,4,runtime_latency,governed_8_runtimes_runtime_7,completion_latency,ms,0.42672500000000002,parallel_for,runtimes=8;items_per_runtime=32,thread_pool,not_applicable,Adaptive,4,1,4,4,4,4,3,0,not_nested,0,wait,granted,342.69,not_requested,1,3424649268515386025,0.42672500000000002,11,single,2,25174054,1,3,0,0
2,1.8.0,GCC,14.2.0,Release,Linux,effective_cpu_capacity=4,4,1,linux_sched_affinity+cgroup_cpu_quota,1,1,governed_vs_ungoverned,budget_1,batch_wall_time,ms,0.12887199999999999,parallel_for,runtimes=2;items_per_runtime=32,thread_pool,not_applicable,Adaptive,1,1,1,1,1,1,1,0,not_nested,0,wait,granted,0.85099999999999998,not_requested,1,10831286851329034220,0.12887199999999999,11,single,2,25174054,2,1,0,0
2,1.8.0,GCC,14.2.0,Release,Linux,effective_cpu_capacity=4,4,1,linux_sched_affinity+cgroup_cpu_quota,1,1,governed_vs_ungoverned,budget_1,throughput,operations_per_second,15519.27493947483,parallel_for,runtimes=2;items_per_runtime=32,thread_pool,not_applicable,Adaptive,1,1,1,1,1,1,1,0,not_nested,0,wait,granted,0.85099999999999998,not_requested,1,10831286851329034220,0.12887199999999999,11,single,2,25174054,2,1,0,0
2,1.8.0,GCC,14.2.0,Release,Linux,effective_cpu_capacity=4,4,1,linux_sched_affinity+cgroup_cpu_quota,1,1,governed_vs_ungoverned,budget_1,peak_participation,threads,1,parallel_for,runtimes=2;items_per_runtime=32,thread_pool,not_applicable,Adaptive,1,1,1,1,1,1,1,0,not_nested,0,wait,granted,0.85099999999999998,not_requested,1,10831286851329034220,0.12887199999999999,11,single,2,25174054,2,1,0,0
2,1.8.0,GCC,14.2.0,Release,Linux,effective_cpu_capacity=4,4,1,linux_sched_affinity+cgroup_cpu_quota,1,1,runtime_latency,budget_1_runtime_0,completion_latency,ms,0.042452999999999998,parallel_for,runtimes=2;items_per_runtime=32,thread_pool,not_applicable,Adaptive,1,1,1,1,1,1,1,0,not_nested,0,wait,granted,0.85099999999999998,not_requested,1,10831286851329034220,0.042452999999999998,11,single,2,25174054,1,1,0,0
2,1.8.0,GCC,14.2.0,Release,Linux,effective_cpu_capacity=4,4,1,linux_sched_affinity+cgroup_cpu_quota,1,1,runtime_latency,budget_1_runtime_1,completion_latency,ms,0.071817000000000006,parallel_for,runtimes=2;items_per_runtime=32,thread_pool,not_applicable,Adaptive,1,1,1,1,1,1,1,0,not_nested,0,wait,granted,36.734000000000002,not_requested,1,10831286851329034220,0.071817000000000006,11,single,2,25174054,1,1,0,0
2,1.8.0,GCC,14.2.0,Release,Linux,effective_cpu_capacity=4,4,1,linux_sched_affinity+cgroup_cpu_quota,2,2,governed_vs_ungoverned,budget_2,batch_wall_time,ms,0.167439,parallel_for,runtimes=2;items_per_runtime=32,thread_pool,not_applicable,Adaptive,2,1,2,2,2,2,2,0,not_nested,0,wait,granted,0.82099999999999995,not_requested,1,10831286851329034220,0.167439,11,single,2,25174054,2,2,0,0
2,1.8.0,GCC,14.2.0,Release,Linux,effective_cpu_capacity=4,4,1,linux_sched_affinity+cgroup_cpu_quota,2,2,governed_vs_ungoverned,budget_2,throughput,operations_per_second,11944.648498856301,parallel_for,runtimes=2;items_per_runtime=32,thread_pool,not_applicable,Adaptive,2,1,2,2,2,2,2,0,not_nested,0,wait,granted,0.82099999999999995,not_requested,1,10831286851329034220,0.167439,11,single,2,25174054,2,2,0,0
2,1.8.0,GCC,14.2.0,Release,Linux,effective_cpu_capacity=4,4,1,linux_sched_affinity+cgroup_cpu_quota,2,2,governed_vs_ungoverned,budget_2,peak_participation,threads,2,parallel_for,runtimes=2;items_per_runtime=32,thread_pool,not_applicable,Adaptive,2,1,2,2,2,2,2,0,not_nested,0,wait,granted,0.82099999999999995,not_requested,1,10831286851329034220,0.167439,11,single,2,25174054,2,2,0,0
2,1.8.0,GCC,14.2.0,Release,Linux,effective_cpu_capacity=4,4,1,linux_sched_affinity+cgroup_cpu_quota,2,2,runtime_latency,budget_2_runtime_0,completion_latency,ms,0.066448999999999994,parallel_for,runtimes=2;items_per_runtime=32,thread_pool,not_applicable,Adaptive,2,1,2,2,2,2,2,0,not_nested,0,wait,granted,0.82099999999999995,not_requested,1,10831286851329034220,0.066448999999999994,11,single,2,25174054,1,2,0,0
2,1.8.0,GCC,14.2.0,Release,Linux,effective_cpu_capacity=4,4,1,linux_sched_affinity+cgroup_cpu_quota,2,2,runtime_latency,budget_2_runtime_1,completion_latency,ms,0.11230800000000001,parallel_for,runtimes=2;items_per_runtime=32,thread_pool,not_applicable,Adaptive,2,1,2,2,2,2,1,0,not_nested,0,wait,granted,64.635999999999996,not_requested,1,10831286851329034220,0.11230800000000001,11,single,2,25174054,1,2,0,0
2,1.8.0,GCC,14.2.0,Release,Linux,effective_cpu_capacity=4,4,1,linux_sched_affinity+cgroup_cpu_quota,4,4,governed_vs_ungoverned,budget_4,batch_wall_time,ms,0.18521599999999999,parallel_for,runtimes=2;items_per_runtime=64,thread_pool,not_applicable,Adaptive,4,1,4,4,4,4,3,0,not_nested,0,wait,granted,0.61099999999999999,not_requested,1,7589314552514409162,0.18521599999999999,11,single,2,25174054,2,3,0,0
2,1.8.0,GCC,14.2.0,Release,Linux,effective_cpu_capacity=4,4,1,linux_sched_affinity+cgroup_cpu_quota,4,4,governed_vs_ungoverned,budget_4,throughput,operations_per_second,10798.203178991016,parallel_for,runtimes=2;items_per_runtime=64,thread_pool,not_applicable,Adaptive,4,1,4,4,4,4,3,0,not_nested,0,wait,granted,0.61099999999999999,not_requested,1,7589314552514409162,0.18521599999999999,11,single,2,25174054,2,3,0,0
2,1.8.0,GCC,14.2.0,Release,Linux,effective_cpu_capacity=4,4,1,linux_sched_affinity+cgroup_cpu_quota,4,4,governed_vs_ungoverned,budget_4,peak_participation,threads,3,parallel_for,runtimes=2;items_per_runtime=64,thread_pool,not_applicable,Adaptive,4,1,4,4,4,4,3,0,not_nested,0,wait,granted,0.61099999999999999,not_requested,1,7589314552514409162,0.18521599999999999,11,single,2,25174054,2,3,0,0
2,1.8.0,GCC,14.2.0,Release,Linux,effective_cpu_capacity=4,4,1,linux_sched_affinity+cgroup_cpu_quota,4,4,runtime_latency,budget_4_runtime_0,completion_latency,ms,0.066249000000000002,parallel_for,runtimes=2;items_per_runtime=64,thread_pool,not_applicable,Adaptive,4,1,4,4,4,4,3,0,not_nested,0,wait,granted,0.61099999999999999,not_requested,1,7589314552514409162,0.066249000000000002,11,single,2,25174054,1,3,0,0
2,1.8.0,GCC,14.2.0,Release,Linux,effective_cpu_capacity=4,4,1,linux_sched_affinity+cgroup_cpu_quota,4,4,runtime_latency,budget_4_runtime_1,completion_latency,ms,0.12917200000000001,parallel_for,runtimes=2;items_per_runtime=64,thread_pool,not_applicable,Adaptive,4,1,4,4,4,4,3,0,not_nested,0,wait,granted,63.295000000000002,not_requested,1,7589314552514409162,0.12917200000000001,11,single,2,25174054,1,3,0,0
2,1.8.0,GCC,14.2.0,Release,Linux,effective_cpu_capacity=4,4,1,linux_sched_affinity+cgroup_cpu_quota,4,1,governor_overhead,uncontended_exact_acquire_release,latency,us_per_acquire_release,0.14563699999999999,parallel_for,,,not_applicable,Adaptive,1,1,1,1,1,1,1,0,not_nested,1,fail_immediately,granted,0.080000000000000002,not_requested,1,,0.000145637,12,single,2,25174054,1000,1,0,0
2,1.8.0,GCC,14.2.0,Release,Linux,effective_cpu_capacity=4,4,1,linux_sched_affinity+cgroup_cpu_quota,4,1,governor_overhead,inherited_nested_lease,latency,us_per_acquire_release,0.019079000000000002,parallel_for,,,not_applicable,Adaptive,1,1,1,1,1,1,1,1,reuse_parent,1,fail_immediately,granted,0.080000000000000002,not_requested,1,,0.000145637,12,single,2,25174054,1000,1,0,0
2,1.8.0,GCC,14.2.0,Release,Linux,effective_cpu_capacity=4,4,1,linux_sched_affinity+cgroup_cpu_quota,4,4,governor_overhead,flexible_partial_grant,latency,us_per_acquire_release,0.33000000000000002,parallel_for,,,not_applicable,Adaptive,4,1,4,4,1,1,1,0,not_nested,0,fail_immediately,granted,0.17000000000000001,not_requested,1,,0.000145637,12,single,2,25174054,1,1,0,0
2,1.8.0,GCC,14.2.0,Release,Linux,effective_cpu_capacity=4,4,1,linux_sched_affinity+cgroup_cpu_quota,4,4,governor_overhead,immediate_failure,latency,us_per_acquire_release,0.31,parallel_for,,,not_applicable,Adaptive,4,4,4,4,0,0,0,0,not_nested,1,fail_immediately,would_block,0,not_requested,1,,0.000145637,12,single,2,25174054,1,1,0,0
2,1.8.0,GCC,14.2.0,Release,Linux,effective_cpu_capacity=4,4,1,linux_sched_affinity+cgroup_cpu_quota,4,4,governor_overhead,direct_cancellation_notification,latency,us,23.155000000000001,parallel_for,,,not_applicable,Adaptive,4,4,4,4,0,0,0,0,not_nested,1,wait,cancelled,17.666,requested,1,,0.023155000000000002,12,single,2,25174054,1,0,0,0
2,1.8.0,GCC,14.2.0,Release,Linux,effective_cpu_capacity=4,4,1,linux_sched_affinity+cgroup_cpu_quota,4,4,admission_fairness,large_exact_request,completion_rank,rank,5,parallel_for,one_large_exact_plus_eight_small_exact,,not_applicable,Adaptive,4,4,4,4,4,4,4,0,not_nested,1,wait,granted,258.60399999999998,not_requested,1,,0,12,single,2,25174054,1,0,4,258.60399999999998
2,1.8.0,GCC,14.2.0,Release,Linux,effective_cpu_capacity=4,4,1,linux_sched_affinity+cgroup_cpu_quota,4,4,admission_fairness,small_request_0,completion_rank,rank,1,parallel_for,one_large_exact_plus_eight_small_exact,,not_applicable,Adaptive,1,1,1,1,1,1,1,0,not_nested,1,wait,granted,8.8840000000000003,not_requested,1,,0,12,single,2,25174054,1,0,4,8.8840000000000003
2,1.8.0,GCC,14.2.0,Release,Linux,effective_cpu_capacity=4,4,1,linux_sched_affinity+cgroup_cpu_quota,4,4,admission_fairness,small_request_1,completion_rank,rank,2,parallel_for,one_large_exact_plus_eight_small_exact,,not_applicable,Adaptive,1,1,1,1,1,1,1,0,not_nested,1,wait,granted,7.7409999999999997,not_requested,1,,0,12,single,2,25174054,1,0,4,7.7409999999999997
2,1.8.0,GCC,14.2.0,Release,Linux,effective_cpu_capacity=4,4,1,linux_sched_affinity+cgroup_cpu_quota,4,4,admission_fairness,small_request_2,completion_rank,rank,7,parallel_for,one_large_exact_plus_eight_small_exact,,not_applicable,Adaptive,1,1,1,1,1,1,1,0,not_nested,1,wait,granted,1281.212,not_requested,1,,0,12,single,2,25174054,1,0,4,1281.212
2,1.8.0,GCC,14.2.0,Release,Linux,effective_cpu_capacity=4,4,1,linux_sched_affinity+cgroup_cpu_quota,4,4,admission_fairness,small_request_3,completion_rank,rank,3,parallel_for,one_large_exact_plus_eight_small_exact,,not_applicable,Adaptive,1,1,1,1,1,1,1,0,not_nested,1,wait,granted,7.681,not_requested,1,,0,12,single,2,25174054,1,0,4,7.681
2,1.8.0,GCC,14.2.0,Release,Linux,effective_cpu_capacity=4,4,1,linux_sched_affinity+cgroup_cpu_quota,4,4,admission_fairness,small_request_4,completion_rank,rank,4,parallel_for,one_large_exact_plus_eight_small_exact,,not_applicable,Adaptive,1,1,1,1,1,1,1,0,not_nested,1,wait,granted,0.90100000000000002,not_requested,1,,0,12,single,2,25174054,1,0,4,0.90100000000000002
2,1.8.0,GCC,14.2.0,Release,Linux,effective_cpu_capacity=4,4,1,linux_sched_affinity+cgroup_cpu_quota,4,4,admission_fairness,small_request_5,completion_rank,rank,9,parallel_for,one_large_exact_plus_eight_small_exact,,not_applicable,Adaptive,1,1,1,1,1,1,1,0,not_nested,1,wait,granted,1162.02,not_requested,1,,0,12,single,2,25174054,1,0,4,1162.02
2,1.8.0,GCC,14.2.0,Release,Linux,effective_cpu_capacity=4,4,1,linux_sched_affinity+cgroup_cpu_quota,4,4,admission_fairness,small_request_6,completion_rank,rank,6,parallel_for,one_large_exact_plus_eight_small_exact,,not_applicable,Adaptive,1,1,1,1,1,1,1,0,not_nested,1,wait,granted,1132.2950000000001,not_requested,1,,0,12,single,2,25174054,1,0,4,1132.2950000000001
2,1.8.0,GCC,14.2.0,Release,Linux,effective_cpu_capacity=4,4,1,linux_sched_affinity+cgroup_cpu_quota,4,4,admission_fairness,small_request_7,completion_rank,rank,8,parallel_for,one_large_exact_plus_eight_small_exact,,not_applicable,Adaptive,1,1,1,1,1,1,1,0,not_nested,1,wait,granted,1129.931,not_requested,1,,0,12,single,2,25174054,1,0,4,1129.931
2,1.8.0,GCC,14.2.0,Release,Linux,effective_cpu_capacity=4,4,1,linux_sched_affinity+cgroup_cpu_quota,4,4,adaptive_partial_grant,available_one_of_preferred_budget,granted_workers,threads,1,parallel_for,,thread_pool,not_applicable,Adaptive,4,1,4,4,1,1,1,0,not_nested,0,wait,granted,0.26000000000000001,not_requested,1,,0.097956000000000001,12,single,2,25174054,1,1,0,0
2,1.8.0,GCC,14.2.0,Release,Linux,effective_cpu_capacity=4,4,1,linux_sched_affinity+cgroup_cpu_quota,4,4,nested_execution,depth_1,peak_participation,threads,1,parallel_for,depth=1;leaves=2,thread_pool,not_applicable,Adaptive,2,1,2,4,2,2,1,0,not_nested,0,wait,granted,0.20999999999999999,not_requested,1,,0.025277999999999998,12,single,2,25174054,1,1,0,0
2,1.8.0,GCC,14.2.0,Release,Linux,effective_cpu_capacity=4,4,1,linux_sched_affinity+cgroup_cpu_quota,4,4,nested_execution,depth_2,peak_participation,threads,1,parallel_for,depth=2;leaves=4,thread_pool,not_applicable,Adaptive,2,1,2,4,2,2,2,0,not_nested,0,wait,granted,0.25,not_requested,1,,0.027911999999999999,12,single,2,25174054,1,1,0,0
2,1.8.0,GCC,14.2.0,Release,Linux,effective_cpu_capacity=4,4,1,linux_sched_affinity+cgroup_cpu_quota,4,4,nested_execution,depth_3,peak_participation,threads,1,parallel_for,depth=3;leaves=8,thread_pool,not_applicable,Adaptive,2,1,2,4,2,2,1,0,not_nested,0,wait,granted,0.23999999999999999,not_requested,1,,0.016574999999999999,12,single,2,25174054,1,1,0,0
2,1.8.0,GCC,14.2.0,Release,Linux,effective_cpu_capacity=4,4,1,linux_sched_affinity+cgroup_cpu_quota,4,4,nested_execution,depth_4,peak_participation,threads,1,parallel_for,depth=4;leaves=16,thread_pool,not_applicable,Adaptive,2,1,2,4,2,2,1,0,not_nested,0,wait,granted,0.221,not_requested,1,,0.017635999999999999,12,single,2,25174054,1,1,0,0
2,1.8.0,GCC,14.2.0,Release,Linux,effective_cpu_capacity=4,4,1,linux_sched_affinity+cgroup_cpu_quota,1,1,scheduler_comparison,sequential,duration,ms,0.43115100000000001,parallel_for,,sequential,not_applicable,Adaptive,1,1,1,1,1,1,1,0,not_nested,0,wait,granted,0.20000000000000001,not_requested,1,5314921549994187984,0.43115100000000001,12,single,2,25174054,1,1,0,0
2,1.8.0,GCC,14.2.0,Release,Linux,effective_cpu_capacity=4,4,1,linux_sched_affinity+cgroup_cpu_quota,4,4,scheduler_comparison,thread_pool,duration,ms,0.17577200000000001,parallel_for,,thread_pool,not_applicable,Adaptive,4,1,4,4,4,4,4,0,not_nested,0,wait,granted,0.26000000000000001,not_requested,1,5314921549994187984,0.17577200000000001,12,single,2,25174054,1,4,0,0
2,1.8.0,GCC,14.2.0,Release,Linux,effective_cpu_capacity=4,4,1,linux_sched_affinity+cgroup_cpu_quota,4,4,scheduler_comparison,static_thread,duration,ms,0.24079900000000001,parallel_for,,static_thread,not_applicable,Adaptive,4,1,4,4,4,4,4,0,not_nested,0,wait,granted,0.37,not_requested,1,5314921549994187984,0.24079900000000001,12,single,2,25174054,1,4,0,0
2,1.8.0,GCC,14.2.0,Release,Linux,effective_cpu_capacity=4,4,1,linux_sched_affinity+cgroup_cpu_quota,4,4,deterministic_exact_grant,success,accepted,boolean,1,parallel_for,,thread_pool,not_applicable,Deterministic,4,4,4,4,4,4,4,0,not_nested,1,fail_immediately,granted,0.48099999999999998,not_requested,1,,0,12,single,2,25174054,1,0,0,0
2,1.8.0,GCC,14.2.0,Release,Linux,effective_cpu_capacity=4,4,1,linux_sched_affinity+cgroup_cpu_quota,4,4,deterministic_exact_grant,insufficient_budget_failure,accepted,boolean,1,parallel_for,,,not_applicable,Deterministic,4,4,4,4,0,0,0,0,not_nested,1,fail_immediately,would_block,0,not_requested,1,,0,12,single,2,25174054,1,0,0,0
2,1.8.0,GCC,14.2.0,Release,Linux,effective_cpu_capacity=4,4,1,linux_sched_affinity+cgroup_cpu_quota,4,4,governed_vs_ungoverned,governed,batch_wall_time,ms,2.425611,parallel_for,runtimes=2;items_per_runtime=128,thread_pool,not_applicable,Adaptive,4,1,4,4,4,4,3,0,not_nested,0,wait,granted,0.83199999999999996,not_requested,1,14754973877547064749,2.425611,12,governed_then_ungoverned,2,25174054,2,3,0,0
2,1.8.0,GCC,14.2.0,Release,Linux,effective_cpu_capacity=4,4,1,linux_sched_affinity+cgroup_cpu_quota,4,4,governed_vs_ungoverned,governed,throughput,operations_per_second,824.53451934378597,parallel_for,runtimes=2;items_per_runtime=128,thread_pool,not_applicable,Adaptive,4,1,4,4,4,4,3,0,not_nested,0,wait,granted,0.83199999999999996,not_requested,1,14754973877547064749,2.425611,12,governed_then_ungoverned,2,25174054,2,3,0,0
2,1.8.0,GCC,14.2.0,Release,Linux,effective_cpu_capacity=4,4,1,linux_sched_affinity+cgroup_cpu_quota,4,4,governed_vs_ungoverned,governed,peak_participation,threads,3,parallel_for,runtimes=2;items_per_runtime=128,thread_pool,not_applicable,Adaptive,4,1,4,4,4,4,3,0,not_nested,0,wait,granted,0.83199999999999996,not_requested,1,14754973877547064749,2.425611,12,governed_then_ungoverned,2,25174054,2,3,0,0
2,1.8.0,GCC,14.2.0,Release,Linux,effective_cpu_capacity=4,4,1,linux_sched_affinity+cgroup_cpu_quota,4,4,runtime_latency,governed_runtime_0,completion_latency,ms,1.1754199999999999,parallel_for,runtimes=2;items_per_runtime=128,thread_pool,not_applicable,Adaptive,4,1,4,4,4,4,3,0,not_nested,0,wait,granted,0.83199999999999996,not_requested,1,14754973877547064749,1.1754199999999999,12,governed_then_ungoverned,2,25174054,1,3,0,0
2,1.8.0,GCC,14.2.0,Release,Linux,effective_cpu_capacity=4,4,1,linux_sched_affinity+cgroup_cpu_quota,4,4,runtime_latency,governed_runtime_1,completion_latency,ms,2.3573390000000001,parallel_for,runtimes=2;items_per_runtime=128,thread_pool,not_applicable,Adaptive,4,1,4,4,4,4,3,0,not_nested,0,wait,granted,1172.325,not_requested,1,14754973877547064749,2.3573390000000001,12,governed_then_ungoverned,2,25174054,1,3,0,0
2,1.8.0,GCC,14.2.0,Release,Linux,effective_cpu_capacity=4,4,1,linux_sched_affinity+cgroup_cpu_quota,4,4,governed_vs_ungoverned,ungoverned,batch_wall_time,ms,1.8418810000000001,parallel_for,runtimes=2;items_per_runtime=128,thread_pool,not_applicable,Adaptive,4,1,4,4,4,4,4,0,not_nested,0,wait,granted,1.022,not_requested,1,14754973877547064749,1.8418810000000001,12,governed_then_ungoverned,2,25174054,2,5,0,0
2,1.8.0,GCC,14.2.0,Release,Linux,effective_cpu_capacity=4,4,1,linux_sched_affinity+cgroup_cpu_quota,4,4,governed_vs_ungoverned,ungoverned,throughput,operations_per_second,1085.8464797671511,parallel_for,runtimes=2;items_per_runtime=128,thread_pool,not_applicable,Adaptive,4,1,4,4,4,4,4,0,not_nested,0,wait,granted,1.022,not_requested,1,14754973877547064749,1.8418810000000001,12,governed_then_ungoverned,2,25174054,2,5,0,0
2,1.8.0,GCC,14.2.0,Release,Linux,effective_cpu_capacity=4,4,1,linux_sched_affinity+cgroup_cpu_quota,4,4,governed_vs_ungoverned,ungoverned,peak_participation,threads,5,parallel_for,runtimes=2;items_per_runtime=128,thread_pool,not_applicable,Adaptive,4,1,4,4,4,4,4,0,not_nested,0,wait,granted,1.022,not_requested,1,14754973877547064749,1.8418810000000001,12,governed_then_ungoverned,2,25174054,2,5,0,0
2,1.8.0,GCC,14.2.0,Release,Linux,effective_cpu_capacity=4,4,1,linux_sched_affinity+cgroup_cpu_quota,4,4,runtime_latency,ungoverned_runtime_0,completion_latency,ms,1.7832950000000001,parallel_for,runtimes=2;items_per_runtime=128,thread_pool,not_applicable,Adaptive,4,1,4,4,4,4,4,0,not_nested,0,wait,granted,1.022,not_requested,1,14754973877547064749,1.7832950000000001,12,governed_then_ungoverned,2,25174054,1,5,0,0
2,1.8.0,GCC,14.2.0,Release,Linux,effective_cpu_capacity=4,4,1,linux_sched_affinity+cgroup_cpu_quota,4,4,runtime_latency,ungoverned_runtime_1,completion_latency,ms,1.5213749999999999,parallel_for,runtimes=2;items_per_runtime=128,thread_pool,not_applicable,Adaptive,4,1,4,4,4,4,3,0,not_nested,0,wait,granted,0.81100000000000005,not_requested,1,14754973877547064749,1.5213749999999999,12,governed_then_ungoverned,2,25174054,1,5,0,0
2,1.8.0,GCC,14.2.0,Release,Linux,effective_cpu_capacity=4,4,1,linux_sched_affinity+cgroup_cpu_quota,4,4,governed_vs_ungoverned,governed_2_runtimes,batch_wall_time,ms,0.148391,parallel_for,runtimes=2;items_per_runtime=32,thread_pool,not_applicable,Adaptive,4,1,4,4,4,4,2,0,not_nested,0,wait,granted,0.98199999999999998,not_requested,1,10831286851329034220,0.148391,12,single,2,25174054,2,2,0,0
2,1.8.0,GCC,14.2.0,Release,Linux,effective_cpu_capacity=4,4,1,linux_sched_affinity+cgroup_cpu_quota,4,4,governed_vs_ungoverned,governed_2_runtimes,throughput,operations_per_second,13477.906342028829,parallel_for,runtimes=2;items_per_runtime=32,thread_pool,not_applicable,Adaptive,4,1,4,4,4,4,2,0,not_nested,0,wait,granted,0.98199999999999998,not_requested,1,10831286851329034220,0.148391,12,single,2,25174054,2,2,0,0
2,1.8.0,GCC,14.2.0,Release,Linux,effective_cpu_capacity=4,4,1,linux_sched_affinity+cgroup_cpu_quota,4,4,governed_vs_ungoverned,governed_2_runtimes,peak_participation,threads,2,parallel_for,runtimes=2;items_per_runtime=32,thread_pool,not_applicable,Adaptive,4,1,4,4,4,4,2,0,not_nested,0,wait,granted,0.98199999999999998,not_requested,1,10831286851329034220,0.148391,12,single,2,25174054,2,2,0,0
2,1.8.0,GCC,14.2.0,Release,Linux,effective_cpu_capacity=4,4,1,linux_sched_affinity+cgroup_cpu_quota,4,4,runtime_latency,governed_2_runtimes_runtime_0,completion_latency,ms,0.058626999999999999,parallel_for,runtimes=2;items_per_runtime=32,thread_pool,not_applicable,Adaptive,4,1,4,4,4,4,2,0,not_nested,0,wait,granted,0.98199999999999998,not_requested,1,10831286851329034220,0.058626999999999999,12,single,2,25174054,1,2,0,0
2,1.8.0,GCC,14.2.0,Release,Linux,effective_cpu_capacity=4,4,1,linux_sched_affinity+cgroup_cpu_quota,4,4,runtime_latency,governed_2_runtimes_runtime_1,completion_latency,ms,0.090053999999999995,parallel_for,runtimes=2;items_per_runtime=32,thread_pool,not_applicable,Adaptive,4,1,4,4,4,4,2,0,not_nested,0,wait,granted,46.659999999999997,not_requested,1,10831286851329034220,0.090053999999999995,12,single,2,25174054,1,2,0,0
2,1.8.0,GCC,14.2.0,Release,Linux,effective_cpu_capacity=4,4,1,linux_sched_affinity+cgroup_cpu_quota,4,4,governed_vs_ungoverned,governed_4_runtimes,batch_wall_time,ms,0.35852400000000001,parallel_for,runtimes=4;items_per_runtime=32,thread_pool,not_applicable,Adaptive,4,1,4,4,4,4,2,0,not_nested,0,wait,granted,0.72199999999999998,not_requested,1,7589314552514409162,0.35852400000000001,12,single,2,25174054,4,2,0,0
2,1.8.0,GCC,14.2.0,Release,Linux,effective_cpu_capacity=4,4,1,linux_sched_affinity+cgroup_cpu_quota,4,4,governed_vs_ungoverned,governed_4_runtimes,throughput,operations_per_second,11156.854213385994,parallel_for,runtimes=4;items_per_runtime=32,thread_pool,not_applicable,Adaptive,4,1,4,4,4,4,2,0,not_nested,0,wait,granted,0.72199999999999998,not_requested,1,7589314552514409162,0.35852400000000001,12,single,2,25174054,4,2,0,0
2,1.8.0,GCC,14.2.0,Release,Linux,effective_cpu_capacity=4,4,1,linux_sched_affinity+cgroup_cpu_quota,4,4,governed_vs_ungoverned,governed_4_runtimes,peak_participation,threads,2,parallel_for,runtimes=4;items_per_runtime=32,thread_pool,not_applicable,Adaptive,4,1,4,4,4,4,2,0,not_nested,0,wait,granted,0.72199999999999998,not_requested,1,7589314552514409162,0.35852400000000001,12,single,2,25174054,4,2,0,0
2,1.8.0,GCC,14.2.0,Release,Linux,effective_cpu_capacity=4,4,1,linux_sched_affinity+cgroup_cpu_quota,4,4,runtime_latency,governed_4_runtimes_runtime_0,completion_latency,ms,0.082002000000000005,parallel_for,runtimes=4;items_per_runtime=32,thread_pool,not_applicable,Adaptive,4,1,4,4,4,4,2,0,not_nested,0,wait,granted,0.72199999999999998,not_requested,1,7589314552514409162,0.082002000000000005,12,single,2,25174054,1,2,0,0
2,1.8.0,GCC,14.2.0,Release,Linux,effective_cpu_capacity=4,4,1,linux_sched_affinity+cgroup_cpu_quota,4,4,runtime_latency,governed_4_runtimes_runtime_1,completion_latency,ms,0.24277099999999999,parallel_for,runtimes=4;items_per_runtime=32,thread_pool,not_applicable,Adaptive,4,1,4,4,4,4,1,0,not_nested,0,wait,granted,174.72999999999999,not_requested,1,7589314552514409162,0.24277099999999999,12,single,2,25174054,1,2,0,0
2,1.8.0,GCC,14.2.0,Release,Linux,effective_cpu_capacity=4,4,1,linux_sched_affinity+cgroup_cpu_quota,4,4,runtime_latency,governed_4_runtimes_runtime_2,completion_latency,ms,0.171545,parallel_for,runtimes=4;items_per_runtime=32,thread_pool,not_applicable,Adaptive,4,1,4,4,4,4,2,0,not_nested,0,wait,granted,103.764,not_requested,1,7589314552514409162,0.171545,12,single,2,25174054,1,2,0,0
2,1.8.0,GCC,14.2.0,Release,Linux,effective_cpu_capacity=4,4,1,linux_sched_affinity+cgroup_cpu_quota,4,4,runtime_latency,governed_4_runtimes_runtime_3,completion_latency,ms,0.279005,parallel_for,runtimes=4;items_per_runtime=32,thread_pool,not_applicable,Adaptive,4,1,4,4,4,4,2,0,not_nested,0,wait,granted,237.84399999999999,not_requested,1,7589314552514409162,0.279005,12,single,2,25174054,1,2,0,0
2,1.8.0,GCC,14.2.0,Release,Linux,effective_cpu_capacity=4,4,1,linux_sched_affinity+cgroup_cpu_quota,4,4,governed_vs_ungoverned,governed_8_runtimes,batch_wall_time,ms,0.850356,parallel_for,runtimes=8;items_per_runtime=32,thread_pool,not_applicable,Adaptive,4,1,4,4,4,4,2,0,not_nested,0,wait,granted,497.29000000000002,not_requested,1,3424649268515386025,0.850356,12,single,2,25174054,8,3,0,0
2,1.8.0,GCC,14.2.0,Release,Linux,effective_cpu_capacity=4,4,1,linux_sched_affinity+cgroup_cpu_quota,4,4,governed_vs_ungoverned,governed_8_runtimes,throughput,operations_per_second,9407.8244876263579,parallel_for,runtimes=8;items_per_runtime=32,thread_pool,not_applicable,Adaptive,4,1,4,4,4,4,2,0,not_nested,0,wait,granted,497.29000000000002,not_requested,1,3424649268515386025,0.850356,12,single,2,25174054,8,3,0,0
2,1.8.0,GCC,14.2.0,Release,Linux,effective_cpu_capacity=4,4,1,linux_sched_affinity+cgroup_cpu_quota,4,4,governed_vs_ungoverned,governed_8_runtimes,peak_participation,threads,3,parallel_for,runtimes=8;items_per_runtime=32,thread_pool,not_applicable,Adaptive,4,1,4,4,4,4,2,0,not_nested,0,wait,granted,497.29000000000002,not_requested,1,3424649268515386025,0.850356,12,single,2,25174054,8,3,0,0
2,1.8.0,GCC,14.2.0,Release,Linux,effective_cpu_capacity=4,4,1,linux_sched_affinity+cgroup_cpu_quota,4,4,runtime_latency,governed_8_runtimes_runtime_0,completion_latency,ms,0.5645,parallel_for,runtimes=8;items_per_runtime=32,thread_pool,not_applicable,Adaptive,4,1,4,4,4,4,2,0,not_nested,0,wait,granted,497.29000000000002,not_requested,1,3424649268515386025,0.5645,12,single,2,25174054,1,3,0,0
2,1.8.0,GCC,14.2.0,Release,Linux,effective_cpu_capacity=4,4,1,linux_sched_affinity+cgroup_cpu_quota,4,4,runtime_latency,governed_8_runtimes_runtime_1,completion_latency,ms,0.61409400000000003,parallel_for,runtimes=8;items_per_runtime=32,thread_pool,not_applicable,Adaptive,4,1,4,4,4,4,3,0,not_nested,0,wait,granted,551.721,not_requested,1,3424649268515386025,0.61409400000000003,12,single,2,25174054,1,3,0,0
2,1.8.0,GCC,14.2.0,Release,Linux,effective_cpu_capacity=4,4,1,linux_sched_affinity+cgroup_cpu_quota,4,4,runtime_latency,governed_8_runtimes_runtime_2,completion_latency,ms,0.48948799999999998,parallel_for,runtimes=8;items_per_runtime=32,thread_pool,not_applicable,Adaptive,4,1,4,4,4,4,3,0,not_nested,0,wait,granted,340.29599999999999,not_requested,1,3424649268515386025,0.48948799999999998,12,single,2,25174054,1,3,0,0
2,1.8.0,GCC,14.2.0,Release,Linux,effective_cpu_capacity=4,4,1,linux_sched_affinity+cgroup_cpu_quota,4,4,runtime_latency,governed_8_runtimes_runtime_3,completion_latency,ms,0.091977000000000003,parallel_for,runtimes=8;items_per_runtime=32,thread_pool,not_applicable,Adaptive,4,1,4,4,4,4,4,0,not_nested,0,wait,granted,1.1619999999999999,not_requested,1,3424649268515386025,0.091977000000000003,12,single,2,25174054,1,3,0,0
2,1.8.0,GCC,14.2.0,Release,Linux,effective_cpu_capacity=4,4,1,linux_sched_affinity+cgroup_cpu_quota,4,4,runtime_latency,governed_8_runtimes_runtime_4,completion_latency,ms,0.34868900000000003,parallel_for,runtimes=8;items_per_runtime=32,thread_pool,not_applicable,Adaptive,4,1,4,4,4,4,2,0,not_nested,0,wait,granted,254.00800000000001,not_requested,1,3424649268515386025,0.34868900000000003,12,single,2,25174054,1,3,0,0
2,1.8.0,GCC,14.2.0,Release,Linux,effective_cpu_capacity=4,4,1,linux_sched_affinity+cgroup_cpu_quota,4,4,runtime_latency,governed_8_runtimes_runtime_5,completion_latency,ms,0.69558600000000004,parallel_for,runtimes=8;items_per_runtime=32,thread_pool,not_applicable,Adaptive,4,1,4,4,4,4,3,0,not_nested,0,wait,granted,608.80600000000004,not_requested,1,3424649268515386025,0.69558600000000004,12,single,2,25174054,1,3,0,0
2,1.8.0,GCC,14.2.0,Release,Linux,effective_cpu_capacity=4,4,1,linux_sched_affinity+cgroup_cpu_quota,4,4,runtime_latency,governed_8_runtimes_runtime_6,completion_latency,ms,0.25927600000000001,parallel_for,runtimes=8;items_per_runtime=32,thread_pool,not_applicable,Adaptive,4,1,4,4,4,4,3,0,not_nested,0,wait,granted,162.071,not_requested,1,3424649268515386025,0.25927600000000001,12,single,2,25174054,1,3,0,0
2,1.8.0,GCC,14.2.0,Release,Linux,effective_cpu_capacity=4,4,1,linux_sched_affinity+cgroup_cpu_quota,4,4,runtime_latency,governed_8_runtimes_runtime_7,completion_latency,ms,0.16203100000000001,parallel_for,runtimes=8;items_per_runtime=32,thread_pool,not_applicable,Adaptive,4,1,4,4,4,4,2,0,not_nested,0,wait,granted,88.721999999999994,not_requested,1,3424649268515386025,0.16203100000000001,12,single,2,25174054,1,3,0,0
2,1.8.0,GCC,14.2.0,Release,Linux,effective_cpu_capacity=4,4,1,linux_sched_affinity+cgroup_cpu_quota,1,1,governed_vs_ungoverned,budget_1,batch_wall_time,ms,0.12670899999999999,parallel_for,runtimes=2;items_per_runtime=32,thread_pool,not_applicable,Adaptive,1,1,1,1,1,1,1,0,not_nested,0,wait,granted,0.72099999999999997,not_requested,1,10831286851329034220,0.12670899999999999,12,single,2,25174054,2,1,0,0
2,1.8.0,GCC,14.2.0,Release,Linux,effective_cpu_capacity=4,4,1,linux_sched_affinity+cgroup_cpu_quota,1,1,governed_vs_ungoverned,budget_1,throughput,operations_per_second,15784.198438942774,parallel_for,runtimes=2;items_per_runtime=32,thread_pool,not_applicable,Adaptive,1,1,1,1,1,1,1,0,not_nested,0,wait,granted,0.72099999999999997,not_requested,1,10831286851329034220,0.12670899999999999,12,single,2,25174054,2,1,0,0
2,1.8.0,GCC,14.2.0,Release,Linux,effective_cpu_capacity=4,4,1,linux_sched_affinity+cgroup_cpu_quota,1,1,governed_vs_ungoverned,budget_1,peak_participation,threads,1,parallel_for,runtimes=2;items_per_runtime=32,thread_pool,not_applicable,Adaptive,1,1,1,1,1,1,1,0,not_nested,0,wait,granted,0.72099999999999997,not_requested,1,10831286851329034220,0.12670899999999999,12,single,2,25174054,2,1,0,0
2,1.8.0,GCC,14.2.0,Release,Linux,effective_cpu_capacity=4,4,1,linux_sched_affinity+cgroup_cpu_quota,1,1,runtime_latency,budget_1_runtime_0,completion_latency,ms,0.041722000000000002,parallel_for,runtimes=2;items_per_runtime=32,thread_pool,not_applicable,Adaptive,1,1,1,1,1,1,1,0,not_nested,0,wait,granted,0.72099999999999997,not_requested,1,10831286851329034220,0.041722000000000002,12,single,2,25174054,1,1,0,0
2,1.8.0,GCC,14.2.0,Release,Linux,effective_cpu_capacity=4,4,1,linux_sched_affinity+cgroup_cpu_quota,1,1,runtime_latency,budget_1_runtime_1,completion_latency,ms,0.074742000000000003,parallel_for,runtimes=2;items_per_runtime=32,thread_pool,not_applicable,Adaptive,1,1,1,1,1,1,1,0,not_nested,0,wait,granted,38.506999999999998,not_requested,1,10831286851329034220,0.074742000000000003,12,single,2,25174054,1,1,0,0
2,1.8.0,GCC,14.2.0,Release,Linux,effective_cpu_capacity=4,4,1,linux_sched_affinity+cgroup_cpu_quota,2,2,governed_vs_ungoverned,budget_2,batch_wall_time,ms,0.16041900000000001,parallel_for,runtimes=2;items_per_runtime=32,thread_pool,not_applicable,Adaptive,2,1,2,2,2,2,2,0,not_nested,0,wait,granted,0.84199999999999997,not_requested,1,10831286851329034220,0.16041900000000001,12,single,2,25174054,2,2,0,0
2,1.8.0,GCC,14.2.0,Release,Linux,effective_cpu_capacity=4,4,1,linux_sched_affinity+cgroup_cpu_quota,2,2,governed_vs_ungoverned,budget_2,throughput,operations_per_second,12467.351124243389,parallel_for,runtimes=2;items_per_runtime=32,thread_pool,not_applicable,Adaptive,2,1,2,2,2,2,2,0,not_nested,0,wait,granted,0.84199999999999997,not_requested,1,10831286851329034220,0.16041900000000001,12,single,2,25174054,2,2,0,0
2,1.8.0,GCC,14.2.0,Release,Linux,effective_cpu_capacity=4,4,1,linux_sched_affinity+cgroup_cpu_quota,2,2,governed_vs_ungoverned,budget_2,peak_participation,threads,2,parallel_for,runtimes=2;items_per_runtime=32,thread_pool,not_applicable,Adaptive,2,1,2,2,2,2,2,0,not_nested,0,wait,granted,0.84199999999999997,not_requested,1,10831286851329034220,0.16041900000000001,12,single,2,25174054,2,2,0,0
2,1.8.0,GCC,14.2.0,Release,Linux,effective_cpu_capacity=4,4,1,linux_sched_affinity+cgroup_cpu_quota,2,2,runtime_latency,budget_2_runtime_0,completion_latency,ms,0.064856999999999998,parallel_for,runtimes=2;items_per_runtime=32,thread_pool,not_applicable,Adaptive,2,1,2,2,2,2,2,0,not_nested,0,wait,granted,0.84199999999999997,not_requested,1,10831286851329034220,0.064856999999999998,12,single,2,25174054,1,2,0,0
2,1.8.0,GCC,14.2.0,Release,Linux,effective_cpu_capacity=4,4,1,linux_sched_affinity+cgroup_cpu_quota,2,2,runtime_latency,budget_2_runtime_1,completion_latency,ms,0.106128,parallel_for,runtimes=2;items_per_runtime=32,thread_pool,not_applicable,Adaptive,2,1,2,2,2,2,2,0,not_nested,0,wait,granted,61.381,not_requested,1,10831286851329034220,0.106128,12,single,2,25174054,1,2,0,0
2,1.8.0,GCC,14.2.0,Release,Linux,effective_cpu_capacity=4,4,1,linux_sched_affinity+cgroup_cpu_quota,4,4,governed_vs_ungoverned,budget_4,batch_wall_time,ms,0.20549600000000001,parallel_for,runtimes=2;items_per_runtime=64,thread_pool,not_applicable,Adaptive,4,1,4,4,4,4,4,0,not_nested,0,wait,granted,0.65100000000000002,not_requested,1,7589314552514409162,0.20549600000000001,12,single,2,25174054,2,4,0,0
2,1.8.0,GCC,14.2.0,Release,Linux,effective_cpu_capacity=4,4,1,linux_sched_affinity+cgroup_cpu_quota,4,4,governed_vs_ungoverned,budget_4,throughput,operations_per_second,9732.5495386771527,parallel_for,runtimes=2;items_per_runtime=64,thread_pool,not_applicable,Adaptive,4,1,4,4,4,4,4,0,not_nested,0,wait,granted,0.65100000000000002,not_requested,1,7589314552514409162,0.20549600000000001,12,single,2,25174054,2,4,0,0
2,1.8.0,GCC,14.2.0,Release,Linux,effective_cpu_capacity=4,4,1,linux_sched_affinity+cgroup_cpu_quota,4,4,governed_vs_ungoverned,budget_4,peak_participation,threads,4,parallel_for,runtimes=2;items_per_runtime=64,thread_pool,not_applicable,Adaptive,4,1,4,4,4,4,4,0,not_nested,0,wait,granted,0.65100000000000002,not_requested,1,7589314552514409162,0.20549600000000001,12,single,2,25174054,2,4,0,0
2,1.8.0,GCC,14.2.0,Release,Linux,effective_cpu_capacity=4,4,1,linux_sched_affinity+cgroup_cpu_quota,4,4,runtime_latency,budget_4_runtime_0,completion_latency,ms,0.089872999999999995,parallel_for,runtimes=2;items_per_runtime=64,thread_pool,not_applicable,Adaptive,4,1,4,4,4,4,4,0,not_nested,0,wait,granted,0.65100000000000002,not_requested,1,7589314552514409162,0.089872999999999995,12,single,2,25174054,1,4,0,0
2,1.8.0,GCC,14.2.0,Release,Linux,effective_cpu_capacity=4,4,1,linux_sched_affinity+cgroup_cpu_quota,4,4,runtime_latency,budget_4_runtime_1,completion_latency,ms,0.15604299999999999,parallel_for,runtimes=2;items_per_runtime=64,thread_pool,not_applicable,Adaptive,4,1,4,4,4,4,2,0,not_nested,0,wait,granted,92.498000000000005,not_requested,1,7589314552514409162,0.15604299999999999,12,single,2,25174054,1,4,0,0
2,1.8.0,GCC,14.2.0,Release,Linux,effective_cpu_capacity=4,4,1,linux_sched_affinity+cgroup_cpu_quota,4,1,governor_overhead,uncontended_exact_acquire_release,latency,us_per_acquire_release,0.14706899999999998,parallel_for,,,not_applicable,Adaptive,1,1,1,1,1,1,1,0,not_nested,1,fail_immediately,granted,0.080000000000000002,not_requested,1,,0.00014706899999999997,13,single,2,25174054,1000,1,0,0
2,1.8.0,GCC,14.2.0,Release,Linux,effective_cpu_capacity=4,4,1,linux_sched_affinity+cgroup_cpu_quota,4,1,governor_overhead,inherited_nested_lease,latency,us_per_acquire_release,0.016975999999999998,parallel_for,,,not_applicable,Adaptive,1,1,1,1,1,1,1,1,reuse_parent,1,fail_immediately,granted,0.080000000000000002,not_requested,1,,0.00014706899999999997,13,single,2,25174054,1000,1,0,0
2,1.8.0,GCC,14.2.0,Release,Linux,effective_cpu_capacity=4,4,1,linux_sched_affinity+cgroup_cpu_quota,4,4,governor_overhead,flexible_partial_grant,latency,us_per_acquire_release,0.45000000000000001,parallel_for,,,not_applicable,Adaptive,4,1,4,4,1,1,1,0,not_nested,0,fail_immediately,granted,0.19,not_requested,1,,0.00014706899999999997,13,single,2,25174054,1,1,0,0
2,1.8.0,GCC,14.2.0,Release,Linux,effective_cpu_capacity=4,4,1,linux_sched_affinity+cgroup_cpu_quota,4,4,governor_overhead,immediate_failure,latency,us_per_acquire_release,0.49099999999999999,parallel_for,,,not_applicable,Adaptive,4,4,4,4,0,0,0,0,not_nested,1,fail_immediately,would_block,0,not_requested,1,,0.00014706899999999997,13,single,2,25174054,1,1,0,0
2,1.8.0,GCC,14.2.0,Release,Linux,effective_cpu_capacity=4,4,1,linux_sched_affinity+cgroup_cpu_quota,4,4,governor_overhead,direct_cancellation_notification,latency,us,26.969999999999999,parallel_for,,,not_applicable,Adaptive,4,4,4,4,0,0,0,0,not_nested,1,wait,cancelled,26.981000000000002,requested,1,,0.026969999999999997,13,single,2,25174054,1,0,0,0
2,1.8.0,GCC,14.2.0,Release,Linux,effective_cpu_capacity=4,4,1,linux_sched_affinity+cgroup_cpu_quota,4,4,admission_fairness,large_exact_request,completion_rank,rank,5,parallel_for,one_large_exact_plus_eight_small_exact,,not_applicable,Adaptive,4,4,4,4,4,4,4,0,not_nested,1,wait,granted,176.15199999999999,not_requested,1,,0,13,single,2,25174054,1,0,4,176.15199999999999
2,1.8.0,GCC,14.2.0,Release,Linux,effective_cpu_capacity=4,4,1,linux_sched_affinity+cgroup_cpu_quota,4,4,admission_fairness,small_request_0,completion_rank,rank,1,parallel_for,one_large_exact_plus_eight_small_exact,,not_applicable,Adaptive,1,1,1,1,1,1,1,0,not_nested,1,wait,granted,8.0020000000000007,not_requested,1,,0,13,single,2,25174054,1,0,4,8.0020000000000007
2,1.8.0,GCC,14.2.0,Release,Linux,effective_cpu_capacity=4,4,1,linux_sched_affinity+cgroup_cpu_quota,4,4,admission_fairness,small_request_1,completion_rank,rank,2,parallel_for,one_large_exact_plus_eight_small_exact,,not_applicable,Adaptive,1,1,1,1,1,1,1,0,not_nested,1,wait,granted,0.99099999999999999,not_requested,1,,0,13,single,2,25174054,1,0,4,0.99099999999999999
2,1.8.0,GCC,14.2.0,Release,Linux,effective_cpu_capacity=4,4,1,linux_sched_affinity+cgroup_cpu_quota,4,4,admission_fairness,small_request_2,completion_rank,rank,3,parallel_for,one_large_exact_plus_eight_small_exact,,not_applicable,Adaptive,1,1,1,1,1,1,1,0,not_nested,1,wait,granted,1.732,not_requested,1,,0,13,single,2,25174054,1,0,4,1.732
2,1.8.0,GCC,14.2.0,Release,Linux,effective_cpu_capacity=4,4,1,linux_sched_affinity+cgroup_cpu_quota,4,4,admission_fairness,small_request_3,completion_rank,rank,4,parallel_for,one_large_exact_plus_eight_small_exact,,not_applicable,Adaptive,1,1,1,1,1,1,1,0,not_nested,1,wait,granted,8.6229999999999993,not_requested,1,,0,13,single,2,25174054,1,0,4,8.6229999999999993
2,1.8.0,GCC,14.2.0,Release,Linux,effective_cpu_capacity=4,4,1,linux_sched_affinity+cgroup_cpu_quota,4,4,admission_fairness,small_request_4,completion_rank,rank,6,parallel_for,one_large_exact_plus_eight_small_exact,,not_applicable,Adaptive,1,1,1,1,1,1,1,0,not_nested,1,wait,granted,1155.8199999999999,not_requested,1,,0,13,single,2,25174054,1,0,4,1155.8199999999999
2,1.8.0,GCC,14.2.0,Release,Linux,effective_cpu_capacity=4,4,1,linux_sched_affinity+cgroup_cpu_quota,4,4,admission_fairness,small_request_5,completion_rank,rank,9,parallel_for,one_large_exact_plus_eight_small_exact,,not_applicable,Adaptive,1,1,1,1,1,1,1,0,not_nested,1,wait,granted,1167.1079999999999,not_requested,1,,0,13,single,2,25174054,1,0,4,1167.1079999999999
2,1.8.0,GCC,14.2.0,Release,Linux,effective_cpu_capacity=4,4,1,linux_sched_affinity+cgroup_cpu_quota,4,4,admission_fairness,small_request_6,completion_rank,rank,7,parallel_for,one_large_exact_plus_eight_small_exact,,not_applicable,Adaptive,1,1,1,1,1,1,1,0,not_nested,1,wait,granted,1143.933,not_requested,1,,0,13,single,2,25174054,1,0,4,1143.933
2,1.8.0,GCC,14.2.0,Release,Linux,effective_cpu_capacity=4,4,1,linux_sched_affinity+cgroup_cpu_quota,4,4,admission_fairness,small_request_7,completion_rank,rank,8,parallel_for,one_large_exact_plus_eight_small_exact,,not_applicable,Adaptive,1,1,1,1,1,1,1,0,not_nested,1,wait,granted,1117.8140000000001,not_requested,1,,0,13,single,2,25174054,1,0,4,1117.8140000000001
2,1.8.0,GCC,14.2.0,Release,Linux,effective_cpu_capacity=4,4,1,linux_sched_affinity+cgroup_cpu_quota,4,4,adaptive_partial_grant,available_one_of_preferred_budget,granted_workers,threads,1,parallel_for,,thread_pool,not_applicable,Adaptive,4,1,4,4,1,1,1,0,not_nested,0,wait,granted,0.23999999999999999,not_requested,1,,0.097725999999999993,13,single,2,25174054,1,1,0,0
2,1.8.0,GCC,14.2.0,Release,Linux,effective_cpu_capacity=4,4,1,linux_sched_affinity+cgroup_cpu_quota,4,4,nested_execution,depth_1,peak_participation,threads,1,parallel_for,depth=1;leaves=2,thread_pool,not_applicable,Adaptive,2,1,2,4,2,2,1,0,not_nested,0,wait,granted,0.221,not_requested,1,,0.017926999999999998,13,single,2,25174054,1,1,0,0
2,1.8.0,GCC,14.2.0,Release,Linux,effective_cpu_capacity=4,4,1,linux_sched_affinity+cgroup_cpu_quota,4,4,nested_execution,depth_2,peak_participation,threads,1,parallel_for,depth=2;leaves=4,thread_pool,not_applicable,Adaptive,2,1,2,4,2,2,1,0,not_nested,0,wait,granted,0.20000000000000001,not_requested,1,,0.021592,13,single,2,25174054,1,1,0,0
2,1.8.0,GCC,14.2.0,Release,Linux,effective_cpu_capacity=4,4,1,linux_sched_affinity+cgroup_cpu_quota,4,4,nested_execution,depth_3,peak_participation,threads,1,parallel_for,depth=3;leaves=8,thread_pool,not_applicable,Adaptive,2,1,2,4,2,2,1,0,not_nested,0,wait,granted,0.23100000000000001,not_requested,1,,0.020701000000000001,13,single,2,25174054,1,1,0,0
2,1.8.0,GCC,14.2.0,Release,Linux,effective_cpu_capacity=4,4,1,linux_sched_affinity+cgroup_cpu_quota,4,4,nested_execution,depth_4,peak_participation,threads,1,parallel_for,depth=4;leaves=16,thread_pool,not_applicable,Adaptive,2,1,2,4,2,2,1,0,not_nested,0,wait,granted,0.24099999999999999,not_requested,1,,0.023015000000000001,13,single,2,25174054,1,1,0,0
2,1.8.0,GCC,14.2.0,Release,Linux,effective_cpu_capacity=4,4,1,linux_sched_affinity+cgroup_cpu_quota,1,1,scheduler_comparison,sequential,duration,ms,0.40431099999999998,parallel_for,,sequential,not_applicable,Adaptive,1,1,1,1,1,1,1,0,not_nested,0,wait,granted,0.23000000000000001,not_requested,1,5314921549994187984,0.40431099999999998,13,single,2,25174054,1,1,0,0
2,1.8.0,GCC,14.2.0,Release,Linux,effective_cpu_capacity=4,4,1,linux_sched_affinity+cgroup_cpu_quota,4,4,scheduler_comparison,thread_pool,duration,ms,0.22775899999999999,parallel_for,,thread_pool,not_applicable,Adaptive,4,1,4,4,4,4,4,0,not_nested,0,wait,granted,0.17999999999999999,not_requested,1,5314921549994187984,0.22775899999999999,13,single,2,25174054,1,4,0,0
2,1.8.0,GCC,14.2.0,Release,Linux,effective_cpu_capacity=4,4,1,linux_sched_affinity+cgroup_cpu_quota,4,4,scheduler_comparison,static_thread,duration,ms,0.22170999999999999,parallel_for,,static_thread,not_applicable,Adaptive,4,1,4,4,4,4,4,0,not_nested,0,wait,granted,0.36099999999999999,not_requested,1,5314921549994187984,0.22170999999999999,13,single,2,25174054,1,4,0,0
2,1.8.0,GCC,14.2.0,Release,Linux,effective_cpu_capacity=4,4,1,linux_sched_affinity+cgroup_cpu_quota,4,4,deterministic_exact_grant,success,accepted,boolean,1,parallel_for,,thread_pool,not_applicable,Deterministic,4,4,4,4,4,4,1,0,not_nested,1,fail_immediately,granted,0.55100000000000005,not_requested,1,,0,13,single,2,25174054,1,0,0,0
2,1.8.0,GCC,14.2.0,Release,Linux,effective_cpu_capacity=4,4,1,linux_sched_affinity+cgroup_cpu_quota,4,4,deterministic_exact_grant,insufficient_budget_failure,accepted,boolean,1,parallel_for,,,not_applicable,Deterministic,4,4,4,4,0,0,0,0,not_nested,1,fail_immediately,would_block,0,not_requested,1,,0,13,single,2,25174054,1,0,0,0
2,1.8.0,GCC,14.2.0,Release,Linux,effective_cpu_capacity=4,4,1,linux_sched_affinity+cgroup_cpu_quota,4,4,governed_vs_ungoverned,governed,batch_wall_time,ms,2.7480359999999999,parallel_for,runtimes=2;items_per_runtime=128,thread_pool,not_applicable,Adaptive,4,1,4,4,4,4,2,0,not_nested,0,wait,granted,0.91100000000000003,not_requested,1,14754973877547064749,2.7480359999999999,13,ungoverned_then_governed,2,25174054,2,3,0,0
2,1.8.0,GCC,14.2.0,Release,Linux,effective_cpu_capacity=4,4,1,linux_sched_affinity+cgroup_cpu_quota,4,4,governed_vs_ungoverned,governed,throughput,operations_per_second,727.79250344609761,parallel_for,runtimes=2;items_per_runtime=128,thread_pool,not_applicable,Adaptive,4,1,4,4,4,4,2,0,not_nested,0,wait,granted,0.91100000000000003,not_requested,1,14754973877547064749,2.7480359999999999,13,ungoverned_then_governed,2,25174054,2,3,0,0
2,1.8.0,GCC,14.2.0,Release,Linux,effective_cpu_capacity=4,4,1,linux_sched_affinity+cgroup_cpu_quota,4,4,governed_vs_ungoverned,governed,peak_participation,threads,3,parallel_for,runtimes=2;items_per_runtime=128,thread_pool,not_applicable,Adaptive,4,1,4,4,4,4,2,0,not_nested,0,wait,granted,0.91100000000000003,not_requested,1,14754973877547064749,2.7480359999999999,13,ungoverned_then_governed,2,25174054,2,3,0,0
2,1.8.0,GCC,14.2.0,Release,Linux,effective_cpu_capacity=4,4,1,linux_sched_affinity+cgroup_cpu_quota,4,4,runtime_latency,governed_runtime_0,completion_latency,ms,1.5354350000000001,parallel_for,runtimes=2;items_per_runtime=128,thread_pool,not_applicable,Adaptive,4,1,4,4,4,4,2,0,not_nested,0,wait,granted,0.91100000000000003,not_requested,1,14754973877547064749,1.5354350000000001,13,ungoverned_then_governed,2,25174054,1,3,0,0
2,1.8.0,GCC,14.2.0,Release,Linux,effective_cpu_capacity=4,4,1,linux_sched_affinity+cgroup_cpu_quota,4,4,runtime_latency,governed_runtime_1,completion_latency,ms,2.6789969999999999,parallel_for,runtimes=2;items_per_runtime=128,thread_pool,not_applicable,Adaptive,4,1,4,4,4,4,3,0,not_nested,0,wait,granted,1529.7570000000001,not_requested,1,14754973877547064749,2.6789969999999999,13,ungoverned_then_governed,2,25174054,1,3,0,0
2,1.8.0,GCC,14.2.0,Release,Linux,effective_cpu_capacity=4,4,1,linux_sched_affinity+cgroup_cpu_quota,4,4,governed_vs_ungoverned,ungoverned,batch_wall_time,ms,1.60589,parallel_for,runtimes=2;items_per_runtime=128,thread_pool,not_applicable,Adaptive,4,1,4,4,4,4,3,0,not_nested,0,wait,granted,1.052,not_requested,1,14754973877547064749,1.60589,13,ungoverned_then_governed,2,25174054,2,5,0,0
2,1.8.0,GCC,14.2.0,Release,Linux,effective_cpu_capacity=4,4,1,linux_sched_affinity+cgroup_cpu_quota,4,4,governed_vs_ungoverned,ungoverned,throughput,operations_per_second,1245.4153148721271,parallel_for,runtimes=2;items_per_runtime=128,thread_pool,not_applicable,Adaptive,4,1,4,4,4,4,3,0,not_nested,0,wait,granted,1.052,not_requested,1,14754973877547064749,1.60589,13,ungoverned_then_governed,2,25174054,2,5,0,0
2,1.8.0,GCC,14.2.0,Release,Linux,effective_cpu_capacity=4,4,1,linux_sched_affinity+cgroup_cpu_quota,4,4,governed_vs_ungoverned,ungoverned,peak_participation,threads,5,parallel_for,runtimes=2;items_per_runtime=128,thread_pool,not_applicable,Adaptive,4,1,4,4,4,4,3,0,not_nested,0,wait,granted,1.052,not_requested,1,14754973877547064749,1.60589,13,ungoverned_then_governed,2,25174054,2,5,0,0
2,1.8.0,GCC,14.2.0,Release,Linux,effective_cpu_capacity=4,4,1,linux_sched_affinity+cgroup_cpu_quota,4,4,runtime_latency,ungoverned_runtime_0,completion_latency,ms,1.540613,parallel_for,runtimes=2;items_per_runtime=128,thread_pool,not_applicable,Adaptive,4,1,4,4,4,4,3,0,not_nested,0,wait,granted,1.052,not_requested,1,14754973877547064749,1.540613,13,ungoverned_then_governed,2,25174054,1,5,0,0
2,1.8.0,GCC,14.2.0,Release,Linux,effective_cpu_capacity=4,4,1,linux_sched_affinity+cgroup_cpu_quota,4,4,runtime_latency,ungoverned_runtime_1,completion_latency,ms,1.5494559999999999,parallel_for,runtimes=2;items_per_runtime=128,thread_pool,not_applicable,Adaptive,4,1,4,4,4,4,4,0,not_nested,0,wait,granted,0.871,not_requested,1,14754973877547064749,1.5494559999999999,13,ungoverned_then_governed,2,25174054,1,5,0,0
2,1.8.0,GCC,14.2.0,Release,Linux,effective_cpu_capacity=4,4,1,linux_sched_affinity+cgroup_cpu_quota,4,4,governed_vs_ungoverned,governed_2_runtimes,batch_wall_time,ms,0.193828,parallel_for,runtimes=2;items_per_runtime=32,thread_pool,not_applicable,Adaptive,4,1,4,4,4,4,2,0,not_nested,0,wait,granted,1.1319999999999999,not_requested,1,10831286851329034220,0.193828,13,single,2,25174054,2,2,0,0
2,1.8.0,GCC,14.2.0,Release,Linux,effective_cpu_capacity=4,4,1,linux_sched_affinity+cgroup_cpu_quota,4,4,governed_vs_ungoverned,governed_2_runtimes,throughput,operations_per_second,10318.426646304972,parallel_for,runtimes=2;items_per_runtime=32,thread_pool,not_applicable,Adaptive,4,1,4,4,4,4,2,0,not_nested,0,wait,granted,1.1319999999999999,not_requested,1,10831286851329034220,0.193828,13,single,2,25174054,2,2,0,0
2,1.8.0,GCC,14.2.0,Release,Linux,effective_cpu_capacity=4,4,1,linux_sched_affinity+cgroup_cpu_quota,4,4,governed_vs_ungoverned,governed_2_runtimes,peak_participation,threads,2,parallel_for,runtimes=2;items_per_runtime=32,thread_pool,not_applicable,Adaptive,4,1,4,4,4,4,2,0,not_nested,0,wait,granted,1.1319999999999999,not_requested,1,10831286851329034220,0.193828,13,single,2,25174054,2,2,0,0
2,1.8.0,GCC,14.2.0,Release,Linux,effective_cpu_capacity=4,4,1,linux_sched_affinity+cgroup_cpu_quota,4,4,runtime_latency,governed_2_runtimes_runtime_0,completion_latency,ms,0.074190000000000006,parallel_for,runtimes=2;items_per_runtime=32,thread_pool,not_applicable,Adaptive,4,1,4,4,4,4,2,0,not_nested,0,wait,granted,1.1319999999999999,not_requested,1,10831286851329034220,0.074190000000000006,13,single,2,25174054,1,2,0,0
2,1.8.0,GCC,14.2.0,Release,Linux,effective_cpu_capacity=4,4,1,linux_sched_affinity+cgroup_cpu_quota,4,4,runtime_latency,governed_2_runtimes_runtime_1,completion_latency,ms,0.13090399999999999,parallel_for,runtimes=2;items_per_runtime=32,thread_pool,not_applicable,Adaptive,4,1,4,4,4,4,2,0,not_nested,0,wait,granted,76.483999999999995,not_requested,1,10831286851329034220,0.13090399999999999,13,single,2,25174054,1,2,0,0
2,1.8.0,GCC,14.2.0,Release,Linux,effective_cpu_capacity=4,4,1,linux_sched_affinity+cgroup_cpu_quota,4,4,governed_vs_ungoverned,governed_4_runtimes,batch_wall_time,ms,0.36399199999999998,parallel_for,runtimes=4;items_per_runtime=32,thread_pool,not_applicable,Adaptive,4,1,4,4,4,4,2,0,not_nested,0,wait,granted,0.67100000000000004,not_requested,1,7589314552514409162,0.36399199999999998,13,single,2,25174054,4,3,0,0
2,1.8.0,GCC,14.2.0,Release,Linux,effective_cpu_capacity=4,4,1,linux_sched_affinity+cgroup_cpu_quota,4,4,governed_vs_ungoverned,governed_4_runtimes,throughput,operations_per_second,10989.252511044198,parallel_for,runtimes=4;items_per_runtime=32,thread_pool,not_applicable,Adaptive,4,1,4,4,4,4,2,0,not_nested,0,wait,granted,0.67100000000000004,not_requested,1,7589314552514409162,0.36399199999999998,13,single,2,25174054,4,3,0,0
2,1.8.0,GCC,14.2.0,Release,Linux,effective_cpu_capacity=4,4,1,linux_sched_affinity+cgroup_cpu_quota,4,4,governed_vs_ungoverned,governed_4_runtimes,peak_participation,threads,3,parallel_for,runtimes=4;items_per_runtime=32,thread_pool,not_applicable,Adaptive,4,1,4,4,4,4,2,0,not_nested,0,wait,granted,0.67100000000000004,not_requested,1,7589314552514409162,0.36399199999999998,13,single,2,25174054,4,3,0,0
2,1.8.0,GCC,14.2.0,Release,Linux,effective_cpu_capacity=4,4,1,linux_sched_affinity+cgroup_cpu_quota,4,4,runtime_latency,governed_4_runtimes_runtime_0,completion_latency,ms,0.067871000000000001,parallel_for,runtimes=4;items_per_runtime=32,thread_pool,not_applicable,Adaptive,4,1,4,4,4,4,2,0,not_nested,0,wait,granted,0.67100000000000004,not_requested,1,7589314552514409162,0.067871000000000001,13,single,2,25174054,1,3,0,0
2,1.8.0,GCC,14.2.0,Release,Linux,effective_cpu_capacity=4,4,1,linux_sched_affinity+cgroup_cpu_quota,4,4,runtime_latency,governed_4_runtimes_runtime_1,completion_latency,ms,0.142342,parallel_for,runtimes=4;items_per_runtime=32,thread_pool,not_applicable,Adaptive,4,1,4,4,4,4,3,0,not_nested,0,wait,granted,68.501999999999995,not_requested,1,7589314552514409162,0.142342,13,single,2,25174054,1,3,0,0
2,1.8.0,GCC,14.2.0,Release,Linux,effective_cpu_capacity=4,4,1,linux_sched_affinity+cgroup_cpu_quota,4,4,runtime_latency,governed_4_runtimes_runtime_2,completion_latency,ms,0.21552099999999999,parallel_for,runtimes=4;items_per_runtime=32,thread_pool,not_applicable,Adaptive,4,1,4,4,4,4,3,0,not_nested,0,wait,granted,140.05799999999999,not_requested,1,7589314552514409162,0.21552099999999999,13,single,2,25174054,1,3,0,0
2,1.8.0,GCC,14.2.0,Release,Linux,effective_cpu_capacity=4,4,1,linux_sched_affinity+cgroup_cpu_quota,4,4,runtime_latency,governed_4_runtimes_runtime_3,completion_latency,ms,0.27132299999999998,parallel_for,runtimes=4;items_per_runtime=32,thread_pool,not_applicable,Adaptive,4,1,4,4,4,4,3,0,not_nested,0,wait,granted,207.12899999999999,not_requested,1,7589314552514409162,0.27132299999999998,13,single,2,25174054,1,3,0,0
2,1.8.0,GCC,14.2.0,Release,Linux,effective_cpu_capacity=4,4,1,linux_sched_affinity+cgroup_cpu_quota,4,4,governed_vs_ungoverned,governed_8_runtimes,batch_wall_time,ms,0.77648600000000001,parallel_for,runtimes=8;items_per_runtime=32,thread_pool,not_applicable,Adaptive,4,1,4,4,4,4,3,0,not_nested,0,wait,granted,0.70099999999999996,not_requested,1,3424649268515386025,0.77648600000000001,13,single,2,25174054,8,3,0,0
2,1.8.0,GCC,14.2.0,Release,Linux,effective_cpu_capacity=4,4,1,linux_sched_affinity+cgroup_cpu_quota,4,4,governed_vs_ungoverned,governed_8_runtimes,throughput,operations_per_second,10302.825807548365,parallel_for,runtimes=8;items_per_runtime=32,thread_pool,not_applicable,Adaptive,4,1,4,4,4,4,3,0,not_nested,0,wait,granted,0.70099999999999996,not_requested,1,3424649268515386025,0.77648600000000001,13,single,2,25174054,8,3,0,0
2,1.8.0,GCC,14.2.0,Release,Linux,effective_cpu_capacity=4,4,1,linux_sched_affinity+cgroup_cpu_quota,4,4,governed_vs_ungoverned,governed_8_runtimes,peak_participation,threads,3,parallel_for,runtimes=8;items_per_runtime=32,thread_pool,not_applicable,Adaptive,4,1,4,4,4,4,3,0,not_nested,0,wait,granted,0.70099999999999996,not_requested,1,3424649268515386025,0.77648600000000001,13,single,2,25174054,8,3,0,0
2,1.8.0,GCC,14.2.0,Release,Linux,effective_cpu_capacity=4,4,1,linux_sched_affinity+cgroup_cpu_quota,4,4,runtime_latency,governed_8_runtimes_runtime_0,completion_latency,ms,0.076373999999999997,parallel_for,runtimes=8;items_per_runtime=32,thread_pool,not_applicable,Adaptive,4,1,4,4,4,4,3,0,not_nested,0,wait,granted,0.70099999999999996,not_requested,1,3424649268515386025,0.076373999999999997,13,single,2,25174054,1,3,0,0
2,1.8.0,GCC,14.2.0,Release,Linux,effective_cpu_capacity=4,4,1,linux_sched_affinity+cgroup_cpu_quota,4,4,runtime_latency,governed_8_runtimes_runtime_1,completion_latency,ms,0.320967,parallel_for,runtimes=8;items_per_runtime=32,thread_pool,not_applicable,Adaptive,4,1,4,4,4,4,3,0,not_nested,0,wait,granted,265.32499999999999,not_requested,1,3424649268515386025,0.320967,13,single,2,25174054,1,3,0,0
2,1.8.0,GCC,14.2.0,Release,Linux,effective_cpu_capacity=4,4,1,linux_sched_affinity+cgroup_cpu_quota,4,4,runtime_latency,governed_8_runtimes_runtime_2,completion_latency,ms,0.17077899999999999,parallel_for,runtimes=8;items_per_runtime=32,thread_pool,not_applicable,Adaptive,4,1,4,4,4,4,2,0,not_nested,0,wait,granted,88.626000000000005,not_requested,1,3424649268515386025,0.17077899999999999,13,single,2,25174054,1,3,0,0
2,1.8.0,GCC,14.2.0,Release,Linux,effective_cpu_capacity=4,4,1,linux_sched_affinity+cgroup_cpu_quota,4,4,runtime_latency,governed_8_runtimes_runtime_3,completion_latency,ms,0.55023500000000003,parallel_for,runtimes=8;items_per_runtime=32,thread_pool,not_applicable,Adaptive,4,1,4,4,4,4,2,0,not_nested,0,wait,granted,499.31900000000002,not_requested,1,3424649268515386025,0.55023500000000003,13,single,2,25174054,1,3,0,0
2,1.8.0,GCC,14.2.0,Release,Linux,effective_cpu_capacity=4,4,1,linux_sched_affinity+cgroup_cpu_quota,4,4,runtime_latency,governed_8_runtimes_runtime_4,completion_latency,ms,0.41722100000000001,parallel_for,runtimes=8;items_per_runtime=32,thread_pool,not_applicable,Adaptive,4,1,4,4,4,4,2,0,not_nested,0,wait,granted,319.98700000000002,not_requested,1,3424649268515386025,0.41722100000000001,13,single,2,25174054,1,3,0,0
2,1.8.0,GCC,14.2.0,Release,Linux,effective_cpu_capacity=4,4,1,linux_sched_affinity+cgroup_cpu_quota,4,4,runtime_latency,governed_8_runtimes_runtime_5,completion_latency,ms,0.59632300000000005,parallel_for,runtimes=8;items_per_runtime=32,thread_pool,not_applicable,Adaptive,4,1,4,4,4,4,1,0,not_nested,0,wait,granted,547.74000000000001,not_requested,1,3424649268515386025,0.59632300000000005,13,single,2,25174054,1,3,0,0
2,1.8.0,GCC,14.2.0,Release,Linux,effective_cpu_capacity=4,4,1,linux_sched_affinity+cgroup_cpu_quota,4,4,runtime_latency,governed_8_runtimes_runtime_6,completion_latency,ms,0.25944600000000001,parallel_for,runtimes=8;items_per_runtime=32,thread_pool,not_applicable,Adaptive,4,1,4,4,4,4,2,0,not_nested,0,wait,granted,180.518,not_requested,1,3424649268515386025,0.25944600000000001,13,single,2,25174054,1,3,0,0
2,1.8.0,GCC,14.2.0,Release,Linux,effective_cpu_capacity=4,4,1,linux_sched_affinity+cgroup_cpu_quota,4,4,runtime_latency,governed_8_runtimes_runtime_7,completion_latency,ms,0.49325000000000002,parallel_for,runtimes=8;items_per_runtime=32,thread_pool,not_applicable,Adaptive,4,1,4,4,4,4,4,0,not_nested,0,wait,granted,424.45699999999999,not_requested,1,3424649268515386025,0.49325000000000002,13,single,2,25174054,1,3,0,0
2,1.8.0,GCC,14.2.0,Release,Linux,effective_cpu_capacity=4,4,1,linux_sched_affinity+cgroup_cpu_quota,1,1,governed_vs_ungoverned,budget_1,batch_wall_time,ms,0.14457500000000001,parallel_for,runtimes=2;items_per_runtime=32,thread_pool,not_applicable,Adaptive,1,1,1,1,1,1,1,0,not_nested,0,wait,granted,1.101,not_requested,1,10831286851329034220,0.14457500000000001,13,single,2,25174054,2,1,0,0
2,1.8.0,GCC,14.2.0,Release,Linux,effective_cpu_capacity=4,4,1,linux_sched_affinity+cgroup_cpu_quota,1,1,governed_vs_ungoverned,budget_1,throughput,operations_per_second,13833.65035448729,parallel_for,runtimes=2;items_per_runtime=32,thread_pool,not_applicable,Adaptive,1,1,1,1,1,1,1,0,not_nested,0,wait,granted,1.101,not_requested,1,10831286851329034220,0.14457500000000001,13,single,2,25174054,2,1,0,0
2,1.8.0,GCC,14.2.0,Release,Linux,effective_cpu_capacity=4,4,1,linux_sched_affinity+cgroup_cpu_quota,1,1,governed_vs_ungoverned,budget_1,peak_participation,threads,1,parallel_for,runtimes=2;items_per_runtime=32,thread_pool,not_applicable,Adaptive,1,1,1,1,1,1,1,0,not_nested,0,wait,granted,1.101,not_requested,1,10831286851329034220,0.14457500000000001,13,single,2,25174054,2,1,0,0
2,1.8.0,GCC,14.2.0,Release,Linux,effective_cpu_capacity=4,4,1,linux_sched_affinity+cgroup_cpu_quota,1,1,runtime_latency,budget_1_runtime_0,completion_latency,ms,0.042013000000000002,parallel_for,runtimes=2;items_per_runtime=32,thread_pool,not_applicable,Adaptive,1,1,1,1,1,1,1,0,not_nested,0,wait,granted,1.101,not_requested,1,10831286851329034220,0.042013000000000002,13,single,2,25174054,1,1,0,0
2,1.8.0,GCC,14.2.0,Release,Linux,effective_cpu_capacity=4,4,1,linux_sched_affinity+cgroup_cpu_quota,1,1,runtime_latency,budget_1_runtime_1,completion_latency,ms,0.080179,parallel_for,runtimes=2;items_per_runtime=32,thread_pool,not_applicable,Adaptive,1,1,1,1,1,1,1,0,not_nested,0,wait,granted,37.225000000000001,not_requested,1,10831286851329034220,0.080179,13,single,2,25174054,1,1,0,0
2,1.8.0,GCC,14.2.0,Release,Linux,effective_cpu_capacity=4,4,1,linux_sched_affinity+cgroup_cpu_quota,2,2,governed_vs_ungoverned,budget_2,batch_wall_time,ms,0.19590199999999999,parallel_for,runtimes=2;items_per_runtime=32,thread_pool,not_applicable,Adaptive,2,1,2,2,2,2,1,0,not_nested,0,wait,granted,0.751,not_requested,1,10831286851329034220,0.19590199999999999,13,single,2,25174054,2,1,0,0
2,1.8.0,GCC,14.2.0,Release,Linux,effective_cpu_capacity=4,4,1,linux_sched_affinity+cgroup_cpu_quota,2,2,governed_vs_ungoverned,budget_2,throughput,operations_per_second,10209.186225765945,parallel_for,runtimes=2;items_per_runtime=32,thread_pool,not_applicable,Adaptive,2,1,2,2,2,2,1,0,not_nested,0,wait,granted,0.751,not_requested,1,10831286851329034220,0.19590199999999999,13,single,2,25174054,2,1,0,0
2,1.8.0,GCC,14.2.0,Release,Linux,effective_cpu_capacity=4,4,1,linux_sched_affinity+cgroup_cpu_quota,2,2,governed_vs_ungoverned,budget_2,peak_participation,threads,1,parallel_for,runtimes=2;items_per_runtime=32,thread_pool,not_applicable,Adaptive,2,1,2,2,2,2,1,0,not_nested,0,wait,granted,0.751,not_requested,1,10831286851329034220,0.19590199999999999,13,single,2,25174054,2,1,0,0
2,1.8.0,GCC,14.2.0,Release,Linux,effective_cpu_capacity=4,4,1,linux_sched_affinity+cgroup_cpu_quota,2,2,runtime_latency,budget_2_runtime_0,completion_latency,ms,0.079908999999999994,parallel_for,runtimes=2;items_per_runtime=32,thread_pool,not_applicable,Adaptive,2,1,2,2,2,2,1,0,not_nested,0,wait,granted,0.751,not_requested,1,10831286851329034220,0.079908999999999994,13,single,2,25174054,1,1,0,0
2,1.8.0,GCC,14.2.0,Release,Linux,effective_cpu_capacity=4,4,1,linux_sched_affinity+cgroup_cpu_quota,2,2,runtime_latency,budget_2_runtime_1,completion_latency,ms,0.12642300000000001,parallel_for,runtimes=2;items_per_runtime=32,thread_pool,not_applicable,Adaptive,2,1,2,2,2,2,1,0,not_nested,0,wait,granted,75.046000000000006,not_requested,1,10831286851329034220,0.12642300000000001,13,single,2,25174054,1,1,0,0
2,1.8.0,GCC,14.2.0,Release,Linux,effective_cpu_capacity=4,4,1,linux_sched_affinity+cgroup_cpu_quota,4,4,governed_vs_ungoverned,budget_4,batch_wall_time,ms,0.205176,parallel_for,runtimes=2;items_per_runtime=64,thread_pool,not_applicable,Adaptive,4,1,4,4,4,4,4,0,not_nested,0,wait,granted,1.101,not_requested,1,7589314552514409162,0.205176,13,single,2,25174054,2,4,0,0
2,1.8.0,GCC,14.2.0,Release,Linux,effective_cpu_capacity=4,4,1,linux_sched_affinity+cgroup_cpu_quota,4,4,governed_vs_ungoverned,budget_4,throughput,operations_per_second,9747.7287791944473,parallel_for,runtimes=2;items_per_runtime=64,thread_pool,not_applicable,Adaptive,4,1,4,4,4,4,4,0,not_nested,0,wait,granted,1.101,not_requested,1,7589314552514409162,0.205176,13,single,2,25174054,2,4,0,0
2,1.8.0,GCC,14.2.0,Release,Linux,effective_cpu_capacity=4,4,1,linux_sched_affinity+cgroup_cpu_quota,4,4,governed_vs_ungoverned,budget_4,peak_participation,threads,4,parallel_for,runtimes=2;items_per_runtime=64,thread_pool,not_applicable,Adaptive,4,1,4,4,4,4,4,0,not_nested,0,wait,granted,1.101,not_requested,1,7589314552514409162,0.205176,13,single,2,25174054,2,4,0,0
2,1.8.0,GCC,14.2.0,Release,Linux,effective_cpu_capacity=4,4,1,linux_sched_affinity+cgroup_cpu_quota,4,4,runtime_latency,budget_4_runtime_0,completion_latency,ms,0.075282000000000002,parallel_for,runtimes=2;items_per_runtime=64,thread_pool,not_applicable,Adaptive,4,1,4,4,4,4,4,0,not_nested,0,wait,granted,1.101,not_requested,1,7589314552514409162,0.075282000000000002,13,single,2,25174054,1,4,0,0
2,1.8.0,GCC,14.2.0,Release,Linux,effective_cpu_capacity=4,4,1,linux_sched_affinity+cgroup_cpu_quota,4,4,runtime_latency,budget_4_runtime_1,completion_latency,ms,0.12837100000000001,parallel_for,runtimes=2;items_per_runtime=64,thread_pool,not_applicable,Adaptive,4,1,4,4,4,4,2,0,not_nested,0,wait,granted,69.983999999999995,not_requested,1,7589314552514409162,0.12837100000000001,13,single,2,25174054,1,4,0,0
2,1.8.0,GCC,14.2.0,Release,Linux,effective_cpu_capacity=4,4,1,linux_sched_affinity+cgroup_cpu_quota,4,1,governor_overhead,uncontended_exact_acquire_release,latency,us_per_acquire_release,0.145617,parallel_for,,,not_applicable,Adaptive,1,1,1,1,1,1,1,0,not_nested,1,fail_immediately,granted,0.080000000000000002,not_requested,1,,0.00014561699999999998,14,single,2,25174054,1000,1,0,0
2,1.8.0,GCC,14.2.0,Release,Linux,effective_cpu_capacity=4,4,1,linux_sched_affinity+cgroup_cpu_quota,4,1,governor_overhead,inherited_nested_lease,latency,us_per_acquire_release,0.019037999999999999,parallel_for,,,not_applicable,Adaptive,1,1,1,1,1,1,1,1,reuse_parent,1,fail_immediately,granted,0.080000000000000002,not_requested,1,,0.00014561699999999998,14,single,2,25174054,1000,1,0,0
2,1.8.0,GCC,14.2.0,Release,Linux,effective_cpu_capacity=4,4,1,linux_sched_affinity+cgroup_cpu_quota,4,4,governor_overhead,flexible_partial_grant,latency,us_per_acquire_release,0.34100000000000003,parallel_for,,,not_applicable,Adaptive,4,1,4,4,1,1,1,0,not_nested,0,fail_immediately,granted,0.191,not_requested,1,,0.00014561699999999998,14,single,2,25174054,1,1,0,0
2,1.8.0,GCC,14.2.0,Release,Linux,effective_cpu_capacity=4,4,1,linux_sched_affinity+cgroup_cpu_quota,4,4,governor_overhead,immediate_failure,latency,us_per_acquire_release,0.43099999999999999,parallel_for,,,not_applicable,Adaptive,4,4,4,4,0,0,0,0,not_nested,1,fail_immediately,would_block,0,not_requested,1,,0.00014561699999999998,14,single,2,25174054,1,1,0,0
2,1.8.0,GCC,14.2.0,Release,Linux,effective_cpu_capacity=4,4,1,linux_sched_affinity+cgroup_cpu_quota,4,4,governor_overhead,direct_cancellation_notification,latency,us,21.411000000000001,parallel_for,,,not_applicable,Adaptive,4,4,4,4,0,0,0,0,not_nested,1,wait,cancelled,12.869,requested,1,,0.021411000000000003,14,single,2,25174054,1,0,0,0
2,1.8.0,GCC,14.2.0,Release,Linux,effective_cpu_capacity=4,4,1,linux_sched_affinity+cgroup_cpu_quota,4,4,admission_fairness,large_exact_request,completion_rank,rank,5,parallel_for,one_large_exact_plus_eight_small_exact,,not_applicable,Adaptive,4,4,4,4,4,4,4,0,not_nested,1,wait,granted,165.70699999999999,not_requested,1,,0,14,single,2,25174054,1,0,4,165.70699999999999
2,1.8.0,GCC,14.2.0,Release,Linux,effective_cpu_capacity=4,4,1,linux_sched_affinity+cgroup_cpu_quota,4,4,admission_fairness,small_request_0,completion_rank,rank,1,parallel_for,one_large_exact_plus_eight_small_exact,,not_applicable,Adaptive,1,1,1,1,1,1,1,0,not_nested,1,wait,granted,1.702,not_requested,1,,0,14,single,2,25174054,1,0,4,1.702
2,1.8.0,GCC,14.2.0,Release,Linux,effective_cpu_capacity=4,4,1,linux_sched_affinity+cgroup_cpu_quota,4,4,admission_fairness,small_request_1,completion_rank,rank,2,parallel_for,one_large_exact_plus_eight_small_exact,,not_applicable,Adaptive,1,1,1,1,1,1,1,0,not_nested,1,wait,granted,7.6319999999999997,not_requested,1,,0,14,single,2,25174054,1,0,4,7.6319999999999997
2,1.8.0,GCC,14.2.0,Release,Linux,effective_cpu_capacity=4,4,1,linux_sched_affinity+cgroup_cpu_quota,4,4,admission_fairness,small_request_2,completion_rank,rank,3,parallel_for,one_large_exact_plus_eight_small_exact,,not_applicable,Adaptive,1,1,1,1,1,1,1,0,not_nested,1,wait,granted,10.286,not_requested,1,,0,14,single,2,25174054,1,0,4,10.286
2,1.8.0,GCC,14.2.0,Release,Linux,effective_cpu_capacity=4,4,1,linux_sched_affinity+cgroup_cpu_quota,4,4,admission_fairness,small_request_3,completion_rank,rank,4,parallel_for,one_large_exact_plus_eight_small_exact,,not_applicable,Adaptive,1,1,1,1,1,1,1,0,not_nested,1,wait,granted,0.51000000000000001,not_requested,1,,0,14,single,2,25174054,1,0,4,0.51000000000000001
2,1.8.0,GCC,14.2.0,Release,Linux,effective_cpu_capacity=4,4,1,linux_sched_affinity+cgroup_cpu_quota,4,4,admission_fairness,small_request_4,completion_rank,rank,8,parallel_for,one_large_exact_plus_eight_small_exact,,not_applicable,Adaptive,1,1,1,1,1,1,1,0,not_nested,1,wait,granted,1176.01,not_requested,1,,0,14,single,2,25174054,1,0,4,1176.01
2,1.8.0,GCC,14.2.0,Release,Linux,effective_cpu_capacity=4,4,1,linux_sched_affinity+cgroup_cpu_quota,4,4,admission_fairness,small_request_5,completion_rank,rank,6,parallel_for,one_large_exact_plus_eight_small_exact,,not_applicable,Adaptive,1,1,1,1,1,1,1,0,not_nested,1,wait,granted,1133.617,not_requested,1,,0,14,single,2,25174054,1,0,4,1133.617
2,1.8.0,GCC,14.2.0,Release,Linux,effective_cpu_capacity=4,4,1,linux_sched_affinity+cgroup_cpu_quota,4,4,admission_fairness,small_request_6,completion_rank,rank,9,parallel_for,one_large_exact_plus_eight_small_exact,,not_applicable,Adaptive,1,1,1,1,1,1,1,0,not_nested,1,wait,granted,1162.3199999999999,not_requested,1,,0,14,single,2,25174054,1,0,4,1162.3199999999999
2,1.8.0,GCC,14.2.0,Release,Linux,effective_cpu_capacity=4,4,1,linux_sched_affinity+cgroup_cpu_quota,4,4,admission_fairness,small_request_7,completion_rank,rank,7,parallel_for,one_large_exact_plus_eight_small_exact,,not_applicable,Adaptive,1,1,1,1,1,1,1,0,not_nested,1,wait,granted,1101.319,not_requested,1,,0,14,single,2,25174054,1,0,4,1101.319
2,1.8.0,GCC,14.2.0,Release,Linux,effective_cpu_capacity=4,4,1,linux_sched_affinity+cgroup_cpu_quota,4,4,adaptive_partial_grant,available_one_of_preferred_budget,granted_workers,threads,1,parallel_for,,thread_pool,not_applicable,Adaptive,4,1,4,4,1,1,1,0,not_nested,0,wait,granted,0.32100000000000001,not_requested,1,,0.098887000000000003,14,single,2,25174054,1,1,0,0
2,1.8.0,GCC,14.2.0,Release,Linux,effective_cpu_capacity=4,4,1,linux_sched_affinity+cgroup_cpu_quota,4,4,nested_execution,depth_1,peak_participation,threads,1,parallel_for,depth=1;leaves=2,thread_pool,not_applicable,Adaptive,2,1,2,4,2,2,1,0,not_nested,0,wait,granted,0.20999999999999999,not_requested,1,,0.024146000000000001,14,single,2,25174054,1,1,0,0
2,1.8.0,GCC,14.2.0,Release,Linux,effective_cpu_capacity=4,4,1,linux_sched_affinity+cgroup_cpu_quota,4,4,nested_execution,depth_2,peak_participation,threads,1,parallel_for,depth=2;leaves=4,thread_pool,not_applicable,Adaptive,2,1,2,4,2,2,1,0,not_nested,0,wait,granted,0.27000000000000002,not_requested,1,,0.014651000000000001,14,single,2,25174054,1,1,0,0
2,1.8.0,GCC,14.2.0,Release,Linux,effective_cpu_capacity=4,4,1,linux_sched_affinity+cgroup_cpu_quota,4,4,nested_execution,depth_3,peak_participation,threads,1,parallel_for,depth=3;leaves=8,thread_pool,not_applicable,Adaptive,2,1,2,4,2,2,1,0,not_nested,0,wait,granted,0.19,not_requested,1,,0.022863999999999999,14,single,2,25174054,1,1,0,0
2,1.8.0,GCC,14.2.0,Release,Linux,effective_cpu_capacity=4,4,1,linux_sched_affinity+cgroup_cpu_quota,4,4,nested_execution,depth_4,peak_participation,threads,1,parallel_for,depth=4;leaves=16,thread_pool,not_applicable,Adaptive,2,1,2,4,2,2,1,0,not_nested,0,wait,granted,0.20100000000000001,not_requested,1,,0.023285,14,single,2,25174054,1,1,0,0
2,1.8.0,GCC,14.2.0,Release,Linux,effective_cpu_capacity=4,4,1,linux_sched_affinity+cgroup_cpu_quota,1,1,scheduler_comparison,sequential,duration,ms,0.40506300000000001,parallel_for,,sequential,not_applicable,Adaptive,1,1,1,1,1,1,1,0,not_nested,0,wait,granted,0.23100000000000001,not_requested,1,5314921549994187984,0.40506300000000001,14,single,2,25174054,1,1,0,0
2,1.8.0,GCC,14.2.0,Release,Linux,effective_cpu_capacity=4,4,1,linux_sched_affinity+cgroup_cpu_quota,4,4,scheduler_comparison,thread_pool,duration,ms,0.27749299999999999,parallel_for,,thread_pool,not_applicable,Adaptive,4,1,4,4,4,4,2,0,not_nested,0,wait,granted,0.19,not_requested,1,5314921549994187984,0.27749299999999999,14,single,2,25174054,1,2,0,0
2,1.8.0,GCC,14.2.0,Release,Linux,effective_cpu_capacity=4,4,1,linux_sched_affinity+cgroup_cpu_quota,4,4,scheduler_comparison,static_thread,duration,ms,0.21004200000000001,parallel_for,,static_thread,not_applicable,Adaptive,4,1,4,4,4,4,4,0,not_nested,0,wait,granted,0.38100000000000001,not_requested,1,5314921549994187984,0.21004200000000001,14,single,2,25174054,1,4,0,0
2,1.8.0,GCC,14.2.0,Release,Linux,effective_cpu_capacity=4,4,1,linux_sched_affinity+cgroup_cpu_quota,4,4,deterministic_exact_grant,success,accepted,boolean,1,parallel_for,,thread_pool,not_applicable,Deterministic,4,4,4,4,4,4,1,0,not_nested,1,fail_immediately,granted,0.53100000000000003,not_requested,1,,0,14,single,2,25174054,1,0,0,0
2,1.8.0,GCC,14.2.0,Release,Linux,effective_cpu_capacity=4,4,1,linux_sched_affinity+cgroup_cpu_quota,4,4,deterministic_exact_grant,insufficient_budget_failure,accepted,boolean,1,parallel_for,,,not_applicable,Deterministic,4,4,4,4,0,0,0,0,not_nested,1,fail_immediately,would_block,0,not_requested,1,,0,14,single,2,25174054,1,0,0,0
2,1.8.0,GCC,14.2.0,Release,Linux,effective_cpu_capacity=4,4,1,linux_sched_affinity+cgroup_cpu_quota,4,4,governed_vs_ungoverned,governed,batch_wall_time,ms,2.5620729999999998,parallel_for,runtimes=2;items_per_runtime=128,thread_pool,not_applicable,Adaptive,4,1,4,4,4,4,2,0,not_nested,0,wait,granted,0.72099999999999997,not_requested,1,14754973877547064749,2.5620729999999998,14,governed_then_ungoverned,2,25174054,2,4,0,0
2,1.8.0,GCC,14.2.0,Release,Linux,effective_cpu_capacity=4,4,1,linux_sched_affinity+cgroup_cpu_quota,4,4,governed_vs_ungoverned,governed,throughput,operations_per_second,780.61788247251354,parallel_for,runtimes=2;items_per_runtime=128,thread_pool,not_applicable,Adaptive,4,1,4,4,4,4,2,0,not_nested,0,wait,granted,0.72099999999999997,not_requested,1,14754973877547064749,2.5620729999999998,14,governed_then_ungoverned,2,25174054,2,4,0,0
2,1.8.0,GCC,14.2.0,Release,Linux,effective_cpu_capacity=4,4,1,linux_sched_affinity+cgroup_cpu_quota,4,4,governed_vs_ungoverned,governed,peak_participation,threads,4,parallel_for,runtimes=2;items_per_runtime=128,thread_pool,not_applicable,Adaptive,4,1,4,4,4,4,2,0,not_nested,0,wait,granted,0.72099999999999997,not_requested,1,14754973877547064749,2.5620729999999998,14,governed_then_ungoverned,2,25174054,2,4,0,0
2,1.8.0,GCC,14.2.0,Release,Linux,effective_cpu_capacity=4,4,1,linux_sched_affinity+cgroup_cpu_quota,4,4,runtime_latency,governed_runtime_0,completion_latency,ms,1.591569,parallel_for,runtimes=2;items_per_runtime=128,thread_pool,not_applicable,Adaptive,4,1,4,4,4,4,2,0,not_nested,0,wait,granted,0.72099999999999997,not_requested,1,14754973877547064749,1.591569,14,governed_then_ungoverned,2,25174054,1,4,0,0
2,1.8.0,GCC,14.2.0,Release,Linux,effective_cpu_capacity=4,4,1,linux_sched_affinity+cgroup_cpu_quota,4,4,runtime_latency,governed_runtime_1,completion_latency,ms,2.486291,parallel_for,runtimes=2;items_per_runtime=128,thread_pool,not_applicable,Adaptive,4,1,4,4,4,4,4,0,not_nested,0,wait,granted,1583.4559999999999,not_requested,1,14754973877547064749,2.486291,14,governed_then_ungoverned,2,25174054,1,4,0,0
2,1.8.0,GCC,14.2.0,Release,Linux,effective_cpu_capacity=4,4,1,linux_sched_affinity+cgroup_cpu_quota,4,4,governed_vs_ungoverned,ungoverned,batch_wall_time,ms,2.3395869999999999,parallel_for,runtimes=2;items_per_runtime=128,thread_pool,not_applicable,Adaptive,4,1,4,4,4,4,2,0,not_nested,0,wait,granted,1.7430000000000001,not_requested,1,14754973877547064749,2.3395869999999999,14,governed_then_ungoverned,2,25174054,2,3,0,0
2,1.8.0,GCC,14.2.0,Release,Linux,effective_cpu_capacity=4,4,1,linux_sched_affinity+cgroup_cpu_quota,4,4,governed_vs_ungoverned,ungoverned,throughput,operations_per_second,854.85173237840706,parallel_for,runtimes=2;items_per_runtime=128,thread_pool,not_applicable,Adaptive,4,1,4,4,4,4,2,0,not_nested,0,wait,granted,1.7430000000000001,not_requested,1,14754973877547064749,2.3395869999999999,14,governed_then_ungoverned,2,25174054,2,3,0,0
2,1.8.0,GCC,14.2.0,Release,Linux,effective_cpu_capacity=4,4,1,linux_sched_affinity+cgroup_cpu_quota,4,4,governed_vs_ungoverned,ungoverned,peak_participation,threads,3,parallel_for,runtimes=2;items_per_runtime=128,thread_pool,not_applicable,Adaptive,4,1,4,4,4,4,2,0,not_nested,0,wait,granted,1.7430000000000001,not_requested,1,14754973877547064749,2.3395869999999999,14,governed_then_ungoverned,2,25174054,2,3,0,0
2,1.8.0,GCC,14.2.0,Release,Linux,effective_cpu_capacity=4,4,1,linux_sched_affinity+cgroup_cpu_quota,4,4,runtime_latency,ungoverned_runtime_0,completion_latency,ms,1.939657,parallel_for,runtimes=2;items_per_runtime=128,thread_pool,not_applicable,Adaptive,4,1,4,4,4,4,2,0,not_nested,0,wait,granted,1.7430000000000001,not_requested,1,14754973877547064749,1.939657,14,governed_then_ungoverned,2,25174054,1,3,0,0
2,1.8.0,GCC,14.2.0,Release,Linux,effective_cpu_capacity=4,4,1,linux_sched_affinity+cgroup_cpu_quota,4,4,runtime_latency,ungoverned_runtime_1,completion_latency,ms,2.2687369999999998,parallel_for,runtimes=2;items_per_runtime=128,thread_pool,not_applicable,Adaptive,4,1,4,4,4,4,3,0,not_nested,0,wait,granted,0.85099999999999998,not_requested,1,14754973877547064749,2.2687369999999998,14,governed_then_ungoverned,2,25174054,1,3,0,0
2,1.8.0,GCC,14.2.0,Release,Linux,effective_cpu_capacity=4,4,1,linux_sched_affinity+cgroup_cpu_quota,4,4,governed_vs_ungoverned,governed_2_runtimes,batch_wall_time,ms,0.19004199999999999,parallel_for,runtimes=2;items_per_runtime=32,thread_pool,not_applicable,Adaptive,4,1,4,4,4,4,2,0,not_nested,0,wait,granted,0.95199999999999996,not_requested,1,10831286851329034220,0.19004199999999999,14,single,2,25174054,2,3,0,0
2,1.8.0,GCC,14.2.0,Release,Linux,effective_cpu_capacity=4,4,1,linux_sched_affinity+cgroup_cpu_quota,4,4,governed_vs_ungoverned,governed_2_runtimes,throughput,operations_per_second,10523.989433914609,parallel_for,runtimes=2;items_per_runtime=32,thread_pool,not_applicable,Adaptive,4,1,4,4,4,4,2,0,not_nested,0,wait,granted,0.95199999999999996,not_requested,1,10831286851329034220,0.19004199999999999,14,single,2,25174054,2,3,0,0
2,1.8.0,GCC,14.2.0,Release,Linux,effective_cpu_capacity=4,4,1,linux_sched_affinity+cgroup_cpu_quota,4,4,governed_vs_ungoverned,governed_2_runtimes,peak_participation,threads,3,parallel_for,runtimes=2;items_per_runtime=32,thread_pool,not_applicable,Adaptive,4,1,4,4,4,4,2,0,not_nested,0,wait,granted,0.95199999999999996,not_requested,1,10831286851329034220,0.19004199999999999,14,single,2,25174054,2,3,0,0
2,1.8.0,GCC,14.2.0,Release,Linux,effective_cpu_capacity=4,4,1,linux_sched_affinity+cgroup_cpu_quota,4,4,runtime_latency,governed_2_runtimes_runtime_0,completion_latency,ms,0.079739000000000004,parallel_for,runtimes=2;items_per_runtime=32,thread_pool,not_applicable,Adaptive,4,1,4,4,4,4,2,0,not_nested,0,wait,granted,0.95199999999999996,not_requested,1,10831286851329034220,0.079739000000000004,14,single,2,25174054,1,3,0,0
2,1.8.0,GCC,14.2.0,Release,Linux,effective_cpu_capacity=4,4,1,linux_sched_affinity+cgroup_cpu_quota,4,4,runtime_latency,governed_2_runtimes_runtime_1,completion_latency,ms,0.12790000000000001,parallel_for,runtimes=2;items_per_runtime=32,thread_pool,not_applicable,Adaptive,4,1,4,4,4,4,3,0,not_nested,0,wait,granted,72.718000000000004,not_requested,1,10831286851329034220,0.12790000000000001,14,single,2,25174054,1,3,0,0
2,1.8.0,GCC,14.2.0,Release,Linux,effective_cpu_capacity=4,4,1,linux_sched_affinity+cgroup_cpu_quota,4,4,governed_vs_ungoverned,governed_4_runtimes,batch_wall_time,ms,0.40349000000000002,parallel_for,runtimes=4;items_per_runtime=32,thread_pool,not_applicable,Adaptive,4,1,4,4,4,4,3,0,not_nested,0,wait,granted,0.751,not_requested,1,7589314552514409162,0.40349000000000002,14,single,2,25174054,4,3,0,0
2,1.8.0,GCC,14.2.0,Release,Linux,effective_cpu_capacity=4,4,1,linux_sched_affinity+cgroup_cpu_quota,4,4,governed_vs_ungoverned,governed_4_runtimes,throughput,operations_per_second,9913.504671739076,parallel_for,runtimes=4;items_per_runtime=32,thread_pool,not_applicable,Adaptive,4,1,4,4,4,4,3,0,not_nested,0,wait,granted,0.751,not_requested,1,7589314552514409162,0.40349000000000002,14,single,2,25174054,4,3,0,0
2,1.8.0,GCC,14.2.0,Release,Linux,effective_cpu_capacity=4,4,1,linux_sched_affinity+cgroup_cpu_quota,4,4,governed_vs_ungoverned,governed_4_runtimes,peak_participation,threads,3,parallel_for,runtimes=4;items_per_runtime=32,thread_pool,not_applicable,Adaptive,4,1,4,4,4,4,3,0,not_nested,0,wait,granted,0.751,not_requested,1,7589314552514409162,0.40349000000000002,14,single,2,25174054,4,3,0,0
2,1.8.0,GCC,14.2.0,Release,Linux,effective_cpu_capacity=4,4,1,linux_sched_affinity+cgroup_cpu_quota,4,4,runtime_latency,governed_4_runtimes_runtime_0,completion_latency,ms,0.081571000000000005,parallel_for,runtimes=4;items_per_runtime=32,thread_pool,not_applicable,Adaptive,4,1,4,4,4,4,3,0,not_nested,0,wait,granted,0.751,not_requested,1,7589314552514409162,0.081571000000000005,14,single,2,25174054,1,3,0,0
2,1.8.0,GCC,14.2.0,Release,Linux,effective_cpu_capacity=4,4,1,linux_sched_affinity+cgroup_cpu_quota,4,4,runtime_latency,governed_4_runtimes_runtime_1,completion_latency,ms,0.26275100000000001,parallel_for,runtimes=4;items_per_runtime=32,thread_pool,not_applicable,Adaptive,4,1,4,4,4,4,1,0,not_nested,0,wait,granted,203.24299999999999,not_requested,1,7589314552514409162,0.26275100000000001,14,single,2,25174054,1,3,0,0
2,1.8.0,GCC,14.2.0,Release,Linux,effective_cpu_capacity=4,4,1,linux_sched_affinity+cgroup_cpu_quota,4,4,runtime_latency,governed_4_runtimes_runtime_2,completion_latency,ms,0.19358800000000001,parallel_for,runtimes=4;items_per_runtime=32,thread_pool,not_applicable,Adaptive,4,1,4,4,4,4,2,0,not_nested,0,wait,granted,88.591999999999999,not_requested,1,7589314552514409162,0.19358800000000001,14,single,2,25174054,1,3,0,0
2,1.8.0,GCC,14.2.0,Release,Linux,effective_cpu_capacity=4,4,1,linux_sched_affinity+cgroup_cpu_quota,4,4,runtime_latency,governed_4_runtimes_runtime_3,completion_latency,ms,0.323181,parallel_for,runtimes=4;items_per_runtime=32,thread_pool,not_applicable,Adaptive,4,1,4,4,4,4,4,0,not_nested,0,wait,granted,259.54700000000003,not_requested,1,7589314552514409162,0.323181,14,single,2,25174054,1,3,0,0
2,1.8.0,GCC,14.2.0,Release,Linux,effective_cpu_capacity=4,4,1,linux_sched_affinity+cgroup_cpu_quota,4,4,governed_vs_ungoverned,governed_8_runtimes,batch_wall_time,ms,0.71613599999999999,parallel_for,runtimes=8;items_per_runtime=32,thread_pool,not_applicable,Adaptive,4,1,4,4,4,4,3,0,not_nested,0,wait,granted,397.62200000000001,not_requested,1,3424649268515386025,0.71613599999999999,14,single,2,25174054,8,3,0,0
2,1.8.0,GCC,14.2.0,Release,Linux,effective_cpu_capacity=4,4,1,linux_sched_affinity+cgroup_cpu_quota,4,4,governed_vs_ungoverned,governed_8_runtimes,throughput,operations_per_second,11171.062479752449,parallel_for,runtimes=8;items_per_runtime=32,thread_pool,not_applicable,Adaptive,4,1,4,4,4,4,3,0,not_nested,0,wait,granted,397.62200000000001,not_requested,1,3424649268515386025,0.71613599999999999,14,single,2,25174054,8,3,0,0
2,1.8.0,GCC,14.2.0,Release,Linux,effective_cpu_capacity=4,4,1,linux_sched_affinity+cgroup_cpu_quota,4,4,governed_vs_ungoverned,governed_8_runtimes,peak_participation,threads,3,parallel_for,runtimes=8;items_per_runtime=32,thread_pool,not_applicable,Adaptive,4,1,4,4,4,4,3,0,not_nested,0,wait,granted,397.62200000000001,not_requested,1,3424649268515386025,0.71613599999999999,14,single,2,25174054,8,3,0,0
2,1.8.0,GCC,14.2.0,Release,Linux,effective_cpu_capacity=4,4,1,linux_sched_affinity+cgroup_cpu_quota,4,4,runtime_latency,governed_8_runtimes_runtime_0,completion_latency,ms,0.43663000000000002,parallel_for,runtimes=8;items_per_runtime=32,thread_pool,not_applicable,Adaptive,4,1,4,4,4,4,3,0,not_nested,0,wait,granted,397.62200000000001,not_requested,1,3424649268515386025,0.43663000000000002,14,single,2,25174054,1,3,0,0
2,1.8.0,GCC,14.2.0,Release,Linux,effective_cpu_capacity=4,4,1,linux_sched_affinity+cgroup_cpu_quota,4,4,runtime_latency,governed_8_runtimes_runtime_1,completion_latency,ms,0.086439000000000002,parallel_for,runtimes=8;items_per_runtime=32,thread_pool,not_applicable,Adaptive,4,1,4,4,4,4,2,0,not_nested,0,wait,granted,0.79100000000000004,not_requested,1,3424649268515386025,0.086439000000000002,14,single,2,25174054,1,3,0,0
2,1.8.0,GCC,14.2.0,Release,Linux,effective_cpu_capacity=4,4,1,linux_sched_affinity+cgroup_cpu_quota,4,4,runtime_latency,governed_8_runtimes_runtime_2,completion_latency,ms,0.254859,parallel_for,runtimes=8;items_per_runtime=32,thread_pool,not_applicable,Adaptive,4,1,4,4,4,4,3,0,not_nested,0,wait,granted,191.45500000000001,not_requested,1,3424649268515386025,0.254859,14,single,2,25174054,1,3,0,0
2,1.8.0,GCC,14.2.0,Release,Linux,effective_cpu_capacity=4,4,1,linux_sched_affinity+cgroup_cpu_quota,4,4,runtime_latency,governed_8_runtimes_runtime_3,completion_latency,ms,0.53525699999999998,parallel_for,runtimes=8;items_per_runtime=32,thread_pool,not_applicable,Adaptive,4,1,4,4,4,4,3,0,not_nested,0,wait,granted,500.12400000000002,not_requested,1,3424649268515386025,0.53525699999999998,14,single,2,25174054,1,3,0,0
2,1.8.0,GCC,14.2.0,Release,Linux,effective_cpu_capacity=4,4,1,linux_sched_affinity+cgroup_cpu_quota,4,4,runtime_latency,governed_8_runtimes_runtime_4,completion_latency,ms,0.31805299999999997,parallel_for,runtimes=8;items_per_runtime=32,thread_pool,not_applicable,Adaptive,4,1,4,4,4,4,2,0,not_nested,0,wait,granted,253.357,not_requested,1,3424649268515386025,0.31805299999999997,14,single,2,25174054,1,3,0,0
2,1.8.0,GCC,14.2.0,Release,Linux,effective_cpu_capacity=4,4,1,linux_sched_affinity+cgroup_cpu_quota,4,4,runtime_latency,governed_8_runtimes_runtime_5,completion_latency,ms,0.36860900000000002,parallel_for,runtimes=8;items_per_runtime=32,thread_pool,not_applicable,Adaptive,4,1,4,4,4,4,3,0,not_nested,0,wait,granted,308.51900000000001,not_requested,1,3424649268515386025,0.36860900000000002,14,single,2,25174054,1,3,0,0
2,1.8.0,GCC,14.2.0,Release,Linux,effective_cpu_capacity=4,4,1,linux_sched_affinity+cgroup_cpu_quota,4,4,runtime_latency,governed_8_runtimes_runtime_6,completion_latency,ms,0.17060400000000001,parallel_for,runtimes=8;items_per_runtime=32,thread_pool,not_applicable,Adaptive,4,1,4,4,4,4,4,0,not_nested,0,wait,granted,92.897999999999996,not_requested,1,3424649268515386025,0.17060400000000001,14,single,2,25174054,1,3,0,0
2,1.8.0,GCC,14.2.0,Release,Linux,effective_cpu_capacity=4,4,1,linux_sched_affinity+cgroup_cpu_quota,4,4,runtime_latency,governed_8_runtimes_runtime_7,completion_latency,ms,0.51127100000000003,parallel_for,runtimes=8;items_per_runtime=32,thread_pool,not_applicable,Adaptive,4,1,4,4,4,4,4,0,not_nested,0,wait,granted,417.87200000000001,not_requested,1,3424649268515386025,0.51127100000000003,14,single,2,25174054,1,3,0,0
2,1.8.0,GCC,14.2.0,Release,Linux,effective_cpu_capacity=4,4,1,linux_sched_affinity+cgroup_cpu_quota,1,1,governed_vs_ungoverned,budget_1,batch_wall_time,ms,0.12853200000000001,parallel_for,runtimes=2;items_per_runtime=32,thread_pool,not_applicable,Adaptive,1,1,1,1,1,1,1,0,not_nested,0,wait,granted,0.78100000000000003,not_requested,1,10831286851329034220,0.12853200000000001,14,single,2,25174054,2,1,0,0
2,1.8.0,GCC,14.2.0,Release,Linux,effective_cpu_capacity=4,4,1,linux_sched_affinity+cgroup_cpu_quota,1,1,governed_vs_ungoverned,budget_1,throughput,operations_per_second,15560.327389288272,parallel_for,runtimes=2;items_per_runtime=32,thread_pool,not_applicable,Adaptive,1,1,1,1,1,1,1,0,not_nested,0,wait,granted,0.78100000000000003,not_requested,1,10831286851329034220,0.12853200000000001,14,single,2,25174054,2,1,0,0
2,1.8.0,GCC,14.2.0,Release,Linux,effective_cpu_capacity=4,4,1,linux_sched_affinity+cgroup_cpu_quota,1,1,governed_vs_ungoverned,budget_1,peak_participation,threads,1,parallel_for,runtimes=2;items_per_runtime=32,thread_pool,not_applicable,Adaptive,1,1,1,1,1,1,1,0,not_nested,0,wait,granted,0.78100000000000003,not_requested,1,10831286851329034220,0.12853200000000001,14,single,2,25174054,2,1,0,0
2,1.8.0,GCC,14.2.0,Release,Linux,effective_cpu_capacity=4,4,1,linux_sched_affinity+cgroup_cpu_quota,1,1,runtime_latency,budget_1_runtime_0,completion_latency,ms,0.043243999999999998,parallel_for,runtimes=2;items_per_runtime=32,thread_pool,not_applicable,Adaptive,1,1,1,1,1,1,1,0,not_nested,0,wait,granted,0.78100000000000003,not_requested,1,10831286851329034220,0.043243999999999998,14,single,2,25174054,1,1,0,0
2,1.8.0,GCC,14.2.0,Release,Linux,effective_cpu_capacity=4,4,1,linux_sched_affinity+cgroup_cpu_quota,1,1,runtime_latency,budget_1_runtime_1,completion_latency,ms,0.074580999999999995,parallel_for,runtimes=2;items_per_runtime=32,thread_pool,not_applicable,Adaptive,1,1,1,1,1,1,1,0,not_nested,0,wait,granted,38.307000000000002,not_requested,1,10831286851329034220,0.074580999999999995,14,single,2,25174054,1,1,0,0
2,1.8.0,GCC,14.2.0,Release,Linux,effective_cpu_capacity=4,4,1,linux_sched_affinity+cgroup_cpu_quota,2,2,governed_vs_ungoverned,budget_2,batch_wall_time,ms,0.159137,parallel_for,runtimes=2;items_per_runtime=32,thread_pool,not_applicable,Adaptive,2,1,2,2,2,2,1,0,not_nested,0,wait,granted,0.73099999999999998,not_requested,1,10831286851329034220,0.159137,14,single,2,25174054,2,1,0,0
2,1.8.0,GCC,14.2.0,Release,Linux,effective_cpu_capacity=4,4,1,linux_sched_affinity+cgroup_cpu_quota,2,2,governed_vs_ungoverned,budget_2,throughput,operations_per_second,12567.787503848884,parallel_for,runtimes=2;items_per_runtime=32,thread_pool,not_applicable,Adaptive,2,1,2,2,2,2,1,0,not_nested,0,wait,granted,0.73099999999999998,not_requested,1,10831286851329034220,0.159137,14,single,2,25174054,2,1,0,0
2,1.8.0,GCC,14.2.0,Release,Linux,effective_cpu_capacity=4,4,1,linux_sched_affinity+cgroup_cpu_quota,2,2,governed_vs_ungoverned,budget_2,peak_participation,threads,1,parallel_for,runtimes=2;items_per_runtime=32,thread_pool,not_applicable,Adaptive,2,1,2,2,2,2,1,0,not_nested,0,wait,granted,0.73099999999999998,not_requested,1,10831286851329034220,0.159137,14,single,2,25174054,2,1,0,0
2,1.8.0,GCC,14.2.0,Release,Linux,effective_cpu_capacity=4,4,1,linux_sched_affinity+cgroup_cpu_quota,2,2,runtime_latency,budget_2_runtime_0,completion_latency,ms,0.050745999999999999,parallel_for,runtimes=2;items_per_runtime=32,thread_pool,not_applicable,Adaptive,2,1,2,2,2,2,1,0,not_nested,0,wait,granted,0.73099999999999998,not_requested,1,10831286851329034220,0.050745999999999999,14,single,2,25174054,1,1,0,0
2,1.8.0,GCC,14.2.0,Release,Linux,effective_cpu_capacity=4,4,1,linux_sched_affinity+cgroup_cpu_quota,2,2,runtime_latency,budget_2_runtime_1,completion_latency,ms,0.087930999999999995,parallel_for,runtimes=2;items_per_runtime=32,thread_pool,not_applicable,Adaptive,2,1,2,2,2,2,1,0,not_nested,0,wait,granted,45.688000000000002,not_requested,1,10831286851329034220,0.087930999999999995,14,single,2,25174054,1,1,0,0
2,1.8.0,GCC,14.2.0,Release,Linux,effective_cpu_capacity=4,4,1,linux_sched_affinity+cgroup_cpu_quota,4,4,governed_vs_ungoverned,budget_4,batch_wall_time,ms,0.182722,parallel_for,runtimes=2;items_per_runtime=64,thread_pool,not_applicable,Adaptive,4,1,4,4,4,4,4,0,not_nested,0,wait,granted,0.66100000000000003,not_requested,1,7589314552514409162,0.182722,14,single,2,25174054,2,3,0,0
2,1.8.0,GCC,14.2.0,Release,Linux,effective_cpu_capacity=4,4,1,linux_sched_affinity+cgroup_cpu_quota,4,4,governed_vs_ungoverned,budget_4,throughput,operations_per_second,10945.589474721162,parallel_for,runtimes=2;items_per_runtime=64,thread_pool,not_applicable,Adaptive,4,1,4,4,4,4,4,0,not_nested,0,wait,granted,0.66100000000000003,not_requested,1,7589314552514409162,0.182722,14,single,2,25174054,2,3,0,0
2,1.8.0,GCC,14.2.0,Release,Linux,effective_cpu_capacity=4,4,1,linux_sched_affinity+cgroup_cpu_quota,4,4,governed_vs_ungoverned,budget_4,peak_participation,threads,3,parallel_for,runtimes=2;items_per_runtime=64,thread_pool,not_applicable,Adaptive,4,1,4,4,4,4,4,0,not_nested,0,wait,granted,0.66100000000000003,not_requested,1,7589314552514409162,0.182722,14,single,2,25174054,2,3,0,0
2,1.8.0,GCC,14.2.0,Release,Linux,effective_cpu_capacity=4,4,1,linux_sched_affinity+cgroup_cpu_quota,4,4,runtime_latency,budget_4_runtime_0,completion_latency,ms,0.075923000000000004,parallel_for,runtimes=2;items_per_runtime=64,thread_pool,not_applicable,Adaptive,4,1,4,4,4,4,4,0,not_nested,0,wait,granted,0.66100000000000003,not_requested,1,7589314552514409162,0.075923000000000004,14,single,2,25174054,1,3,0,0
2,1.8.0,GCC,14.2.0,Release,Linux,effective_cpu_capacity=4,4,1,linux_sched_affinity+cgroup_cpu_quota,4,4,runtime_latency,budget_4_runtime_1,completion_latency,ms,0.13194700000000001,parallel_for,runtimes=2;items_per_runtime=64,thread_pool,not_applicable,Adaptive,4,1,4,4,4,4,3,0,not_nested,0,wait,granted,66.147999999999996,not_requested,1,7589314552514409162,0.13194700000000001,14,single,2,25174054,1,3,0,0
2,1.8.0,GCC,14.2.0,Release,Linux,effective_cpu_capacity=4,4,1,linux_sched_affinity+cgroup_cpu_quota,4,1,governor_overhead,uncontended_exact_acquire_release,latency,us_per_acquire_release,0.14682800000000001,parallel_for,,,not_applicable,Adaptive,1,1,1,1,1,1,1,0,not_nested,1,fail_immediately,granted,0.080000000000000002,not_requested,1,,0.00014682800000000002,15,single,2,25174054,1000,1,0,0
2,1.8.0,GCC,14.2.0,Release,Linux,effective_cpu_capacity=4,4,1,linux_sched_affinity+cgroup_cpu_quota,4,1,governor_overhead,inherited_nested_lease,latency,us_per_acquire_release,0.019018999999999998,parallel_for,,,not_applicable,Adaptive,1,1,1,1,1,1,1,1,reuse_parent,1,fail_immediately,granted,0.080000000000000002,not_requested,1,,0.00014682800000000002,15,single,2,25174054,1000,1,0,0
2,1.8.0,GCC,14.2.0,Release,Linux,effective_cpu_capacity=4,4,1,linux_sched_affinity+cgroup_cpu_quota,4,4,governor_overhead,flexible_partial_grant,latency,us_per_acquire_release,0.33000000000000002,parallel_for,,,not_applicable,Adaptive,4,1,4,4,1,1,1,0,not_nested,0,fail_immediately,granted,0.19,not_requested,1,,0.00014682800000000002,15,single,2,25174054,1,1,0,0
2,1.8.0,GCC,14.2.0,Release,Linux,effective_cpu_capacity=4,4,1,linux_sched_affinity+cgroup_cpu_quota,4,4,governor_overhead,immediate_failure,latency,us_per_acquire_release,0.31,parallel_for,,,not_applicable,Adaptive,4,4,4,4,0,0,0,0,not_nested,1,fail_immediately,would_block,0,not_requested,1,,0.00014682800000000002,15,single,2,25174054,1,1,0,0
2,1.8.0,GCC,14.2.0,Release,Linux,effective_cpu_capacity=4,4,1,linux_sched_affinity+cgroup_cpu_quota,4,4,governor_overhead,direct_cancellation_notification,latency,us,17.166,parallel_for,,,not_applicable,Adaptive,4,4,4,4,0,0,0,0,not_nested,1,wait,cancelled,9.1739999999999995,requested,1,,0.017166000000000001,15,single,2,25174054,1,0,0,0
2,1.8.0,GCC,14.2.0,Release,Linux,effective_cpu_capacity=4,4,1,linux_sched_affinity+cgroup_cpu_quota,4,4,admission_fairness,large_exact_request,completion_rank,rank,5,parallel_for,one_large_exact_plus_eight_small_exact,,not_applicable,Adaptive,4,4,4,4,4,4,4,0,not_nested,1,wait,granted,158.36600000000001,not_requested,1,,0,15,single,2,25174054,1,0,4,158.36600000000001
2,1.8.0,GCC,14.2.0,Release,Linux,effective_cpu_capacity=4,4,1,linux_sched_affinity+cgroup_cpu_quota,4,4,admission_fairness,small_request_0,completion_rank,rank,1,parallel_for,one_large_exact_plus_eight_small_exact,,not_applicable,Adaptive,1,1,1,1,1,1,1,0,not_nested,1,wait,granted,1.853,not_requested,1,,0,15,single,2,25174054,1,0,4,1.853
2,1.8.0,GCC,14.2.0,Release,Linux,effective_cpu_capacity=4,4,1,linux_sched_affinity+cgroup_cpu_quota,4,4,admission_fairness,small_request_1,completion_rank,rank,2,parallel_for,one_large_exact_plus_eight_small_exact,,not_applicable,Adaptive,1,1,1,1,1,1,1,0,not_nested,1,wait,granted,6.2290000000000001,not_requested,1,,0,15,single,2,25174054,1,0,4,6.2290000000000001
2,1.8.0,GCC,14.2.0,Release,Linux,effective_cpu_capacity=4,4,1,linux_sched_affinity+cgroup_cpu_quota,4,4,admission_fairness,small_request_2,completion_rank,rank,3,parallel_for,one_large_exact_plus_eight_small_exact,,not_applicable,Adaptive,1,1,1,1,1,1,1,0,not_nested,1,wait,granted,6.0389999999999997,not_requested,1,,0,15,single,2,25174054,1,0,4,6.0389999999999997
2,1.8.0,GCC,14.2.0,Release,Linux,effective_cpu_capacity=4,4,1,linux_sched_affinity+cgroup_cpu_quota,4,4,admission_fairness,small_request_3,completion_rank,rank,4,parallel_for,one_large_exact_plus_eight_small_exact,,not_applicable,Adaptive,1,1,1,1,1,1,1,0,not_nested,1,wait,granted,8.0020000000000007,not_requested,1,,0,15,single,2,25174054,1,0,4,8.0020000000000007
2,1.8.0,GCC,14.2.0,Release,Linux,effective_cpu_capacity=4,4,1,linux_sched_affinity+cgroup_cpu_quota,4,4,admission_fairness,small_request_4,completion_rank,rank,7,parallel_for,one_large_exact_plus_eight_small_exact,,not_applicable,Adaptive,1,1,1,1,1,1,1,0,not_nested,1,wait,granted,1155.7809999999999,not_requested,1,,0,15,single,2,25174054,1,0,4,1155.7809999999999
2,1.8.0,GCC,14.2.0,Release,Linux,effective_cpu_capacity=4,4,1,linux_sched_affinity+cgroup_cpu_quota,4,4,admission_fairness,small_request_5,completion_rank,rank,8,parallel_for,one_large_exact_plus_eight_small_exact,,not_applicable,Adaptive,1,1,1,1,1,1,1,0,not_nested,1,wait,granted,1146.075,not_requested,1,,0,15,single,2,25174054,1,0,4,1146.075
2,1.8.0,GCC,14.2.0,Release,Linux,effective_cpu_capacity=4,4,1,linux_sched_affinity+cgroup_cpu_quota,4,4,admission_fairness,small_request_6,completion_rank,rank,6,parallel_for,one_large_exact_plus_eight_small_exact,,not_applicable,Adaptive,1,1,1,1,1,1,1,0,not_nested,1,wait,granted,1122.981,not_requested,1,,0,15,single,2,25174054,1,0,4,1122.981
2,1.8.0,GCC,14.2.0,Release,Linux,effective_cpu_capacity=4,4,1,linux_sched_affinity+cgroup_cpu_quota,4,4,admission_fairness,small_request_7,completion_rank,rank,9,parallel_for,one_large_exact_plus_eight_small_exact,,not_applicable,Adaptive,1,1,1,1,1,1,1,0,not_nested,1,wait,granted,1155.1500000000001,not_requested,1,,0,15,single,2,25174054,1,0,4,1155.1500000000001
2,1.8.0,GCC,14.2.0,Release,Linux,effective_cpu_capacity=4,4,1,linux_sched_affinity+cgroup_cpu_quota,4,4,adaptive_partial_grant,available_one_of_preferred_budget,granted_workers,threads,1,parallel_for,,thread_pool,not_applicable,Adaptive,4,1,4,4,1,1,1,0,not_nested,0,wait,granted,0.25,not_requested,1,,0.13361899999999999,15,single,2,25174054,1,1,0,0
2,1.8.0,GCC,14.2.0,Release,Linux,effective_cpu_capacity=4,4,1,linux_sched_affinity+cgroup_cpu_quota,4,4,nested_execution,depth_1,peak_participation,threads,1,parallel_for,depth=1;leaves=2,thread_pool,not_applicable,Adaptive,2,1,2,4,2,2,1,0,not_nested,0,wait,granted,0.33100000000000002,not_requested,1,,0.025297,15,single,2,25174054,1,1,0,0
2,1.8.0,GCC,14.2.0,Release,Linux,effective_cpu_capacity=4,4,1,linux_sched_affinity+cgroup_cpu_quota,4,4,nested_execution,depth_2,peak_participation,threads,1,parallel_for,depth=2;leaves=4,thread_pool,not_applicable,Adaptive,2,1,2,4,2,2,1,0,not_nested,0,wait,granted,0.23999999999999999,not_requested,1,,0.02036,15,single,2,25174054,1,1,0,0
2,1.8.0,GCC,14.2.0,Release,Linux,effective_cpu_capacity=4,4,1,linux_sched_affinity+cgroup_cpu_quota,4,4,nested_execution,depth_3,peak_participation,threads,1,parallel_for,depth=3;leaves=8,thread_pool,not_applicable,Adaptive,2,1,2,4,2,2,1,0,not_nested,0,wait,granted,0.22,not_requested,1,,0.021330999999999999,15,single,2,25174054,1,1,0,0
2,1.8.0,GCC,14.2.0,Release,Linux,effective_cpu_capacity=4,4,1,linux_sched_affinity+cgroup_cpu_quota,4,4,nested_execution,depth_4,peak_participation,threads,1,parallel_for,depth=4;leaves=16,thread_pool,not_applicable,Adaptive,2,1,2,4,2,2,1,0,not_nested,0,wait,granted,0.221,not_requested,1,,0.023123999999999999,15,single,2,25174054,1,1,0,0
2,1.8.0,GCC,14.2.0,Release,Linux,effective_cpu_capacity=4,4,1,linux_sched_affinity+cgroup_cpu_quota,1,1,scheduler_comparison,sequential,duration,ms,0.40365099999999998,parallel_for,,sequential,not_applicable,Adaptive,1,1,1,1,1,1,1,0,not_nested,0,wait,granted,0.23999999999999999,not_requested,1,5314921549994187984,0.40365099999999998,15,single,2,25174054,1,1,0,0
2,1.8.0,GCC,14.2.0,Release,Linux,effective_cpu_capacity=4,4,1,linux_sched_affinity+cgroup_cpu_quota,4,4,scheduler_comparison,thread_pool,duration,ms,0.24901000000000001,parallel_for,,thread_pool,not_applicable,Adaptive,4,1,4,4,4,4,2,0,not_nested,0,wait,granted,0.14000000000000001,not_requested,1,5314921549994187984,0.24901000000000001,15,single,2,25174054,1,2,0,0
2,1.8.0,GCC,14.2.0,Release,Linux,effective_cpu_capacity=4,4,1,linux_sched_affinity+cgroup_cpu_quota,4,4,scheduler_comparison,static_thread,duration,ms,0.22691700000000001,parallel_for,,static_thread,not_applicable,Adaptive,4,1,4,4,4,4,4,0,not_nested,0,wait,granted,0.33000000000000002,not_requested,1,5314921549994187984,0.22691700000000001,15,single,2,25174054,1,4,0,0
2,1.8.0,GCC,14.2.0,Release,Linux,effective_cpu_capacity=4,4,1,linux_sched_affinity+cgroup_cpu_quota,4,4,deterministic_exact_grant,success,accepted,boolean,1,parallel_for,,thread_pool,not_applicable,Deterministic,4,4,4,4,4,4,4,0,not_nested,1,fail_immediately,granted,0.55100000000000005,not_requested,1,,0,15,single,2,25174054,1,0,0,0
2,1.8.0,GCC,14.2.0,Release,Linux,effective_cpu_capacity=4,4,1,linux_sched_affinity+cgroup_cpu_quota,4,4,deterministic_exact_grant,insufficient_budget_failure,accepted,boolean,1,parallel_for,,,not_applicable,Deterministic,4,4,4,4,0,0,0,0,not_nested,1,fail_immediately,would_block,0,not_requested,1,,0,15,single,2,25174054,1,0,0,0
2,1.8.0,GCC,14.2.0,Release,Linux,effective_cpu_capacity=4,4,1,linux_sched_affinity+cgroup_cpu_quota,4,4,governed_vs_ungoverned,governed,batch_wall_time,ms,2.471679,parallel_for,runtimes=2;items_per_runtime=128,thread_pool,not_applicable,Adaptive,4,1,4,4,4,4,3,0,not_nested,0,wait,granted,1.403,not_requested,1,14754973877547064749,2.471679,15,ungoverned_then_governed,2,25174054,2,3,0,0
2,1.8.0,GCC,14.2.0,Release,Linux,effective_cpu_capacity=4,4,1,linux_sched_affinity+cgroup_cpu_quota,4,4,governed_vs_ungoverned,governed,throughput,operations_per_second,809.16656248647178,parallel_for,runtimes=2;items_per_runtime=128,thread_pool,not_applicable,Adaptive,4,1,4,4,4,4,3,0,not_nested,0,wait,granted,1.403,not_requested,1,14754973877547064749,2.471679,15,ungoverned_then_governed,2,25174054,2,3,0,0
2,1.8.0,GCC,14.2.0,Release,Linux,effective_cpu_capacity=4,4,1,linux_sched_affinity+cgroup_cpu_quota,4,4,governed_vs_ungoverned,governed,peak_participation,threads,3,parallel_for,runtimes=2;items_per_runtime=128,thread_pool,not_applicable,Adaptive,4,1,4,4,4,4,3,0,not_nested,0,wait,granted,1.403,not_requested,1,14754973877547064749,2.471679,15,ungoverned_then_governed,2,25174054,2,3,0,0
2,1.8.0,GCC,14.2.0,Release,Linux,effective_cpu_capacity=4,4,1,linux_sched_affinity+cgroup_cpu_quota,4,4,runtime_latency,governed_runtime_0,completion_latency,ms,1.1448940000000001,parallel_for,runtimes=2;items_per_runtime=128,thread_pool,not_applicable,Adaptive,4,1,4,4,4,4,3,0,not_nested,0,wait,granted,1.403,not_requested,1,14754973877547064749,1.1448940000000001,15,ungoverned_then_governed,2,25174054,1,3,0,0
2,1.8.0,GCC,14.2.0,Release,Linux,effective_cpu_capacity=4,4,1,linux_sched_affinity+cgroup_cpu_quota,4,4,runtime_latency,governed_runtime_1,completion_latency,ms,2.400954,parallel_for,runtimes=2;items_per_runtime=128,thread_pool,not_applicable,Adaptive,4,1,4,4,4,4,3,0,not_nested,0,wait,granted,1134.328,not_requested,1,14754973877547064749,2.400954,15,ungoverned_then_governed,2,25174054,1,3,0,0
2,1.8.0,GCC,14.2.0,Release,Linux,effective_cpu_capacity=4,4,1,linux_sched_affinity+cgroup_cpu_quota,4,4,governed_vs_ungoverned,ungoverned,batch_wall_time,ms,2.3325909999999999,parallel_for,runtimes=2;items_per_runtime=128,thread_pool,not_applicable,Adaptive,4,1,4,4,4,4,2,0,not_nested,0,wait,granted,0.71099999999999997,not_requested,1,14754973877547064749,2.3325909999999999,15,ungoverned_then_governed,2,25174054,2,3,0,0
2,1.8.0,GCC,14.2.0,Release,Linux,effective_cpu_capacity=4,4,1,linux_sched_affinity+cgroup_cpu_quota,4,4,governed_vs_ungoverned,ungoverned,throughput,operations_per_second,857.41563780362708,parallel_for,runtimes=2;items_per_runtime=128,thread_pool,not_applicable,Adaptive,4,1,4,4,4,4,2,0,not_nested,0,wait,granted,0.71099999999999997,not_requested,1,14754973877547064749,2.3325909999999999,15,ungoverned_then_governed,2,25174054,2,3,0,0
2,1.8.0,GCC,14.2.0,Release,Linux,effective_cpu_capacity=4,4,1,linux_sched_affinity+cgroup_cpu_quota,4,4,governed_vs_ungoverned,ungoverned,peak_participation,threads,3,parallel_for,runtimes=2;items_per_runtime=128,thread_pool,not_applicable,Adaptive,4,1,4,4,4,4,2,0,not_nested,0,wait,granted,0.71099999999999997,not_requested,1,14754973877547064749,2.3325909999999999,15,ungoverned_then_governed,2,25174054,2,3,0,0
2,1.8.0,GCC,14.2.0,Release,Linux,effective_cpu_capacity=4,4,1,linux_sched_affinity+cgroup_cpu_quota,4,4,runtime_latency,ungoverned_runtime_0,completion_latency,ms,1.90123,parallel_for,runtimes=2;items_per_runtime=128,thread_pool,not_applicable,Adaptive,4,1,4,4,4,4,2,0,not_nested,0,wait,granted,0.71099999999999997,not_requested,1,14754973877547064749,1.90123,15,ungoverned_then_governed,2,25174054,1,3,0,0
2,1.8.0,GCC,14.2.0,Release,Linux,effective_cpu_capacity=4,4,1,linux_sched_affinity+cgroup_cpu_quota,4,4,runtime_latency,ungoverned_runtime_1,completion_latency,ms,2.2655219999999998,parallel_for,runtimes=2;items_per_runtime=128,thread_pool,not_applicable,Adaptive,4,1,4,4,4,4,3,0,not_nested,0,wait,granted,0.89100000000000001,not_requested,1,14754973877547064749,2.2655219999999998,15,ungoverned_then_governed,2,25174054,1,3,0,0
2,1.8.0,GCC,14.2.0,Release,Linux,effective_cpu_capacity=4,4,1,linux_sched_affinity+cgroup_cpu_quota,4,4,governed_vs_ungoverned,governed_2_runtimes,batch_wall_time,ms,0.218866,parallel_for,runtimes=2;items_per_runtime=32,thread_pool,not_applicable,Adaptive,4,1,4,4,4,4,2,0,not_nested,0,wait,granted,1.1120000000000001,not_requested,1,10831286851329034220,0.218866,15,single,2,25174054,2,2,0,0
2,1.8.0,GCC,14.2.0,Release,Linux,effective_cpu_capacity=4,4,1,linux_sched_affinity+cgroup_cpu_quota,4,4,governed_vs_ungoverned,governed_2_runtimes,throughput,operations_per_second,9138.011385962187,parallel_for,runtimes=2;items_per_runtime=32,thread_pool,not_applicable,Adaptive,4,1,4,4,4,4,2,0,not_nested,0,wait,granted,1.1120000000000001,not_requested,1,10831286851329034220,0.218866,15,single,2,25174054,2,2,0,0
2,1.8.0,GCC,14.2.0,Release,Linux,effective_cpu_capacity=4,4,1,linux_sched_affinity+cgroup_cpu_quota,4,4,governed_vs_ungoverned,governed_2_runtimes,peak_participation,threads,2,parallel_for,runtimes=2;items_per_runtime=32,thread_pool,not_applicable,Adaptive,4,1,4,4,4,4,2,0,not_nested,0,wait,granted,1.1120000000000001,not_requested,1,10831286851329034220,0.218866,15,single,2,25174054,2,2,0,0
2,1.8.0,GCC,14.2.0,Release,Linux,effective_cpu_capacity=4,4,1,linux_sched_affinity+cgroup_cpu_quota,4,4,runtime_latency,governed_2_runtimes_runtime_0,completion_latency,ms,0.068152000000000004,parallel_for,runtimes=2;items_per_runtime=32,thread_pool,not_applicable,Adaptive,4,1,4,4,4,4,2,0,not_nested,0,wait,granted,1.1120000000000001,not_requested,1,10831286851329034220,0.068152000000000004,15,single,2,25174054,1,2,0,0
2,1.8.0,GCC,14.2.0,Release,Linux,effective_cpu_capacity=4,4,1,linux_sched_affinity+cgroup_cpu_quota,4,4,runtime_latency,governed_2_runtimes_runtime_1,completion_latency,ms,0.13850599999999999,parallel_for,runtimes=2;items_per_runtime=32,thread_pool,not_applicable,Adaptive,4,1,4,4,4,4,3,0,not_nested,0,wait,granted,58.917000000000002,not_requested,1,10831286851329034220,0.13850599999999999,15,single,2,25174054,1,2,0,0
2,1.8.0,GCC,14.2.0,Release,Linux,effective_cpu_capacity=4,4,1,linux_sched_affinity+cgroup_cpu_quota,4,4,governed_vs_ungoverned,governed_4_runtimes,batch_wall_time,ms,0.43970399999999998,parallel_for,runtimes=4;items_per_runtime=32,thread_pool,not_applicable,Adaptive,4,1,4,4,4,4,3,0,not_nested,0,wait,granted,1.242,not_requested,1,7589314552514409162,0.43970399999999998,15,single,2,25174054,4,2,0,0
2,1.8.0,GCC,14.2.0,Release,Linux,effective_cpu_capacity=4,4,1,linux_sched_affinity+cgroup_cpu_quota,4,4,governed_vs_ungoverned,governed_4_runtimes,throughput,operations_per_second,9097.028910357878,parallel_for,runtimes=4;items_per_runtime=32,thread_pool,not_applicable,Adaptive,4,1,4,4,4,4,3,0,not_nested,0,wait,granted,1.242,not_requested,1,7589314552514409162,0.43970399999999998,15,single,2,25174054,4,2,0,0
2,1.8.0,GCC,14.2.0,Release,Linux,effective_cpu_capacity=4,4,1,linux_sched_affinity+cgroup_cpu_quota,4,4,governed_vs_ungoverned,governed_4_runtimes,peak_participation,threads,2,parallel_for,runtimes=4;items_per_runtime=32,thread_pool,not_applicable,Adaptive,4,1,4,4,4,4,3,0,not_nested,0,wait,granted,1.242,not_requested,1,7589314552514409162,0.43970399999999998,15,single,2,25174054,4,2,0,0
2,1.8.0,GCC,14.2.0,Release,Linux,effective_cpu_capacity=4,4,1,linux_sched_affinity+cgroup_cpu_quota,4,4,runtime_latency,governed_4_runtimes_runtime_0,completion_latency,ms,0.11909699999999999,parallel_for,runtimes=4;items_per_runtime=32,thread_pool,not_applicable,Adaptive,4,1,4,4,4,4,3,0,not_nested,0,wait,granted,1.242,not_requested,1,7589314552514409162,0.11909699999999999,15,single,2,25174054,1,2,0,0
2,1.8.0,GCC,14.2.0,Release,Linux,effective_cpu_capacity=4,4,1,linux_sched_affinity+cgroup_cpu_quota,4,4,runtime_latency,governed_4_runtimes_runtime_1,completion_latency,ms,0.18465500000000001,parallel_for,runtimes=4;items_per_runtime=32,thread_pool,not_applicable,Adaptive,4,1,4,4,4,4,2,0,not_nested,0,wait,granted,117.024,not_requested,1,7589314552514409162,0.18465500000000001,15,single,2,25174054,1,2,0,0
2,1.8.0,GCC,14.2.0,Release,Linux,effective_cpu_capacity=4,4,1,linux_sched_affinity+cgroup_cpu_quota,4,4,runtime_latency,governed_4_runtimes_runtime_2,completion_latency,ms,0.25364799999999998,parallel_for,runtimes=4;items_per_runtime=32,thread_pool,not_applicable,Adaptive,4,1,4,4,4,4,2,0,not_nested,0,wait,granted,176.012,not_requested,1,7589314552514409162,0.25364799999999998,15,single,2,25174054,1,2,0,0
2,1.8.0,GCC,14.2.0,Release,Linux,effective_cpu_capacity=4,4,1,linux_sched_affinity+cgroup_cpu_quota,4,4,runtime_latency,governed_4_runtimes_runtime_3,completion_latency,ms,0.32287100000000002,parallel_for,runtimes=4;items_per_runtime=32,thread_pool,not_applicable,Adaptive,4,1,4,4,4,4,1,0,not_nested,0,wait,granted,263.31200000000001,not_requested,1,7589314552514409162,0.32287100000000002,15,single,2,25174054,1,2,0,0
2,1.8.0,GCC,14.2.0,Release,Linux,effective_cpu_capacity=4,4,1,linux_sched_affinity+cgroup_cpu_quota,4,4,governed_vs_ungoverned,governed_8_runtimes,batch_wall_time,ms,0.94273399999999996,parallel_for,runtimes=8;items_per_runtime=32,thread_pool,not_applicable,Adaptive,4,1,4,4,4,4,2,0,not_nested,0,wait,granted,99.659000000000006,not_requested,1,3424649268515386025,0.94273399999999996,15,single,2,25174054,8,3,0,0
2,1.8.0,GCC,14.2.0,Release,Linux,effective_cpu_capacity=4,4,1,linux_sched_affinity+cgroup_cpu_quota,4,4,governed_vs_ungoverned,governed_8_runtimes,throughput,operations_per_second,8485.9568022368985,parallel_for,runtimes=8;items_per_runtime=32,thread_pool,not_applicable,Adaptive,4,1,4,4,4,4,2,0,not_nested,0,wait,granted,99.659000000000006,not_requested,1,3424649268515386025,0.94273399999999996,15,single,2,25174054,8,3,0,0
2,1.8.0,GCC,14.2.0,Release,Linux,effective_cpu_capacity=4,4,1,linux_sched_affinity+cgroup_cpu_quota,4,4,governed_vs_ungoverned,governed_8_runtimes,peak_participation,threads,3,parallel_for,runtimes=8;items_per_runtime=32,thread_pool,not_applicable,Adaptive,4,1,4,4,4,4,2,0,not_nested,0,wait,granted,99.659000000000006,not_requested,1,3424649268515386025,0.94273399999999996,15,single,2,25174054,8,3,0,0
2,1.8.0,GCC,14.2.0,Release,Linux,effective_cpu_capacity=4,4,1,linux_sched_affinity+cgroup_cpu_quota,4,4,runtime_latency,governed_8_runtimes_runtime_0,completion_latency,ms,0.19507099999999999,parallel_for,runtimes=8;items_per_runtime=32,thread_pool,not_applicable,Adaptive,4,1,4,4,4,4,2,0,not_nested,0,wait,granted,99.659000000000006,not_requested,1,3424649268515386025,0.19507099999999999,15,single,2,25174054,1,3,0,0
2,1.8.0,GCC,14.2.0,Release,Linux,effective_cpu_capacity=4,4,1,linux_sched_affinity+cgroup_cpu_quota,4,4,runtime_latency,governed_8_runtimes_runtime_1,completion_latency,ms,0.283802,parallel_for,runtimes=8;items_per_runtime=32,thread_pool,not_applicable,Adaptive,4,1,4,4,4,4,3,0,not_nested,0,wait,granted,188.56100000000001,not_requested,1,3424649268515386025,0.283802,15,single,2,25174054,1,3,0,0
2,1.8.0,GCC,14.2.0,Release,Linux,effective_cpu_capacity=4,4,1,linux_sched_affinity+cgroup_cpu_quota,4,4,runtime_latency,governed_8_runtimes_runtime_2,completion_latency,ms,0.68813400000000002,parallel_for,runtimes=8;items_per_runtime=32,thread_pool,not_applicable,Adaptive,4,1,4,4,4,4,3,0,not_nested,0,wait,granted,633.46299999999997,not_requested,1,3424649268515386025,0.68813400000000002,15,single,2,25174054,1,3,0,0
2,1.8.0,GCC,14.2.0,Release,Linux,effective_cpu_capacity=4,4,1,linux_sched_affinity+cgroup_cpu_quota,4,4,runtime_latency,governed_8_runtimes_runtime_3,completion_latency,ms,0.097364999999999993,parallel_for,runtimes=8;items_per_runtime=32,thread_pool,not_applicable,Adaptive,4,1,4,4,4,4,1,0,not_nested,0,wait,granted,1.1819999999999999,not_requested,1,3424649268515386025,0.097364999999999993,15,single,2,25174054,1,3,0,0
2,1.8.0,GCC,14.2.0,Release,Linux,effective_cpu_capacity=4,4,1,linux_sched_affinity+cgroup_cpu_quota,4,4,runtime_latency,governed_8_runtimes_runtime_4,completion_latency,ms,0.39655000000000001,parallel_for,runtimes=8;items_per_runtime=32,thread_pool,not_applicable,Adaptive,4,1,4,4,4,4,3,0,not_nested,0,wait,granted,278.53500000000003,not_requested,1,3424649268515386025,0.39655000000000001,15,single,2,25174054,1,3,0,0
2,1.8.0,GCC,14.2.0,Release,Linux,effective_cpu_capacity=4,4,1,linux_sched_affinity+cgroup_cpu_quota,4,4,runtime_latency,governed_8_runtimes_runtime_5,completion_latency,ms,0.55520599999999998,parallel_for,runtimes=8;items_per_runtime=32,thread_pool,not_applicable,Adaptive,4,1,4,4,4,4,1,0,not_nested,0,wait,granted,480.33499999999998,not_requested,1,3424649268515386025,0.55520599999999998,15,single,2,25174054,1,3,0,0
2,1.8.0,GCC,14.2.0,Release,Linux,effective_cpu_capacity=4,4,1,linux_sched_affinity+cgroup_cpu_quota,4,4,runtime_latency,governed_8_runtimes_runtime_6,completion_latency,ms,0.49282399999999998,parallel_for,runtimes=8;items_per_runtime=32,thread_pool,not_applicable,Adaptive,4,1,4,4,4,4,2,0,not_nested,0,wait,granted,399.024,not_requested,1,3424649268515386025,0.49282399999999998,15,single,2,25174054,1,3,0,0
2,1.8.0,GCC,14.2.0,Release,Linux,effective_cpu_capacity=4,4,1,linux_sched_affinity+cgroup_cpu_quota,4,4,runtime_latency,governed_8_runtimes_runtime_7,completion_latency,ms,0.63146999999999998,parallel_for,runtimes=8;items_per_runtime=32,thread_pool,not_applicable,Adaptive,4,1,4,4,4,4,2,0,not_nested,0,wait,granted,556.37800000000004,not_requested,1,3424649268515386025,0.63146999999999998,15,single,2,25174054,1,3,0,0
2,1.8.0,GCC,14.2.0,Release,Linux,effective_cpu_capacity=4,4,1,linux_sched_affinity+cgroup_cpu_quota,1,1,governed_vs_ungoverned,budget_1,batch_wall_time,ms,0.17921699999999999,parallel_for,runtimes=2;items_per_runtime=32,thread_pool,not_applicable,Adaptive,1,1,1,1,1,1,1,0,not_nested,0,wait,granted,1.091,not_requested,1,10831286851329034220,0.17921699999999999,15,single,2,25174054,2,1,0,0
2,1.8.0,GCC,14.2.0,Release,Linux,effective_cpu_capacity=4,4,1,linux_sched_affinity+cgroup_cpu_quota,1,1,governed_vs_ungoverned,budget_1,throughput,operations_per_second,11159.655613027782,parallel_for,runtimes=2;items_per_runtime=32,thread_pool,not_applicable,Adaptive,1,1,1,1,1,1,1,0,not_nested,0,wait,granted,1.091,not_requested,1,10831286851329034220,0.17921699999999999,15,single,2,25174054,2,1,0,0
2,1.8.0,GCC,14.2.0,Release,Linux,effective_cpu_capacity=4,4,1,linux_sched_affinity+cgroup_cpu_quota,1,1,governed_vs_ungoverned,budget_1,peak_participation,threads,1,parallel_for,runtimes=2;items_per_runtime=32,thread_pool,not_applicable,Adaptive,1,1,1,1,1,1,1,0,not_nested,0,wait,granted,1.091,not_requested,1,10831286851329034220,0.17921699999999999,15,single,2,25174054,2,1,0,0
2,1.8.0,GCC,14.2.0,Release,Linux,effective_cpu_capacity=4,4,1,linux_sched_affinity+cgroup_cpu_quota,1,1,runtime_latency,budget_1_runtime_0,completion_latency,ms,0.057515999999999998,parallel_for,runtimes=2;items_per_runtime=32,thread_pool,not_applicable,Adaptive,1,1,1,1,1,1,1,0,not_nested,0,wait,granted,1.091,not_requested,1,10831286851329034220,0.057515999999999998,15,single,2,25174054,1,1,0,0
2,1.8.0,GCC,14.2.0,Release,Linux,effective_cpu_capacity=4,4,1,linux_sched_affinity+cgroup_cpu_quota,1,1,runtime_latency,budget_1_runtime_1,completion_latency,ms,0.095172000000000007,parallel_for,runtimes=2;items_per_runtime=32,thread_pool,not_applicable,Adaptive,1,1,1,1,1,1,1,0,not_nested,0,wait,granted,50.335000000000001,not_requested,1,10831286851329034220,0.095172000000000007,15,single,2,25174054,1,1,0,0
2,1.8.0,GCC,14.2.0,Release,Linux,effective_cpu_capacity=4,4,1,linux_sched_affinity+cgroup_cpu_quota,2,2,governed_vs_ungoverned,budget_2,batch_wall_time,ms,0.22326299999999999,parallel_for,runtimes=2;items_per_runtime=32,thread_pool,not_applicable,Adaptive,2,1,2,2,2,2,2,0,not_nested,0,wait,granted,84.501000000000005,not_requested,1,10831286851329034220,0.22326299999999999,15,single,2,25174054,2,2,0,0
2,1.8.0,GCC,14.2.0,Release,Linux,effective_cpu_capacity=4,4,1,linux_sched_affinity+cgroup_cpu_quota,2,2,governed_vs_ungoverned,budget_2,throughput,operations_per_second,8958.044996260016,parallel_for,runtimes=2;items_per_runtime=32,thread_pool,not_applicable,Adaptive,2,1,2,2,2,2,2,0,not_nested,0,wait,granted,84.501000000000005,not_requested,1,10831286851329034220,0.22326299999999999,15,single,2,25174054,2,2,0,0
2,1.8.0,GCC,14.2.0,Release,Linux,effective_cpu_capacity=4,4,1,linux_sched_affinity+cgroup_cpu_quota,2,2,governed_vs_ungoverned,budget_2,peak_participation,threads,2,parallel_for,runtimes=2;items_per_runtime=32,thread_pool,not_applicable,Adaptive,2,1,2,2,2,2,2,0,not_nested,0,wait,granted,84.501000000000005,not_requested,1,10831286851329034220,0.22326299999999999,15,single,2,25174054,2,2,0,0
2,1.8.0,GCC,14.2.0,Release,Linux,effective_cpu_capacity=4,4,1,linux_sched_affinity+cgroup_cpu_quota,2,2,runtime_latency,budget_2_runtime_0,completion_latency,ms,0.13761999999999999,parallel_for,runtimes=2;items_per_runtime=32,thread_pool,not_applicable,Adaptive,2,1,2,2,2,2,2,0,not_nested,0,wait,granted,84.501000000000005,not_requested,1,10831286851329034220,0.13761999999999999,15,single,2,25174054,1,2,0,0
2,1.8.0,GCC,14.2.0,Release,Linux,effective_cpu_capacity=4,4,1,linux_sched_affinity+cgroup_cpu_quota,2,2,runtime_latency,budget_2_runtime_1,completion_latency,ms,0.070474999999999996,parallel_for,runtimes=2;items_per_runtime=32,thread_pool,not_applicable,Adaptive,2,1,2,2,2,2,2,0,not_nested,0,wait,granted,1.522,not_requested,1,10831286851329034220,0.070474999999999996,15,single,2,25174054,1,2,0,0
2,1.8.0,GCC,14.2.0,Release,Linux,effective_cpu_capacity=4,4,1,linux_sched_affinity+cgroup_cpu_quota,4,4,governed_vs_ungoverned,budget_4,batch_wall_time,ms,0.25841500000000001,parallel_for,runtimes=2;items_per_runtime=64,thread_pool,not_applicable,Adaptive,4,1,4,4,4,4,2,0,not_nested,0,wait,granted,1.012,not_requested,1,7589314552514409162,0.25841500000000001,15,single,2,25174054,2,3,0,0
2,1.8.0,GCC,14.2.0,Release,Linux,effective_cpu_capacity=4,4,1,linux_sched_affinity+cgroup_cpu_quota,4,4,governed_vs_ungoverned,budget_4,throughput,operations_per_second,7739.4888067643133,parallel_for,runtimes=2;items_per_runtime=64,thread_pool,not_applicable,Adaptive,4,1,4,4,4,4,2,0,not_nested,0,wait,granted,1.012,not_requested,1,7589314552514409162,0.25841500000000001,15,single,2,25174054,2,3,0,0
2,1.8.0,GCC,14.2.0,Release,Linux,effective_cpu_capacity=4,4,1,linux_sched_affinity+cgroup_cpu_quota,4,4,governed_vs_ungoverned,budget_4,peak_participation,threads,3,parallel_for,runtimes=2;items_per_runtime=64,thread_pool,not_applicable,Adaptive,4,1,4,4,4,4,2,0,not_nested,0,wait,granted,1.012,not_requested,1,7589314552514409162,0.25841500000000001,15,single,2,25174054,2,3,0,0
2,1.8.0,GCC,14.2.0,Release,Linux,effective_cpu_capacity=4,4,1,linux_sched_affinity+cgroup_cpu_quota,4,4,runtime_latency,budget_4_runtime_0,completion_latency,ms,0.126778,parallel_for,runtimes=2;items_per_runtime=64,thread_pool,not_applicable,Adaptive,4,1,4,4,4,4,2,0,not_nested,0,wait,granted,1.012,not_requested,1,7589314552514409162,0.126778,15,single,2,25174054,1,3,0,0
2,1.8.0,GCC,14.2.0,Release,Linux,effective_cpu_capacity=4,4,1,linux_sched_affinity+cgroup_cpu_quota,4,4,runtime_latency,budget_4_runtime_1,completion_latency,ms,0.20278199999999999,parallel_for,runtimes=2;items_per_runtime=64,thread_pool,not_applicable,Adaptive,4,1,4,4,4,4,3,0,not_nested,0,wait,granted,137.505,not_requested,1,7589314552514409162,0.20278199999999999,15,single,2,25174054,1,3,0,0
2,1.8.0,GCC,14.2.0,Release,Linux,effective_cpu_capacity=4,4,1,linux_sched_affinity+cgroup_cpu_quota,4,1,governor_overhead,uncontended_exact_acquire_release,latency,us_per_acquire_release,0.14866099999999999,parallel_for,,,not_applicable,Adaptive,1,1,1,1,1,1,1,0,not_nested,1,fail_immediately,granted,0.080000000000000002,not_requested,1,,0.00014866099999999999,16,single,2,25174054,1000,1,0,0
2,1.8.0,GCC,14.2.0,Release,Linux,effective_cpu_capacity=4,4,1,linux_sched_affinity+cgroup_cpu_quota,4,1,governor_overhead,inherited_nested_lease,latency,us_per_acquire_release,0.019068000000000002,parallel_for,,,not_applicable,Adaptive,1,1,1,1,1,1,1,1,reuse_parent,1,fail_immediately,granted,0.080000000000000002,not_requested,1,,0.00014866099999999999,16,single,2,25174054,1000,1,0,0
2,1.8.0,GCC,14.2.0,Release,Linux,effective_cpu_capacity=4,4,1,linux_sched_affinity+cgroup_cpu_quota,4,4,governor_overhead,flexible_partial_grant,latency,us_per_acquire_release,0.33000000000000002,parallel_for,,,not_applicable,Adaptive,4,1,4,4,1,1,1,0,not_nested,0,fail_immediately,granted,0.19,not_requested,1,,0.00014866099999999999,16,single,2,25174054,1,1,0,0
2,1.8.0,GCC,14.2.0,Release,Linux,effective_cpu_capacity=4,4,1,linux_sched_affinity+cgroup_cpu_quota,4,4,governor_overhead,immediate_failure,latency,us_per_acquire_release,0.37,parallel_for,,,not_applicable,Adaptive,4,4,4,4,0,0,0,0,not_nested,1,fail_immediately,would_block,0,not_requested,1,,0.00014866099999999999,16,single,2,25174054,1,1,0,0
2,1.8.0,GCC,14.2.0,Release,Linux,effective_cpu_capacity=4,4,1,linux_sched_affinity+cgroup_cpu_quota,4,4,governor_overhead,direct_cancellation_notification,latency,us,17.977,parallel_for,,,not_applicable,Adaptive,4,4,4,4,0,0,0,0,not_nested,1,wait,cancelled,6.0890000000000004,requested,1,,0.017977,16,single,2,25174054,1,0,0,0
2,1.8.0,GCC,14.2.0,Release,Linux,effective_cpu_capacity=4,4,1,linux_sched_affinity+cgroup_cpu_quota,4,4,admission_fairness,large_exact_request,completion_rank,rank,5,parallel_for,one_large_exact_plus_eight_small_exact,,not_applicable,Adaptive,4,4,4,4,4,4,4,0,not_nested,1,wait,granted,257.93299999999999,not_requested,1,,0,16,single,2,25174054,1,0,4,257.93299999999999
2,1.8.0,GCC,14.2.0,Release,Linux,effective_cpu_capacity=4,4,1,linux_sched_affinity+cgroup_cpu_quota,4,4,admission_fairness,small_request_0,completion_rank,rank,1,parallel_for,one_large_exact_plus_eight_small_exact,,not_applicable,Adaptive,1,1,1,1,1,1,1,0,not_nested,1,wait,granted,9.6839999999999993,not_requested,1,,0,16,single,2,25174054,1,0,4,9.6839999999999993
2,1.8.0,GCC,14.2.0,Release,Linux,effective_cpu_capacity=4,4,1,linux_sched_affinity+cgroup_cpu_quota,4,4,admission_fairness,small_request_1,completion_rank,rank,3,parallel_for,one_large_exact_plus_eight_small_exact,,not_applicable,Adaptive,1,1,1,1,1,1,1,0,not_nested,1,wait,granted,34.040999999999997,not_requested,1,,0,16,single,2,25174054,1,0,4,34.040999999999997
2,1.8.0,GCC,14.2.0,Release,Linux,effective_cpu_capacity=4,4,1,linux_sched_affinity+cgroup_cpu_quota,4,4,admission_fairness,small_request_2,completion_rank,rank,2,parallel_for,one_large_exact_plus_eight_small_exact,,not_applicable,Adaptive,1,1,1,1,1,1,1,0,not_nested,1,wait,granted,1.7030000000000001,not_requested,1,,0,16,single,2,25174054,1,0,4,1.7030000000000001
2,1.8.0,GCC,14.2.0,Release,Linux,effective_cpu_capacity=4,4,1,linux_sched_affinity+cgroup_cpu_quota,4,4,admission_fairness,small_request_3,completion_rank,rank,4,parallel_for,one_large_exact_plus_eight_small_exact,,not_applicable,Adaptive,1,1,1,1,1,1,1,0,not_nested,1,wait,granted,13.539999999999999,not_requested,1,,0,16,single,2,25174054,1,0,4,13.539999999999999
2,1.8.0,GCC,14.2.0,Release,Linux,effective_cpu_capacity=4,4,1,linux_sched_affinity+cgroup_cpu_quota,4,4,admission_fairness,small_request_4,completion_rank,rank,6,parallel_for,one_large_exact_plus_eight_small_exact,,not_applicable,Adaptive,1,1,1,1,1,1,1,0,not_nested,1,wait,granted,1230.3610000000001,not_requested,1,,0,16,single,2,25174054,1,0,4,1230.3610000000001
2,1.8.0,GCC,14.2.0,Release,Linux,effective_cpu_capacity=4,4,1,linux_sched_affinity+cgroup_cpu_quota,4,4,admission_fairness,small_request_5,completion_rank,rank,9,parallel_for,one_large_exact_plus_eight_small_exact,,not_applicable,Adaptive,1,1,1,1,1,1,1,0,not_nested,1,wait,granted,1403.1690000000001,not_requested,1,,0,16,single,2,25174054,1,0,4,1403.1690000000001
2,1.8.0,GCC,14.2.0,Release,Linux,effective_cpu_capacity=4,4,1,linux_sched_affinity+cgroup_cpu_quota,4,4,admission_fairness,small_request_6,completion_rank,rank,8,parallel_for,one_large_exact_plus_eight_small_exact,,not_applicable,Adaptive,1,1,1,1,1,1,1,0,not_nested,1,wait,granted,1167.798,not_requested,1,,0,16,single,2,25174054,1,0,4,1167.798
2,1.8.0,GCC,14.2.0,Release,Linux,effective_cpu_capacity=4,4,1,linux_sched_affinity+cgroup_cpu_quota,4,4,admission_fairness,small_request_7,completion_rank,rank,7,parallel_for,one_large_exact_plus_eight_small_exact,,not_applicable,Adaptive,1,1,1,1,1,1,1,0,not_nested,1,wait,granted,1125.7760000000001,not_requested,1,,0,16,single,2,25174054,1,0,4,1125.7760000000001
2,1.8.0,GCC,14.2.0,Release,Linux,effective_cpu_capacity=4,4,1,linux_sched_affinity+cgroup_cpu_quota,4,4,adaptive_partial_grant,available_one_of_preferred_budget,granted_workers,threads,1,parallel_for,,thread_pool,not_applicable,Adaptive,4,1,4,4,1,1,1,0,not_nested,0,wait,granted,0.29099999999999998,not_requested,1,,0.098707000000000003,16,single,2,25174054,1,1,0,0
2,1.8.0,GCC,14.2.0,Release,Linux,effective_cpu_capacity=4,4,1,linux_sched_affinity+cgroup_cpu_quota,4,4,nested_execution,depth_1,peak_participation,threads,1,parallel_for,depth=1;leaves=2,thread_pool,not_applicable,Adaptive,2,1,2,4,2,2,1,0,not_nested,0,wait,granted,0.27100000000000002,not_requested,1,,0.027019999999999999,16,single,2,25174054,1,1,0,0
2,1.8.0,GCC,14.2.0,Release,Linux,effective_cpu_capacity=4,4,1,linux_sched_affinity+cgroup_cpu_quota,4,4,nested_execution,depth_2,peak_participation,threads,1,parallel_for,depth=2;leaves=4,thread_pool,not_applicable,Adaptive,2,1,2,4,2,2,1,0,not_nested,0,wait,granted,0.26100000000000001,not_requested,1,,0.021242,16,single,2,25174054,1,1,0,0
2,1.8.0,GCC,14.2.0,Release,Linux,effective_cpu_capacity=4,4,1,linux_sched_affinity+cgroup_cpu_quota,4,4,nested_execution,depth_3,peak_participation,threads,1,parallel_for,depth=3;leaves=8,thread_pool,not_applicable,Adaptive,2,1,2,4,2,2,1,0,not_nested,0,wait,granted,0.20100000000000001,not_requested,1,,0.015692999999999999,16,single,2,25174054,1,1,0,0
2,1.8.0,GCC,14.2.0,Release,Linux,effective_cpu_capacity=4,4,1,linux_sched_affinity+cgroup_cpu_quota,4,4,nested_execution,depth_4,peak_participation,threads,1,parallel_for,depth=4;leaves=16,thread_pool,not_applicable,Adaptive,2,1,2,4,2,2,1,0,not_nested,0,wait,granted,0.19,not_requested,1,,0.017146000000000002,16,single,2,25174054,1,1,0,0
2,1.8.0,GCC,14.2.0,Release,Linux,effective_cpu_capacity=4,4,1,linux_sched_affinity+cgroup_cpu_quota,1,1,scheduler_comparison,sequential,duration,ms,0.40549299999999999,parallel_for,,sequential,not_applicable,Adaptive,1,1,1,1,1,1,1,0,not_nested,0,wait,granted,0.18099999999999999,not_requested,1,5314921549994187984,0.40549299999999999,16,single,2,25174054,1,1,0,0
2,1.8.0,GCC,14.2.0,Release,Linux,effective_cpu_capacity=4,4,1,linux_sched_affinity+cgroup_cpu_quota,4,4,scheduler_comparison,thread_pool,duration,ms,0.25806400000000002,parallel_for,,thread_pool,not_applicable,Adaptive,4,1,4,4,4,4,4,0,not_nested,0,wait,granted,0.16,not_requested,1,5314921549994187984,0.25806400000000002,16,single,2,25174054,1,4,0,0
2,1.8.0,GCC,14.2.0,Release,Linux,effective_cpu_capacity=4,4,1,linux_sched_affinity+cgroup_cpu_quota,4,4,scheduler_comparison,static_thread,duration,ms,0.27649099999999999,parallel_for,,static_thread,not_applicable,Adaptive,4,1,4,4,4,4,4,0,not_nested,0,wait,granted,0.30099999999999999,not_requested,1,5314921549994187984,0.27649099999999999,16,single,2,25174054,1,4,0,0
2,1.8.0,GCC,14.2.0,Release,Linux,effective_cpu_capacity=4,4,1,linux_sched_affinity+cgroup_cpu_quota,4,4,deterministic_exact_grant,success,accepted,boolean,1,parallel_for,,thread_pool,not_applicable,Deterministic,4,4,4,4,4,4,1,0,not_nested,1,fail_immediately,granted,0.44,not_requested,1,,0,16,single,2,25174054,1,0,0,0
2,1.8.0,GCC,14.2.0,Release,Linux,effective_cpu_capacity=4,4,1,linux_sched_affinity+cgroup_cpu_quota,4,4,deterministic_exact_grant,insufficient_budget_failure,accepted,boolean,1,parallel_for,,,not_applicable,Deterministic,4,4,4,4,0,0,0,0,not_nested,1,fail_immediately,would_block,0,not_requested,1,,0,16,single,2,25174054,1,0,0,0
2,1.8.0,GCC,14.2.0,Release,Linux,effective_cpu_capacity=4,4,1,linux_sched_affinity+cgroup_cpu_quota,4,4,governed_vs_ungoverned,governed,batch_wall_time,ms,2.483978,parallel_for,runtimes=2;items_per_runtime=128,thread_pool,not_applicable,Adaptive,4,1,4,4,4,4,3,0,not_nested,0,wait,granted,0.95199999999999996,not_requested,1,14754973877547064749,2.483978,16,governed_then_ungoverned,2,25174054,2,3,0,0
2,1.8.0,GCC,14.2.0,Release,Linux,effective_cpu_capacity=4,4,1,linux_sched_affinity+cgroup_cpu_quota,4,4,governed_vs_ungoverned,governed,throughput,operations_per_second,805.16011011369665,parallel_for,runtimes=2;items_per_runtime=128,thread_pool,not_applicable,Adaptive,4,1,4,4,4,4,3,0,not_nested,0,wait,granted,0.95199999999999996,not_requested,1,14754973877547064749,2.483978,16,governed_then_ungoverned,2,25174054,2,3,0,0
2,1.8.0,GCC,14.2.0,Release,Linux,effective_cpu_capacity=4,4,1,linux_sched_affinity+cgroup_cpu_quota,4,4,governed_vs_ungoverned,governed,peak_participation,threads,3,parallel_for,runtimes=2;items_per_runtime=128,thread_pool,not_applicable,Adaptive,4,1,4,4,4,4,3,0,not_nested,0,wait,granted,0.95199999999999996,not_requested,1,14754973877547064749,2.483978,16,governed_then_ungoverned,2,25174054,2,3,0,0
2,1.8.0,GCC,14.2.0,Release,Linux,effective_cpu_capacity=4,4,1,linux_sched_affinity+cgroup_cpu_quota,4,4,runtime_latency,governed_runtime_0,completion_latency,ms,1.1885289999999999,parallel_for,runtimes=2;items_per_runtime=128,thread_pool,not_applicable,Adaptive,4,1,4,4,4,4,3,0,not_nested,0,wait,granted,0.95199999999999996,not_requested,1,14754973877547064749,1.1885289999999999,16,governed_then_ungoverned,2,25174054,1,3,0,0
2,1.8.0,GCC,14.2.0,Release,Linux,effective_cpu_capacity=4,4,1,linux_sched_affinity+cgroup_cpu_quota,4,4,runtime_latency,governed_runtime_1,completion_latency,ms,2.360363,parallel_for,runtimes=2;items_per_runtime=128,thread_pool,not_applicable,Adaptive,4,1,4,4,4,4,3,0,not_nested,0,wait,granted,1161.759,not_requested,1,14754973877547064749,2.360363,16,governed_then_ungoverned,2,25174054,1,3,0,0
2,1.8.0,GCC,14.2.0,Release,Linux,effective_cpu_capacity=4,4,1,linux_sched_affinity+cgroup_cpu_quota,4,4,governed_vs_ungoverned,ungoverned,batch_wall_time,ms,1.6231960000000001,parallel_for,runtimes=2;items_per_runtime=128,thread_pool,not_applicable,Adaptive,4,1,4,4,4,4,2,0,not_nested,0,wait,granted,1.3720000000000001,not_requested,1,14754973877547064749,1.6231960000000001,16,governed_then_ungoverned,2,25174054,2,4,0,0
2,1.8.0,GCC,14.2.0,Release,Linux,effective_cpu_capacity=4,4,1,linux_sched_affinity+cgroup_cpu_quota,4,4,governed_vs_ungoverned,ungoverned,throughput,operations_per_second,1232.1370925014601,parallel_for,runtimes=2;items_per_runtime=128,thread_pool,not_applicable,Adaptive,4,1,4,4,4,4,2,0,not_nested,0,wait,granted,1.3720000000000001,not_requested,1,14754973877547064749,1.6231960000000001,16,governed_then_ungoverned,2,25174054,2,4,0,0
2,1.8.0,GCC,14.2.0,Release,Linux,effective_cpu_capacity=4,4,1,linux_sched_affinity+cgroup_cpu_quota,4,4,governed_vs_ungoverned,ungoverned,peak_participation,threads,4,parallel_for,runtimes=2;items_per_runtime=128,thread_pool,not_applicable,Adaptive,4,1,4,4,4,4,2,0,not_nested,0,wait,granted,1.3720000000000001,not_requested,1,14754973877547064749,1.6231960000000001,16,governed_then_ungoverned,2,25174054,2,4,0,0
2,1.8.0,GCC,14.2.0,Release,Linux,effective_cpu_capacity=4,4,1,linux_sched_affinity+cgroup_cpu_quota,4,4,runtime_latency,ungoverned_runtime_0,completion_latency,ms,1.5489250000000001,parallel_for,runtimes=2;items_per_runtime=128,thread_pool,not_applicable,Adaptive,4,1,4,4,4,4,2,0,not_nested,0,wait,granted,1.3720000000000001,not_requested,1,14754973877547064749,1.5489250000000001,16,governed_then_ungoverned,2,25174054,1,4,0,0
2,1.8.0,GCC,14.2.0,Release,Linux,effective_cpu_capacity=4,4,1,linux_sched_affinity+cgroup_cpu_quota,4,4,runtime_latency,ungoverned_runtime_1,completion_latency,ms,1.5532619999999999,parallel_for,runtimes=2;items_per_runtime=128,thread_pool,not_applicable,Adaptive,4,1,4,4,4,4,2,0,not_nested,0,wait,granted,0.70099999999999996,not_requested,1,14754973877547064749,1.5532619999999999,16,governed_then_ungoverned,2,25174054,1,4,0,0
2,1.8.0,GCC,14.2.0,Release,Linux,effective_cpu_capacity=4,4,1,linux_sched_affinity+cgroup_cpu_quota,4,4,governed_vs_ungoverned,governed_2_runtimes,batch_wall_time,ms,0.198125,parallel_for,runtimes=2;items_per_runtime=32,thread_pool,not_applicable,Adaptive,4,1,4,4,4,4,2,0,not_nested,0,wait,granted,1.1319999999999999,not_requested,1,10831286851329034220,0.198125,16,single,2,25174054,2,2,0,0
2,1.8.0,GCC,14.2.0,Release,Linux,effective_cpu_capacity=4,4,1,linux_sched_affinity+cgroup_cpu_quota,4,4,governed_vs_ungoverned,governed_2_runtimes,throughput,operations_per_second,10094.637223974763,parallel_for,runtimes=2;items_per_runtime=32,thread_pool,not_applicable,Adaptive,4,1,4,4,4,4,2,0,not_nested,0,wait,granted,1.1319999999999999,not_requested,1,10831286851329034220,0.198125,16,single,2,25174054,2,2,0,0
2,1.8.0,GCC,14.2.0,Release,Linux,effective_cpu_capacity=4,4,1,linux_sched_affinity+cgroup_cpu_quota,4,4,governed_vs_ungoverned,governed_2_runtimes,peak_participation,threads,2,parallel_for,runtimes=2;items_per_runtime=32,thread_pool,not_applicable,Adaptive,4,1,4,4,4,4,2,0,not_nested,0,wait,granted,1.1319999999999999,not_requested,1,10831286851329034220,0.198125,16,single,2,25174054,2,2,0,0
2,1.8.0,GCC,14.2.0,Release,Linux,effective_cpu_capacity=4,4,1,linux_sched_affinity+cgroup_cpu_quota,4,4,runtime_latency,governed_2_runtimes_runtime_0,completion_latency,ms,0.072928999999999994,parallel_for,runtimes=2;items_per_runtime=32,thread_pool,not_applicable,Adaptive,4,1,4,4,4,4,2,0,not_nested,0,wait,granted,1.1319999999999999,not_requested,1,10831286851329034220,0.072928999999999994,16,single,2,25174054,1,2,0,0
2,1.8.0,GCC,14.2.0,Release,Linux,effective_cpu_capacity=4,4,1,linux_sched_affinity+cgroup_cpu_quota,4,4,runtime_latency,governed_2_runtimes_runtime_1,completion_latency,ms,0.137624,parallel_for,runtimes=2;items_per_runtime=32,thread_pool,not_applicable,Adaptive,4,1,4,4,4,4,1,0,not_nested,0,wait,granted,70.835999999999999,not_requested,1,10831286851329034220,0.137624,16,single,2,25174054,1,2,0,0
2,1.8.0,GCC,14.2.0,Release,Linux,effective_cpu_capacity=4,4,1,linux_sched_affinity+cgroup_cpu_quota,4,4,governed_vs_ungoverned,governed_4_runtimes,batch_wall_time,ms,0.43468699999999999,parallel_for,runtimes=4;items_per_runtime=32,thread_pool,not_applicable,Adaptive,4,1,4,4,4,4,2,0,not_nested,0,wait,granted,109.023,not_requested,1,7589314552514409162,0.43468699999999999,16,single,2,25174054,4,3,0,0
2,1.8.0,GCC,14.2.0,Release,Linux,effective_cpu_capacity=4,4,1,linux_sched_affinity+cgroup_cpu_quota,4,4,governed_vs_ungoverned,governed_4_runtimes,throughput,operations_per_second,9202.0235249731413,parallel_for,runtimes=4;items_per_runtime=32,thread_pool,not_applicable,Adaptive,4,1,4,4,4,4,2,0,not_nested,0,wait,granted,109.023,not_requested,1,7589314552514409162,0.43468699999999999,16,single,2,25174054,4,3,0,0
2,1.8.0,GCC,14.2.0,Release,Linux,effective_cpu_capacity=4,4,1,linux_sched_affinity+cgroup_cpu_quota,4,4,governed_vs_ungoverned,governed_4_runtimes,peak_participation,threads,3,parallel_for,runtimes=4;items_per_runtime=32,thread_pool,not_applicable,Adaptive,4,1,4,4,4,4,2,0,not_nested,0,wait,granted,109.023,not_requested,1,7589314552514409162,0.43468699999999999,16,single,2,25174054,4,3,0,0
2,1.8.0,GCC,14.2.0,Release,Linux,effective_cpu_capacity=4,4,1,linux_sched_affinity+cgroup_cpu_quota,4,4,runtime_latency,governed_4_runtimes_runtime_0,completion_latency,ms,0.202792,parallel_for,runtimes=4;items_per_runtime=32,thread_pool,not_applicable,Adaptive,4,1,4,4,4,4,2,0,not_nested,0,wait,granted,109.023,not_requested,1,7589314552514409162,0.202792,16,single,2,25174054,1,3,0,0
2,1.8.0,GCC,14.2.0,Release,Linux,effective_cpu_capacity=4,4,1,linux_sched_affinity+cgroup_cpu_quota,4,4,runtime_latency,governed_4_runtimes_runtime_1,completion_latency,ms,0.109904,parallel_for,runtimes=4;items_per_runtime=32,thread_pool,not_applicable,Adaptive,4,1,4,4,4,4,3,0,not_nested,0,wait,granted,0.81100000000000005,not_requested,1,7589314552514409162,0.109904,16,single,2,25174054,1,3,0,0
2,1.8.0,GCC,14.2.0,Release,Linux,effective_cpu_capacity=4,4,1,linux_sched_affinity+cgroup_cpu_quota,4,4,runtime_latency,governed_4_runtimes_runtime_2,completion_latency,ms,0.27163500000000002,parallel_for,runtimes=4;items_per_runtime=32,thread_pool,not_applicable,Adaptive,4,1,4,4,4,4,2,0,not_nested,0,wait,granted,205.345,not_requested,1,7589314552514409162,0.27163500000000002,16,single,2,25174054,1,3,0,0
2,1.8.0,GCC,14.2.0,Release,Linux,effective_cpu_capacity=4,4,1,linux_sched_affinity+cgroup_cpu_quota,4,4,runtime_latency,governed_4_runtimes_runtime_3,completion_latency,ms,0.32439299999999999,parallel_for,runtimes=4;items_per_runtime=32,thread_pool,not_applicable,Adaptive,4,1,4,4,4,4,3,0,not_nested,0,wait,granted,265.58499999999998,not_requested,1,7589314552514409162,0.32439299999999999,16,single,2,25174054,1,3,0,0
2,1.8.0,GCC,14.2.0,Release,Linux,effective_cpu_capacity=4,4,1,linux_sched_affinity+cgroup_cpu_quota,4,4,governed_vs_ungoverned,governed_8_runtimes,batch_wall_time,ms,0.97063500000000003,parallel_for,runtimes=8;items_per_runtime=32,thread_pool,not_applicable,Adaptive,4,1,4,4,4,4,3,0,not_nested,0,wait,granted,720.75300000000004,not_requested,1,3424649268515386025,0.97063500000000003,16,single,2,25174054,8,4,0,0
2,1.8.0,GCC,14.2.0,Release,Linux,effective_cpu_capacity=4,4,1,linux_sched_affinity+cgroup_cpu_quota,4,4,governed_vs_ungoverned,governed_8_runtimes,throughput,operations_per_second,8242.0271265717802,parallel_for,runtimes=8;items_per_runtime=32,thread_pool,not_applicable,Adaptive,4,1,4,4,4,4,3,0,not_nested,0,wait,granted,720.75300000000004,not_requested,1,3424649268515386025,0.97063500000000003,16,single,2,25174054,8,4,0,0
2,1.8.0,GCC,14.2.0,Release,Linux,effective_cpu_capacity=4,4,1,linux_sched_affinity+cgroup_cpu_quota,4,4,governed_vs_ungoverned,governed_8_runtimes,peak_participation,threads,4,parallel_for,runtimes=8;items_per_runtime=32,thread_pool,not_applicable,Adaptive,4,1,4,4,4,4,3,0,not_nested,0,wait,granted,720.75300000000004,not_requested,1,3424649268515386025,0.97063500000000003,16,single,2,25174054,8,4,0,0
2,1.8.0,GCC,14.2.0,Release,Linux,effective_cpu_capacity=4,4,1,linux_sched_affinity+cgroup_cpu_quota,4,4,runtime_latency,governed_8_runtimes_runtime_0,completion_latency,ms,0.78764199999999995,parallel_for,runtimes=8;items_per_runtime=32,thread_pool,not_applicable,Adaptive,4,1,4,4,4,4,3,0,not_nested,0,wait,granted,720.75300000000004,not_requested,1,3424649268515386025,0.78764199999999995,16,single,2,25174054,1,4,0,0
2,1.8.0,GCC,14.2.0,Release,Linux,effective_cpu_capacity=4,4,1,linux_sched_affinity+cgroup_cpu_quota,4,4,runtime_latency,governed_8_runtimes_runtime_1,completion_latency,ms,0.107239,parallel_for,runtimes=8;items_per_runtime=32,thread_pool,not_applicable,Adaptive,4,1,4,4,4,4,3,0,not_nested,0,wait,granted,1.0109999999999999,not_requested,1,3424649268515386025,0.107239,16,single,2,25174054,1,4,0,0
2,1.8.0,GCC,14.2.0,Release,Linux,effective_cpu_capacity=4,4,1,linux_sched_affinity+cgroup_cpu_quota,4,4,runtime_latency,governed_8_runtimes_runtime_2,completion_latency,ms,0.72107299999999996,parallel_for,runtimes=8;items_per_runtime=32,thread_pool,not_applicable,Adaptive,4,1,4,4,4,4,2,0,not_nested,0,wait,granted,589.96799999999996,not_requested,1,3424649268515386025,0.72107299999999996,16,single,2,25174054,1,4,0,0
2,1.8.0,GCC,14.2.0,Release,Linux,effective_cpu_capacity=4,4,1,linux_sched_affinity+cgroup_cpu_quota,4,4,runtime_latency,governed_8_runtimes_runtime_3,completion_latency,ms,0.336781,parallel_for,runtimes=8;items_per_runtime=32,thread_pool,not_applicable,Adaptive,4,1,4,4,4,4,4,0,not_nested,0,wait,granted,234.679,not_requested,1,3424649268515386025,0.336781,16,single,2,25174054,1,4,0,0
2,1.8.0,GCC,14.2.0,Release,Linux,effective_cpu_capacity=4,4,1,linux_sched_affinity+cgroup_cpu_quota,4,4,runtime_latency,governed_8_runtimes_runtime_4,completion_latency,ms,0.53026899999999999,parallel_for,runtimes=8;items_per_runtime=32,thread_pool,not_applicable,Adaptive,4,1,4,4,4,4,3,0,not_nested,0,wait,granted,446.84500000000003,not_requested,1,3424649268515386025,0.53026899999999999,16,single,2,25174054,1,4,0,0
2,1.8.0,GCC,14.2.0,Release,Linux,effective_cpu_capacity=4,4,1,linux_sched_affinity+cgroup_cpu_quota,4,4,runtime_latency,governed_8_runtimes_runtime_5,completion_latency,ms,0.23606099999999999,parallel_for,runtimes=8;items_per_runtime=32,thread_pool,not_applicable,Adaptive,4,1,4,4,4,4,2,0,not_nested,0,wait,granted,108.542,not_requested,1,3424649268515386025,0.23606099999999999,16,single,2,25174054,1,4,0,0
2,1.8.0,GCC,14.2.0,Release,Linux,effective_cpu_capacity=4,4,1,linux_sched_affinity+cgroup_cpu_quota,4,4,runtime_latency,governed_8_runtimes_runtime_6,completion_latency,ms,0.59677899999999995,parallel_for,runtimes=8;items_per_runtime=32,thread_pool,not_applicable,Adaptive,4,1,4,4,4,4,3,0,not_nested,0,wait,granted,534.505,not_requested,1,3424649268515386025,0.59677899999999995,16,single,2,25174054,1,4,0,0
2,1.8.0,GCC,14.2.0,Release,Linux,effective_cpu_capacity=4,4,1,linux_sched_affinity+cgroup_cpu_quota,4,4,runtime_latency,governed_8_runtimes_runtime_7,completion_latency,ms,0.44974900000000001,parallel_for,runtimes=8;items_per_runtime=32,thread_pool,not_applicable,Adaptive,4,1,4,4,4,4,2,0,not_nested,0,wait,granted,347.077,not_requested,1,3424649268515386025,0.44974900000000001,16,single,2,25174054,1,4,0,0
2,1.8.0,GCC,14.2.0,Release,Linux,effective_cpu_capacity=4,4,1,linux_sched_affinity+cgroup_cpu_quota,1,1,governed_vs_ungoverned,budget_1,batch_wall_time,ms,0.15220700000000001,parallel_for,runtimes=2;items_per_runtime=32,thread_pool,not_applicable,Adaptive,1,1,1,1,1,1,1,0,not_nested,0,wait,granted,1.3919999999999999,not_requested,1,10831286851329034220,0.15220700000000001,16,single,2,25174054,2,1,0,0
2,1.8.0,GCC,14.2.0,Release,Linux,effective_cpu_capacity=4,4,1,linux_sched_affinity+cgroup_cpu_quota,1,1,governed_vs_ungoverned,budget_1,throughput,operations_per_second,13140.0001314,parallel_for,runtimes=2;items_per_runtime=32,thread_pool,not_applicable,Adaptive,1,1,1,1,1,1,1,0,not_nested,0,wait,granted,1.3919999999999999,not_requested,1,10831286851329034220,0.15220700000000001,16,single,2,25174054,2,1,0,0
2,1.8.0,GCC,14.2.0,Release,Linux,effective_cpu_capacity=4,4,1,linux_sched_affinity+cgroup_cpu_quota,1,1,governed_vs_ungoverned,budget_1,peak_participation,threads,1,parallel_for,runtimes=2;items_per_runtime=32,thread_pool,not_applicable,Adaptive,1,1,1,1,1,1,1,0,not_nested,0,wait,granted,1.3919999999999999,not_requested,1,10831286851329034220,0.15220700000000001,16,single,2,25174054,2,1,0,0
2,1.8.0,GCC,14.2.0,Release,Linux,effective_cpu_capacity=4,4,1,linux_sched_affinity+cgroup_cpu_quota,1,1,runtime_latency,budget_1_runtime_0,completion_latency,ms,0.059468,parallel_for,runtimes=2;items_per_runtime=32,thread_pool,not_applicable,Adaptive,1,1,1,1,1,1,1,0,not_nested,0,wait,granted,1.3919999999999999,not_requested,1,10831286851329034220,0.059468,16,single,2,25174054,1,1,0,0
2,1.8.0,GCC,14.2.0,Release,Linux,effective_cpu_capacity=4,4,1,linux_sched_affinity+cgroup_cpu_quota,1,1,runtime_latency,budget_1_runtime_1,completion_latency,ms,0.094089999999999993,parallel_for,runtimes=2;items_per_runtime=32,thread_pool,not_applicable,Adaptive,1,1,1,1,1,1,1,0,not_nested,0,wait,granted,54.441000000000003,not_requested,1,10831286851329034220,0.094089999999999993,16,single,2,25174054,1,1,0,0
2,1.8.0,GCC,14.2.0,Release,Linux,effective_cpu_capacity=4,4,1,linux_sched_affinity+cgroup_cpu_quota,2,2,governed_vs_ungoverned,budget_2,batch_wall_time,ms,0.17519999999999999,parallel_for,runtimes=2;items_per_runtime=32,thread_pool,not_applicable,Adaptive,2,1,2,2,2,2,1,0,not_nested,0,wait,granted,1.0509999999999999,not_requested,1,10831286851329034220,0.17519999999999999,16,single,2,25174054,2,2,0,0
2,1.8.0,GCC,14.2.0,Release,Linux,effective_cpu_capacity=4,4,1,linux_sched_affinity+cgroup_cpu_quota,2,2,governed_vs_ungoverned,budget_2,throughput,operations_per_second,11415.525114155251,parallel_for,runtimes=2;items_per_runtime=32,thread_pool,not_applicable,Adaptive,2,1,2,2,2,2,1,0,not_nested,0,wait,granted,1.0509999999999999,not_requested,1,10831286851329034220,0.17519999999999999,16,single,2,25174054,2,2,0,0
2,1.8.0,GCC,14.2.0,Release,Linux,effective_cpu_capacity=4,4,1,linux_sched_affinity+cgroup_cpu_quota,2,2,governed_vs_ungoverned,budget_2,peak_participation,threads,2,parallel_for,runtimes=2;items_per_runtime=32,thread_pool,not_applicable,Adaptive,2,1,2,2,2,2,1,0,not_nested,0,wait,granted,1.0509999999999999,not_requested,1,10831286851329034220,0.17519999999999999,16,single,2,25174054,2,2,0,0
2,1.8.0,GCC,14.2.0,Release,Linux,effective_cpu_capacity=4,4,1,linux_sched_affinity+cgroup_cpu_quota,2,2,runtime_latency,budget_2_runtime_0,completion_latency,ms,0.072658,parallel_for,runtimes=2;items_per_runtime=32,thread_pool,not_applicable,Adaptive,2,1,2,2,2,2,1,0,not_nested,0,wait,granted,1.0509999999999999,not_requested,1,10831286851329034220,0.072658,16,single,2,25174054,1,2,0,0
2,1.8.0,GCC,14.2.0,Release,Linux,effective_cpu_capacity=4,4,1,linux_sched_affinity+cgroup_cpu_quota,2,2,runtime_latency,budget_2_runtime_1,completion_latency,ms,0.123294,parallel_for,runtimes=2;items_per_runtime=32,thread_pool,not_applicable,Adaptive,2,1,2,2,2,2,2,0,not_nested,0,wait,granted,78.066000000000003,not_requested,1,10831286851329034220,0.123294,16,single,2,25174054,1,2,0,0
2,1.8.0,GCC,14.2.0,Release,Linux,effective_cpu_capacity=4,4,1,linux_sched_affinity+cgroup_cpu_quota,4,4,governed_vs_ungoverned,budget_4,batch_wall_time,ms,0.20882100000000001,parallel_for,runtimes=2;items_per_runtime=64,thread_pool,not_applicable,Adaptive,4,1,4,4,4,4,2,0,not_nested,0,wait,granted,0.88100000000000001,not_requested,1,7589314552514409162,0.20882100000000001,16,single,2,25174054,2,3,0,0
2,1.8.0,GCC,14.2.0,Release,Linux,effective_cpu_capacity=4,4,1,linux_sched_affinity+cgroup_cpu_quota,4,4,governed_vs_ungoverned,budget_4,throughput,operations_per_second,9577.5807988660144,parallel_for,runtimes=2;items_per_runtime=64,thread_pool,not_applicable,Adaptive,4,1,4,4,4,4,2,0,not_nested,0,wait,granted,0.88100000000000001,not_requested,1,7589314552514409162,0.20882100000000001,16,single,2,25174054,2,3,0,0
2,1.8.0,GCC,14.2.0,Release,Linux,effective_cpu_capacity=4,4,1,linux_sched_affinity+cgroup_cpu_quota,4,4,governed_vs_ungoverned,budget_4,peak_participation,threads,3,parallel_for,runtimes=2;items_per_runtime=64,thread_pool,not_applicable,Adaptive,4,1,4,4,4,4,2,0,not_nested,0,wait,granted,0.88100000000000001,not_requested,1,7589314552514409162,0.20882100000000001,16,single,2,25174054,2,3,0,0
2,1.8.0,GCC,14.2.0,Release,Linux,effective_cpu_capacity=4,4,1,linux_sched_affinity+cgroup_cpu_quota,4,4,runtime_latency,budget_4_runtime_0,completion_latency,ms,0.074631000000000003,parallel_for,runtimes=2;items_per_runtime=64,thread_pool,not_applicable,Adaptive,4,1,4,4,4,4,2,0,not_nested,0,wait,granted,0.88100000000000001,not_requested,1,7589314552514409162,0.074631000000000003,16,single,2,25174054,1,3,0,0
2,1.8.0,GCC,14.2.0,Release,Linux,effective_cpu_capacity=4,4,1,linux_sched_affinity+cgroup_cpu_quota,4,4,runtime_latency,budget_4_runtime_1,completion_latency,ms,0.15473100000000001,parallel_for,runtimes=2;items_per_runtime=64,thread_pool,not_applicable,Adaptive,4,1,4,4,4,4,3,0,not_nested,0,wait,granted,78.736999999999995,not_requested,1,7589314552514409162,0.15473100000000001,16,single,2,25174054,1,3,0,0
2,1.8.0,GCC,14.2.0,Release,Linux,effective_cpu_capacity=4,4,1,linux_sched_affinity+cgroup_cpu_quota,4,1,governor_overhead,uncontended_exact_acquire_release,latency,us_per_acquire_release,0.14612700000000001,parallel_for,,,not_applicable,Adaptive,1,1,1,1,1,1,1,0,not_nested,1,fail_immediately,granted,0.070000000000000007,not_requested,1,,0.00014612700000000002,17,single,2,25174054,1000,1,0,0
2,1.8.0,GCC,14.2.0,Release,Linux,effective_cpu_capacity=4,4,1,linux_sched_affinity+cgroup_cpu_quota,4,1,governor_overhead,inherited_nested_lease,latency,us_per_acquire_release,0.016954999999999998,parallel_for,,,not_applicable,Adaptive,1,1,1,1,1,1,1,1,reuse_parent,1,fail_immediately,granted,0.070000000000000007,not_requested,1,,0.00014612700000000002,17,single,2,25174054,1000,1,0,0
2,1.8.0,GCC,14.2.0,Release,Linux,effective_cpu_capacity=4,4,1,linux_sched_affinity+cgroup_cpu_quota,4,4,governor_overhead,flexible_partial_grant,latency,us_per_acquire_release,0.31,parallel_for,,,not_applicable,Adaptive,4,1,4,4,1,1,1,0,not_nested,0,fail_immediately,granted,0.17999999999999999,not_requested,1,,0.00014612700000000002,17,single,2,25174054,1,1,0,0
2,1.8.0,GCC,14.2.0,Release,Linux,effective_cpu_capacity=4,4,1,linux_sched_affinity+cgroup_cpu_quota,4,4,governor_overhead,immediate_failure,latency,us_per_acquire_release,0.28999999999999998,parallel_for,,,not_applicable,Adaptive,4,4,4,4,0,0,0,0,not_nested,1,fail_immediately,would_block,0,not_requested,1,,0.00014612700000000002,17,single,2,25174054,1,1,0,0
2,1.8.0,GCC,14.2.0,Release,Linux,effective_cpu_capacity=4,4,1,linux_sched_affinity+cgroup_cpu_quota,4,4,governor_overhead,direct_cancellation_notification,latency,us,18.036000000000001,parallel_for,,,not_applicable,Adaptive,4,4,4,4,0,0,0,0,not_nested,1,wait,cancelled,9.7750000000000004,requested,1,,0.018036,17,single,2,25174054,1,0,0,0
2,1.8.0,GCC,14.2.0,Release,Linux,effective_cpu_capacity=4,4,1,linux_sched_affinity+cgroup_cpu_quota,4,4,admission_fairness,large_exact_request,completion_rank,rank,5,parallel_for,one_large_exact_plus_eight_small_exact,,not_applicable,Adaptive,4,4,4,4,4,4,4,0,not_nested,1,wait,granted,182.542,not_requested,1,,0,17,single,2,25174054,1,0,4,182.542
2,1.8.0,GCC,14.2.0,Release,Linux,effective_cpu_capacity=4,4,1,linux_sched_affinity+cgroup_cpu_quota,4,4,admission_fairness,small_request_0,completion_rank,rank,1,parallel_for,one_large_exact_plus_eight_small_exact,,not_applicable,Adaptive,1,1,1,1,1,1,1,0,not_nested,1,wait,granted,12.478999999999999,not_requested,1,,0,17,single,2,25174054,1,0,4,12.478999999999999
2,1.8.0,GCC,14.2.0,Release,Linux,effective_cpu_capacity=4,4,1,linux_sched_affinity+cgroup_cpu_quota,4,4,admission_fairness,small_request_1,completion_rank,rank,2,parallel_for,one_large_exact_plus_eight_small_exact,,not_applicable,Adaptive,1,1,1,1,1,1,1,0,not_nested,1,wait,granted,1.6819999999999999,not_requested,1,,0,17,single,2,25174054,1,0,4,1.6819999999999999
2,1.8.0,GCC,14.2.0,Release,Linux,effective_cpu_capacity=4,4,1,linux_sched_affinity+cgroup_cpu_quota,4,4,admission_fairness,small_request_2,completion_rank,rank,3,parallel_for,one_large_exact_plus_eight_small_exact,,not_applicable,Adaptive,1,1,1,1,1,1,1,0,not_nested,1,wait,granted,7.8920000000000003,not_requested,1,,0,17,single,2,25174054,1,0,4,7.8920000000000003
2,1.8.0,GCC,14.2.0,Release,Linux,effective_cpu_capacity=4,4,1,linux_sched_affinity+cgroup_cpu_quota,4,4,admission_fairness,small_request_3,completion_rank,rank,4,parallel_for,one_large_exact_plus_eight_small_exact,,not_applicable,Adaptive,1,1,1,1,1,1,1,0,not_nested,1,wait,granted,14.301,not_requested,1,,0,17,single,2,25174054,1,0,4,14.301
2,1.8.0,GCC,14.2.0,Release,Linux,effective_cpu_capacity=4,4,1,linux_sched_affinity+cgroup_cpu_quota,4,4,admission_fairness,small_request_4,completion_rank,rank,7,parallel_for,one_large_exact_plus_eight_small_exact,,not_applicable,Adaptive,1,1,1,1,1,1,1,0,not_nested,1,wait,granted,1206.7159999999999,not_requested,1,,0,17,single,2,25174054,1,0,4,1206.7159999999999
2,1.8.0,GCC,14.2.0,Release,Linux,effective_cpu_capacity=4,4,1,linux_sched_affinity+cgroup_cpu_quota,4,4,admission_fairness,small_request_5,completion_rank,rank,9,parallel_for,one_large_exact_plus_eight_small_exact,,not_applicable,Adaptive,1,1,1,1,1,1,1,0,not_nested,1,wait,granted,1211.623,not_requested,1,,0,17,single,2,25174054,1,0,4,1211.623
2,1.8.0,GCC,14.2.0,Release,Linux,effective_cpu_capacity=4,4,1,linux_sched_affinity+cgroup_cpu_quota,4,4,admission_fairness,small_request_6,completion_rank,rank,6,parallel_for,one_large_exact_plus_eight_small_exact,,not_applicable,Adaptive,1,1,1,1,1,1,1,0,not_nested,1,wait,granted,1176.5609999999999,not_requested,1,,0,17,single,2,25174054,1,0,4,1176.5609999999999
2,1.8.0,GCC,14.2.0,Release,Linux,effective_cpu_capacity=4,4,1,linux_sched_affinity+cgroup_cpu_quota,4,4,admission_fairness,small_request_7,completion_rank,rank,8,parallel_for,one_large_exact_plus_eight_small_exact,,not_applicable,Adaptive,1,1,1,1,1,1,1,0,not_nested,1,wait,granted,1166.2560000000001,not_requested,1,,0,17,single,2,25174054,1,0,4,1166.2560000000001
2,1.8.0,GCC,14.2.0,Release,Linux,effective_cpu_capacity=4,4,1,linux_sched_affinity+cgroup_cpu_quota,4,4,adaptive_partial_grant,available_one_of_preferred_budget,granted_workers,threads,1,parallel_for,,thread_pool,not_applicable,Adaptive,4,1,4,4,1,1,1,0,not_nested,0,wait,granted,0.22,not_requested,1,,0.097374000000000002,17,single,2,25174054,1,1,0,0
2,1.8.0,GCC,14.2.0,Release,Linux,effective_cpu_capacity=4,4,1,linux_sched_affinity+cgroup_cpu_quota,4,4,nested_execution,depth_1,peak_participation,threads,1,parallel_for,depth=1;leaves=2,thread_pool,not_applicable,Adaptive,2,1,2,4,2,2,1,0,not_nested,0,wait,granted,0.23100000000000001,not_requested,1,,0.023375,17,single,2,25174054,1,1,0,0
2,1.8.0,GCC,14.2.0,Release,Linux,effective_cpu_capacity=4,4,1,linux_sched_affinity+cgroup_cpu_quota,4,4,nested_execution,depth_2,peak_participation,threads,1,parallel_for,depth=2;leaves=4,thread_pool,not_applicable,Adaptive,2,1,2,4,2,2,1,0,not_nested,0,wait,granted,0.29999999999999999,not_requested,1,,0.022273000000000001,17,single,2,25174054,1,1,0,0
2,1.8.0,GCC,14.2.0,Release,Linux,effective_cpu_capacity=4,4,1,linux_sched_affinity+cgroup_cpu_quota,4,4,nested_execution,depth_3,peak_participation,threads,1,parallel_for,depth=3;leaves=8,thread_pool,not_applicable,Adaptive,2,1,2,4,2,2,1,0,not_nested,0,wait,granted,0.26100000000000001,not_requested,1,,0.015844,17,single,2,25174054,1,1,0,0
2,1.8.0,GCC,14.2.0,Release,Linux,effective_cpu_capacity=4,4,1,linux_sched_affinity+cgroup_cpu_quota,4,4,nested_execution,depth_4,peak_participation,threads,1,parallel_for,depth=4;leaves=16,thread_pool,not_applicable,Adaptive,2,1,2,4,2,2,1,0,not_nested,0,wait,granted,0.33000000000000002,not_requested,1,,0.022252999999999998,17,single,2,25174054,1,1,0,0
2,1.8.0,GCC,14.2.0,Release,Linux,effective_cpu_capacity=4,4,1,linux_sched_affinity+cgroup_cpu_quota,1,1,scheduler_comparison,sequential,duration,ms,0.40364100000000003,parallel_for,,sequential,not_applicable,Adaptive,1,1,1,1,1,1,1,0,not_nested,0,wait,granted,0.20000000000000001,not_requested,1,5314921549994187984,0.40364100000000003,17,single,2,25174054,1,1,0,0
2,1.8.0,GCC,14.2.0,Release,Linux,effective_cpu_capacity=4,4,1,linux_sched_affinity+cgroup_cpu_quota,4,4,scheduler_comparison,thread_pool,duration,ms,0.20860999999999999,parallel_for,,thread_pool,not_applicable,Adaptive,4,1,4,4,4,4,4,0,not_nested,0,wait,granted,0.17999999999999999,not_requested,1,5314921549994187984,0.20860999999999999,17,single,2,25174054,1,4,0,0
2,1.8.0,GCC,14.2.0,Release,Linux,effective_cpu_capacity=4,4,1,linux_sched_affinity+cgroup_cpu_quota,4,4,scheduler_comparison,static_thread,duration,ms,0.25924599999999998,parallel_for,,static_thread,not_applicable,Adaptive,4,1,4,4,4,4,4,0,not_nested,0,wait,granted,0.32000000000000001,not_requested,1,5314921549994187984,0.25924599999999998,17,single,2,25174054,1,4,0,0
2,1.8.0,GCC,14.2.0,Release,Linux,effective_cpu_capacity=4,4,1,linux_sched_affinity+cgroup_cpu_quota,4,4,deterministic_exact_grant,success,accepted,boolean,1,parallel_for,,thread_pool,not_applicable,Deterministic,4,4,4,4,4,4,1,0,not_nested,1,fail_immediately,granted,0.42999999999999999,not_requested,1,,0,17,single,2,25174054,1,0,0,0
2,1.8.0,GCC,14.2.0,Release,Linux,effective_cpu_capacity=4,4,1,linux_sched_affinity+cgroup_cpu_quota,4,4,deterministic_exact_grant,insufficient_budget_failure,accepted,boolean,1,parallel_for,,,not_applicable,Deterministic,4,4,4,4,0,0,0,0,not_nested,1,fail_immediately,would_block,0,not_requested,1,,0,17,single,2,25174054,1,0,0,0
2,1.8.0,GCC,14.2.0,Release,Linux,effective_cpu_capacity=4,4,1,linux_sched_affinity+cgroup_cpu_quota,4,4,governed_vs_ungoverned,governed,batch_wall_time,ms,2.2369690000000002,parallel_for,runtimes=2;items_per_runtime=128,thread_pool,not_applicable,Adaptive,4,1,4,4,4,4,3,0,not_nested,0,wait,granted,0.80100000000000005,not_requested,1,14754973877547064749,2.2369690000000002,17,ungoverned_then_governed,2,25174054,2,4,0,0
2,1.8.0,GCC,14.2.0,Release,Linux,effective_cpu_capacity=4,4,1,linux_sched_affinity+cgroup_cpu_quota,4,4,governed_vs_ungoverned,governed,throughput,operations_per_second,894.06692716796692,parallel_for,runtimes=2;items_per_runtime=128,thread_pool,not_applicable,Adaptive,4,1,4,4,4,4,3,0,not_nested,0,wait,granted,0.80100000000000005,not_requested,1,14754973877547064749,2.2369690000000002,17,ungoverned_then_governed,2,25174054,2,4,0,0
2,1.8.0,GCC,14.2.0,Release,Linux,effective_cpu_capacity=4,4,1,linux_sched_affinity+cgroup_cpu_quota,4,4,governed_vs_ungoverned,governed,peak_participation,threads,4,parallel_for,runtimes=2;items_per_runtime=128,thread_pool,not_applicable,Adaptive,4,1,4,4,4,4,3,0,not_nested,0,wait,granted,0.80100000000000005,not_requested,1,14754973877547064749,2.2369690000000002,17,ungoverned_then_governed,2,25174054,2,4,0,0
2,1.8.0,GCC,14.2.0,Release,Linux,effective_cpu_capacity=4,4,1,linux_sched_affinity+cgroup_cpu_quota,4,4,runtime_latency,governed_runtime_0,completion_latency,ms,1.1523460000000001,parallel_for,runtimes=2;items_per_runtime=128,thread_pool,not_applicable,Adaptive,4,1,4,4,4,4,3,0,not_nested,0,wait,granted,0.80100000000000005,not_requested,1,14754973877547064749,1.1523460000000001,17,ungoverned_then_governed,2,25174054,1,4,0,0
2,1.8.0,GCC,14.2.0,Release,Linux,effective_cpu_capacity=4,4,1,linux_sched_affinity+cgroup_cpu_quota,4,4,runtime_latency,governed_runtime_1,completion_latency,ms,2.1614879999999999,parallel_for,runtimes=2;items_per_runtime=128,thread_pool,not_applicable,Adaptive,4,1,4,4,4,4,4,0,not_nested,0,wait,granted,1139.2760000000001,not_requested,1,14754973877547064749,2.1614879999999999,17,ungoverned_then_governed,2,25174054,1,4,0,0
2,1.8.0,GCC,14.2.0,Release,Linux,effective_cpu_capacity=4,4,1,linux_sched_affinity+cgroup_cpu_quota,4,4,governed_vs_ungoverned,ungoverned,batch_wall_time,ms,2.0008530000000002,parallel_for,runtimes=2;items_per_runtime=128,thread_pool,not_applicable,Adaptive,4,1,4,4,4,4,3,0,not_nested,0,wait,granted,0.97199999999999998,not_requested,1,14754973877547064749,2.0008530000000002,17,ungoverned_then_governed,2,25174054,2,4,0,0
2,1.8.0,GCC,14.2.0,Release,Linux,effective_cpu_capacity=4,4,1,linux_sched_affinity+cgroup_cpu_quota,4,4,governed_vs_ungoverned,ungoverned,throughput,operations_per_second,999.57368182470157,parallel_for,runtimes=2;items_per_runtime=128,thread_pool,not_applicable,Adaptive,4,1,4,4,4,4,3,0,not_nested,0,wait,granted,0.97199999999999998,not_requested,1,14754973877547064749,2.0008530000000002,17,ungoverned_then_governed,2,25174054,2,4,0,0
2,1.8.0,GCC,14.2.0,Release,Linux,effective_cpu_capacity=4,4,1,linux_sched_affinity+cgroup_cpu_quota,4,4,governed_vs_ungoverned,ungoverned,peak_participation,threads,4,parallel_for,runtimes=2;items_per_runtime=128,thread_pool,not_applicable,Adaptive,4,1,4,4,4,4,3,0,not_nested,0,wait,granted,0.97199999999999998,not_requested,1,14754973877547064749,2.0008530000000002,17,ungoverned_then_governed,2,25174054,2,4,0,0
2,1.8.0,GCC,14.2.0,Release,Linux,effective_cpu_capacity=4,4,1,linux_sched_affinity+cgroup_cpu_quota,4,4,runtime_latency,ungoverned_runtime_0,completion_latency,ms,1.5720499999999999,parallel_for,runtimes=2;items_per_runtime=128,thread_pool,not_applicable,Adaptive,4,1,4,4,4,4,3,0,not_nested,0,wait,granted,0.97199999999999998,not_requested,1,14754973877547064749,1.5720499999999999,17,ungoverned_then_governed,2,25174054,1,4,0,0
2,1.8.0,GCC,14.2.0,Release,Linux,effective_cpu_capacity=4,4,1,linux_sched_affinity+cgroup_cpu_quota,4,4,runtime_latency,ungoverned_runtime_1,completion_latency,ms,1.924795,parallel_for,runtimes=2;items_per_runtime=128,thread_pool,not_applicable,Adaptive,4,1,4,4,4,4,3,0,not_nested,0,wait,granted,1.1319999999999999,not_requested,1,14754973877547064749,1.924795,17,ungoverned_then_governed,2,25174054,1,4,0,0
2,1.8.0,GCC,14.2.0,Release,Linux,effective_cpu_capacity=4,4,1,linux_sched_affinity+cgroup_cpu_quota,4,4,governed_vs_ungoverned,governed_2_runtimes,batch_wall_time,ms,0.177063,parallel_for,runtimes=2;items_per_runtime=32,thread_pool,not_applicable,Adaptive,4,1,4,4,4,4,2,0,not_nested,0,wait,granted,0.69099999999999995,not_requested,1,10831286851329034220,0.177063,17,single,2,25174054,2,2,0,0
2,1.8.0,GCC,14.2.0,Release,Linux,effective_cpu_capacity=4,4,1,linux_sched_affinity+cgroup_cpu_quota,4,4,governed_vs_ungoverned,governed_2_runtimes,throughput,operations_per_second,11295.414626432399,parallel_for,runtimes=2;items_per_runtime=32,thread_pool,not_applicable,Adaptive,4,1,4,4,4,4,2,0,not_nested,0,wait,granted,0.69099999999999995,not_requested,1,10831286851329034220,0.177063,17,single,2,25174054,2,2,0,0
2,1.8.0,GCC,14.2.0,Release,Linux,effective_cpu_capacity=4,4,1,linux_sched_affinity+cgroup_cpu_quota,4,4,governed_vs_ungoverned,governed_2_runtimes,peak_participation,threads,2,parallel_for,runtimes=2;items_per_runtime=32,thread_pool,not_applicable,Adaptive,4,1,4,4,4,4,2,0,not_nested,0,wait,granted,0.69099999999999995,not_requested,1,10831286851329034220,0.177063,17,single,2,25174054,2,2,0,0
2,1.8.0,GCC,14.2.0,Release,Linux,effective_cpu_capacity=4,4,1,linux_sched_affinity+cgroup_cpu_quota,4,4,runtime_latency,governed_2_runtimes_runtime_0,completion_latency,ms,0.077074000000000004,parallel_for,runtimes=2;items_per_runtime=32,thread_pool,not_applicable,Adaptive,4,1,4,4,4,4,2,0,not_nested,0,wait,granted,0.69099999999999995,not_requested,1,10831286851329034220,0.077074000000000004,17,single,2,25174054,1,2,0,0
2,1.8.0,GCC,14.2.0,Release,Linux,effective_cpu_capacity=4,4,1,linux_sched_affinity+cgroup_cpu_quota,4,4,runtime_latency,governed_2_runtimes_runtime_1,completion_latency,ms,0.11931799999999999,parallel_for,runtimes=2;items_per_runtime=32,thread_pool,not_applicable,Adaptive,4,1,4,4,4,4,2,0,not_nested,0,wait,granted,71.927999999999997,not_requested,1,10831286851329034220,0.11931799999999999,17,single,2,25174054,1,2,0,0
2,1.8.0,GCC,14.2.0,Release,Linux,effective_cpu_capacity=4,4,1,linux_sched_affinity+cgroup_cpu_quota,4,4,governed_vs_ungoverned,governed_4_runtimes,batch_wall_time,ms,0.37886300000000001,parallel_for,runtimes=4;items_per_runtime=32,thread_pool,not_applicable,Adaptive,4,1,4,4,4,4,2,0,not_nested,0,wait,granted,0.85099999999999998,not_requested,1,7589314552514409162,0.37886300000000001,17,single,2,25174054,4,2,0,0
2,1.8.0,GCC,14.2.0,Release,Linux,effective_cpu_capacity=4,4,1,linux_sched_affinity+cgroup_cpu_quota,4,4,governed_vs_ungoverned,governed_4_runtimes,throughput,operations_per_second,10557.906156051131,parallel_for,runtimes=4;items_per_runtime=32,thread_pool,not_applicable,Adaptive,4,1,4,4,4,4,2,0,not_nested,0,wait,granted,0.85099999999999998,not_requested,1,7589314552514409162,0.37886300000000001,17,single,2,25174054,4,2,0,0
2,1.8.0,GCC,14.2.0,Release,Linux,effective_cpu_capacity=4,4,1,linux_sched_affinity+cgroup_cpu_quota,4,4,governed_vs_ungoverned,governed_4_runtimes,peak_participation,threads,2,parallel_for,runtimes=4;items_per_runtime=32,thread_pool,not_applicable,Adaptive,4,1,4,4,4,4,2,0,not_nested,0,wait,granted,0.85099999999999998,not_requested,1,7589314552514409162,0.37886300000000001,17,single,2,25174054,4,2,0,0
2,1.8.0,GCC,14.2.0,Release,Linux,effective_cpu_capacity=4,4,1,linux_sched_affinity+cgroup_cpu_quota,4,4,runtime_latency,governed_4_runtimes_runtime_0,completion_latency,ms,0.069893999999999998,parallel_for,runtimes=4;items_per_runtime=32,thread_pool,not_applicable,Adaptive,4,1,4,4,4,4,2,0,not_nested,0,wait,granted,0.85099999999999998,not_requested,1,7589314552514409162,0.069893999999999998,17,single,2,25174054,1,2,0,0
2,1.8.0,GCC,14.2.0,Release,Linux,effective_cpu_capacity=4,4,1,linux_sched_affinity+cgroup_cpu_quota,4,4,runtime_latency,governed_4_runtimes_runtime_1,completion_latency,ms,0.15259700000000001,parallel_for,runtimes=4;items_per_runtime=32,thread_pool,not_applicable,Adaptive,4,1,4,4,4,4,2,0,not_nested,0,wait,granted,71.034999999999997,not_requested,1,7589314552514409162,0.15259700000000001,17,single,2,25174054,1,2,0,0
2,1.8.0,GCC,14.2.0,Release,Linux,effective_cpu_capacity=4,4,1,linux_sched_affinity+cgroup_cpu_quota,4,4,runtime_latency,governed_4_runtimes_runtime_2,completion_latency,ms,0.28640700000000002,parallel_for,runtimes=4;items_per_runtime=32,thread_pool,not_applicable,Adaptive,4,1,4,4,4,4,2,0,not_nested,0,wait,granted,216.33199999999999,not_requested,1,7589314552514409162,0.28640700000000002,17,single,2,25174054,1,2,0,0
2,1.8.0,GCC,14.2.0,Release,Linux,effective_cpu_capacity=4,4,1,linux_sched_affinity+cgroup_cpu_quota,4,4,runtime_latency,governed_4_runtimes_runtime_3,completion_latency,ms,0.20947199999999999,parallel_for,runtimes=4;items_per_runtime=32,thread_pool,not_applicable,Adaptive,4,1,4,4,4,4,2,0,not_nested,0,wait,granted,151.85599999999999,not_requested,1,7589314552514409162,0.20947199999999999,17,single,2,25174054,1,2,0,0
2,1.8.0,GCC,14.2.0,Release,Linux,effective_cpu_capacity=4,4,1,linux_sched_affinity+cgroup_cpu_quota,4,4,governed_vs_ungoverned,governed_8_runtimes,batch_wall_time,ms,1.1308130000000001,parallel_for,runtimes=8;items_per_runtime=32,thread_pool,not_applicable,Adaptive,4,1,4,4,4,4,2,0,not_nested,0,wait,granted,809.59500000000003,not_requested,1,3424649268515386025,1.1308130000000001,17,single,2,25174054,8,3,0,0
2,1.8.0,GCC,14.2.0,Release,Linux,effective_cpu_capacity=4,4,1,linux_sched_affinity+cgroup_cpu_quota,4,4,governed_vs_ungoverned,governed_8_runtimes,throughput,operations_per_second,7074.5560937131067,parallel_for,runtimes=8;items_per_runtime=32,thread_pool,not_applicable,Adaptive,4,1,4,4,4,4,2,0,not_nested,0,wait,granted,809.59500000000003,not_requested,1,3424649268515386025,1.1308130000000001,17,single,2,25174054,8,3,0,0
2,1.8.0,GCC,14.2.0,Release,Linux,effective_cpu_capacity=4,4,1,linux_sched_affinity+cgroup_cpu_quota,4,4,governed_vs_ungoverned,governed_8_runtimes,peak_participation,threads,3,parallel_for,runtimes=8;items_per_runtime=32,thread_pool,not_applicable,Adaptive,4,1,4,4,4,4,2,0,not_nested,0,wait,granted,809.59500000000003,not_requested,1,3424649268515386025,1.1308130000000001,17,single,2,25174054,8,3,0,0
2,1.8.0,GCC,14.2.0,Release,Linux,effective_cpu_capacity=4,4,1,linux_sched_affinity+cgroup_cpu_quota,4,4,runtime_latency,governed_8_runtimes_runtime_0,completion_latency,ms,0.86530700000000005,parallel_for,runtimes=8;items_per_runtime=32,thread_pool,not_applicable,Adaptive,4,1,4,4,4,4,2,0,not_nested,0,wait,granted,809.59500000000003,not_requested,1,3424649268515386025,0.86530700000000005,17,single,2,25174054,1,3,0,0
2,1.8.0,GCC,14.2.0,Release,Linux,effective_cpu_capacity=4,4,1,linux_sched_affinity+cgroup_cpu_quota,4,4,runtime_latency,governed_8_runtimes_runtime_1,completion_latency,ms,0.317467,parallel_for,runtimes=8;items_per_runtime=32,thread_pool,not_applicable,Adaptive,4,1,4,4,4,4,3,0,not_nested,0,wait,granted,0.76100000000000001,not_requested,1,3424649268515386025,0.317467,17,single,2,25174054,1,3,0,0
2,1.8.0,GCC,14.2.0,Release,Linux,effective_cpu_capacity=4,4,1,linux_sched_affinity+cgroup_cpu_quota,4,4,runtime_latency,governed_8_runtimes_runtime_2,completion_latency,ms,0.44691500000000001,parallel_for,runtimes=8;items_per_runtime=32,thread_pool,not_applicable,Adaptive,4,1,4,4,4,4,4,0,not_nested,0,wait,granted,327.10700000000003,not_requested,1,3424649268515386025,0.44691500000000001,17,single,2,25174054,1,3,0,0
2,1.8.0,GCC,14.2.0,Release,Linux,effective_cpu_capacity=4,4,1,linux_sched_affinity+cgroup_cpu_quota,4,4,runtime_latency,governed_8_runtimes_runtime_3,completion_latency,ms,0.81622399999999995,parallel_for,runtimes=8;items_per_runtime=32,thread_pool,not_applicable,Adaptive,4,1,4,4,4,4,2,0,not_nested,0,wait,granted,738.01900000000001,not_requested,1,3424649268515386025,0.81622399999999995,17,single,2,25174054,1,3,0,0
2,1.8.0,GCC,14.2.0,Release,Linux,effective_cpu_capacity=4,4,1,linux_sched_affinity+cgroup_cpu_quota,4,4,runtime_latency,governed_8_runtimes_runtime_4,completion_latency,ms,0.64618200000000003,parallel_for,runtimes=8;items_per_runtime=32,thread_pool,not_applicable,Adaptive,4,1,4,4,4,4,2,0,not_nested,0,wait,granted,552.553,not_requested,1,3424649268515386025,0.64618200000000003,17,single,2,25174054,1,3,0,0
2,1.8.0,GCC,14.2.0,Release,Linux,effective_cpu_capacity=4,4,1,linux_sched_affinity+cgroup_cpu_quota,4,4,runtime_latency,governed_8_runtimes_runtime_5,completion_latency,ms,0.95083499999999999,parallel_for,runtimes=8;items_per_runtime=32,thread_pool,not_applicable,Adaptive,4,1,4,4,4,4,3,0,not_nested,0,wait,granted,864.26599999999996,not_requested,1,3424649268515386025,0.95083499999999999,17,single,2,25174054,1,3,0,0
2,1.8.0,GCC,14.2.0,Release,Linux,effective_cpu_capacity=4,4,1,linux_sched_affinity+cgroup_cpu_quota,4,4,runtime_latency,governed_8_runtimes_runtime_6,completion_latency,ms,0.56198599999999999,parallel_for,runtimes=8;items_per_runtime=32,thread_pool,not_applicable,Adaptive,4,1,4,4,4,4,2,0,not_nested,0,wait,granted,442.71800000000002,not_requested,1,3424649268515386025,0.56198599999999999,17,single,2,25174054,1,3,0,0
2,1.8.0,GCC,14.2.0,Release,Linux,effective_cpu_capacity=4,4,1,linux_sched_affinity+cgroup_cpu_quota,4,4,runtime_latency,governed_8_runtimes_runtime_7,completion_latency,ms,0.72934500000000002,parallel_for,runtimes=8;items_per_runtime=32,thread_pool,not_applicable,Adaptive,4,1,4,4,4,4,2,0,not_nested,0,wait,granted,652.88199999999995,not_requested,1,3424649268515386025,0.72934500000000002,17,single,2,25174054,1,3,0,0
2,1.8.0,GCC,14.2.0,Release,Linux,effective_cpu_capacity=4,4,1,linux_sched_affinity+cgroup_cpu_quota,1,1,governed_vs_ungoverned,budget_1,batch_wall_time,ms,0.12923200000000001,parallel_for,runtimes=2;items_per_runtime=32,thread_pool,not_applicable,Adaptive,1,1,1,1,1,1,1,0,not_nested,0,wait,granted,0.751,not_requested,1,10831286851329034220,0.12923200000000001,17,single,2,25174054,2,1,0,0
2,1.8.0,GCC,14.2.0,Release,Linux,effective_cpu_capacity=4,4,1,linux_sched_affinity+cgroup_cpu_quota,1,1,governed_vs_ungoverned,budget_1,throughput,operations_per_second,15476.043085303949,parallel_for,runtimes=2;items_per_runtime=32,thread_pool,not_applicable,Adaptive,1,1,1,1,1,1,1,0,not_nested,0,wait,granted,0.751,not_requested,1,10831286851329034220,0.12923200000000001,17,single,2,25174054,2,1,0,0
2,1.8.0,GCC,14.2.0,Release,Linux,effective_cpu_capacity=4,4,1,linux_sched_affinity+cgroup_cpu_quota,1,1,governed_vs_ungoverned,budget_1,peak_participation,threads,1,parallel_for,runtimes=2;items_per_runtime=32,thread_pool,not_applicable,Adaptive,1,1,1,1,1,1,1,0,not_nested,0,wait,granted,0.751,not_requested,1,10831286851329034220,0.12923200000000001,17,single,2,25174054,2,1,0,0
2,1.8.0,GCC,14.2.0,Release,Linux,effective_cpu_capacity=4,4,1,linux_sched_affinity+cgroup_cpu_quota,1,1,runtime_latency,budget_1_runtime_0,completion_latency,ms,0.043976000000000001,parallel_for,runtimes=2;items_per_runtime=32,thread_pool,not_applicable,Adaptive,1,1,1,1,1,1,1,0,not_nested,0,wait,granted,0.751,not_requested,1,10831286851329034220,0.043976000000000001,17,single,2,25174054,1,1,0,0
2,1.8.0,GCC,14.2.0,Release,Linux,effective_cpu_capacity=4,4,1,linux_sched_affinity+cgroup_cpu_quota,1,1,runtime_latency,budget_1_runtime_1,completion_latency,ms,0.072798000000000002,parallel_for,runtimes=2;items_per_runtime=32,thread_pool,not_applicable,Adaptive,1,1,1,1,1,1,1,0,not_nested,0,wait,granted,38.718000000000004,not_requested,1,10831286851329034220,0.072798000000000002,17,single,2,25174054,1,1,0,0
2,1.8.0,GCC,14.2.0,Release,Linux,effective_cpu_capacity=4,4,1,linux_sched_affinity+cgroup_cpu_quota,2,2,governed_vs_ungoverned,budget_2,batch_wall_time,ms,0.165797,parallel_for,runtimes=2;items_per_runtime=32,thread_pool,not_applicable,Adaptive,2,1,2,2,2,2,2,0,not_nested,0,wait,granted,1.0109999999999999,not_requested,1,10831286851329034220,0.165797,17,single,2,25174054,2,2,0,0
2,1.8.0,GCC,14.2.0,Release,Linux,effective_cpu_capacity=4,4,1,linux_sched_affinity+cgroup_cpu_quota,2,2,governed_vs_ungoverned,budget_2,throughput,operations_per_second,12062.944444109362,parallel_for,runtimes=2;items_per_runtime=32,thread_pool,not_applicable,Adaptive,2,1,2,2,2,2,2,0,not_nested,0,wait,granted,1.0109999999999999,not_requested,1,10831286851329034220,0.165797,17,single,2,25174054,2,2,0,0
2,1.8.0,GCC,14.2.0,Release,Linux,effective_cpu_capacity=4,4,1,linux_sched_affinity+cgroup_cpu_quota,2,2,governed_vs_ungoverned,budget_2,peak_participation,threads,2,parallel_for,runtimes=2;items_per_runtime=32,thread_pool,not_applicable,Adaptive,2,1,2,2,2,2,2,0,not_nested,0,wait,granted,1.0109999999999999,not_requested,1,10831286851329034220,0.165797,17,single,2,25174054,2,2,0,0
2,1.8.0,GCC,14.2.0,Release,Linux,effective_cpu_capacity=4,4,1,linux_sched_affinity+cgroup_cpu_quota,2,2,runtime_latency,budget_2_runtime_0,completion_latency,ms,0.061642000000000002,parallel_for,runtimes=2;items_per_runtime=32,thread_pool,not_applicable,Adaptive,2,1,2,2,2,2,2,0,not_nested,0,wait,granted,1.0109999999999999,not_requested,1,10831286851329034220,0.061642000000000002,17,single,2,25174054,1,2,0,0
2,1.8.0,GCC,14.2.0,Release,Linux,effective_cpu_capacity=4,4,1,linux_sched_affinity+cgroup_cpu_quota,2,2,runtime_latency,budget_2_runtime_1,completion_latency,ms,0.109723,parallel_for,runtimes=2;items_per_runtime=32,thread_pool,not_applicable,Adaptive,2,1,2,2,2,2,2,0,not_nested,0,wait,granted,55.351999999999997,not_requested,1,10831286851329034220,0.109723,17,single,2,25174054,1,2,0,0
2,1.8.0,GCC,14.2.0,Release,Linux,effective_cpu_capacity=4,4,1,linux_sched_affinity+cgroup_cpu_quota,4,4,governed_vs_ungoverned,budget_4,batch_wall_time,ms,0.22020799999999999,parallel_for,runtimes=2;items_per_runtime=64,thread_pool,not_applicable,Adaptive,4,1,4,4,4,4,2,0,not_nested,0,wait,granted,63.734999999999999,not_requested,1,7589314552514409162,0.22020799999999999,17,single,2,25174054,2,3,0,0
2,1.8.0,GCC,14.2.0,Release,Linux,effective_cpu_capacity=4,4,1,linux_sched_affinity+cgroup_cpu_quota,4,4,governed_vs_ungoverned,budget_4,throughput,operations_per_second,9082.3221681319483,parallel_for,runtimes=2;items_per_runtime=64,thread_pool,not_applicable,Adaptive,4,1,4,4,4,4,2,0,not_nested,0,wait,granted,63.734999999999999,not_requested,1,7589314552514409162,0.22020799999999999,17,single,2,25174054,2,3,0,0
2,1.8.0,GCC,14.2.0,Release,Linux,effective_cpu_capacity=4,4,1,linux_sched_affinity+cgroup_cpu_quota,4,4,governed_vs_ungoverned,budget_4,peak_participation,threads,3,parallel_for,runtimes=2;items_per_runtime=64,thread_pool,not_applicable,Adaptive,4,1,4,4,4,4,2,0,not_nested,0,wait,granted,63.734999999999999,not_requested,1,7589314552514409162,0.22020799999999999,17,single,2,25174054,2,3,0,0
2,1.8.0,GCC,14.2.0,Release,Linux,effective_cpu_capacity=4,4,1,linux_sched_affinity+cgroup_cpu_quota,4,4,runtime_latency,budget_4_runtime_0,completion_latency,ms,0.128021,parallel_for,runtimes=2;items_per_runtime=64,thread_pool,not_applicable,Adaptive,4,1,4,4,4,4,2,0,not_nested,0,wait,granted,63.734999999999999,not_requested,1,7589314552514409162,0.128021,17,single,2,25174054,1,3,0,0
2,1.8.0,GCC,14.2.0,Release,Linux,effective_cpu_capacity=4,4,1,linux_sched_affinity+cgroup_cpu_quota,4,4,runtime_latency,budget_4_runtime_1,completion_latency,ms,0.074591000000000005,parallel_for,runtimes=2;items_per_runtime=64,thread_pool,not_applicable,Adaptive,4,1,4,4,4,4,4,0,not_nested,0,wait,granted,0.751,not_requested,1,7589314552514409162,0.074591000000000005,17,single,2,25174054,1,3,0,0
2,1.8.0,GCC,14.2.0,Release,Linux,effective_cpu_capacity=4,4,1,linux_sched_affinity+cgroup_cpu_quota,4,1,governor_overhead,uncontended_exact_acquire_release,latency,us_per_acquire_release,0.14483500000000002,parallel_for,,,not_applicable,Adaptive,1,1,1,1,1,1,1,0,not_nested,1,fail_immediately,granted,0.080000000000000002,not_requested,1,,0.00014483500000000003,18,single,2,25174054,1000,1,0,0
2,1.8.0,GCC,14.2.0,Release,Linux,effective_cpu_capacity=4,4,1,linux_sched_affinity+cgroup_cpu_quota,4,1,governor_overhead,inherited_nested_lease,latency,us_per_acquire_release,0.019158000000000001,parallel_for,,,not_applicable,Adaptive,1,1,1,1,1,1,1,1,reuse_parent,1,fail_immediately,granted,0.080000000000000002,not_requested,1,,0.00014483500000000003,18,single,2,25174054,1000,1,0,0
2,1.8.0,GCC,14.2.0,Release,Linux,effective_cpu_capacity=4,4,1,linux_sched_affinity+cgroup_cpu_quota,4,4,governor_overhead,flexible_partial_grant,latency,us_per_acquire_release,0.33100000000000002,parallel_for,,,not_applicable,Adaptive,4,1,4,4,1,1,1,0,not_nested,0,fail_immediately,granted,0.18099999999999999,not_requested,1,,0.00014483500000000003,18,single,2,25174054,1,1,0,0
2,1.8.0,GCC,14.2.0,Release,Linux,effective_cpu_capacity=4,4,1,linux_sched_affinity+cgroup_cpu_quota,4,4,governor_overhead,immediate_failure,latency,us_per_acquire_release,0.40100000000000002,parallel_for,,,not_applicable,Adaptive,4,4,4,4,0,0,0,0,not_nested,1,fail_immediately,would_block,0,not_requested,1,,0.00014483500000000003,18,single,2,25174054,1,1,0,0
2,1.8.0,GCC,14.2.0,Release,Linux,effective_cpu_capacity=4,4,1,linux_sched_affinity+cgroup_cpu_quota,4,4,governor_overhead,direct_cancellation_notification,latency,us,17.405999999999999,parallel_for,,,not_applicable,Adaptive,4,4,4,4,0,0,0,0,not_nested,1,wait,cancelled,9.0939999999999994,requested,1,,0.017405999999999998,18,single,2,25174054,1,0,0,0
2,1.8.0,GCC,14.2.0,Release,Linux,effective_cpu_capacity=4,4,1,linux_sched_affinity+cgroup_cpu_quota,4,4,admission_fairness,large_exact_request,completion_rank,rank,5,parallel_for,one_large_exact_plus_eight_small_exact,,not_applicable,Adaptive,4,4,4,4,4,4,4,0,not_nested,1,wait,granted,282.01999999999998,not_requested,1,,0,18,single,2,25174054,1,0,4,282.01999999999998
2,1.8.0,GCC,14.2.0,Release,Linux,effective_cpu_capacity=4,4,1,linux_sched_affinity+cgroup_cpu_quota,4,4,admission_fairness,small_request_0,completion_rank,rank,1,parallel_for,one_large_exact_plus_eight_small_exact,,not_applicable,Adaptive,1,1,1,1,1,1,1,0,not_nested,1,wait,granted,12.148,not_requested,1,,0,18,single,2,25174054,1,0,4,12.148
2,1.8.0,GCC,14.2.0,Release,Linux,effective_cpu_capacity=4,4,1,linux_sched_affinity+cgroup_cpu_quota,4,4,admission_fairness,small_request_1,completion_rank,rank,3,parallel_for,one_large_exact_plus_eight_small_exact,,not_applicable,Adaptive,1,1,1,1,1,1,1,0,not_nested,1,wait,granted,36.514000000000003,not_requested,1,,0,18,single,2,25174054,1,0,4,36.514000000000003
2,1.8.0,GCC,14.2.0,Release,Linux,effective_cpu_capacity=4,4,1,linux_sched_affinity+cgroup_cpu_quota,4,4,admission_fairness,small_request_2,completion_rank,rank,2,parallel_for,one_large_exact_plus_eight_small_exact,,not_applicable,Adaptive,1,1,1,1,1,1,1,0,not_nested,1,wait,granted,15.002000000000001,not_requested,1,,0,18,single,2,25174054,1,0,4,15.002000000000001
2,1.8.0,GCC,14.2.0,Release,Linux,effective_cpu_capacity=4,4,1,linux_sched_affinity+cgroup_cpu_quota,4,4,admission_fairness,small_request_3,completion_rank,rank,4,parallel_for,one_large_exact_plus_eight_small_exact,,not_applicable,Adaptive,1,1,1,1,1,1,1,0,not_nested,1,wait,granted,1.1419999999999999,not_requested,1,,0,18,single,2,25174054,1,0,4,1.1419999999999999
2,1.8.0,GCC,14.2.0,Release,Linux,effective_cpu_capacity=4,4,1,linux_sched_affinity+cgroup_cpu_quota,4,4,admission_fairness,small_request_4,completion_rank,rank,8,parallel_for,one_large_exact_plus_eight_small_exact,,not_applicable,Adaptive,1,1,1,1,1,1,1,0,not_nested,1,wait,granted,1226.7260000000001,not_requested,1,,0,18,single,2,25174054,1,0,4,1226.7260000000001
2,1.8.0,GCC,14.2.0,Release,Linux,effective_cpu_capacity=4,4,1,linux_sched_affinity+cgroup_cpu_quota,4,4,admission_fairness,small_request_5,completion_rank,rank,7,parallel_for,one_large_exact_plus_eight_small_exact,,not_applicable,Adaptive,1,1,1,1,1,1,1,0,not_nested,1,wait,granted,1185.2239999999999,not_requested,1,,0,18,single,2,25174054,1,0,4,1185.2239999999999
2,1.8.0,GCC,14.2.0,Release,Linux,effective_cpu_capacity=4,4,1,linux_sched_affinity+cgroup_cpu_quota,4,4,admission_fairness,small_request_6,completion_rank,rank,6,parallel_for,one_large_exact_plus_eight_small_exact,,not_applicable,Adaptive,1,1,1,1,1,1,1,0,not_nested,1,wait,granted,1167.9280000000001,not_requested,1,,0,18,single,2,25174054,1,0,4,1167.9280000000001
2,1.8.0,GCC,14.2.0,Release,Linux,effective_cpu_capacity=4,4,1,linux_sched_affinity+cgroup_cpu_quota,4,4,admission_fairness,small_request_7,completion_rank,rank,9,parallel_for,one_large_exact_plus_eight_small_exact,,not_applicable,Adaptive,1,1,1,1,1,1,1,0,not_nested,1,wait,granted,1154.027,not_requested,1,,0,18,single,2,25174054,1,0,4,1154.027
2,1.8.0,GCC,14.2.0,Release,Linux,effective_cpu_capacity=4,4,1,linux_sched_affinity+cgroup_cpu_quota,4,4,adaptive_partial_grant,available_one_of_preferred_budget,granted_workers,threads,1,parallel_for,,thread_pool,not_applicable,Adaptive,4,1,4,4,1,1,1,0,not_nested,0,wait,granted,0.28100000000000003,not_requested,1,,0.100009,18,single,2,25174054,1,1,0,0
2,1.8.0,GCC,14.2.0,Release,Linux,effective_cpu_capacity=4,4,1,linux_sched_affinity+cgroup_cpu_quota,4,4,nested_execution,depth_1,peak_participation,threads,1,parallel_for,depth=1;leaves=2,thread_pool,not_applicable,Adaptive,2,1,2,4,2,2,1,0,not_nested,0,wait,granted,0.29099999999999998,not_requested,1,,0.027720999999999999,18,single,2,25174054,1,1,0,0
2,1.8.0,GCC,14.2.0,Release,Linux,effective_cpu_capacity=4,4,1,linux_sched_affinity+cgroup_cpu_quota,4,4,nested_execution,depth_2,peak_participation,threads,1,parallel_for,depth=2;leaves=4,thread_pool,not_applicable,Adaptive,2,1,2,4,2,2,1,0,not_nested,0,wait,granted,0.22,not_requested,1,,0.020811,18,single,2,25174054,1,1,0,0
2,1.8.0,GCC,14.2.0,Release,Linux,effective_cpu_capacity=4,4,1,linux_sched_affinity+cgroup_cpu_quota,4,4,nested_execution,depth_3,peak_participation,threads,1,parallel_for,depth=3;leaves=8,thread_pool,not_applicable,Adaptive,2,1,2,4,2,2,1,0,not_nested,0,wait,granted,0.20999999999999999,not_requested,1,,0.016254000000000001,18,single,2,25174054,1,1,0,0
2,1.8.0,GCC,14.2.0,Release,Linux,effective_cpu_capacity=4,4,1,linux_sched_affinity+cgroup_cpu_quota,4,4,nested_execution,depth_4,peak_participation,threads,1,parallel_for,depth=4;leaves=16,thread_pool,not_applicable,Adaptive,2,1,2,4,2,2,1,0,not_nested,0,wait,granted,0.17000000000000001,not_requested,1,,0.017375999999999999,18,single,2,25174054,1,1,0,0
2,1.8.0,GCC,14.2.0,Release,Linux,effective_cpu_capacity=4,4,1,linux_sched_affinity+cgroup_cpu_quota,1,1,scheduler_comparison,sequential,duration,ms,0.40386100000000003,parallel_for,,sequential,not_applicable,Adaptive,1,1,1,1,1,1,1,0,not_nested,0,wait,granted,0.17999999999999999,not_requested,1,5314921549994187984,0.40386100000000003,18,single,2,25174054,1,1,0,0
2,1.8.0,GCC,14.2.0,Release,Linux,effective_cpu_capacity=4,4,1,linux_sched_affinity+cgroup_cpu_quota,4,4,scheduler_comparison,thread_pool,duration,ms,0.190724,parallel_for,,thread_pool,not_applicable,Adaptive,4,1,4,4,4,4,3,0,not_nested,0,wait,granted,0.14000000000000001,not_requested,1,5314921549994187984,0.190724,18,single,2,25174054,1,3,0,0
2,1.8.0,GCC,14.2.0,Release,Linux,effective_cpu_capacity=4,4,1,linux_sched_affinity+cgroup_cpu_quota,4,4,scheduler_comparison,static_thread,duration,ms,0.24398300000000001,parallel_for,,static_thread,not_applicable,Adaptive,4,1,4,4,4,4,4,0,not_nested,0,wait,granted,0.28100000000000003,not_requested,1,5314921549994187984,0.24398300000000001,18,single,2,25174054,1,4,0,0
2,1.8.0,GCC,14.2.0,Release,Linux,effective_cpu_capacity=4,4,1,linux_sched_affinity+cgroup_cpu_quota,4,4,deterministic_exact_grant,success,accepted,boolean,1,parallel_for,,thread_pool,not_applicable,Deterministic,4,4,4,4,4,4,1,0,not_nested,1,fail_immediately,granted,0.53100000000000003,not_requested,1,,0,18,single,2,25174054,1,0,0,0
2,1.8.0,GCC,14.2.0,Release,Linux,effective_cpu_capacity=4,4,1,linux_sched_affinity+cgroup_cpu_quota,4,4,deterministic_exact_grant,insufficient_budget_failure,accepted,boolean,1,parallel_for,,,not_applicable,Deterministic,4,4,4,4,0,0,0,0,not_nested,1,fail_immediately,would_block,0,not_requested,1,,0,18,single,2,25174054,1,0,0,0
2,1.8.0,GCC,14.2.0,Release,Linux,effective_cpu_capacity=4,4,1,linux_sched_affinity+cgroup_cpu_quota,4,4,governed_vs_ungoverned,governed,batch_wall_time,ms,2.4548540000000001,parallel_for,runtimes=2;items_per_runtime=128,thread_pool,not_applicable,Adaptive,4,1,4,4,4,4,4,0,not_nested,0,wait,granted,0.78100000000000003,not_requested,1,14754973877547064749,2.4548540000000001,18,governed_then_ungoverned,2,25174054,2,4,0,0
2,1.8.0,GCC,14.2.0,Release,Linux,effective_cpu_capacity=4,4,1,linux_sched_affinity+cgroup_cpu_quota,4,4,governed_vs_ungoverned,governed,throughput,operations_per_second,814.71240244837361,parallel_for,runtimes=2;items_per_runtime=128,thread_pool,not_applicable,Adaptive,4,1,4,4,4,4,4,0,not_nested,0,wait,granted,0.78100000000000003,not_requested,1,14754973877547064749,2.4548540000000001,18,governed_then_ungoverned,2,25174054,2,4,0,0
2,1.8.0,GCC,14.2.0,Release,Linux,effective_cpu_capacity=4,4,1,linux_sched_affinity+cgroup_cpu_quota,4,4,governed_vs_ungoverned,governed,peak_participation,threads,4,parallel_for,runtimes=2;items_per_runtime=128,thread_pool,not_applicable,Adaptive,4,1,4,4,4,4,4,0,not_nested,0,wait,granted,0.78100000000000003,not_requested,1,14754973877547064749,2.4548540000000001,18,governed_then_ungoverned,2,25174054,2,4,0,0
2,1.8.0,GCC,14.2.0,Release,Linux,effective_cpu_capacity=4,4,1,linux_sched_affinity+cgroup_cpu_quota,4,4,runtime_latency,governed_runtime_0,completion_latency,ms,1.196922,parallel_for,runtimes=2;items_per_runtime=128,thread_pool,not_applicable,Adaptive,4,1,4,4,4,4,4,0,not_nested,0,wait,granted,0.78100000000000003,not_requested,1,14754973877547064749,1.196922,18,governed_then_ungoverned,2,25174054,1,4,0,0
2,1.8.0,GCC,14.2.0,Release,Linux,effective_cpu_capacity=4,4,1,linux_sched_affinity+cgroup_cpu_quota,4,4,runtime_latency,governed_runtime_1,completion_latency,ms,2.3665120000000002,parallel_for,runtimes=2;items_per_runtime=128,thread_pool,not_applicable,Adaptive,4,1,4,4,4,4,3,0,not_nested,0,wait,granted,1185.5640000000001,not_requested,1,14754973877547064749,2.3665120000000002,18,governed_then_ungoverned,2,25174054,1,4,0,0
2,1.8.0,GCC,14.2.0,Release,Linux,effective_cpu_capacity=4,4,1,linux_sched_affinity+cgroup_cpu_quota,4,4,governed_vs_ungoverned,ungoverned,batch_wall_time,ms,1.6622239999999999,parallel_for,runtimes=2;items_per_runtime=128,thread_pool,not_applicable,Adaptive,4,1,4,4,4,4,2,0,not_nested,0,wait,granted,1.0820000000000001,not_requested,1,14754973877547064749,1.6622239999999999,18,governed_then_ungoverned,2,25174054,2,4,0,0
2,1.8.0,GCC,14.2.0,Release,Linux,effective_cpu_capacity=4,4,1,linux_sched_affinity+cgroup_cpu_quota,4,4,governed_vs_ungoverned,ungoverned,throughput,operations_per_second,1203.2072692970382,parallel_for,runtimes=2;items_per_runtime=128,thread_pool,not_applicable,Adaptive,4,1,4,4,4,4,2,0,not_nested,0,wait,granted,1.0820000000000001,not_requested,1,14754973877547064749,1.6622239999999999,18,governed_then_ungoverned,2,25174054,2,4,0,0
2,1.8.0,GCC,14.2.0,Release,Linux,effective_cpu_capacity=4,4,1,linux_sched_affinity+cgroup_cpu_quota,4,4,governed_vs_ungoverned,ungoverned,peak_participation,threads,4,parallel_for,runtimes=2;items_per_runtime=128,thread_pool,not_applicable,Adaptive,4,1,4,4,4,4,2,0,not_nested,0,wait,granted,1.0820000000000001,not_requested,1,14754973877547064749,1.6622239999999999,18,governed_then_ungoverned,2,25174054,2,4,0,0
2,1.8.0,GCC,14.2.0,Release,Linux,effective_cpu_capacity=4,4,1,linux_sched_affinity+cgroup_cpu_quota,4,4,runtime_latency,ungoverned_runtime_0,completion_latency,ms,1.5551550000000001,parallel_for,runtimes=2;items_per_runtime=128,thread_pool,not_applicable,Adaptive,4,1,4,4,4,4,2,0,not_nested,0,wait,granted,1.0820000000000001,not_requested,1,14754973877547064749,1.5551550000000001,18,governed_then_ungoverned,2,25174054,1,4,0,0
2,1.8.0,GCC,14.2.0,Release,Linux,effective_cpu_capacity=4,4,1,linux_sched_affinity+cgroup_cpu_quota,4,4,runtime_latency,ungoverned_runtime_1,completion_latency,ms,1.6025860000000001,parallel_for,runtimes=2;items_per_runtime=128,thread_pool,not_applicable,Adaptive,4,1,4,4,4,4,2,0,not_nested,0,wait,granted,0.95199999999999996,not_requested,1,14754973877547064749,1.6025860000000001,18,governed_then_ungoverned,2,25174054,1,4,0,0
2,1.8.0,GCC,14.2.0,Release,Linux,effective_cpu_capacity=4,4,1,linux_sched_affinity+cgroup_cpu_quota,4,4,governed_vs_ungoverned,governed_2_runtimes,batch_wall_time,ms,0.20380400000000001,parallel_for,runtimes=2;items_per_runtime=32,thread_pool,not_applicable,Adaptive,4,1,4,4,4,4,2,0,not_nested,0,wait,granted,0.94099999999999995,not_requested,1,10831286851329034220,0.20380400000000001,18,single,2,25174054,2,2,0,0
2,1.8.0,GCC,14.2.0,Release,Linux,effective_cpu_capacity=4,4,1,linux_sched_affinity+cgroup_cpu_quota,4,4,governed_vs_ungoverned,governed_2_runtimes,throughput,operations_per_second,9813.3500814508061,parallel_for,runtimes=2;items_per_runtime=32,thread_pool,not_applicable,Adaptive,4,1,4,4,4,4,2,0,not_nested,0,wait,granted,0.94099999999999995,not_requested,1,10831286851329034220,0.20380400000000001,18,single,2,25174054,2,2,0,0
2,1.8.0,GCC,14.2.0,Release,Linux,effective_cpu_capacity=4,4,1,linux_sched_affinity+cgroup_cpu_quota,4,4,governed_vs_ungoverned,governed_2_runtimes,peak_participation,threads,2,parallel_for,runtimes=2;items_per_runtime=32,thread_pool,not_applicable,Adaptive,4,1,4,4,4,4,2,0,not_nested,0,wait,granted,0.94099999999999995,not_requested,1,10831286851329034220,0.20380400000000001,18,single,2,25174054,2,2,0,0
2,1.8.0,GCC,14.2.0,Release,Linux,effective_cpu_capacity=4,4,1,linux_sched_affinity+cgroup_cpu_quota,4,4,runtime_latency,governed_2_runtimes_runtime_0,completion_latency,ms,0.066819000000000003,parallel_for,runtimes=2;items_per_runtime=32,thread_pool,not_applicable,Adaptive,4,1,4,4,4,4,2,0,not_nested,0,wait,granted,0.94099999999999995,not_requested,1,10831286851329034220,0.066819000000000003,18,single,2,25174054,1,2,0,0
2,1.8.0,GCC,14.2.0,Release,Linux,effective_cpu_capacity=4,4,1,linux_sched_affinity+cgroup_cpu_quota,4,4,runtime_latency,governed_2_runtimes_runtime_1,completion_latency,ms,0.14824100000000001,parallel_for,runtimes=2;items_per_runtime=32,thread_pool,not_applicable,Adaptive,4,1,4,4,4,4,3,0,not_nested,0,wait,granted,74.682000000000002,not_requested,1,10831286851329034220,0.14824100000000001,18,single,2,25174054,1,2,0,0
2,1.8.0,GCC,14.2.0,Release,Linux,effective_cpu_capacity=4,4,1,linux_sched_affinity+cgroup_cpu_quota,4,4,governed_vs_ungoverned,governed_4_runtimes,batch_wall_time,ms,0.407196,parallel_for,runtimes=4;items_per_runtime=32,thread_pool,not_applicable,Adaptive,4,1,4,4,4,4,2,0,not_nested,0,wait,granted,0.82099999999999995,not_requested,1,7589314552514409162,0.407196,18,single,2,25174054,4,3,0,0
2,1.8.0,GCC,14.2.0,Release,Linux,effective_cpu_capacity=4,4,1,linux_sched_affinity+cgroup_cpu_quota,4,4,governed_vs_ungoverned,governed_4_runtimes,throughput,operations_per_second,9823.2792070649011,parallel_for,runtimes=4;items_per_runtime=32,thread_pool,not_applicable,Adaptive,4,1,4,4,4,4,2,0,not_nested,0,wait,granted,0.82099999999999995,not_requested,1,7589314552514409162,0.407196,18,single,2,25174054,4,3,0,0
2,1.8.0,GCC,14.2.0,Release,Linux,effective_cpu_capacity=4,4,1,linux_sched_affinity+cgroup_cpu_quota,4,4,governed_vs_ungoverned,governed_4_runtimes,peak_participation,threads,3,parallel_for,runtimes=4;items_per_runtime=32,thread_pool,not_applicable,Adaptive,4,1,4,4,4,4,2,0,not_nested,0,wait,granted,0.82099999999999995,not_requested,1,7589314552514409162,0.407196,18,single,2,25174054,4,3,0,0
2,1.8.0,GCC,14.2.0,Release,Linux,effective_cpu_capacity=4,4,1,linux_sched_affinity+cgroup_cpu_quota,4,4,runtime_latency,governed_4_runtimes_runtime_0,completion_latency,ms,0.086368,parallel_for,runtimes=4;items_per_runtime=32,thread_pool,not_applicable,Adaptive,4,1,4,4,4,4,2,0,not_nested,0,wait,granted,0.82099999999999995,not_requested,1,7589314552514409162,0.086368,18,single,2,25174054,1,3,0,0
2,1.8.0,GCC,14.2.0,Release,Linux,effective_cpu_capacity=4,4,1,linux_sched_affinity+cgroup_cpu_quota,4,4,runtime_latency,governed_4_runtimes_runtime_1,completion_latency,ms,0.19375800000000001,parallel_for,runtimes=4;items_per_runtime=32,thread_pool,not_applicable,Adaptive,4,1,4,4,4,4,3,0,not_nested,0,wait,granted,86.567999999999998,not_requested,1,7589314552514409162,0.19375800000000001,18,single,2,25174054,1,3,0,0
2,1.8.0,GCC,14.2.0,Release,Linux,effective_cpu_capacity=4,4,1,linux_sched_affinity+cgroup_cpu_quota,4,4,runtime_latency,governed_4_runtimes_runtime_2,completion_latency,ms,0.26364199999999999,parallel_for,runtimes=4;items_per_runtime=32,thread_pool,not_applicable,Adaptive,4,1,4,4,4,4,3,0,not_nested,0,wait,granted,193.09800000000001,not_requested,1,7589314552514409162,0.26364199999999999,18,single,2,25174054,1,3,0,0
2,1.8.0,GCC,14.2.0,Release,Linux,effective_cpu_capacity=4,4,1,linux_sched_affinity+cgroup_cpu_quota,4,4,runtime_latency,governed_4_runtimes_runtime_3,completion_latency,ms,0.31244499999999997,parallel_for,runtimes=4;items_per_runtime=32,thread_pool,not_applicable,Adaptive,4,1,4,4,4,4,2,0,not_nested,0,wait,granted,263.01100000000002,not_requested,1,7589314552514409162,0.31244499999999997,18,single,2,25174054,1,3,0,0
2,1.8.0,GCC,14.2.0,Release,Linux,effective_cpu_capacity=4,4,1,linux_sched_affinity+cgroup_cpu_quota,4,4,governed_vs_ungoverned,governed_8_runtimes,batch_wall_time,ms,0.96440499999999996,parallel_for,runtimes=8;items_per_runtime=32,thread_pool,not_applicable,Adaptive,4,1,4,4,4,4,3,0,not_nested,0,wait,granted,95.242000000000004,not_requested,1,3424649268515386025,0.96440499999999996,18,single,2,25174054,8,3,0,0
2,1.8.0,GCC,14.2.0,Release,Linux,effective_cpu_capacity=4,4,1,linux_sched_affinity+cgroup_cpu_quota,4,4,governed_vs_ungoverned,governed_8_runtimes,throughput,operations_per_second,8295.2701406566739,parallel_for,runtimes=8;items_per_runtime=32,thread_pool,not_applicable,Adaptive,4,1,4,4,4,4,3,0,not_nested,0,wait,granted,95.242000000000004,not_requested,1,3424649268515386025,0.96440499999999996,18,single,2,25174054,8,3,0,0
2,1.8.0,GCC,14.2.0,Release,Linux,effective_cpu_capacity=4,4,1,linux_sched_affinity+cgroup_cpu_quota,4,4,governed_vs_ungoverned,governed_8_runtimes,peak_participation,threads,3,parallel_for,runtimes=8;items_per_runtime=32,thread_pool,not_applicable,Adaptive,4,1,4,4,4,4,3,0,not_nested,0,wait,granted,95.242000000000004,not_requested,1,3424649268515386025,0.96440499999999996,18,single,2,25174054,8,3,0,0
2,1.8.0,GCC,14.2.0,Release,Linux,effective_cpu_capacity=4,4,1,linux_sched_affinity+cgroup_cpu_quota,4,4,runtime_latency,governed_8_runtimes_runtime_0,completion_latency,ms,0.20882100000000001,parallel_for,runtimes=8;items_per_runtime=32,thread_pool,not_applicable,Adaptive,4,1,4,4,4,4,3,0,not_nested,0,wait,granted,95.242000000000004,not_requested,1,3424649268515386025,0.20882100000000001,18,single,2,25174054,1,3,0,0
2,1.8.0,GCC,14.2.0,Release,Linux,effective_cpu_capacity=4,4,1,linux_sched_affinity+cgroup_cpu_quota,4,4,runtime_latency,governed_8_runtimes_runtime_1,completion_latency,ms,0.082072000000000006,parallel_for,runtimes=8;items_per_runtime=32,thread_pool,not_applicable,Adaptive,4,1,4,4,4,4,3,0,not_nested,0,wait,granted,0.66000000000000003,not_requested,1,3424649268515386025,0.082072000000000006,18,single,2,25174054,1,3,0,0
2,1.8.0,GCC,14.2.0,Release,Linux,effective_cpu_capacity=4,4,1,linux_sched_affinity+cgroup_cpu_quota,4,4,runtime_latency,governed_8_runtimes_runtime_2,completion_latency,ms,0.70697299999999996,parallel_for,runtimes=8;items_per_runtime=32,thread_pool,not_applicable,Adaptive,4,1,4,4,4,4,2,0,not_nested,0,wait,granted,656.28700000000003,not_requested,1,3424649268515386025,0.70697299999999996,18,single,2,25174054,1,3,0,0
2,1.8.0,GCC,14.2.0,Release,Linux,effective_cpu_capacity=4,4,1,linux_sched_affinity+cgroup_cpu_quota,4,4,runtime_latency,governed_8_runtimes_runtime_3,completion_latency,ms,0.43603900000000001,parallel_for,runtimes=8;items_per_runtime=32,thread_pool,not_applicable,Adaptive,4,1,4,4,4,4,3,0,not_nested,0,wait,granted,319.255,not_requested,1,3424649268515386025,0.43603900000000001,18,single,2,25174054,1,3,0,0
2,1.8.0,GCC,14.2.0,Release,Linux,effective_cpu_capacity=4,4,1,linux_sched_affinity+cgroup_cpu_quota,4,4,runtime_latency,governed_8_runtimes_runtime_4,completion_latency,ms,0.31947599999999998,parallel_for,runtimes=8;items_per_runtime=32,thread_pool,not_applicable,Adaptive,4,1,4,4,4,4,3,0,not_nested,0,wait,granted,208.761,not_requested,1,3424649268515386025,0.31947599999999998,18,single,2,25174054,1,3,0,0
2,1.8.0,GCC,14.2.0,Release,Linux,effective_cpu_capacity=4,4,1,linux_sched_affinity+cgroup_cpu_quota,4,4,runtime_latency,governed_8_runtimes_runtime_5,completion_latency,ms,0.61224100000000004,parallel_for,runtimes=8;items_per_runtime=32,thread_pool,not_applicable,Adaptive,4,1,4,4,4,4,2,0,not_nested,0,wait,granted,536.298,not_requested,1,3424649268515386025,0.61224100000000004,18,single,2,25174054,1,3,0,0
2,1.8.0,GCC,14.2.0,Release,Linux,effective_cpu_capacity=4,4,1,linux_sched_affinity+cgroup_cpu_quota,4,4,runtime_latency,governed_8_runtimes_runtime_6,completion_latency,ms,0.73207,parallel_for,runtimes=8;items_per_runtime=32,thread_pool,not_applicable,Adaptive,4,1,4,4,4,4,2,0,not_nested,0,wait,granted,666.14200000000005,not_requested,1,3424649268515386025,0.73207,18,single,2,25174054,1,3,0,0
2,1.8.0,GCC,14.2.0,Release,Linux,effective_cpu_capacity=4,4,1,linux_sched_affinity+cgroup_cpu_quota,4,4,runtime_latency,governed_8_runtimes_runtime_7,completion_latency,ms,0.56547199999999997,parallel_for,runtimes=8;items_per_runtime=32,thread_pool,not_applicable,Adaptive,4,1,4,4,4,4,4,0,not_nested,0,wait,granted,472.80399999999997,not_requested,1,3424649268515386025,0.56547199999999997,18,single,2,25174054,1,3,0,0
2,1.8.0,GCC,14.2.0,Release,Linux,effective_cpu_capacity=4,4,1,linux_sched_affinity+cgroup_cpu_quota,1,1,governed_vs_ungoverned,budget_1,batch_wall_time,ms,0.13064500000000001,parallel_for,runtimes=2;items_per_runtime=32,thread_pool,not_applicable,Adaptive,1,1,1,1,1,1,1,0,not_nested,0,wait,granted,0.81100000000000005,not_requested,1,10831286851329034220,0.13064500000000001,18,single,2,25174054,2,1,0,0
2,1.8.0,GCC,14.2.0,Release,Linux,effective_cpu_capacity=4,4,1,linux_sched_affinity+cgroup_cpu_quota,1,1,governed_vs_ungoverned,budget_1,throughput,operations_per_second,15308.660874889969,parallel_for,runtimes=2;items_per_runtime=32,thread_pool,not_applicable,Adaptive,1,1,1,1,1,1,1,0,not_nested,0,wait,granted,0.81100000000000005,not_requested,1,10831286851329034220,0.13064500000000001,18,single,2,25174054,2,1,0,0
2,1.8.0,GCC,14.2.0,Release,Linux,effective_cpu_capacity=4,4,1,linux_sched_affinity+cgroup_cpu_quota,1,1,governed_vs_ungoverned,budget_1,peak_participation,threads,1,parallel_for,runtimes=2;items_per_runtime=32,thread_pool,not_applicable,Adaptive,1,1,1,1,1,1,1,0,not_nested,0,wait,granted,0.81100000000000005,not_requested,1,10831286851329034220,0.13064500000000001,18,single,2,25174054,2,1,0,0
2,1.8.0,GCC,14.2.0,Release,Linux,effective_cpu_capacity=4,4,1,linux_sched_affinity+cgroup_cpu_quota,1,1,runtime_latency,budget_1_runtime_0,completion_latency,ms,0.046068999999999999,parallel_for,runtimes=2;items_per_runtime=32,thread_pool,not_applicable,Adaptive,1,1,1,1,1,1,1,0,not_nested,0,wait,granted,0.81100000000000005,not_requested,1,10831286851329034220,0.046068999999999999,18,single,2,25174054,1,1,0,0
2,1.8.0,GCC,14.2.0,Release,Linux,effective_cpu_capacity=4,4,1,linux_sched_affinity+cgroup_cpu_quota,1,1,runtime_latency,budget_1_runtime_1,completion_latency,ms,0.075433,parallel_for,runtimes=2;items_per_runtime=32,thread_pool,not_applicable,Adaptive,1,1,1,1,1,1,1,0,not_nested,0,wait,granted,41.872,not_requested,1,10831286851329034220,0.075433,18,single,2,25174054,1,1,0,0
2,1.8.0,GCC,14.2.0,Release,Linux,effective_cpu_capacity=4,4,1,linux_sched_affinity+cgroup_cpu_quota,2,2,governed_vs_ungoverned,budget_2,batch_wall_time,ms,0.17386799999999999,parallel_for,runtimes=2;items_per_runtime=32,thread_pool,not_applicable,Adaptive,2,1,2,2,2,2,2,0,not_nested,0,wait,granted,1.3220000000000001,not_requested,1,10831286851329034220,0.17386799999999999,18,single,2,25174054,2,2,0,0
2,1.8.0,GCC,14.2.0,Release,Linux,effective_cpu_capacity=4,4,1,linux_sched_affinity+cgroup_cpu_quota,2,2,governed_vs_ungoverned,budget_2,throughput,operations_per_second,11502.979271631353,parallel_for,runtimes=2;items_per_runtime=32,thread_pool,not_applicable,Adaptive,2,1,2,2,2,2,2,0,not_nested,0,wait,granted,1.3220000000000001,not_requested,1,10831286851329034220,0.17386799999999999,18,single,2,25174054,2,2,0,0
2,1.8.0,GCC,14.2.0,Release,Linux,effective_cpu_capacity=4,4,1,linux_sched_affinity+cgroup_cpu_quota,2,2,governed_vs_ungoverned,budget_2,peak_participation,threads,2,parallel_for,runtimes=2;items_per_runtime=32,thread_pool,not_applicable,Adaptive,2,1,2,2,2,2,2,0,not_nested,0,wait,granted,1.3220000000000001,not_requested,1,10831286851329034220,0.17386799999999999,18,single,2,25174054,2,2,0,0
2,1.8.0,GCC,14.2.0,Release,Linux,effective_cpu_capacity=4,4,1,linux_sched_affinity+cgroup_cpu_quota,2,2,runtime_latency,budget_2_runtime_0,completion_latency,ms,0.072017999999999999,parallel_for,runtimes=2;items_per_runtime=32,thread_pool,not_applicable,Adaptive,2,1,2,2,2,2,2,0,not_nested,0,wait,granted,1.3220000000000001,not_requested,1,10831286851329034220,0.072017999999999999,18,single,2,25174054,1,2,0,0
2,1.8.0,GCC,14.2.0,Release,Linux,effective_cpu_capacity=4,4,1,linux_sched_affinity+cgroup_cpu_quota,2,2,runtime_latency,budget_2_runtime_1,completion_latency,ms,0.117185,parallel_for,runtimes=2;items_per_runtime=32,thread_pool,not_applicable,Adaptive,2,1,2,2,2,2,1,0,not_nested,0,wait,granted,76.192999999999998,not_requested,1,10831286851329034220,0.117185,18,single,2,25174054,1,2,0,0
2,1.8.0,GCC,14.2.0,Release,Linux,effective_cpu_capacity=4,4,1,linux_sched_affinity+cgroup_cpu_quota,4,4,governed_vs_ungoverned,budget_4,batch_wall_time,ms,0.20394399999999999,parallel_for,runtimes=2;items_per_runtime=64,thread_pool,not_applicable,Adaptive,4,1,4,4,4,4,3,0,not_nested,0,wait,granted,0.61099999999999999,not_requested,1,7589314552514409162,0.20394399999999999,18,single,2,25174054,2,2,0,0
2,1.8.0,GCC,14.2.0,Release,Linux,effective_cpu_capacity=4,4,1,linux_sched_affinity+cgroup_cpu_quota,4,4,governed_vs_ungoverned,budget_4,throughput,operations_per_second,9806.6135801984874,parallel_for,runtimes=2;items_per_runtime=64,thread_pool,not_applicable,Adaptive,4,1,4,4,4,4,3,0,not_nested,0,wait,granted,0.61099999999999999,not_requested,1,7589314552514409162,0.20394399999999999,18,single,2,25174054,2,2,0,0
2,1.8.0,GCC,14.2.0,Release,Linux,effective_cpu_capacity=4,4,1,linux_sched_affinity+cgroup_cpu_quota,4,4,governed_vs_ungoverned,budget_4,peak_participation,threads,2,parallel_for,runtimes=2;items_per_runtime=64,thread_pool,not_applicable,Adaptive,4,1,4,4,4,4,3,0,not_nested,0,wait,granted,0.61099999999999999,not_requested,1,7589314552514409162,0.20394399999999999,18,single,2,25174054,2,2,0,0
2,1.8.0,GCC,14.2.0,Release,Linux,effective_cpu_capacity=4,4,1,linux_sched_affinity+cgroup_cpu_quota,4,4,runtime_latency,budget_4_runtime_0,completion_latency,ms,0.090844999999999995,parallel_for,runtimes=2;items_per_runtime=64,thread_pool,not_applicable,Adaptive,4,1,4,4,4,4,3,0,not_nested,0,wait,granted,0.61099999999999999,not_requested,1,7589314552514409162,0.090844999999999995,18,single,2,25174054,1,2,0,0
2,1.8.0,GCC,14.2.0,Release,Linux,effective_cpu_capacity=4,4,1,linux_sched_affinity+cgroup_cpu_quota,4,4,runtime_latency,budget_4_runtime_1,completion_latency,ms,0.15206700000000001,parallel_for,runtimes=2;items_per_runtime=64,thread_pool,not_applicable,Adaptive,4,1,4,4,4,4,3,0,not_nested,0,wait,granted,82.462999999999994,not_requested,1,7589314552514409162,0.15206700000000001,18,single,2,25174054,1,2,0,0
2,1.8.0,GCC,14.2.0,Release,Linux,effective_cpu_capacity=4,4,1,linux_sched_affinity+cgroup_cpu_quota,4,1,governor_overhead,uncontended_exact_acquire_release,latency,us_per_acquire_release,0.14743999999999999,parallel_for,,,not_applicable,Adaptive,1,1,1,1,1,1,1,0,not_nested,1,fail_immediately,granted,0.080000000000000002,not_requested,1,,0.00014743999999999998,19,single,2,25174054,1000,1,0,0
2,1.8.0,GCC,14.2.0,Release,Linux,effective_cpu_capacity=4,4,1,linux_sched_affinity+cgroup_cpu_quota,4,1,governor_overhead,inherited_nested_lease,latency,us_per_acquire_release,0.019039,parallel_for,,,not_applicable,Adaptive,1,1,1,1,1,1,1,1,reuse_parent,1,fail_immediately,granted,0.080000000000000002,not_requested,1,,0.00014743999999999998,19,single,2,25174054,1000,1,0,0
2,1.8.0,GCC,14.2.0,Release,Linux,effective_cpu_capacity=4,4,1,linux_sched_affinity+cgroup_cpu_quota,4,4,governor_overhead,flexible_partial_grant,latency,us_per_acquire_release,0.34000000000000002,parallel_for,,,not_applicable,Adaptive,4,1,4,4,1,1,1,0,not_nested,0,fail_immediately,granted,0.17999999999999999,not_requested,1,,0.00014743999999999998,19,single,2,25174054,1,1,0,0
2,1.8.0,GCC,14.2.0,Release,Linux,effective_cpu_capacity=4,4,1,linux_sched_affinity+cgroup_cpu_quota,4,4,governor_overhead,immediate_failure,latency,us_per_acquire_release,0.29999999999999999,parallel_for,,,not_applicable,Adaptive,4,4,4,4,0,0,0,0,not_nested,1,fail_immediately,would_block,0,not_requested,1,,0.00014743999999999998,19,single,2,25174054,1,1,0,0
2,1.8.0,GCC,14.2.0,Release,Linux,effective_cpu_capacity=4,4,1,linux_sched_affinity+cgroup_cpu_quota,4,4,governor_overhead,direct_cancellation_notification,latency,us,25.568000000000001,parallel_for,,,not_applicable,Adaptive,4,4,4,4,0,0,0,0,not_nested,1,wait,cancelled,14.641999999999999,requested,1,,0.025568,19,single,2,25174054,1,0,0,0
2,1.8.0,GCC,14.2.0,Release,Linux,effective_cpu_capacity=4,4,1,linux_sched_affinity+cgroup_cpu_quota,4,4,admission_fairness,large_exact_request,completion_rank,rank,5,parallel_for,one_large_exact_plus_eight_small_exact,,not_applicable,Adaptive,4,4,4,4,4,4,4,0,not_nested,1,wait,granted,255.38999999999999,not_requested,1,,0,19,single,2,25174054,1,0,4,255.38999999999999
2,1.8.0,GCC,14.2.0,Release,Linux,effective_cpu_capacity=4,4,1,linux_sched_affinity+cgroup_cpu_quota,4,4,admission_fairness,small_request_0,completion_rank,rank,1,parallel_for,one_large_exact_plus_eight_small_exact,,not_applicable,Adaptive,1,1,1,1,1,1,1,0,not_nested,1,wait,granted,16.465,not_requested,1,,0,19,single,2,25174054,1,0,4,16.465
2,1.8.0,GCC,14.2.0,Release,Linux,effective_cpu_capacity=4,4,1,linux_sched_affinity+cgroup_cpu_quota,4,4,admission_fairness,small_request_1,completion_rank,rank,3,parallel_for,one_large_exact_plus_eight_small_exact,,not_applicable,Adaptive,1,1,1,1,1,1,1,0,not_nested,1,wait,granted,39.819000000000003,not_requested,1,,0,19,single,2,25174054,1,0,4,39.819000000000003
2,1.8.0,GCC,14.2.0,Release,Linux,effective_cpu_capacity=4,4,1,linux_sched_affinity+cgroup_cpu_quota,4,4,admission_fairness,small_request_2,completion_rank,rank,2,parallel_for,one_large_exact_plus_eight_small_exact,,not_applicable,Adaptive,1,1,1,1,1,1,1,0,not_nested,1,wait,granted,1.212,not_requested,1,,0,19,single,2,25174054,1,0,4,1.212
2,1.8.0,GCC,14.2.0,Release,Linux,effective_cpu_capacity=4,4,1,linux_sched_affinity+cgroup_cpu_quota,4,4,admission_fairness,small_request_3,completion_rank,rank,4,parallel_for,one_large_exact_plus_eight_small_exact,,not_applicable,Adaptive,1,1,1,1,1,1,1,0,not_nested,1,wait,granted,11.417,not_requested,1,,0,19,single,2,25174054,1,0,4,11.417
2,1.8.0,GCC,14.2.0,Release,Linux,effective_cpu_capacity=4,4,1,linux_sched_affinity+cgroup_cpu_quota,4,4,admission_fairness,small_request_4,completion_rank,rank,9,parallel_for,one_large_exact_plus_eight_small_exact,,not_applicable,Adaptive,1,1,1,1,1,1,1,0,not_nested,1,wait,granted,1224.5830000000001,not_requested,1,,0,19,single,2,25174054,1,0,4,1224.5830000000001
2,1.8.0,GCC,14.2.0,Release,Linux,effective_cpu_capacity=4,4,1,linux_sched_affinity+cgroup_cpu_quota,4,4,admission_fairness,small_request_5,completion_rank,rank,6,parallel_for,one_large_exact_plus_eight_small_exact,,not_applicable,Adaptive,1,1,1,1,1,1,1,0,not_nested,1,wait,granted,1192.0239999999999,not_requested,1,,0,19,single,2,25174054,1,0,4,1192.0239999999999
2,1.8.0,GCC,14.2.0,Release,Linux,effective_cpu_capacity=4,4,1,linux_sched_affinity+cgroup_cpu_quota,4,4,admission_fairness,small_request_6,completion_rank,rank,7,parallel_for,one_large_exact_plus_eight_small_exact,,not_applicable,Adaptive,1,1,1,1,1,1,1,0,not_nested,1,wait,granted,1161.098,not_requested,1,,0,19,single,2,25174054,1,0,4,1161.098
2,1.8.0,GCC,14.2.0,Release,Linux,effective_cpu_capacity=4,4,1,linux_sched_affinity+cgroup_cpu_quota,4,4,admission_fairness,small_request_7,completion_rank,rank,8,parallel_for,one_large_exact_plus_eight_small_exact,,not_applicable,Adaptive,1,1,1,1,1,1,1,0,not_nested,1,wait,granted,1142.3299999999999,not_requested,1,,0,19,single,2,25174054,1,0,4,1142.3299999999999
2,1.8.0,GCC,14.2.0,Release,Linux,effective_cpu_capacity=4,4,1,linux_sched_affinity+cgroup_cpu_quota,4,4,adaptive_partial_grant,available_one_of_preferred_budget,granted_workers,threads,1,parallel_for,,thread_pool,not_applicable,Adaptive,4,1,4,4,1,1,1,0,not_nested,0,wait,granted,0.28000000000000003,not_requested,1,,0.098857,19,single,2,25174054,1,1,0,0
2,1.8.0,GCC,14.2.0,Release,Linux,effective_cpu_capacity=4,4,1,linux_sched_affinity+cgroup_cpu_quota,4,4,nested_execution,depth_1,peak_participation,threads,1,parallel_for,depth=1;leaves=2,thread_pool,not_applicable,Adaptive,2,1,2,4,2,2,1,0,not_nested,0,wait,granted,0.55100000000000005,not_requested,1,,0.023984999999999999,19,single,2,25174054,1,1,0,0
2,1.8.0,GCC,14.2.0,Release,Linux,effective_cpu_capacity=4,4,1,linux_sched_affinity+cgroup_cpu_quota,4,4,nested_execution,depth_2,peak_participation,threads,1,parallel_for,depth=2;leaves=4,thread_pool,not_applicable,Adaptive,2,1,2,4,2,2,1,0,not_nested,0,wait,granted,0.27000000000000002,not_requested,1,,0.015623,19,single,2,25174054,1,1,0,0
2,1.8.0,GCC,14.2.0,Release,Linux,effective_cpu_capacity=4,4,1,linux_sched_affinity+cgroup_cpu_quota,4,4,nested_execution,depth_3,peak_participation,threads,1,parallel_for,depth=3;leaves=8,thread_pool,not_applicable,Adaptive,2,1,2,4,2,2,1,0,not_nested,0,wait,granted,0.20999999999999999,not_requested,1,,0.023234000000000001,19,single,2,25174054,1,1,0,0
2,1.8.0,GCC,14.2.0,Release,Linux,effective_cpu_capacity=4,4,1,linux_sched_affinity+cgroup_cpu_quota,4,4,nested_execution,depth_4,peak_participation,threads,1,parallel_for,depth=4;leaves=16,thread_pool,not_applicable,Adaptive,2,1,2,4,2,2,1,0,not_nested,0,wait,granted,0.23100000000000001,not_requested,1,,0.023925999999999999,19,single,2,25174054,1,1,0,0
2,1.8.0,GCC,14.2.0,Release,Linux,effective_cpu_capacity=4,4,1,linux_sched_affinity+cgroup_cpu_quota,1,1,scheduler_comparison,sequential,duration,ms,0.53803100000000004,parallel_for,,sequential,not_applicable,Adaptive,1,1,1,1,1,1,1,0,not_nested,0,wait,granted,0.20000000000000001,not_requested,1,5314921549994187984,0.53803100000000004,19,single,2,25174054,1,1,0,0
2,1.8.0,GCC,14.2.0,Release,Linux,effective_cpu_capacity=4,4,1,linux_sched_affinity+cgroup_cpu_quota,4,4,scheduler_comparison,thread_pool,duration,ms,0.23866499999999999,parallel_for,,thread_pool,not_applicable,Adaptive,4,1,4,4,4,4,4,0,not_nested,0,wait,granted,0.56999999999999995,not_requested,1,5314921549994187984,0.23866499999999999,19,single,2,25174054,1,4,0,0
2,1.8.0,GCC,14.2.0,Release,Linux,effective_cpu_capacity=4,4,1,linux_sched_affinity+cgroup_cpu_quota,4,4,scheduler_comparison,static_thread,duration,ms,0.26711800000000002,parallel_for,,static_thread,not_applicable,Adaptive,4,1,4,4,4,4,4,0,not_nested,0,wait,granted,0.34999999999999998,not_requested,1,5314921549994187984,0.26711800000000002,19,single,2,25174054,1,4,0,0
2,1.8.0,GCC,14.2.0,Release,Linux,effective_cpu_capacity=4,4,1,linux_sched_affinity+cgroup_cpu_quota,4,4,deterministic_exact_grant,success,accepted,boolean,1,parallel_for,,thread_pool,not_applicable,Deterministic,4,4,4,4,4,4,1,0,not_nested,1,fail_immediately,granted,0.61099999999999999,not_requested,1,,0,19,single,2,25174054,1,0,0,0
2,1.8.0,GCC,14.2.0,Release,Linux,effective_cpu_capacity=4,4,1,linux_sched_affinity+cgroup_cpu_quota,4,4,deterministic_exact_grant,insufficient_budget_failure,accepted,boolean,1,parallel_for,,,not_applicable,Deterministic,4,4,4,4,0,0,0,0,not_nested,1,fail_immediately,would_block,0,not_requested,1,,0,19,single,2,25174054,1,0,0,0
2,1.8.0,GCC,14.2.0,Release,Linux,effective_cpu_capacity=4,4,1,linux_sched_affinity+cgroup_cpu_quota,4,4,governed_vs_ungoverned,governed,batch_wall_time,ms,2.1043020000000001,parallel_for,runtimes=2;items_per_runtime=128,thread_pool,not_applicable,Adaptive,4,1,4,4,4,4,3,0,not_nested,0,wait,granted,1.181,not_requested,1,14754973877547064749,2.1043020000000001,19,ungoverned_then_governed,2,25174054,2,4,0,0
2,1.8.0,GCC,14.2.0,Release,Linux,effective_cpu_capacity=4,4,1,linux_sched_affinity+cgroup_cpu_quota,4,4,governed_vs_ungoverned,governed,throughput,operations_per_second,950.43392060645283,parallel_for,runtimes=2;items_per_runtime=128,thread_pool,not_applicable,Adaptive,4,1,4,4,4,4,3,0,not_nested,0,wait,granted,1.181,not_requested,1,14754973877547064749,2.1043020000000001,19,ungoverned_then_governed,2,25174054,2,4,0,0
2,1.8.0,GCC,14.2.0,Release,Linux,effective_cpu_capacity=4,4,1,linux_sched_affinity+cgroup_cpu_quota,4,4,governed_vs_ungoverned,governed,peak_participation,threads,4,parallel_for,runtimes=2;items_per_runtime=128,thread_pool,not_applicable,Adaptive,4,1,4,4,4,4,3,0,not_nested,0,wait,granted,1.181,not_requested,1,14754973877547064749,2.1043020000000001,19,ungoverned_then_governed,2,25174054,2,4,0,0
2,1.8.0,GCC,14.2.0,Release,Linux,effective_cpu_capacity=4,4,1,linux_sched_affinity+cgroup_cpu_quota,4,4,runtime_latency,governed_runtime_0,completion_latency,ms,1.210181,parallel_for,runtimes=2;items_per_runtime=128,thread_pool,not_applicable,Adaptive,4,1,4,4,4,4,3,0,not_nested,0,wait,granted,1.181,not_requested,1,14754973877547064749,1.210181,19,ungoverned_then_governed,2,25174054,1,4,0,0
2,1.8.0,GCC,14.2.0,Release,Linux,effective_cpu_capacity=4,4,1,linux_sched_affinity+cgroup_cpu_quota,4,4,runtime_latency,governed_runtime_1,completion_latency,ms,2.0301610000000001,parallel_for,runtimes=2;items_per_runtime=128,thread_pool,not_applicable,Adaptive,4,1,4,4,4,4,4,0,not_nested,0,wait,granted,1215.4690000000001,not_requested,1,14754973877547064749,2.0301610000000001,19,ungoverned_then_governed,2,25174054,1,4,0,0
2,1.8.0,GCC,14.2.0,Release,Linux,effective_cpu_capacity=4,4,1,linux_sched_affinity+cgroup_cpu_quota,4,4,governed_vs_ungoverned,ungoverned,batch_wall_time,ms,2.3955350000000002,parallel_for,runtimes=2;items_per_runtime=128,thread_pool,not_applicable,Adaptive,4,1,4,4,4,4,3,0,not_nested,0,wait,granted,1.1020000000000001,not_requested,1,14754973877547064749,2.3955350000000002,19,ungoverned_then_governed,2,25174054,2,3,0,0
2,1.8.0,GCC,14.2.0,Release,Linux,effective_cpu_capacity=4,4,1,linux_sched_affinity+cgroup_cpu_quota,4,4,governed_vs_ungoverned,ungoverned,throughput,operations_per_second,834.88657022335292,parallel_for,runtimes=2;items_per_runtime=128,thread_pool,not_applicable,Adaptive,4,1,4,4,4,4,3,0,not_nested,0,wait,granted,1.1020000000000001,not_requested,1,14754973877547064749,2.3955350000000002,19,ungoverned_then_governed,2,25174054,2,3,0,0
2,1.8.0,GCC,14.2.0,Release,Linux,effective_cpu_capacity=4,4,1,linux_sched_affinity+cgroup_cpu_quota,4,4,governed_vs_ungoverned,ungoverned,peak_participation,threads,3,parallel_for,runtimes=2;items_per_runtime=128,thread_pool,not_applicable,Adaptive,4,1,4,4,4,4,3,0,not_nested,0,wait,granted,1.1020000000000001,not_requested,1,14754973877547064749,2.3955350000000002,19,ungoverned_then_governed,2,25174054,2,3,0,0
2,1.8.0,GCC,14.2.0,Release,Linux,effective_cpu_capacity=4,4,1,linux_sched_affinity+cgroup_cpu_quota,4,4,runtime_latency,ungoverned_runtime_0,completion_latency,ms,2.3349359999999999,parallel_for,runtimes=2;items_per_runtime=128,thread_pool,not_applicable,Adaptive,4,1,4,4,4,4,3,0,not_nested,0,wait,granted,1.1020000000000001,not_requested,1,14754973877547064749,2.3349359999999999,19,ungoverned_then_governed,2,25174054,1,3,0,0
2,1.8.0,GCC,14.2.0,Release,Linux,effective_cpu_capacity=4,4,1,linux_sched_affinity+cgroup_cpu_quota,4,4,runtime_latency,ungoverned_runtime_1,completion_latency,ms,1.895942,parallel_for,runtimes=2;items_per_runtime=128,thread_pool,not_applicable,Adaptive,4,1,4,4,4,4,2,0,not_nested,0,wait,granted,0.621,not_requested,1,14754973877547064749,1.895942,19,ungoverned_then_governed,2,25174054,1,3,0,0
2,1.8.0,GCC,14.2.0,Release,Linux,effective_cpu_capacity=4,4,1,linux_sched_affinity+cgroup_cpu_quota,4,4,governed_vs_ungoverned,governed_2_runtimes,batch_wall_time,ms,0.19222600000000001,parallel_for,runtimes=2;items_per_runtime=32,thread_pool,not_applicable,Adaptive,4,1,4,4,4,4,2,0,not_nested,0,wait,granted,1.2110000000000001,not_requested,1,10831286851329034220,0.19222600000000001,19,single,2,25174054,2,2,0,0
2,1.8.0,GCC,14.2.0,Release,Linux,effective_cpu_capacity=4,4,1,linux_sched_affinity+cgroup_cpu_quota,4,4,governed_vs_ungoverned,governed_2_runtimes,throughput,operations_per_second,10404.41979752999,parallel_for,runtimes=2;items_per_runtime=32,thread_pool,not_applicable,Adaptive,4,1,4,4,4,4,2,0,not_nested,0,wait,granted,1.2110000000000001,not_requested,1,10831286851329034220,0.19222600000000001,19,single,2,25174054,2,2,0,0
2,1.8.0,GCC,14.2.0,Release,Linux,effective_cpu_capacity=4,4,1,linux_sched_affinity+cgroup_cpu_quota,4,4,governed_vs_ungoverned,governed_2_runtimes,peak_participation,threads,2,parallel_for,runtimes=2;items_per_runtime=32,thread_pool,not_applicable,Adaptive,4,1,4,4,4,4,2,0,not_nested,0,wait,granted,1.2110000000000001,not_requested,1,10831286851329034220,0.19222600000000001,19,single,2,25174054,2,2,0,0
2,1.8.0,GCC,14.2.0,Release,Linux,effective_cpu_capacity=4,4,1,linux_sched_affinity+cgroup_cpu_quota,4,4,runtime_latency,governed_2_runtimes_runtime_0,completion_latency,ms,0.070385000000000003,parallel_for,runtimes=2;items_per_runtime=32,thread_pool,not_applicable,Adaptive,4,1,4,4,4,4,2,0,not_nested,0,wait,granted,1.2110000000000001,not_requested,1,10831286851329034220,0.070385000000000003,19,single,2,25174054,1,2,0,0
2,1.8.0,GCC,14.2.0,Release,Linux,effective_cpu_capacity=4,4,1,linux_sched_affinity+cgroup_cpu_quota,4,4,runtime_latency,governed_2_runtimes_runtime_1,completion_latency,ms,0.13294800000000001,parallel_for,runtimes=2;items_per_runtime=32,thread_pool,not_applicable,Adaptive,4,1,4,4,4,4,3,0,not_nested,0,wait,granted,60.640000000000001,not_requested,1,10831286851329034220,0.13294800000000001,19,single,2,25174054,1,2,0,0
2,1.8.0,GCC,14.2.0,Release,Linux,effective_cpu_capacity=4,4,1,linux_sched_affinity+cgroup_cpu_quota,4,4,governed_vs_ungoverned,governed_4_runtimes,batch_wall_time,ms,0.39778200000000002,parallel_for,runtimes=4;items_per_runtime=32,thread_pool,not_applicable,Adaptive,4,1,4,4,4,4,2,0,not_nested,0,wait,granted,1.0920000000000001,not_requested,1,7589314552514409162,0.39778200000000002,19,single,2,25174054,4,3,0,0
2,1.8.0,GCC,14.2.0,Release,Linux,effective_cpu_capacity=4,4,1,linux_sched_affinity+cgroup_cpu_quota,4,4,governed_vs_ungoverned,governed_4_runtimes,throughput,operations_per_second,10055.759184679046,parallel_for,runtimes=4;items_per_runtime=32,thread_pool,not_applicable,Adaptive,4,1,4,4,4,4,2,0,not_nested,0,wait,granted,1.0920000000000001,not_requested,1,7589314552514409162,0.39778200000000002,19,single,2,25174054,4,3,0,0
2,1.8.0,GCC,14.2.0,Release,Linux,effective_cpu_capacity=4,4,1,linux_sched_affinity+cgroup_cpu_quota,4,4,governed_vs_ungoverned,governed_4_runtimes,peak_participation,threads,3,parallel_for,runtimes=4;items_per_runtime=32,thread_pool,not_applicable,Adaptive,4,1,4,4,4,4,2,0,not_nested,0,wait,granted,1.0920000000000001,not_requested,1,7589314552514409162,0.39778200000000002,19,single,2,25174054,4,3,0,0
2,1.8.0,GCC,14.2.0,Release,Linux,effective_cpu_capacity=4,4,1,linux_sched_affinity+cgroup_cpu_quota,4,4,runtime_latency,governed_4_runtimes_runtime_0,completion_latency,ms,0.094980999999999996,parallel_for,runtimes=4;items_per_runtime=32,thread_pool,not_applicable,Adaptive,4,1,4,4,4,4,2,0,not_nested,0,wait,granted,1.0920000000000001,not_requested,1,7589314552514409162,0.094980999999999996,19,single,2,25174054,1,3,0,0
2,1.8.0,GCC,14.2.0,Release,Linux,effective_cpu_capacity=4,4,1,linux_sched_affinity+cgroup_cpu_quota,4,4,runtime_latency,governed_4_runtimes_runtime_1,completion_latency,ms,0.257494,parallel_for,runtimes=4;items_per_runtime=32,thread_pool,not_applicable,Adaptive,4,1,4,4,4,4,4,0,not_nested,0,wait,granted,172.05600000000001,not_requested,1,7589314552514409162,0.257494,19,single,2,25174054,1,3,0,0
2,1.8.0,GCC,14.2.0,Release,Linux,effective_cpu_capacity=4,4,1,linux_sched_affinity+cgroup_cpu_quota,4,4,runtime_latency,governed_4_runtimes_runtime_2,completion_latency,ms,0.169242,parallel_for,runtimes=4;items_per_runtime=32,thread_pool,not_applicable,Adaptive,4,1,4,4,4,4,3,0,not_nested,0,wait,granted,88.111000000000004,not_requested,1,7589314552514409162,0.169242,19,single,2,25174054,1,3,0,0
2,1.8.0,GCC,14.2.0,Release,Linux,effective_cpu_capacity=4,4,1,linux_sched_affinity+cgroup_cpu_quota,4,4,runtime_latency,governed_4_runtimes_runtime_3,completion_latency,ms,0.30688700000000002,parallel_for,runtimes=4;items_per_runtime=32,thread_pool,not_applicable,Adaptive,4,1,4,4,4,4,3,0,not_nested,0,wait,granted,245.96600000000001,not_requested,1,7589314552514409162,0.30688700000000002,19,single,2,25174054,1,3,0,0
2,1.8.0,GCC,14.2.0,Release,Linux,effective_cpu_capacity=4,4,1,linux_sched_affinity+cgroup_cpu_quota,4,4,governed_vs_ungoverned,governed_8_runtimes,batch_wall_time,ms,0.99065400000000003,parallel_for,runtimes=8;items_per_runtime=32,thread_pool,not_applicable,Adaptive,4,1,4,4,4,4,4,0,not_nested,0,wait,granted,119.13800000000001,not_requested,1,3424649268515386025,0.99065400000000003,19,single,2,25174054,8,3,0,0
2,1.8.0,GCC,14.2.0,Release,Linux,effective_cpu_capacity=4,4,1,linux_sched_affinity+cgroup_cpu_quota,4,4,governed_vs_ungoverned,governed_8_runtimes,throughput,operations_per_second,8075.4733741548507,parallel_for,runtimes=8;items_per_runtime=32,thread_pool,not_applicable,Adaptive,4,1,4,4,4,4,4,0,not_nested,0,wait,granted,119.13800000000001,not_requested,1,3424649268515386025,0.99065400000000003,19,single,2,25174054,8,3,0,0
2,1.8.0,GCC,14.2.0,Release,Linux,effective_cpu_capacity=4,4,1,linux_sched_affinity+cgroup_cpu_quota,4,4,governed_vs_ungoverned,governed_8_runtimes,peak_participation,threads,3,parallel_for,runtimes=8;items_per_runtime=32,thread_pool,not_applicable,Adaptive,4,1,4,4,4,4,4,0,not_nested,0,wait,granted,119.13800000000001,not_requested,1,3424649268515386025,0.99065400000000003,19,single,2,25174054,8,3,0,0
2,1.8.0,GCC,14.2.0,Release,Linux,effective_cpu_capacity=4,4,1,linux_sched_affinity+cgroup_cpu_quota,4,4,runtime_latency,governed_8_runtimes_runtime_0,completion_latency,ms,0.212476,parallel_for,runtimes=8;items_per_runtime=32,thread_pool,not_applicable,Adaptive,4,1,4,4,4,4,4,0,not_nested,0,wait,granted,119.13800000000001,not_requested,1,3424649268515386025,0.212476,19,single,2,25174054,1,3,0,0
2,1.8.0,GCC,14.2.0,Release,Linux,effective_cpu_capacity=4,4,1,linux_sched_affinity+cgroup_cpu_quota,4,4,runtime_latency,governed_8_runtimes_runtime_1,completion_latency,ms,0.75786799999999999,parallel_for,runtimes=8;items_per_runtime=32,thread_pool,not_applicable,Adaptive,4,1,4,4,4,4,2,0,not_nested,0,wait,granted,669.53700000000003,not_requested,1,3424649268515386025,0.75786799999999999,19,single,2,25174054,1,3,0,0
2,1.8.0,GCC,14.2.0,Release,Linux,effective_cpu_capacity=4,4,1,linux_sched_affinity+cgroup_cpu_quota,4,4,runtime_latency,governed_8_runtimes_runtime_2,completion_latency,ms,0.39655000000000001,parallel_for,runtimes=8;items_per_runtime=32,thread_pool,not_applicable,Adaptive,4,1,4,4,4,4,3,0,not_nested,0,wait,granted,308.76999999999998,not_requested,1,3424649268515386025,0.39655000000000001,19,single,2,25174054,1,3,0,0
2,1.8.0,GCC,14.2.0,Release,Linux,effective_cpu_capacity=4,4,1,linux_sched_affinity+cgroup_cpu_quota,4,4,runtime_latency,governed_8_runtimes_runtime_3,completion_latency,ms,0.094200000000000006,parallel_for,runtimes=8;items_per_runtime=32,thread_pool,not_applicable,Adaptive,4,1,4,4,4,4,2,0,not_nested,0,wait,granted,0.86099999999999999,not_requested,1,3424649268515386025,0.094200000000000006,19,single,2,25174054,1,3,0,0
2,1.8.0,GCC,14.2.0,Release,Linux,effective_cpu_capacity=4,4,1,linux_sched_affinity+cgroup_cpu_quota,4,4,runtime_latency,governed_8_runtimes_runtime_4,completion_latency,ms,0.68791400000000003,parallel_for,runtimes=8;items_per_runtime=32,thread_pool,not_applicable,Adaptive,4,1,4,4,4,4,3,0,not_nested,0,wait,granted,621.99599999999998,not_requested,1,3424649268515386025,0.68791400000000003,19,single,2,25174054,1,3,0,0
2,1.8.0,GCC,14.2.0,Release,Linux,effective_cpu_capacity=4,4,1,linux_sched_affinity+cgroup_cpu_quota,4,4,runtime_latency,governed_8_runtimes_runtime_5,completion_latency,ms,0.614375,parallel_for,runtimes=8;items_per_runtime=32,thread_pool,not_applicable,Adaptive,4,1,4,4,4,4,3,0,not_nested,0,wait,granted,510.61000000000001,not_requested,1,3424649268515386025,0.614375,19,single,2,25174054,1,3,0,0
2,1.8.0,GCC,14.2.0,Release,Linux,effective_cpu_capacity=4,4,1,linux_sched_affinity+cgroup_cpu_quota,4,4,runtime_latency,governed_8_runtimes_runtime_6,completion_latency,ms,0.298925,parallel_for,runtimes=8;items_per_runtime=32,thread_pool,not_applicable,Adaptive,4,1,4,4,4,4,2,0,not_nested,0,wait,granted,211.065,not_requested,1,3424649268515386025,0.298925,19,single,2,25174054,1,3,0,0
2,1.8.0,GCC,14.2.0,Release,Linux,effective_cpu_capacity=4,4,1,linux_sched_affinity+cgroup_cpu_quota,4,4,runtime_latency,governed_8_runtimes_runtime_7,completion_latency,ms,0.49696899999999999,parallel_for,runtimes=8;items_per_runtime=32,thread_pool,not_applicable,Adaptive,4,1,4,4,4,4,3,0,not_nested,0,wait,granted,394.52699999999999,not_requested,1,3424649268515386025,0.49696899999999999,19,single,2,25174054,1,3,0,0
2,1.8.0,GCC,14.2.0,Release,Linux,effective_cpu_capacity=4,4,1,linux_sched_affinity+cgroup_cpu_quota,1,1,governed_vs_ungoverned,budget_1,batch_wall_time,ms,0.147259,parallel_for,runtimes=2;items_per_runtime=32,thread_pool,not_applicable,Adaptive,1,1,1,1,1,1,1,0,not_nested,0,wait,granted,0.89200000000000002,not_requested,1,10831286851329034220,0.147259,19,single,2,25174054,2,1,0,0
2,1.8.0,GCC,14.2.0,Release,Linux,effective_cpu_capacity=4,4,1,linux_sched_affinity+cgroup_cpu_quota,1,1,governed_vs_ungoverned,budget_1,throughput,operations_per_second,13581.512844715773,parallel_for,runtimes=2;items_per_runtime=32,thread_pool,not_applicable,Adaptive,1,1,1,1,1,1,1,0,not_nested,0,wait,granted,0.89200000000000002,not_requested,1,10831286851329034220,0.147259,19,single,2,25174054,2,1,0,0
2,1.8.0,GCC,14.2.0,Release,Linux,effective_cpu_capacity=4,4,1,linux_sched_affinity+cgroup_cpu_quota,1,1,governed_vs_ungoverned,budget_1,peak_participation,threads,1,parallel_for,runtimes=2;items_per_runtime=32,thread_pool,not_applicable,Adaptive,1,1,1,1,1,1,1,0,not_nested,0,wait,granted,0.89200000000000002,not_requested,1,10831286851329034220,0.147259,19,single,2,25174054,2,1,0,0
2,1.8.0,GCC,14.2.0,Release,Linux,effective_cpu_capacity=4,4,1,linux_sched_affinity+cgroup_cpu_quota,1,1,runtime_latency,budget_1_runtime_0,completion_latency,ms,0.056674000000000002,parallel_for,runtimes=2;items_per_runtime=32,thread_pool,not_applicable,Adaptive,1,1,1,1,1,1,1,0,not_nested,0,wait,granted,0.89200000000000002,not_requested,1,10831286851329034220,0.056674000000000002,19,single,2,25174054,1,1,0,0
2,1.8.0,GCC,14.2.0,Release,Linux,effective_cpu_capacity=4,4,1,linux_sched_affinity+cgroup_cpu_quota,1,1,runtime_latency,budget_1_runtime_1,completion_latency,ms,0.090093999999999994,parallel_for,runtimes=2;items_per_runtime=32,thread_pool,not_applicable,Adaptive,1,1,1,1,1,1,1,0,not_nested,0,wait,granted,51.496000000000002,not_requested,1,10831286851329034220,0.090093999999999994,19,single,2,25174054,1,1,0,0
2,1.8.0,GCC,14.2.0,Release,Linux,effective_cpu_capacity=4,4,1,linux_sched_affinity+cgroup_cpu_quota,2,2,governed_vs_ungoverned,budget_2,batch_wall_time,ms,2.0150489999999999,parallel_for,runtimes=2;items_per_runtime=32,thread_pool,not_applicable,Adaptive,2,1,2,2,2,2,2,0,not_nested,0,wait,granted,1.663,not_requested,1,10831286851329034220,2.0150489999999999,19,single,2,25174054,2,2,0,0
2,1.8.0,GCC,14.2.0,Release,Linux,effective_cpu_capacity=4,4,1,linux_sched_affinity+cgroup_cpu_quota,2,2,governed_vs_ungoverned,budget_2,throughput,operations_per_second,992.53169525902365,parallel_for,runtimes=2;items_per_runtime=32,thread_pool,not_applicable,Adaptive,2,1,2,2,2,2,2,0,not_nested,0,wait,granted,1.663,not_requested,1,10831286851329034220,2.0150489999999999,19,single,2,25174054,2,2,0,0
2,1.8.0,GCC,14.2.0,Release,Linux,effective_cpu_capacity=4,4,1,linux_sched_affinity+cgroup_cpu_quota,2,2,governed_vs_ungoverned,budget_2,peak_participation,threads,2,parallel_for,runtimes=2;items_per_runtime=32,thread_pool,not_applicable,Adaptive,2,1,2,2,2,2,2,0,not_nested,0,wait,granted,1.663,not_requested,1,10831286851329034220,2.0150489999999999,19,single,2,25174054,2,2,0,0
2,1.8.0,GCC,14.2.0,Release,Linux,effective_cpu_capacity=4,4,1,linux_sched_affinity+cgroup_cpu_quota,2,2,runtime_latency,budget_2_runtime_0,completion_latency,ms,0.103243,parallel_for,runtimes=2;items_per_runtime=32,thread_pool,not_applicable,Adaptive,2,1,2,2,2,2,2,0,not_nested,0,wait,granted,1.663,not_requested,1,10831286851329034220,0.103243,19,single,2,25174054,1,2,0,0
2,1.8.0,GCC,14.2.0,Release,Linux,effective_cpu_capacity=4,4,1,linux_sched_affinity+cgroup_cpu_quota,2,2,runtime_latency,budget_2_runtime_1,completion_latency,ms,0.17657300000000001,parallel_for,runtimes=2;items_per_runtime=32,thread_pool,not_applicable,Adaptive,2,1,2,2,2,2,2,0,not_nested,0,wait,granted,97.644999999999996,not_requested,1,10831286851329034220,0.17657300000000001,19,single,2,25174054,1,2,0,0
2,1.8.0,GCC,14.2.0,Release,Linux,effective_cpu_capacity=4,4,1,linux_sched_affinity+cgroup_cpu_quota,4,4,governed_vs_ungoverned,budget_4,batch_wall_time,ms,0.52997799999999995,parallel_for,runtimes=2;items_per_runtime=64,thread_pool,not_applicable,Adaptive,4,1,4,4,4,4,3,0,not_nested,0,wait,granted,1.1419999999999999,not_requested,1,7589314552514409162,0.52997799999999995,19,single,2,25174054,2,3,0,0
2,1.8.0,GCC,14.2.0,Release,Linux,effective_cpu_capacity=4,4,1,linux_sched_affinity+cgroup_cpu_quota,4,4,governed_vs_ungoverned,budget_4,throughput,operations_per_second,3773.7415515361017,parallel_for,runtimes=2;items_per_runtime=64,thread_pool,not_applicable,Adaptive,4,1,4,4,4,4,3,0,not_nested,0,wait,granted,1.1419999999999999,not_requested,1,7589314552514409162,0.52997799999999995,19,single,2,25174054,2,3,0,0
2,1.8.0,GCC,14.2.0,Release,Linux,effective_cpu_capacity=4,4,1,linux_sched_affinity+cgroup_cpu_quota,4,4,governed_vs_ungoverned,budget_4,peak_participation,threads,3,parallel_for,runtimes=2;items_per_runtime=64,thread_pool,not_applicable,Adaptive,4,1,4,4,4,4,3,0,not_nested,0,wait,granted,1.1419999999999999,not_requested,1,7589314552514409162,0.52997799999999995,19,single,2,25174054,2,3,0,0
2,1.8.0,GCC,14.2.0,Release,Linux,effective_cpu_capacity=4,4,1,linux_sched_affinity+cgroup_cpu_quota,4,4,runtime_latency,budget_4_runtime_0,completion_latency,ms,0.085177000000000003,parallel_for,runtimes=2;items_per_runtime=64,thread_pool,not_applicable,Adaptive,4,1,4,4,4,4,3,0,not_nested,0,wait,granted,1.1419999999999999,not_requested,1,7589314552514409162,0.085177000000000003,19,single,2,25174054,1,3,0,0
2,1.8.0,GCC,14.2.0,Release,Linux,effective_cpu_capacity=4,4,1,linux_sched_affinity+cgroup_cpu_quota,4,4,runtime_latency,budget_4_runtime_1,completion_latency,ms,0.090174000000000004,parallel_for,runtimes=2;items_per_runtime=64,thread_pool,not_applicable,Adaptive,4,1,4,4,4,4,3,0,not_nested,0,wait,granted,0.97099999999999997,not_requested,1,7589314552514409162,0.090174000000000004,19,single,2,25174054,1,3,0,0
2,1.8.0,GCC,14.2.0,Release,Linux,effective_cpu_capacity=4,4,1,linux_sched_affinity+cgroup_cpu_quota,4,1,governor_overhead,uncontended_exact_acquire_release,latency,us_per_acquire_release,0.15023400000000001,parallel_for,,,not_applicable,Adaptive,1,1,1,1,1,1,1,0,not_nested,1,fail_immediately,granted,0.080000000000000002,not_requested,1,,0.00015023400000000001,20,single,2,25174054,1000,1,0,0
2,1.8.0,GCC,14.2.0,Release,Linux,effective_cpu_capacity=4,4,1,linux_sched_affinity+cgroup_cpu_quota,4,1,governor_overhead,inherited_nested_lease,latency,us_per_acquire_release,0.017036000000000003,parallel_for,,,not_applicable,Adaptive,1,1,1,1,1,1,1,1,reuse_parent,1,fail_immediately,granted,0.080000000000000002,not_requested,1,,0.00015023400000000001,20,single,2,25174054,1000,1,0,0
2,1.8.0,GCC,14.2.0,Release,Linux,effective_cpu_capacity=4,4,1,linux_sched_affinity+cgroup_cpu_quota,4,4,governor_overhead,flexible_partial_grant,latency,us_per_acquire_release,0.57099999999999995,parallel_for,,,not_applicable,Adaptive,4,1,4,4,1,1,1,0,not_nested,0,fail_immediately,granted,0.22,not_requested,1,,0.00015023400000000001,20,single,2,25174054,1,1,0,0
2,1.8.0,GCC,14.2.0,Release,Linux,effective_cpu_capacity=4,4,1,linux_sched_affinity+cgroup_cpu_quota,4,4,governor_overhead,immediate_failure,latency,us_per_acquire_release,0.68100000000000005,parallel_for,,,not_applicable,Adaptive,4,4,4,4,0,0,0,0,not_nested,1,fail_immediately,would_block,0,not_requested,1,,0.00015023400000000001,20,single,2,25174054,1,1,0,0
2,1.8.0,GCC,14.2.0,Release,Linux,effective_cpu_capacity=4,4,1,linux_sched_affinity+cgroup_cpu_quota,4,4,governor_overhead,direct_cancellation_notification,latency,us,16.855,parallel_for,,,not_applicable,Adaptive,4,4,4,4,0,0,0,0,not_nested,1,wait,cancelled,6.75,requested,1,,0.016855000000000002,20,single,2,25174054,1,0,0,0
2,1.8.0,GCC,14.2.0,Release,Linux,effective_cpu_capacity=4,4,1,linux_sched_affinity+cgroup_cpu_quota,4,4,admission_fairness,large_exact_request,completion_rank,rank,5,parallel_for,one_large_exact_plus_eight_small_exact,,not_applicable,Adaptive,4,4,4,4,4,4,4,0,not_nested,1,wait,granted,231.685,not_requested,1,,0,20,single,2,25174054,1,0,4,231.685
2,1.8.0,GCC,14.2.0,Release,Linux,effective_cpu_capacity=4,4,1,linux_sched_affinity+cgroup_cpu_quota,4,4,admission_fairness,small_request_0,completion_rank,rank,1,parallel_for,one_large_exact_plus_eight_small_exact,,not_applicable,Adaptive,1,1,1,1,1,1,1,0,not_nested,1,wait,granted,2.0529999999999999,not_requested,1,,0,20,single,2,25174054,1,0,4,2.0529999999999999
2,1.8.0,GCC,14.2.0,Release,Linux,effective_cpu_capacity=4,4,1,linux_sched_affinity+cgroup_cpu_quota,4,4,admission_fairness,small_request_1,completion_rank,rank,3,parallel_for,one_large_exact_plus_eight_small_exact,,not_applicable,Adaptive,1,1,1,1,1,1,1,0,not_nested,1,wait,granted,18.588000000000001,not_requested,1,,0,20,single,2,25174054,1,0,4,18.588000000000001
2,1.8.0,GCC,14.2.0,Release,Linux,effective_cpu_capacity=4,4,1,linux_sched_affinity+cgroup_cpu_quota,4,4,admission_fairness,small_request_2,completion_rank,rank,2,parallel_for,one_large_exact_plus_eight_small_exact,,not_applicable,Adaptive,1,1,1,1,1,1,1,0,not_nested,1,wait,granted,11.227,not_requested,1,,0,20,single,2,25174054,1,0,4,11.227
2,1.8.0,GCC,14.2.0,Release,Linux,effective_cpu_capacity=4,4,1,linux_sched_affinity+cgroup_cpu_quota,4,4,admission_fairness,small_request_3,completion_rank,rank,4,parallel_for,one_large_exact_plus_eight_small_exact,,not_applicable,Adaptive,1,1,1,1,1,1,1,0,not_nested,1,wait,granted,1.583,not_requested,1,,0,20,single,2,25174054,1,0,4,1.583
2,1.8.0,GCC,14.2.0,Release,Linux,effective_cpu_capacity=4,4,1,linux_sched_affinity+cgroup_cpu_quota,4,4,admission_fairness,small_request_4,completion_rank,rank,8,parallel_for,one_large_exact_plus_eight_small_exact,,not_applicable,Adaptive,1,1,1,1,1,1,1,0,not_nested,1,wait,granted,1251.2919999999999,not_requested,1,,0,20,single,2,25174054,1,0,4,1251.2919999999999
2,1.8.0,GCC,14.2.0,Release,Linux,effective_cpu_capacity=4,4,1,linux_sched_affinity+cgroup_cpu_quota,4,4,admission_fairness,small_request_5,completion_rank,rank,9,parallel_for,one_large_exact_plus_eight_small_exact,,not_applicable,Adaptive,1,1,1,1,1,1,1,0,not_nested,1,wait,granted,1200.6769999999999,not_requested,1,,0,20,single,2,25174054,1,0,4,1200.6769999999999
2,1.8.0,GCC,14.2.0,Release,Linux,effective_cpu_capacity=4,4,1,linux_sched_affinity+cgroup_cpu_quota,4,4,admission_fairness,small_request_6,completion_rank,rank,6,parallel_for,one_large_exact_plus_eight_small_exact,,not_applicable,Adaptive,1,1,1,1,1,1,1,0,not_nested,1,wait,granted,1179.271,not_requested,1,,0,20,single,2,25174054,1,0,4,1179.271
2,1.8.0,GCC,14.2.0,Release,Linux,effective_cpu_capacity=4,4,1,linux_sched_affinity+cgroup_cpu_quota,4,4,admission_fairness,small_request_7,completion_rank,rank,7,parallel_for,one_large_exact_plus_eight_small_exact,,not_applicable,Adaptive,1,1,1,1,1,1,1,0,not_nested,1,wait,granted,1173.356,not_requested,1,,0,20,single,2,25174054,1,0,4,1173.356
2,1.8.0,GCC,14.2.0,Release,Linux,effective_cpu_capacity=4,4,1,linux_sched_affinity+cgroup_cpu_quota,4,4,adaptive_partial_grant,available_one_of_preferred_budget,granted_workers,threads,1,parallel_for,,thread_pool,not_applicable,Adaptive,4,1,4,4,1,1,1,0,not_nested,0,wait,granted,0.29099999999999998,not_requested,1,,0.099767999999999996,20,single,2,25174054,1,1,0,0
2,1.8.0,GCC,14.2.0,Release,Linux,effective_cpu_capacity=4,4,1,linux_sched_affinity+cgroup_cpu_quota,4,4,nested_execution,depth_1,peak_participation,threads,1,parallel_for,depth=1;leaves=2,thread_pool,not_applicable,Adaptive,2,1,2,4,2,2,1,0,not_nested,0,wait,granted,0.25,not_requested,1,,0.027570999999999998,20,single,2,25174054,1,1,0,0
2,1.8.0,GCC,14.2.0,Release,Linux,effective_cpu_capacity=4,4,1,linux_sched_affinity+cgroup_cpu_quota,4,4,nested_execution,depth_2,peak_participation,threads,1,parallel_for,depth=2;leaves=4,thread_pool,not_applicable,Adaptive,2,1,2,4,2,2,1,0,not_nested,0,wait,granted,0.22,not_requested,1,,0.016574999999999999,20,single,2,25174054,1,1,0,0
2,1.8.0,GCC,14.2.0,Release,Linux,effective_cpu_capacity=4,4,1,linux_sched_affinity+cgroup_cpu_quota,4,4,nested_execution,depth_3,peak_participation,threads,1,parallel_for,depth=3;leaves=8,thread_pool,not_applicable,Adaptive,2,1,2,4,2,2,1,0,not_nested,0,wait,granted,0.23000000000000001,not_requested,1,,0.015604,20,single,2,25174054,1,1,0,0
2,1.8.0,GCC,14.2.0,Release,Linux,effective_cpu_capacity=4,4,1,linux_sched_affinity+cgroup_cpu_quota,4,4,nested_execution,depth_4,peak_participation,threads,1,parallel_for,depth=4;leaves=16,thread_pool,not_applicable,Adaptive,2,1,2,4,2,2,1,0,not_nested,0,wait,granted,0.17999999999999999,not_requested,1,,0.017004999999999999,20,single,2,25174054,1,1,0,0
2,1.8.0,GCC,14.2.0,Release,Linux,effective_cpu_capacity=4,4,1,linux_sched_affinity+cgroup_cpu_quota,1,1,scheduler_comparison,sequential,duration,ms,0.40753699999999998,parallel_for,,sequential,not_applicable,Adaptive,1,1,1,1,1,1,1,0,not_nested,0,wait,granted,0.18099999999999999,not_requested,1,5314921549994187984,0.40753699999999998,20,single,2,25174054,1,1,0,0
2,1.8.0,GCC,14.2.0,Release,Linux,effective_cpu_capacity=4,4,1,linux_sched_affinity+cgroup_cpu_quota,4,4,scheduler_comparison,thread_pool,duration,ms,0.22955100000000001,parallel_for,,thread_pool,not_applicable,Adaptive,4,1,4,4,4,4,3,0,not_nested,0,wait,granted,0.16,not_requested,1,5314921549994187984,0.22955100000000001,20,single,2,25174054,1,3,0,0
2,1.8.0,GCC,14.2.0,Release,Linux,effective_cpu_capacity=4,4,1,linux_sched_affinity+cgroup_cpu_quota,4,4,scheduler_comparison,static_thread,duration,ms,0.27027200000000001,parallel_for,,static_thread,not_applicable,Adaptive,4,1,4,4,4,4,4,0,not_nested,0,wait,granted,0.40100000000000002,not_requested,1,5314921549994187984,0.27027200000000001,20,single,2,25174054,1,4,0,0
2,1.8.0,GCC,14.2.0,Release,Linux,effective_cpu_capacity=4,4,1,linux_sched_affinity+cgroup_cpu_quota,4,4,deterministic_exact_grant,success,accepted,boolean,1,parallel_for,,thread_pool,not_applicable,Deterministic,4,4,4,4,4,4,1,0,not_nested,1,fail_immediately,granted,0.54100000000000004,not_requested,1,,0,20,single,2,25174054,1,0,0,0
2,1.8.0,GCC,14.2.0,Release,Linux,effective_cpu_capacity=4,4,1,linux_sched_affinity+cgroup_cpu_quota,4,4,deterministic_exact_grant,insufficient_budget_failure,accepted,boolean,1,parallel_for,,,not_applicable,Deterministic,4,4,4,4,0,0,0,0,not_nested,1,fail_immediately,would_block,0,not_requested,1,,0,20,single,2,25174054,1,0,0,0
2,1.8.0,GCC,14.2.0,Release,Linux,effective_cpu_capacity=4,4,1,linux_sched_affinity+cgroup_cpu_quota,4,4,governed_vs_ungoverned,governed,batch_wall_time,ms,2.8755999999999999,parallel_for,runtimes=2;items_per_runtime=128,thread_pool,not_applicable,Adaptive,4,1,4,4,4,4,4,0,not_nested,0,wait,granted,1.222,not_requested,1,14754973877547064749,2.8755999999999999,20,governed_then_ungoverned,2,25174054,2,4,0,0
2,1.8.0,GCC,14.2.0,Release,Linux,effective_cpu_capacity=4,4,1,linux_sched_affinity+cgroup_cpu_quota,4,4,governed_vs_ungoverned,governed,throughput,operations_per_second,695.50702462094876,parallel_for,runtimes=2;items_per_runtime=128,thread_pool,not_applicable,Adaptive,4,1,4,4,4,4,4,0,not_nested,0,wait,granted,1.222,not_requested,1,14754973877547064749,2.8755999999999999,20,governed_then_ungoverned,2,25174054,2,4,0,0
2,1.8.0,GCC,14.2.0,Release,Linux,effective_cpu_capacity=4,4,1,linux_sched_affinity+cgroup_cpu_quota,4,4,governed_vs_ungoverned,governed,peak_participation,threads,4,parallel_for,runtimes=2;items_per_runtime=128,thread_pool,not_applicable,Adaptive,4,1,4,4,4,4,4,0,not_nested,0,wait,granted,1.222,not_requested,1,14754973877547064749,2.8755999999999999,20,governed_then_ungoverned,2,25174054,2,4,0,0
2,1.8.0,GCC,14.2.0,Release,Linux,effective_cpu_capacity=4,4,1,linux_sched_affinity+cgroup_cpu_quota,4,4,runtime_latency,governed_runtime_0,completion_latency,ms,1.214237,parallel_for,runtimes=2;items_per_runtime=128,thread_pool,not_applicable,Adaptive,4,1,4,4,4,4,4,0,not_nested,0,wait,granted,1.222,not_requested,1,14754973877547064749,1.214237,20,governed_then_ungoverned,2,25174054,1,4,0,0
2,1.8.0,GCC,14.2.0,Release,Linux,effective_cpu_capacity=4,4,1,linux_sched_affinity+cgroup_cpu_quota,4,4,runtime_latency,governed_runtime_1,completion_latency,ms,2.7787060000000001,parallel_for,runtimes=2;items_per_runtime=128,thread_pool,not_applicable,Adaptive,4,1,4,4,4,4,3,0,not_nested,0,wait,granted,1212.425,not_requested,1,14754973877547064749,2.7787060000000001,20,governed_then_ungoverned,2,25174054,1,4,0,0
2,1.8.0,GCC,14.2.0,Release,Linux,effective_cpu_capacity=4,4,1,linux_sched_affinity+cgroup_cpu_quota,4,4,governed_vs_ungoverned,ungoverned,batch_wall_time,ms,2.3621159999999999,parallel_for,runtimes=2;items_per_runtime=128,thread_pool,not_applicable,Adaptive,4,1,4,4,4,4,3,0,not_nested,0,wait,granted,1.3220000000000001,not_requested,1,14754973877547064749,2.3621159999999999,20,governed_then_ungoverned,2,25174054,2,3,0,0
2,1.8.0,GCC,14.2.0,Release,Linux,effective_cpu_capacity=4,4,1,linux_sched_affinity+cgroup_cpu_quota,4,4,governed_vs_ungoverned,ungoverned,throughput,operations_per_second,846.6984686611496,parallel_for,runtimes=2;items_per_runtime=128,thread_pool,not_applicable,Adaptive,4,1,4,4,4,4,3,0,not_nested,0,wait,granted,1.3220000000000001,not_requested,1,14754973877547064749,2.3621159999999999,20,governed_then_ungoverned,2,25174054,2,3,0,0
2,1.8.0,GCC,14.2.0,Release,Linux,effective_cpu_capacity=4,4,1,linux_sched_affinity+cgroup_cpu_quota,4,4,governed_vs_ungoverned,ungoverned,peak_participation,threads,3,parallel_for,runtimes=2;items_per_runtime=128,thread_pool,not_applicable,Adaptive,4,1,4,4,4,4,3,0,not_nested,0,wait,granted,1.3220000000000001,not_requested,1,14754973877547064749,2.3621159999999999,20,governed_then_ungoverned,2,25174054,2,3,0,0
2,1.8.0,GCC,14.2.0,Release,Linux,effective_cpu_capacity=4,4,1,linux_sched_affinity+cgroup_cpu_quota,4,4,runtime_latency,ungoverned_runtime_0,completion_latency,ms,2.2620469999999999,parallel_for,runtimes=2;items_per_runtime=128,thread_pool,not_applicable,Adaptive,4,1,4,4,4,4,3,0,not_nested,0,wait,granted,1.3220000000000001,not_requested,1,14754973877547064749,2.2620469999999999,20,governed_then_ungoverned,2,25174054,1,3,0,0
2,1.8.0,GCC,14.2.0,Release,Linux,effective_cpu_capacity=4,4,1,linux_sched_affinity+cgroup_cpu_quota,4,4,runtime_latency,ungoverned_runtime_1,completion_latency,ms,1.91496,parallel_for,runtimes=2;items_per_runtime=128,thread_pool,not_applicable,Adaptive,4,1,4,4,4,4,2,0,not_nested,0,wait,granted,1.1220000000000001,not_requested,1,14754973877547064749,1.91496,20,governed_then_ungoverned,2,25174054,1,3,0,0
2,1.8.0,GCC,14.2.0,Release,Linux,effective_cpu_capacity=4,4,1,linux_sched_affinity+cgroup_cpu_quota,4,4,governed_vs_ungoverned,governed_2_runtimes,batch_wall_time,ms,0.240839,parallel_for,runtimes=2;items_per_runtime=32,thread_pool,not_applicable,Adaptive,4,1,4,4,4,4,3,0,not_nested,0,wait,granted,1.242,not_requested,1,10831286851329034220,0.240839,20,single,2,25174054,2,2,0,0
2,1.8.0,GCC,14.2.0,Release,Linux,effective_cpu_capacity=4,4,1,linux_sched_affinity+cgroup_cpu_quota,4,4,governed_vs_ungoverned,governed_2_runtimes,throughput,operations_per_second,8304.30287453444,parallel_for,runtimes=2;items_per_runtime=32,thread_pool,not_applicable,Adaptive,4,1,4,4,4,4,3,0,not_nested,0,wait,granted,1.242,not_requested,1,10831286851329034220,0.240839,20,single,2,25174054,2,2,0,0
2,1.8.0,GCC,14.2.0,Release,Linux,effective_cpu_capacity=4,4,1,linux_sched_affinity+cgroup_cpu_quota,4,4,governed_vs_ungoverned,governed_2_runtimes,peak_participation,threads,2,parallel_for,runtimes=2;items_per_runtime=32,thread_pool,not_applicable,Adaptive,4,1,4,4,4,4,3,0,not_nested,0,wait,granted,1.242,not_requested,1,10831286851329034220,0.240839,20,single,2,25174054,2,2,0,0
2,1.8.0,GCC,14.2.0,Release,Linux,effective_cpu_capacity=4,4,1,linux_sched_affinity+cgroup_cpu_quota,4,4,runtime_latency,governed_2_runtimes_runtime_0,completion_latency,ms,0.082031999999999994,parallel_for,runtimes=2;items_per_runtime=32,thread_pool,not_applicable,Adaptive,4,1,4,4,4,4,3,0,not_nested,0,wait,granted,1.242,not_requested,1,10831286851329034220,0.082031999999999994,20,single,2,25174054,1,2,0,0
2,1.8.0,GCC,14.2.0,Release,Linux,effective_cpu_capacity=4,4,1,linux_sched_affinity+cgroup_cpu_quota,4,4,runtime_latency,governed_2_runtimes_runtime_1,completion_latency,ms,0.13780500000000001,parallel_for,runtimes=2;items_per_runtime=32,thread_pool,not_applicable,Adaptive,4,1,4,4,4,4,1,0,not_nested,0,wait,granted,58.616999999999997,not_requested,1,10831286851329034220,0.13780500000000001,20,single,2,25174054,1,2,0,0
2,1.8.0,GCC,14.2.0,Release,Linux,effective_cpu_capacity=4,4,1,linux_sched_affinity+cgroup_cpu_quota,4,4,governed_vs_ungoverned,governed_4_runtimes,batch_wall_time,ms,0.47697000000000001,parallel_for,runtimes=4;items_per_runtime=32,thread_pool,not_applicable,Adaptive,4,1,4,4,4,4,1,0,not_nested,0,wait,granted,78.126999999999995,not_requested,1,7589314552514409162,0.47697000000000001,20,single,2,25174054,4,3,0,0
2,1.8.0,GCC,14.2.0,Release,Linux,effective_cpu_capacity=4,4,1,linux_sched_affinity+cgroup_cpu_quota,4,4,governed_vs_ungoverned,governed_4_runtimes,throughput,operations_per_second,8386.2716732708559,parallel_for,runtimes=4;items_per_runtime=32,thread_pool,not_applicable,Adaptive,4,1,4,4,4,4,1,0,not_nested,0,wait,granted,78.126999999999995,not_requested,1,7589314552514409162,0.47697000000000001,20,single,2,25174054,4,3,0,0
2,1.8.0,GCC,14.2.0,Release,Linux,effective_cpu_capacity=4,4,1,linux_sched_affinity+cgroup_cpu_quota,4,4,governed_vs_ungoverned,governed_4_runtimes,peak_participation,threads,3,parallel_for,runtimes=4;items_per_runtime=32,thread_pool,not_applicable,Adaptive,4,1,4,4,4,4,1,0,not_nested,0,wait,granted,78.126999999999995,not_requested,1,7589314552514409162,0.47697000000000001,20,single,2,25174054,4,3,0,0
2,1.8.0,GCC,14.2.0,Release,Linux,effective_cpu_capacity=4,4,1,linux_sched_affinity+cgroup_cpu_quota,4,4,runtime_latency,governed_4_runtimes_runtime_0,completion_latency,ms,0.191936,parallel_for,runtimes=4;items_per_runtime=32,thread_pool,not_applicable,Adaptive,4,1,4,4,4,4,1,0,not_nested,0,wait,granted,78.126999999999995,not_requested,1,7589314552514409162,0.191936,20,single,2,25174054,1,3,0,0
2,1.8.0,GCC,14.2.0,Release,Linux,effective_cpu_capacity=4,4,1,linux_sched_affinity+cgroup_cpu_quota,4,4,runtime_latency,governed_4_runtimes_runtime_1,completion_latency,ms,0.074701000000000004,parallel_for,runtimes=4;items_per_runtime=32,thread_pool,not_applicable,Adaptive,4,1,4,4,4,4,2,0,not_nested,0,wait,granted,1.012,not_requested,1,7589314552514409162,0.074701000000000004,20,single,2,25174054,1,3,0,0
2,1.8.0,GCC,14.2.0,Release,Linux,effective_cpu_capacity=4,4,1,linux_sched_affinity+cgroup_cpu_quota,4,4,runtime_latency,governed_4_runtimes_runtime_2,completion_latency,ms,0.365344,parallel_for,runtimes=4;items_per_runtime=32,thread_pool,not_applicable,Adaptive,4,1,4,4,4,4,3,0,not_nested,0,wait,granted,260.88799999999998,not_requested,1,7589314552514409162,0.365344,20,single,2,25174054,1,3,0,0
2,1.8.0,GCC,14.2.0,Release,Linux,effective_cpu_capacity=4,4,1,linux_sched_affinity+cgroup_cpu_quota,4,4,runtime_latency,governed_4_runtimes_runtime_3,completion_latency,ms,0.258855,parallel_for,runtimes=4;items_per_runtime=32,thread_pool,not_applicable,Adaptive,4,1,4,4,4,4,2,0,not_nested,0,wait,granted,173.839,not_requested,1,7589314552514409162,0.258855,20,single,2,25174054,1,3,0,0
2,1.8.0,GCC,14.2.0,Release,Linux,effective_cpu_capacity=4,4,1,linux_sched_affinity+cgroup_cpu_quota,4,4,governed_vs_ungoverned,governed_8_runtimes,batch_wall_time,ms,0.89467200000000002,parallel_for,runtimes=8;items_per_runtime=32,thread_pool,not_applicable,Adaptive,4,1,4,4,4,4,2,0,not_nested,0,wait,granted,216.83199999999999,not_requested,1,3424649268515386025,0.89467200000000002,20,single,2,25174054,8,3,0,0
2,1.8.0,GCC,14.2.0,Release,Linux,effective_cpu_capacity=4,4,1,linux_sched_affinity+cgroup_cpu_quota,4,4,governed_vs_ungoverned,governed_8_runtimes,throughput,operations_per_second,8941.8244898689136,parallel_for,runtimes=8;items_per_runtime=32,thread_pool,not_applicable,Adaptive,4,1,4,4,4,4,2,0,not_nested,0,wait,granted,216.83199999999999,not_requested,1,3424649268515386025,0.89467200000000002,20,single,2,25174054,8,3,0,0
2,1.8.0,GCC,14.2.0,Release,Linux,effective_cpu_capacity=4,4,1,linux_sched_affinity+cgroup_cpu_quota,4,4,governed_vs_ungoverned,governed_8_runtimes,peak_participation,threads,3,parallel_for,runtimes=8;items_per_runtime=32,thread_pool,not_applicable,Adaptive,4,1,4,4,4,4,2,0,not_nested,0,wait,granted,216.83199999999999,not_requested,1,3424649268515386025,0.89467200000000002,20,single,2,25174054,8,3,0,0
2,1.8.0,GCC,14.2.0,Release,Linux,effective_cpu_capacity=4,4,1,linux_sched_affinity+cgroup_cpu_quota,4,4,runtime_latency,governed_8_runtimes_runtime_0,completion_latency,ms,0.30095699999999997,parallel_for,runtimes=8;items_per_runtime=32,thread_pool,not_applicable,Adaptive,4,1,4,4,4,4,2,0,not_nested,0,wait,granted,216.83199999999999,not_requested,1,3424649268515386025,0.30095699999999997,20,single,2,25174054,1,3,0,0
2,1.8.0,GCC,14.2.0,Release,Linux,effective_cpu_capacity=4,4,1,linux_sched_affinity+cgroup_cpu_quota,4,4,runtime_latency,governed_8_runtimes_runtime_1,completion_latency,ms,0.102432,parallel_for,runtimes=8;items_per_runtime=32,thread_pool,not_applicable,Adaptive,4,1,4,4,4,4,2,0,not_nested,0,wait,granted,0.751,not_requested,1,3424649268515386025,0.102432,20,single,2,25174054,1,3,0,0
2,1.8.0,GCC,14.2.0,Release,Linux,effective_cpu_capacity=4,4,1,linux_sched_affinity+cgroup_cpu_quota,4,4,runtime_latency,governed_8_runtimes_runtime_2,completion_latency,ms,0.20694799999999999,parallel_for,runtimes=8;items_per_runtime=32,thread_pool,not_applicable,Adaptive,4,1,4,4,4,4,3,0,not_nested,0,wait,granted,104.65600000000001,not_requested,1,3424649268515386025,0.20694799999999999,20,single,2,25174054,1,3,0,0
2,1.8.0,GCC,14.2.0,Release,Linux,effective_cpu_capacity=4,4,1,linux_sched_affinity+cgroup_cpu_quota,4,4,runtime_latency,governed_8_runtimes_runtime_3,completion_latency,ms,0.54264800000000002,parallel_for,runtimes=8;items_per_runtime=32,thread_pool,not_applicable,Adaptive,4,1,4,4,4,4,3,0,not_nested,0,wait,granted,497.75099999999998,not_requested,1,3424649268515386025,0.54264800000000002,20,single,2,25174054,1,3,0,0
2,1.8.0,GCC,14.2.0,Release,Linux,effective_cpu_capacity=4,4,1,linux_sched_affinity+cgroup_cpu_quota,4,4,runtime_latency,governed_8_runtimes_runtime_4,completion_latency,ms,0.40095700000000001,parallel_for,runtimes=8;items_per_runtime=32,thread_pool,not_applicable,Adaptive,4,1,4,4,4,4,3,0,not_nested,0,wait,granted,298.464,not_requested,1,3424649268515386025,0.40095700000000001,20,single,2,25174054,1,3,0,0
2,1.8.0,GCC,14.2.0,Release,Linux,effective_cpu_capacity=4,4,1,linux_sched_affinity+cgroup_cpu_quota,4,4,runtime_latency,governed_8_runtimes_runtime_5,completion_latency,ms,0.61741900000000005,parallel_for,runtimes=8;items_per_runtime=32,thread_pool,not_applicable,Adaptive,4,1,4,4,4,4,2,0,not_nested,0,wait,granted,540.67499999999995,not_requested,1,3424649268515386025,0.61741900000000005,20,single,2,25174054,1,3,0,0
2,1.8.0,GCC,14.2.0,Release,Linux,effective_cpu_capacity=4,4,1,linux_sched_affinity+cgroup_cpu_quota,4,4,runtime_latency,governed_8_runtimes_runtime_6,completion_latency,ms,0.72048299999999998,parallel_for,runtimes=8;items_per_runtime=32,thread_pool,not_applicable,Adaptive,4,1,4,4,4,4,4,0,not_nested,0,wait,granted,611.15899999999999,not_requested,1,3424649268515386025,0.72048299999999998,20,single,2,25174054,1,3,0,0
2,1.8.0,GCC,14.2.0,Release,Linux,effective_cpu_capacity=4,4,1,linux_sched_affinity+cgroup_cpu_quota,4,4,runtime_latency,governed_8_runtimes_runtime_7,completion_latency,ms,0.48387000000000002,parallel_for,runtimes=8;items_per_runtime=32,thread_pool,not_applicable,Adaptive,4,1,4,4,4,4,2,0,not_nested,0,wait,granted,410.35000000000002,not_requested,1,3424649268515386025,0.48387000000000002,20,single,2,25174054,1,3,0,0
2,1.8.0,GCC,14.2.0,Release,Linux,effective_cpu_capacity=4,4,1,linux_sched_affinity+cgroup_cpu_quota,1,1,governed_vs_ungoverned,budget_1,batch_wall_time,ms,0.14604700000000001,parallel_for,runtimes=2;items_per_runtime=32,thread_pool,not_applicable,Adaptive,1,1,1,1,1,1,1,0,not_nested,0,wait,granted,0.88100000000000001,not_requested,1,10831286851329034220,0.14604700000000001,20,single,2,25174054,2,1,0,0
2,1.8.0,GCC,14.2.0,Release,Linux,effective_cpu_capacity=4,4,1,linux_sched_affinity+cgroup_cpu_quota,1,1,governed_vs_ungoverned,budget_1,throughput,operations_per_second,13694.221723143919,parallel_for,runtimes=2;items_per_runtime=32,thread_pool,not_applicable,Adaptive,1,1,1,1,1,1,1,0,not_nested,0,wait,granted,0.88100000000000001,not_requested,1,10831286851329034220,0.14604700000000001,20,single,2,25174054,2,1,0,0
2,1.8.0,GCC,14.2.0,Release,Linux,effective_cpu_capacity=4,4,1,linux_sched_affinity+cgroup_cpu_quota,1,1,governed_vs_ungoverned,budget_1,peak_participation,threads,1,parallel_for,runtimes=2;items_per_runtime=32,thread_pool,not_applicable,Adaptive,1,1,1,1,1,1,1,0,not_nested,0,wait,granted,0.88100000000000001,not_requested,1,10831286851329034220,0.14604700000000001,20,single,2,25174054,2,1,0,0
2,1.8.0,GCC,14.2.0,Release,Linux,effective_cpu_capacity=4,4,1,linux_sched_affinity+cgroup_cpu_quota,1,1,runtime_latency,budget_1_runtime_0,completion_latency,ms,0.047940999999999998,parallel_for,runtimes=2;items_per_runtime=32,thread_pool,not_applicable,Adaptive,1,1,1,1,1,1,1,0,not_nested,0,wait,granted,0.88100000000000001,not_requested,1,10831286851329034220,0.047940999999999998,20,single,2,25174054,1,1,0,0
2,1.8.0,GCC,14.2.0,Release,Linux,effective_cpu_capacity=4,4,1,linux_sched_affinity+cgroup_cpu_quota,1,1,runtime_latency,budget_1_runtime_1,completion_latency,ms,0.081961999999999993,parallel_for,runtimes=2;items_per_runtime=32,thread_pool,not_applicable,Adaptive,1,1,1,1,1,1,1,0,not_nested,0,wait,granted,38.216999999999999,not_requested,1,10831286851329034220,0.081961999999999993,20,single,2,25174054,1,1,0,0
2,1.8.0,GCC,14.2.0,Release,Linux,effective_cpu_capacity=4,4,1,linux_sched_affinity+cgroup_cpu_quota,2,2,governed_vs_ungoverned,budget_2,batch_wall_time,ms,0.173738,parallel_for,runtimes=2;items_per_runtime=32,thread_pool,not_applicable,Adaptive,2,1,2,2,2,2,2,0,not_nested,0,wait,granted,0.97099999999999997,not_requested,1,10831286851329034220,0.173738,20,single,2,25174054,2,2,0,0
2,1.8.0,GCC,14.2.0,Release,Linux,effective_cpu_capacity=4,4,1,linux_sched_affinity+cgroup_cpu_quota,2,2,governed_vs_ungoverned,budget_2,throughput,operations_per_second,11511.5864117234,parallel_for,runtimes=2;items_per_runtime=32,thread_pool,not_applicable,Adaptive,2,1,2,2,2,2,2,0,not_nested,0,wait,granted,0.97099999999999997,not_requested,1,10831286851329034220,0.173738,20,single,2,25174054,2,2,0,0
2,1.8.0,GCC,14.2.0,Release,Linux,effective_cpu_capacity=4,4,1,linux_sched_affinity+cgroup_cpu_quota,2,2,governed_vs_ungoverned,budget_2,peak_participation,threads,2,parallel_for,runtimes=2;items_per_runtime=32,thread_pool,not_applicable,Adaptive,2,1,2,2,2,2,2,0,not_nested,0,wait,granted,0.97099999999999997,not_requested,1,10831286851329034220,0.173738,20,single,2,25174054,2,2,0,0
2,1.8.0,GCC,14.2.0,Release,Linux,effective_cpu_capacity=4,4,1,linux_sched_affinity+cgroup_cpu_quota,2,2,runtime_latency,budget_2_runtime_0,completion_latency,ms,0.066709000000000004,parallel_for,runtimes=2;items_per_runtime=32,thread_pool,not_applicable,Adaptive,2,1,2,2,2,2,2,0,not_nested,0,wait,granted,0.97099999999999997,not_requested,1,10831286851329034220,0.066709000000000004,20,single,2,25174054,1,2,0,0
2,1.8.0,GCC,14.2.0,Release,Linux,effective_cpu_capacity=4,4,1,linux_sched_affinity+cgroup_cpu_quota,2,2,runtime_latency,budget_2_runtime_1,completion_latency,ms,0.115803,parallel_for,runtimes=2;items_per_runtime=32,thread_pool,not_applicable,Adaptive,2,1,2,2,2,2,1,0,not_nested,0,wait,granted,67.299999999999997,not_requested,1,10831286851329034220,0.115803,20,single,2,25174054,1,2,0,0
2,1.8.0,GCC,14.2.0,Release,Linux,effective_cpu_capacity=4,4,1,linux_sched_affinity+cgroup_cpu_quota,4,4,governed_vs_ungoverned,budget_4,batch_wall_time,ms,0.19586100000000001,parallel_for,runtimes=2;items_per_runtime=64,thread_pool,not_applicable,Adaptive,4,1,4,4,4,4,3,0,not_nested,0,wait,granted,0.65100000000000002,not_requested,1,7589314552514409162,0.19586100000000001,20,single,2,25174054,2,2,0,0
2,1.8.0,GCC,14.2.0,Release,Linux,effective_cpu_capacity=4,4,1,linux_sched_affinity+cgroup_cpu_quota,4,4,governed_vs_ungoverned,budget_4,throughput,operations_per_second,10211.323336447787,parallel_for,runtimes=2;items_per_runtime=64,thread_pool,not_applicable,Adaptive,4,1,4,4,4,4,3,0,not_nested,0,wait,granted,0.65100000000000002,not_requested,1,7589314552514409162,0.19586100000000001,20,single,2,25174054,2,2,0,0
2,1.8.0,GCC,14.2.0,Release,Linux,effective_cpu_capacity=4,4,1,linux_sched_affinity+cgroup_cpu_quota,4,4,governed_vs_ungoverned,budget_4,peak_participation,threads,2,parallel_for,runtimes=2;items_per_runtime=64,thread_pool,not_applicable,Adaptive,4,1,4,4,4,4,3,0,not_nested,0,wait,granted,0.65100000000000002,not_requested,1,7589314552514409162,0.19586100000000001,20,single,2,25174054,2,2,0,0
2,1.8.0,GCC,14.2.0,Release,Linux,effective_cpu_capacity=4,4,1,linux_sched_affinity+cgroup_cpu_quota,4,4,runtime_latency,budget_4_runtime_0,completion_latency,ms,0.069774000000000003,parallel_for,runtimes=2;items_per_runtime=64,thread_pool,not_applicable,Adaptive,4,1,4,4,4,4,3,0,not_nested,0,wait,granted,0.65100000000000002,not_requested,1,7589314552514409162,0.069774000000000003,20,single,2,25174054,1,2,0,0
2,1.8.0,GCC,14.2.0,Release,Linux,effective_cpu_capacity=4,4,1,linux_sched_affinity+cgroup_cpu_quota,4,4,runtime_latency,budget_4_runtime_1,completion_latency,ms,0.134049,parallel_for,runtimes=2;items_per_runtime=64,thread_pool,not_applicable,Adaptive,4,1,4,4,4,4,3,0,not_nested,0,wait,granted,65.738,not_requested,1,7589314552514409162,0.134049,20,single,2,25174054,1,2,0,0
2,1.8.0,GCC,14.2.0,Release,Linux,effective_cpu_capacity=4,4,1,linux_sched_affinity+cgroup_cpu_quota,4,1,governor_overhead,uncontended_exact_acquire_release,latency,us_per_acquire_release,0.14624799999999999,parallel_for,,,not_applicable,Adaptive,1,1,1,1,1,1,1,0,not_nested,1,fail_immediately,granted,0.080000000000000002,not_requested,1,,0.000146248,21,single,2,25174054,1000,1,0,0
2,1.8.0,GCC,14.2.0,Release,Linux,effective_cpu_capacity=4,4,1,linux_sched_affinity+cgroup_cpu_quota,4,1,governor_overhead,inherited_nested_lease,latency,us_per_acquire_release,0.016955999999999999,parallel_for,,,not_applicable,Adaptive,1,1,1,1,1,1,1,1,reuse_parent,1,fail_immediately,granted,0.080000000000000002,not_requested,1,,0.000146248,21,single,2,25174054,1000,1,0,0
2,1.8.0,GCC,14.2.0,Release,Linux,effective_cpu_capacity=4,4,1,linux_sched_affinity+cgroup_cpu_quota,4,4,governor_overhead,flexible_partial_grant,latency,us_per_acquire_release,0.34000000000000002,parallel_for,,,not_applicable,Adaptive,4,1,4,4,1,1,1,0,not_nested,0,fail_immediately,granted,0.20000000000000001,not_requested,1,,0.000146248,21,single,2,25174054,1,1,0,0
2,1.8.0,GCC,14.2.0,Release,Linux,effective_cpu_capacity=4,4,1,linux_sched_affinity+cgroup_cpu_quota,4,4,governor_overhead,immediate_failure,latency,us_per_acquire_release,0.40999999999999998,parallel_for,,,not_applicable,Adaptive,4,4,4,4,0,0,0,0,not_nested,1,fail_immediately,would_block,0,not_requested,1,,0.000146248,21,single,2,25174054,1,1,0,0
2,1.8.0,GCC,14.2.0,Release,Linux,effective_cpu_capacity=4,4,1,linux_sched_affinity+cgroup_cpu_quota,4,4,governor_overhead,direct_cancellation_notification,latency,us,16.905000000000001,parallel_for,,,not_applicable,Adaptive,4,4,4,4,0,0,0,0,not_nested,1,wait,cancelled,9.0429999999999993,requested,1,,0.016905,21,single,2,25174054,1,0,0,0
2,1.8.0,GCC,14.2.0,Release,Linux,effective_cpu_capacity=4,4,1,linux_sched_affinity+cgroup_cpu_quota,4,4,admission_fairness,large_exact_request,completion_rank,rank,5,parallel_for,one_large_exact_plus_eight_small_exact,,not_applicable,Adaptive,4,4,4,4,4,4,4,0,not_nested,1,wait,granted,363.86099999999999,not_requested,1,,0,21,single,2,25174054,1,0,4,363.86099999999999
2,1.8.0,GCC,14.2.0,Release,Linux,effective_cpu_capacity=4,4,1,linux_sched_affinity+cgroup_cpu_quota,4,4,admission_fairness,small_request_0,completion_rank,rank,1,parallel_for,one_large_exact_plus_eight_small_exact,,not_applicable,Adaptive,1,1,1,1,1,1,1,0,not_nested,1,wait,granted,2.1030000000000002,not_requested,1,,0,21,single,2,25174054,1,0,4,2.1030000000000002
2,1.8.0,GCC,14.2.0,Release,Linux,effective_cpu_capacity=4,4,1,linux_sched_affinity+cgroup_cpu_quota,4,4,admission_fairness,small_request_1,completion_rank,rank,2,parallel_for,one_large_exact_plus_eight_small_exact,,not_applicable,Adaptive,1,1,1,1,1,1,1,0,not_nested,1,wait,granted,12.238,not_requested,1,,0,21,single,2,25174054,1,0,4,12.238
2,1.8.0,GCC,14.2.0,Release,Linux,effective_cpu_capacity=4,4,1,linux_sched_affinity+cgroup_cpu_quota,4,4,admission_fairness,small_request_2,completion_rank,rank,3,parallel_for,one_large_exact_plus_eight_small_exact,,not_applicable,Adaptive,1,1,1,1,1,1,1,0,not_nested,1,wait,granted,27.491,not_requested,1,,0,21,single,2,25174054,1,0,4,27.491
2,1.8.0,GCC,14.2.0,Release,Linux,effective_cpu_capacity=4,4,1,linux_sched_affinity+cgroup_cpu_quota,4,4,admission_fairness,small_request_3,completion_rank,rank,4,parallel_for,one_large_exact_plus_eight_small_exact,,not_applicable,Adaptive,1,1,1,1,1,1,1,0,not_nested,1,wait,granted,0.751,not_requested,1,,0,21,single,2,25174054,1,0,4,0.751
2,1.8.0,GCC,14.2.0,Release,Linux,effective_cpu_capacity=4,4,1,linux_sched_affinity+cgroup_cpu_quota,4,4,admission_fairness,small_request_4,completion_rank,rank,8,parallel_for,one_large_exact_plus_eight_small_exact,,not_applicable,Adaptive,1,1,1,1,1,1,1,0,not_nested,1,wait,granted,1345.5229999999999,not_requested,1,,0,21,single,2,25174054,1,0,4,1345.5229999999999
2,1.8.0,GCC,14.2.0,Release,Linux,effective_cpu_capacity=4,4,1,linux_sched_affinity+cgroup_cpu_quota,4,4,admission_fairness,small_request_5,completion_rank,rank,9,parallel_for,one_large_exact_plus_eight_small_exact,,not_applicable,Adaptive,1,1,1,1,1,1,1,0,not_nested,1,wait,granted,1168.8900000000001,not_requested,1,,0,21,single,2,25174054,1,0,4,1168.8900000000001
2,1.8.0,GCC,14.2.0,Release,Linux,effective_cpu_capacity=4,4,1,linux_sched_affinity+cgroup_cpu_quota,4,4,admission_fairness,small_request_6,completion_rank,rank,7,parallel_for,one_large_exact_plus_eight_small_exact,,not_applicable,Adaptive,1,1,1,1,1,1,1,0,not_nested,1,wait,granted,1121.1790000000001,not_requested,1,,0,21,single,2,25174054,1,0,4,1121.1790000000001
2,1.8.0,GCC,14.2.0,Release,Linux,effective_cpu_capacity=4,4,1,linux_sched_affinity+cgroup_cpu_quota,4,4,admission_fairness,small_request_7,completion_rank,rank,6,parallel_for,one_large_exact_plus_eight_small_exact,,not_applicable,Adaptive,1,1,1,1,1,1,1,0,not_nested,1,wait,granted,1102.662,not_requested,1,,0,21,single,2,25174054,1,0,4,1102.662
2,1.8.0,GCC,14.2.0,Release,Linux,effective_cpu_capacity=4,4,1,linux_sched_affinity+cgroup_cpu_quota,4,4,adaptive_partial_grant,available_one_of_preferred_budget,granted_workers,threads,1,parallel_for,,thread_pool,not_applicable,Adaptive,4,1,4,4,1,1,1,0,not_nested,0,wait,granted,0.34100000000000003,not_requested,1,,0.099007999999999999,21,single,2,25174054,1,1,0,0
2,1.8.0,GCC,14.2.0,Release,Linux,effective_cpu_capacity=4,4,1,linux_sched_affinity+cgroup_cpu_quota,4,4,nested_execution,depth_1,peak_participation,threads,1,parallel_for,depth=1;leaves=2,thread_pool,not_applicable,Adaptive,2,1,2,4,2,2,1,0,not_nested,0,wait,granted,0.28100000000000003,not_requested,1,,0.033419999999999998,21,single,2,25174054,1,1,0,0
2,1.8.0,GCC,14.2.0,Release,Linux,effective_cpu_capacity=4,4,1,linux_sched_affinity+cgroup_cpu_quota,4,4,nested_execution,depth_2,peak_participation,threads,1,parallel_for,depth=2;leaves=4,thread_pool,not_applicable,Adaptive,2,1,2,4,2,2,1,0,not_nested,0,wait,granted,0.47999999999999998,not_requested,1,,0.031177,21,single,2,25174054,1,1,0,0
2,1.8.0,GCC,14.2.0,Release,Linux,effective_cpu_capacity=4,4,1,linux_sched_affinity+cgroup_cpu_quota,4,4,nested_execution,depth_3,peak_participation,threads,1,parallel_for,depth=3;leaves=8,thread_pool,not_applicable,Adaptive,2,1,2,4,2,2,1,0,not_nested,0,wait,granted,0.41099999999999998,not_requested,1,,0.025949,21,single,2,25174054,1,1,0,0
2,1.8.0,GCC,14.2.0,Release,Linux,effective_cpu_capacity=4,4,1,linux_sched_affinity+cgroup_cpu_quota,4,4,nested_execution,depth_4,peak_participation,threads,1,parallel_for,depth=4;leaves=16,thread_pool,not_applicable,Adaptive,2,1,2,4,2,2,1,0,not_nested,0,wait,granted,0.27000000000000002,not_requested,1,,0.024226000000000001,21,single,2,25174054,1,1,0,0
2,1.8.0,GCC,14.2.0,Release,Linux,effective_cpu_capacity=4,4,1,linux_sched_affinity+cgroup_cpu_quota,1,1,scheduler_comparison,sequential,duration,ms,0.40444200000000002,parallel_for,,sequential,not_applicable,Adaptive,1,1,1,1,1,1,1,0,not_nested,0,wait,granted,0.20999999999999999,not_requested,1,5314921549994187984,0.40444200000000002,21,single,2,25174054,1,1,0,0
2,1.8.0,GCC,14.2.0,Release,Linux,effective_cpu_capacity=4,4,1,linux_sched_affinity+cgroup_cpu_quota,4,4,scheduler_comparison,thread_pool,duration,ms,0.28877999999999998,parallel_for,,thread_pool,not_applicable,Adaptive,4,1,4,4,4,4,2,0,not_nested,0,wait,granted,0.17000000000000001,not_requested,1,5314921549994187984,0.28877999999999998,21,single,2,25174054,1,2,0,0
2,1.8.0,GCC,14.2.0,Release,Linux,effective_cpu_capacity=4,4,1,linux_sched_affinity+cgroup_cpu_quota,4,4,scheduler_comparison,static_thread,duration,ms,0.25878600000000002,parallel_for,,static_thread,not_applicable,Adaptive,4,1,4,4,4,4,4,0,not_nested,0,wait,granted,0.43099999999999999,not_requested,1,5314921549994187984,0.25878600000000002,21,single,2,25174054,1,4,0,0
2,1.8.0,GCC,14.2.0,Release,Linux,effective_cpu_capacity=4,4,1,linux_sched_affinity+cgroup_cpu_quota,4,4,deterministic_exact_grant,success,accepted,boolean,1,parallel_for,,thread_pool,not_applicable,Deterministic,4,4,4,4,4,4,1,0,not_nested,1,fail_immediately,granted,0.52100000000000002,not_requested,1,,0,21,single,2,25174054,1,0,0,0
2,1.8.0,GCC,14.2.0,Release,Linux,effective_cpu_capacity=4,4,1,linux_sched_affinity+cgroup_cpu_quota,4,4,deterministic_exact_grant,insufficient_budget_failure,accepted,boolean,1,parallel_for,,,not_applicable,Deterministic,4,4,4,4,0,0,0,0,not_nested,1,fail_immediately,would_block,0,not_requested,1,,0,21,single,2,25174054,1,0,0,0
2,1.8.0,GCC,14.2.0,Release,Linux,effective_cpu_capacity=4,4,1,linux_sched_affinity+cgroup_cpu_quota,4,4,governed_vs_ungoverned,governed,batch_wall_time,ms,2.3737330000000001,parallel_for,runtimes=2;items_per_runtime=128,thread_pool,not_applicable,Adaptive,4,1,4,4,4,4,3,0,not_nested,0,wait,granted,0.83099999999999996,not_requested,1,14754973877547064749,2.3737330000000001,21,ungoverned_then_governed,2,25174054,2,3,0,0
2,1.8.0,GCC,14.2.0,Release,Linux,effective_cpu_capacity=4,4,1,linux_sched_affinity+cgroup_cpu_quota,4,4,governed_vs_ungoverned,governed,throughput,operations_per_second,842.55474394129408,parallel_for,runtimes=2;items_per_runtime=128,thread_pool,not_applicable,Adaptive,4,1,4,4,4,4,3,0,not_nested,0,wait,granted,0.83099999999999996,not_requested,1,14754973877547064749,2.3737330000000001,21,ungoverned_then_governed,2,25174054,2,3,0,0
2,1.8.0,GCC,14.2.0,Release,Linux,effective_cpu_capacity=4,4,1,linux_sched_affinity+cgroup_cpu_quota,4,4,governed_vs_ungoverned,governed,peak_participation,threads,3,parallel_for,runtimes=2;items_per_runtime=128,thread_pool,not_applicable,Adaptive,4,1,4,4,4,4,3,0,not_nested,0,wait,granted,0.83099999999999996,not_requested,1,14754973877547064749,2.3737330000000001,21,ungoverned_then_governed,2,25174054,2,3,0,0
2,1.8.0,GCC,14.2.0,Release,Linux,effective_cpu_capacity=4,4,1,linux_sched_affinity+cgroup_cpu_quota,4,4,runtime_latency,governed_runtime_0,completion_latency,ms,1.153327,parallel_for,runtimes=2;items_per_runtime=128,thread_pool,not_applicable,Adaptive,4,1,4,4,4,4,3,0,not_nested,0,wait,granted,0.83099999999999996,not_requested,1,14754973877547064749,1.153327,21,ungoverned_then_governed,2,25174054,1,3,0,0
2,1.8.0,GCC,14.2.0,Release,Linux,effective_cpu_capacity=4,4,1,linux_sched_affinity+cgroup_cpu_quota,4,4,runtime_latency,governed_runtime_1,completion_latency,ms,2.3076940000000001,parallel_for,runtimes=2;items_per_runtime=128,thread_pool,not_applicable,Adaptive,4,1,4,4,4,4,3,0,not_nested,0,wait,granted,1154.9490000000001,not_requested,1,14754973877547064749,2.3076940000000001,21,ungoverned_then_governed,2,25174054,1,3,0,0
2,1.8.0,GCC,14.2.0,Release,Linux,effective_cpu_capacity=4,4,1,linux_sched_affinity+cgroup_cpu_quota,4,4,governed_vs_ungoverned,ungoverned,batch_wall_time,ms,1.995871,parallel_for,runtimes=2;items_per_runtime=128,thread_pool,not_applicable,Adaptive,4,1,4,4,4,4,4,0,not_nested,0,wait,granted,0.79200000000000004,not_requested,1,14754973877547064749,1.995871,21,ungoverned_then_governed,2,25174054,2,5,0,0
2,1.8.0,GCC,14.2.0,Release,Linux,effective_cpu_capacity=4,4,1,linux_sched_affinity+cgroup_cpu_quota,4,4,governed_vs_ungoverned,ungoverned,throughput,operations_per_second,1002.0687709776836,parallel_for,runtimes=2;items_per_runtime=128,thread_pool,not_applicable,Adaptive,4,1,4,4,4,4,4,0,not_nested,0,wait,granted,0.79200000000000004,not_requested,1,14754973877547064749,1.995871,21,ungoverned_then_governed,2,25174054,2,5,0,0
2,1.8.0,GCC,14.2.0,Release,Linux,effective_cpu_capacity=4,4,1,linux_sched_affinity+cgroup_cpu_quota,4,4,governed_vs_ungoverned,ungoverned,peak_participation,threads,5,parallel_for,runtimes=2;items_per_runtime=128,thread_pool,not_applicable,Adaptive,4,1,4,4,4,4,4,0,not_nested,0,wait,granted,0.79200000000000004,not_requested,1,14754973877547064749,1.995871,21,ungoverned_then_governed,2,25174054,2,5,0,0
2,1.8.0,GCC,14.2.0,Release,Linux,effective_cpu_capacity=4,4,1,linux_sched_affinity+cgroup_cpu_quota,4,4,runtime_latency,ungoverned_runtime_0,completion_latency,ms,1.931916,parallel_for,runtimes=2;items_per_runtime=128,thread_pool,not_applicable,Adaptive,4,1,4,4,4,4,4,0,not_nested,0,wait,granted,0.79200000000000004,not_requested,1,14754973877547064749,1.931916,21,ungoverned_then_governed,2,25174054,1,5,0,0
2,1.8.0,GCC,14.2.0,Release,Linux,effective_cpu_capacity=4,4,1,linux_sched_affinity+cgroup_cpu_quota,4,4,runtime_latency,ungoverned_runtime_1,completion_latency,ms,1.2015480000000001,parallel_for,runtimes=2;items_per_runtime=128,thread_pool,not_applicable,Adaptive,4,1,4,4,4,4,3,0,not_nested,0,wait,granted,0.86099999999999999,not_requested,1,14754973877547064749,1.2015480000000001,21,ungoverned_then_governed,2,25174054,1,5,0,0
2,1.8.0,GCC,14.2.0,Release,Linux,effective_cpu_capacity=4,4,1,linux_sched_affinity+cgroup_cpu_quota,4,4,governed_vs_ungoverned,governed_2_runtimes,batch_wall_time,ms,0.20757900000000001,parallel_for,runtimes=2;items_per_runtime=32,thread_pool,not_applicable,Adaptive,4,1,4,4,4,4,2,0,not_nested,0,wait,granted,0.90100000000000002,not_requested,1,10831286851329034220,0.20757900000000001,21,single,2,25174054,2,2,0,0
2,1.8.0,GCC,14.2.0,Release,Linux,effective_cpu_capacity=4,4,1,linux_sched_affinity+cgroup_cpu_quota,4,4,governed_vs_ungoverned,governed_2_runtimes,throughput,operations_per_second,9634.8859952114599,parallel_for,runtimes=2;items_per_runtime=32,thread_pool,not_applicable,Adaptive,4,1,4,4,4,4,2,0,not_nested,0,wait,granted,0.90100000000000002,not_requested,1,10831286851329034220,0.20757900000000001,21,single,2,25174054,2,2,0,0
2,1.8.0,GCC,14.2.0,Release,Linux,effective_cpu_capacity=4,4,1,linux_sched_affinity+cgroup_cpu_quota,4,4,governed_vs_ungoverned,governed_2_runtimes,peak_participation,threads,2,parallel_for,runtimes=2;items_per_runtime=32,thread_pool,not_applicable,Adaptive,4,1,4,4,4,4,2,0,not_nested,0,wait,granted,0.90100000000000002,not_requested,1,10831286851329034220,0.20757900000000001,21,single,2,25174054,2,2,0,0
2,1.8.0,GCC,14.2.0,Release,Linux,effective_cpu_capacity=4,4,1,linux_sched_affinity+cgroup_cpu_quota,4,4,runtime_latency,governed_2_runtimes_runtime_0,completion_latency,ms,0.057965999999999997,parallel_for,runtimes=2;items_per_runtime=32,thread_pool,not_applicable,Adaptive,4,1,4,4,4,4,2,0,not_nested,0,wait,granted,0.90100000000000002,not_requested,1,10831286851329034220,0.057965999999999997,21,single,2,25174054,1,2,0,0
2,1.8.0,GCC,14.2.0,Release,Linux,effective_cpu_capacity=4,4,1,linux_sched_affinity+cgroup_cpu_quota,4,4,runtime_latency,governed_2_runtimes_runtime_1,completion_latency,ms,0.13178599999999999,parallel_for,runtimes=2;items_per_runtime=32,thread_pool,not_applicable,Adaptive,4,1,4,4,4,4,3,0,not_nested,0,wait,granted,47.149999999999999,not_requested,1,10831286851329034220,0.13178599999999999,21,single,2,25174054,1,2,0,0
2,1.8.0,GCC,14.2.0,Release,Linux,effective_cpu_capacity=4,4,1,linux_sched_affinity+cgroup_cpu_quota,4,4,governed_vs_ungoverned,governed_4_runtimes,batch_wall_time,ms,0.47966399999999998,parallel_for,runtimes=4;items_per_runtime=32,thread_pool,not_applicable,Adaptive,4,1,4,4,4,4,3,0,not_nested,0,wait,granted,243.13200000000001,not_requested,1,7589314552514409162,0.47966399999999998,21,single,2,25174054,4,3,0,0
2,1.8.0,GCC,14.2.0,Release,Linux,effective_cpu_capacity=4,4,1,linux_sched_affinity+cgroup_cpu_quota,4,4,governed_vs_ungoverned,governed_4_runtimes,throughput,operations_per_second,8339.1707528603365,parallel_for,runtimes=4;items_per_runtime=32,thread_pool,not_applicable,Adaptive,4,1,4,4,4,4,3,0,not_nested,0,wait,granted,243.13200000000001,not_requested,1,7589314552514409162,0.47966399999999998,21,single,2,25174054,4,3,0,0
2,1.8.0,GCC,14.2.0,Release,Linux,effective_cpu_capacity=4,4,1,linux_sched_affinity+cgroup_cpu_quota,4,4,governed_vs_ungoverned,governed_4_runtimes,peak_participation,threads,3,parallel_for,runtimes=4;items_per_runtime=32,thread_pool,not_applicable,Adaptive,4,1,4,4,4,4,3,0,not_nested,0,wait,granted,243.13200000000001,not_requested,1,7589314552514409162,0.47966399999999998,21,single,2,25174054,4,3,0,0
2,1.8.0,GCC,14.2.0,Release,Linux,effective_cpu_capacity=4,4,1,linux_sched_affinity+cgroup_cpu_quota,4,4,runtime_latency,governed_4_runtimes_runtime_0,completion_latency,ms,0.32647599999999999,parallel_for,runtimes=4;items_per_runtime=32,thread_pool,not_applicable,Adaptive,4,1,4,4,4,4,3,0,not_nested,0,wait,granted,243.13200000000001,not_requested,1,7589314552514409162,0.32647599999999999,21,single,2,25174054,1,3,0,0
2,1.8.0,GCC,14.2.0,Release,Linux,effective_cpu_capacity=4,4,1,linux_sched_affinity+cgroup_cpu_quota,4,4,runtime_latency,governed_4_runtimes_runtime_1,completion_latency,ms,0.096303,parallel_for,runtimes=4;items_per_runtime=32,thread_pool,not_applicable,Adaptive,4,1,4,4,4,4,4,0,not_nested,0,wait,granted,0.94199999999999995,not_requested,1,7589314552514409162,0.096303,21,single,2,25174054,1,3,0,0
2,1.8.0,GCC,14.2.0,Release,Linux,effective_cpu_capacity=4,4,1,linux_sched_affinity+cgroup_cpu_quota,4,4,runtime_latency,governed_4_runtimes_runtime_2,completion_latency,ms,0.237233,parallel_for,runtimes=4;items_per_runtime=32,thread_pool,not_applicable,Adaptive,4,1,4,4,4,4,2,0,not_nested,0,wait,granted,94.850999999999999,not_requested,1,7589314552514409162,0.237233,21,single,2,25174054,1,3,0,0
2,1.8.0,GCC,14.2.0,Release,Linux,effective_cpu_capacity=4,4,1,linux_sched_affinity+cgroup_cpu_quota,4,4,runtime_latency,governed_4_runtimes_runtime_3,completion_latency,ms,0.37159300000000001,parallel_for,runtimes=4;items_per_runtime=32,thread_pool,not_applicable,Adaptive,4,1,4,4,4,4,3,0,not_nested,0,wait,granted,311.44299999999998,not_requested,1,7589314552514409162,0.37159300000000001,21,single,2,25174054,1,3,0,0
2,1.8.0,GCC,14.2.0,Release,Linux,effective_cpu_capacity=4,4,1,linux_sched_affinity+cgroup_cpu_quota,4,4,governed_vs_ungoverned,governed_8_runtimes,batch_wall_time,ms,0.82603899999999997,parallel_for,runtimes=8;items_per_runtime=32,thread_pool,not_applicable,Adaptive,4,1,4,4,4,4,3,0,not_nested,0,wait,granted,195.43100000000001,not_requested,1,3424649268515386025,0.82603899999999997,21,single,2,25174054,8,3,0,0
2,1.8.0,GCC,14.2.0,Release,Linux,effective_cpu_capacity=4,4,1,linux_sched_affinity+cgroup_cpu_quota,4,4,governed_vs_ungoverned,governed_8_runtimes,throughput,operations_per_second,9684.7727528603373,parallel_for,runtimes=8;items_per_runtime=32,thread_pool,not_applicable,Adaptive,4,1,4,4,4,4,3,0,not_nested,0,wait,granted,195.43100000000001,not_requested,1,3424649268515386025,0.82603899999999997,21,single,2,25174054,8,3,0,0
2,1.8.0,GCC,14.2.0,Release,Linux,effective_cpu_capacity=4,4,1,linux_sched_affinity+cgroup_cpu_quota,4,4,governed_vs_ungoverned,governed_8_runtimes,peak_participation,threads,3,parallel_for,runtimes=8;items_per_runtime=32,thread_pool,not_applicable,Adaptive,4,1,4,4,4,4,3,0,not_nested,0,wait,granted,195.43100000000001,not_requested,1,3424649268515386025,0.82603899999999997,21,single,2,25174054,8,3,0,0
2,1.8.0,GCC,14.2.0,Release,Linux,effective_cpu_capacity=4,4,1,linux_sched_affinity+cgroup_cpu_quota,4,4,runtime_latency,governed_8_runtimes_runtime_0,completion_latency,ms,0.31934499999999999,parallel_for,runtimes=8;items_per_runtime=32,thread_pool,not_applicable,Adaptive,4,1,4,4,4,4,3,0,not_nested,0,wait,granted,195.43100000000001,not_requested,1,3424649268515386025,0.31934499999999999,21,single,2,25174054,1,3,0,0
2,1.8.0,GCC,14.2.0,Release,Linux,effective_cpu_capacity=4,4,1,linux_sched_affinity+cgroup_cpu_quota,4,4,runtime_latency,governed_8_runtimes_runtime_1,completion_latency,ms,0.087610999999999994,parallel_for,runtimes=8;items_per_runtime=32,thread_pool,not_applicable,Adaptive,4,1,4,4,4,4,2,0,not_nested,0,wait,granted,0.83099999999999996,not_requested,1,3424649268515386025,0.087610999999999994,21,single,2,25174054,1,3,0,0
2,1.8.0,GCC,14.2.0,Release,Linux,effective_cpu_capacity=4,4,1,linux_sched_affinity+cgroup_cpu_quota,4,4,runtime_latency,governed_8_runtimes_runtime_2,completion_latency,ms,0.52896699999999996,parallel_for,runtimes=8;items_per_runtime=32,thread_pool,not_applicable,Adaptive,4,1,4,4,4,4,3,0,not_nested,0,wait,granted,471.87200000000001,not_requested,1,3424649268515386025,0.52896699999999996,21,single,2,25174054,1,3,0,0
2,1.8.0,GCC,14.2.0,Release,Linux,effective_cpu_capacity=4,4,1,linux_sched_affinity+cgroup_cpu_quota,4,4,runtime_latency,governed_8_runtimes_runtime_3,completion_latency,ms,0.197684,parallel_for,runtimes=8;items_per_runtime=32,thread_pool,not_applicable,Adaptive,4,1,4,4,4,4,3,0,not_nested,0,wait,granted,94.349999999999994,not_requested,1,3424649268515386025,0.197684,21,single,2,25174054,1,3,0,0
2,1.8.0,GCC,14.2.0,Release,Linux,effective_cpu_capacity=4,4,1,linux_sched_affinity+cgroup_cpu_quota,4,4,runtime_latency,governed_8_runtimes_runtime_4,completion_latency,ms,0.47727000000000003,parallel_for,runtimes=8;items_per_runtime=32,thread_pool,not_applicable,Adaptive,4,1,4,4,4,4,2,0,not_nested,0,wait,granted,403.51999999999998,not_requested,1,3424649268515386025,0.47727000000000003,21,single,2,25174054,1,3,0,0
2,1.8.0,GCC,14.2.0,Release,Linux,effective_cpu_capacity=4,4,1,linux_sched_affinity+cgroup_cpu_quota,4,4,runtime_latency,governed_8_runtimes_runtime_5,completion_latency,ms,0.589086,parallel_for,runtimes=8;items_per_runtime=32,thread_pool,not_applicable,Adaptive,4,1,4,4,4,4,1,0,not_nested,0,wait,granted,526.89499999999998,not_requested,1,3424649268515386025,0.589086,21,single,2,25174054,1,3,0,0
2,1.8.0,GCC,14.2.0,Release,Linux,effective_cpu_capacity=4,4,1,linux_sched_affinity+cgroup_cpu_quota,4,4,runtime_latency,governed_8_runtimes_runtime_6,completion_latency,ms,0.63997199999999999,parallel_for,runtimes=8;items_per_runtime=32,thread_pool,not_applicable,Adaptive,4,1,4,4,4,4,3,0,not_nested,0,wait,granted,570.71900000000005,not_requested,1,3424649268515386025,0.63997199999999999,21,single,2,25174054,1,3,0,0
2,1.8.0,GCC,14.2.0,Release,Linux,effective_cpu_capacity=4,4,1,linux_sched_affinity+cgroup_cpu_quota,4,4,runtime_latency,governed_8_runtimes_runtime_7,completion_latency,ms,0.40514299999999998,parallel_for,runtimes=8;items_per_runtime=32,thread_pool,not_applicable,Adaptive,4,1,4,4,4,4,3,0,not_nested,0,wait,granted,315.44900000000001,not_requested,1,3424649268515386025,0.40514299999999998,21,single,2,25174054,1,3,0,0
2,1.8.0,GCC,14.2.0,Release,Linux,effective_cpu_capacity=4,4,1,linux_sched_affinity+cgroup_cpu_quota,1,1,governed_vs_ungoverned,budget_1,batch_wall_time,ms,0.12767000000000001,parallel_for,runtimes=2;items_per_runtime=32,thread_pool,not_applicable,Adaptive,1,1,1,1,1,1,1,0,not_nested,0,wait,granted,0.68100000000000005,not_requested,1,10831286851329034220,0.12767000000000001,21,single,2,25174054,2,1,0,0
2,1.8.0,GCC,14.2.0,Release,Linux,effective_cpu_capacity=4,4,1,linux_sched_affinity+cgroup_cpu_quota,1,1,governed_vs_ungoverned,budget_1,throughput,operations_per_second,15665.387326701652,parallel_for,runtimes=2;items_per_runtime=32,thread_pool,not_applicable,Adaptive,1,1,1,1,1,1,1,0,not_nested,0,wait,granted,0.68100000000000005,not_requested,1,10831286851329034220,0.12767000000000001,21,single,2,25174054,2,1,0,0
2,1.8.0,GCC,14.2.0,Release,Linux,effective_cpu_capacity=4,4,1,linux_sched_affinity+cgroup_cpu_quota,1,1,governed_vs_ungoverned,budget_1,peak_participation,threads,1,parallel_for,runtimes=2;items_per_runtime=32,thread_pool,not_applicable,Adaptive,1,1,1,1,1,1,1,0,not_nested,0,wait,granted,0.68100000000000005,not_requested,1,10831286851329034220,0.12767000000000001,21,single,2,25174054,2,1,0,0
2,1.8.0,GCC,14.2.0,Release,Linux,effective_cpu_capacity=4,4,1,linux_sched_affinity+cgroup_cpu_quota,1,1,runtime_latency,budget_1_runtime_0,completion_latency,ms,0.041922000000000001,parallel_for,runtimes=2;items_per_runtime=32,thread_pool,not_applicable,Adaptive,1,1,1,1,1,1,1,0,not_nested,0,wait,granted,0.68100000000000005,not_requested,1,10831286851329034220,0.041922000000000001,21,single,2,25174054,1,1,0,0
2,1.8.0,GCC,14.2.0,Release,Linux,effective_cpu_capacity=4,4,1,linux_sched_affinity+cgroup_cpu_quota,1,1,runtime_latency,budget_1_runtime_1,completion_latency,ms,0.069914000000000004,parallel_for,runtimes=2;items_per_runtime=32,thread_pool,not_applicable,Adaptive,1,1,1,1,1,1,1,0,not_nested,0,wait,granted,36.414000000000001,not_requested,1,10831286851329034220,0.069914000000000004,21,single,2,25174054,1,1,0,0
2,1.8.0,GCC,14.2.0,Release,Linux,effective_cpu_capacity=4,4,1,linux_sched_affinity+cgroup_cpu_quota,2,2,governed_vs_ungoverned,budget_2,batch_wall_time,ms,0.14785000000000001,parallel_for,runtimes=2;items_per_runtime=32,thread_pool,not_applicable,Adaptive,2,1,2,2,2,2,2,0,not_nested,0,wait,granted,0.49099999999999999,not_requested,1,10831286851329034220,0.14785000000000001,21,single,2,25174054,2,2,0,0
2,1.8.0,GCC,14.2.0,Release,Linux,effective_cpu_capacity=4,4,1,linux_sched_affinity+cgroup_cpu_quota,2,2,governed_vs_ungoverned,budget_2,throughput,operations_per_second,13527.223537368953,parallel_for,runtimes=2;items_per_runtime=32,thread_pool,not_applicable,Adaptive,2,1,2,2,2,2,2,0,not_nested,0,wait,granted,0.49099999999999999,not_requested,1,10831286851329034220,0.14785000000000001,21,single,2,25174054,2,2,0,0
2,1.8.0,GCC,14.2.0,Release,Linux,effective_cpu_capacity=4,4,1,linux_sched_affinity+cgroup_cpu_quota,2,2,governed_vs_ungoverned,budget_2,peak_participation,threads,2,parallel_for,runtimes=2;items_per_runtime=32,thread_pool,not_applicable,Adaptive,2,1,2,2,2,2,2,0,not_nested,0,wait,granted,0.49099999999999999,not_requested,1,10831286851329034220,0.14785000000000001,21,single,2,25174054,2,2,0,0
2,1.8.0,GCC,14.2.0,Release,Linux,effective_cpu_capacity=4,4,1,linux_sched_affinity+cgroup_cpu_quota,2,2,runtime_latency,budget_2_runtime_0,completion_latency,ms,0.052367999999999998,parallel_for,runtimes=2;items_per_runtime=32,thread_pool,not_applicable,Adaptive,2,1,2,2,2,2,2,0,not_nested,0,wait,granted,0.49099999999999999,not_requested,1,10831286851329034220,0.052367999999999998,21,single,2,25174054,1,2,0,0
2,1.8.0,GCC,14.2.0,Release,Linux,effective_cpu_capacity=4,4,1,linux_sched_affinity+cgroup_cpu_quota,2,2,runtime_latency,budget_2_runtime_1,completion_latency,ms,0.092317999999999997,parallel_for,runtimes=2;items_per_runtime=32,thread_pool,not_applicable,Adaptive,2,1,2,2,2,2,2,0,not_nested,0,wait,granted,41.712000000000003,not_requested,1,10831286851329034220,0.092317999999999997,21,single,2,25174054,1,2,0,0
2,1.8.0,GCC,14.2.0,Release,Linux,effective_cpu_capacity=4,4,1,linux_sched_affinity+cgroup_cpu_quota,4,4,governed_vs_ungoverned,budget_4,batch_wall_time,ms,0.159076,parallel_for,runtimes=2;items_per_runtime=64,thread_pool,not_applicable,Adaptive,4,1,4,4,4,4,4,0,not_nested,0,wait,granted,0.34999999999999998,not_requested,1,7589314552514409162,0.159076,21,single,2,25174054,2,4,0,0
2,1.8.0,GCC,14.2.0,Release,Linux,effective_cpu_capacity=4,4,1,linux_sched_affinity+cgroup_cpu_quota,4,4,governed_vs_ungoverned,budget_4,throughput,operations_per_second,12572.606804294803,parallel_for,runtimes=2;items_per_runtime=64,thread_pool,not_applicable,Adaptive,4,1,4,4,4,4,4,0,not_nested,0,wait,granted,0.34999999999999998,not_requested,1,7589314552514409162,0.159076,21,single,2,25174054,2,4,0,0
2,1.8.0,GCC,14.2.0,Release,Linux,effective_cpu_capacity=4,4,1,linux_sched_affinity+cgroup_cpu_quota,4,4,governed_vs_ungoverned,budget_4,peak_participation,threads,4,parallel_for,runtimes=2;items_per_runtime=64,thread_pool,not_applicable,Adaptive,4,1,4,4,4,4,4,0,not_nested,0,wait,granted,0.34999999999999998,not_requested,1,7589314552514409162,0.159076,21,single,2,25174054,2,4,0,0
2,1.8.0,GCC,14.2.0,Release,Linux,effective_cpu_capacity=4,4,1,linux_sched_affinity+cgroup_cpu_quota,4,4,runtime_latency,budget_4_runtime_0,completion_latency,ms,0.063173999999999994,parallel_for,runtimes=2;items_per_runtime=64,thread_pool,not_applicable,Adaptive,4,1,4,4,4,4,4,0,not_nested,0,wait,granted,0.34999999999999998,not_requested,1,7589314552514409162,0.063173999999999994,21,single,2,25174054,1,4,0,0
2,1.8.0,GCC,14.2.0,Release,Linux,effective_cpu_capacity=4,4,1,linux_sched_affinity+cgroup_cpu_quota,4,4,runtime_latency,budget_4_runtime_1,completion_latency,ms,0.109713,parallel_for,runtimes=2;items_per_runtime=64,thread_pool,not_applicable,Adaptive,4,1,4,4,4,4,3,0,not_nested,0,wait,granted,56.713999999999999,not_requested,1,7589314552514409162,0.109713,21,single,2,25174054,1,4,0,0
2,1.8.0,GCC,14.2.0,Release,Linux,effective_cpu_capacity=4,4,1,linux_sched_affinity+cgroup_cpu_quota,4,1,governor_overhead,uncontended_exact_acquire_release,latency,us_per_acquire_release,0.14760900000000002,parallel_for,,,not_applicable,Adaptive,1,1,1,1,1,1,1,0,not_nested,1,fail_immediately,granted,0.080000000000000002,not_requested,1,,0.00014760900000000002,22,single,2,25174054,1000,1,0,0
2,1.8.0,GCC,14.2.0,Release,Linux,effective_cpu_capacity=4,4,1,linux_sched_affinity+cgroup_cpu_quota,4,1,governor_overhead,inherited_nested_lease,latency,us_per_acquire_release,0.019059,parallel_for,,,not_applicable,Adaptive,1,1,1,1,1,1,1,1,reuse_parent,1,fail_immediately,granted,0.080000000000000002,not_requested,1,,0.00014760900000000002,22,single,2,25174054,1000,1,0,0
2,1.8.0,GCC,14.2.0,Release,Linux,effective_cpu_capacity=4,4,1,linux_sched_affinity+cgroup_cpu_quota,4,4,governor_overhead,flexible_partial_grant,latency,us_per_acquire_release,0.37,parallel_for,,,not_applicable,Adaptive,4,1,4,4,1,1,1,0,not_nested,0,fail_immediately,granted,0.20000000000000001,not_requested,1,,0.00014760900000000002,22,single,2,25174054,1,1,0,0
2,1.8.0,GCC,14.2.0,Release,Linux,effective_cpu_capacity=4,4,1,linux_sched_affinity+cgroup_cpu_quota,4,4,governor_overhead,immediate_failure,latency,us_per_acquire_release,0.31,parallel_for,,,not_applicable,Adaptive,4,4,4,4,0,0,0,0,not_nested,1,fail_immediately,would_block,0,not_requested,1,,0.00014760900000000002,22,single,2,25174054,1,1,0,0
2,1.8.0,GCC,14.2.0,Release,Linux,effective_cpu_capacity=4,4,1,linux_sched_affinity+cgroup_cpu_quota,4,4,governor_overhead,direct_cancellation_notification,latency,us,10.115,parallel_for,,,not_applicable,Adaptive,4,4,4,4,0,0,0,0,not_nested,1,wait,cancelled,2.1629999999999998,requested,1,,0.010115000000000001,22,single,2,25174054,1,0,0,0
2,1.8.0,GCC,14.2.0,Release,Linux,effective_cpu_capacity=4,4,1,linux_sched_affinity+cgroup_cpu_quota,4,4,admission_fairness,large_exact_request,completion_rank,rank,5,parallel_for,one_large_exact_plus_eight_small_exact,,not_applicable,Adaptive,4,4,4,4,4,4,4,0,not_nested,1,wait,granted,178.10499999999999,not_requested,1,,0,22,single,2,25174054,1,0,4,178.10499999999999
2,1.8.0,GCC,14.2.0,Release,Linux,effective_cpu_capacity=4,4,1,linux_sched_affinity+cgroup_cpu_quota,4,4,admission_fairness,small_request_0,completion_rank,rank,1,parallel_for,one_large_exact_plus_eight_small_exact,,not_applicable,Adaptive,1,1,1,1,1,1,1,0,not_nested,1,wait,granted,1.7829999999999999,not_requested,1,,0,22,single,2,25174054,1,0,4,1.7829999999999999
2,1.8.0,GCC,14.2.0,Release,Linux,effective_cpu_capacity=4,4,1,linux_sched_affinity+cgroup_cpu_quota,4,4,admission_fairness,small_request_1,completion_rank,rank,3,parallel_for,one_large_exact_plus_eight_small_exact,,not_applicable,Adaptive,1,1,1,1,1,1,1,0,not_nested,1,wait,granted,1.603,not_requested,1,,0,22,single,2,25174054,1,0,4,1.603
2,1.8.0,GCC,14.2.0,Release,Linux,effective_cpu_capacity=4,4,1,linux_sched_affinity+cgroup_cpu_quota,4,4,admission_fairness,small_request_2,completion_rank,rank,2,parallel_for,one_large_exact_plus_eight_small_exact,,not_applicable,Adaptive,1,1,1,1,1,1,1,0,not_nested,1,wait,granted,1.0109999999999999,not_requested,1,,0,22,single,2,25174054,1,0,4,1.0109999999999999
2,1.8.0,GCC,14.2.0,Release,Linux,effective_cpu_capacity=4,4,1,linux_sched_affinity+cgroup_cpu_quota,4,4,admission_fairness,small_request_3,completion_rank,rank,4,parallel_for,one_large_exact_plus_eight_small_exact,,not_applicable,Adaptive,1,1,1,1,1,1,1,0,not_nested,1,wait,granted,8.3420000000000005,not_requested,1,,0,22,single,2,25174054,1,0,4,8.3420000000000005
2,1.8.0,GCC,14.2.0,Release,Linux,effective_cpu_capacity=4,4,1,linux_sched_affinity+cgroup_cpu_quota,4,4,admission_fairness,small_request_4,completion_rank,rank,6,parallel_for,one_large_exact_plus_eight_small_exact,,not_applicable,Adaptive,1,1,1,1,1,1,1,0,not_nested,1,wait,granted,1180.2370000000001,not_requested,1,,0,22,single,2,25174054,1,0,4,1180.2370000000001
2,1.8.0,GCC,14.2.0,Release,Linux,effective_cpu_capacity=4,4,1,linux_sched_affinity+cgroup_cpu_quota,4,4,admission_fairness,small_request_5,completion_rank,rank,9,parallel_for,one_large_exact_plus_eight_small_exact,,not_applicable,Adaptive,1,1,1,1,1,1,1,0,not_nested,1,wait,granted,1175.1189999999999,not_requested,1,,0,22,single,2,25174054,1,0,4,1175.1189999999999
2,1.8.0,GCC,14.2.0,Release,Linux,effective_cpu_capacity=4,4,1,linux_sched_affinity+cgroup_cpu_quota,4,4,admission_fairness,small_request_6,completion_rank,rank,8,parallel_for,one_large_exact_plus_eight_small_exact,,not_applicable,Adaptive,1,1,1,1,1,1,1,0,not_nested,1,wait,granted,1152.395,not_requested,1,,0,22,single,2,25174054,1,0,4,1152.395
2,1.8.0,GCC,14.2.0,Release,Linux,effective_cpu_capacity=4,4,1,linux_sched_affinity+cgroup_cpu_quota,4,4,admission_fairness,small_request_7,completion_rank,rank,7,parallel_for,one_large_exact_plus_eight_small_exact,,not_applicable,Adaptive,1,1,1,1,1,1,1,0,not_nested,1,wait,granted,1110.5429999999999,not_requested,1,,0,22,single,2,25174054,1,0,4,1110.5429999999999
2,1.8.0,GCC,14.2.0,Release,Linux,effective_cpu_capacity=4,4,1,linux_sched_affinity+cgroup_cpu_quota,4,4,adaptive_partial_grant,available_one_of_preferred_budget,granted_workers,threads,1,parallel_for,,thread_pool,not_applicable,Adaptive,4,1,4,4,1,1,1,0,not_nested,0,wait,granted,0.28100000000000003,not_requested,1,,0.096845000000000001,22,single,2,25174054,1,1,0,0
2,1.8.0,GCC,14.2.0,Release,Linux,effective_cpu_capacity=4,4,1,linux_sched_affinity+cgroup_cpu_quota,4,4,nested_execution,depth_1,peak_participation,threads,1,parallel_for,depth=1;leaves=2,thread_pool,not_applicable,Adaptive,2,1,2,4,2,2,1,0,not_nested,0,wait,granted,0.24099999999999999,not_requested,1,,0.024656000000000001,22,single,2,25174054,1,1,0,0
2,1.8.0,GCC,14.2.0,Release,Linux,effective_cpu_capacity=4,4,1,linux_sched_affinity+cgroup_cpu_quota,4,4,nested_execution,depth_2,peak_participation,threads,1,parallel_for,depth=2;leaves=4,thread_pool,not_applicable,Adaptive,2,1,2,4,2,2,1,0,not_nested,0,wait,granted,0.23000000000000001,not_requested,1,,0.015292,22,single,2,25174054,1,1,0,0
2,1.8.0,GCC,14.2.0,Release,Linux,effective_cpu_capacity=4,4,1,linux_sched_affinity+cgroup_cpu_quota,4,4,nested_execution,depth_3,peak_participation,threads,1,parallel_for,depth=3;leaves=8,thread_pool,not_applicable,Adaptive,2,1,2,4,2,2,1,0,not_nested,0,wait,granted,0.23100000000000001,not_requested,1,,0.021181999999999999,22,single,2,25174054,1,1,0,0
2,1.8.0,GCC,14.2.0,Release,Linux,effective_cpu_capacity=4,4,1,linux_sched_affinity+cgroup_cpu_quota,4,4,nested_execution,depth_4,peak_participation,threads,1,parallel_for,depth=4;leaves=16,thread_pool,not_applicable,Adaptive,2,1,2,4,2,2,1,0,not_nested,0,wait,granted,0.20000000000000001,not_requested,1,,0.022984999999999998,22,single,2,25174054,1,1,0,0
2,1.8.0,GCC,14.2.0,Release,Linux,effective_cpu_capacity=4,4,1,linux_sched_affinity+cgroup_cpu_quota,1,1,scheduler_comparison,sequential,duration,ms,0.447216,parallel_for,,sequential,not_applicable,Adaptive,1,1,1,1,1,1,1,0,not_nested,0,wait,granted,0.23000000000000001,not_requested,1,5314921549994187984,0.447216,22,single,2,25174054,1,1,0,0
2,1.8.0,GCC,14.2.0,Release,Linux,effective_cpu_capacity=4,4,1,linux_sched_affinity+cgroup_cpu_quota,4,4,scheduler_comparison,thread_pool,duration,ms,0.25054300000000002,parallel_for,,thread_pool,not_applicable,Adaptive,4,1,4,4,4,4,2,0,not_nested,0,wait,granted,0.35999999999999999,not_requested,1,5314921549994187984,0.25054300000000002,22,single,2,25174054,1,2,0,0
2,1.8.0,GCC,14.2.0,Release,Linux,effective_cpu_capacity=4,4,1,linux_sched_affinity+cgroup_cpu_quota,4,4,scheduler_comparison,static_thread,duration,ms,0.23466899999999999,parallel_for,,static_thread,not_applicable,Adaptive,4,1,4,4,4,4,4,0,not_nested,0,wait,granted,0.311,not_requested,1,5314921549994187984,0.23466899999999999,22,single,2,25174054,1,4,0,0
2,1.8.0,GCC,14.2.0,Release,Linux,effective_cpu_capacity=4,4,1,linux_sched_affinity+cgroup_cpu_quota,4,4,deterministic_exact_grant,success,accepted,boolean,1,parallel_for,,thread_pool,not_applicable,Deterministic,4,4,4,4,4,4,1,0,not_nested,1,fail_immediately,granted,0.51100000000000001,not_requested,1,,0,22,single,2,25174054,1,0,0,0
2,1.8.0,GCC,14.2.0,Release,Linux,effective_cpu_capacity=4,4,1,linux_sched_affinity+cgroup_cpu_quota,4,4,deterministic_exact_grant,insufficient_budget_failure,accepted,boolean,1,parallel_for,,,not_applicable,Deterministic,4,4,4,4,0,0,0,0,not_nested,1,fail_immediately,would_block,0,not_requested,1,,0,22,single,2,25174054,1,0,0,0
2,1.8.0,GCC,14.2.0,Release,Linux,effective_cpu_capacity=4,4,1,linux_sched_affinity+cgroup_cpu_quota,4,4,governed_vs_ungoverned,governed,batch_wall_time,ms,2.436687,parallel_for,runtimes=2;items_per_runtime=128,thread_pool,not_applicable,Adaptive,4,1,4,4,4,4,3,0,not_nested,0,wait,granted,0.94099999999999995,not_requested,1,14754973877547064749,2.436687,22,governed_then_ungoverned,2,25174054,2,3,0,0
2,1.8.0,GCC,14.2.0,Release,Linux,effective_cpu_capacity=4,4,1,linux_sched_affinity+cgroup_cpu_quota,4,4,governed_vs_ungoverned,governed,throughput,operations_per_second,820.78658440743527,parallel_for,runtimes=2;items_per_runtime=128,thread_pool,not_applicable,Adaptive,4,1,4,4,4,4,3,0,not_nested,0,wait,granted,0.94099999999999995,not_requested,1,14754973877547064749,2.436687,22,governed_then_ungoverned,2,25174054,2,3,0,0
2,1.8.0,GCC,14.2.0,Release,Linux,effective_cpu_capacity=4,4,1,linux_sched_affinity+cgroup_cpu_quota,4,4,governed_vs_ungoverned,governed,peak_participation,threads,3,parallel_for,runtimes=2;items_per_runtime=128,thread_pool,not_applicable,Adaptive,4,1,4,4,4,4,3,0,not_nested,0,wait,granted,0.94099999999999995,not_requested,1,14754973877547064749,2.436687,22,governed_then_ungoverned,2,25174054,2,3,0,0
2,1.8.0,GCC,14.2.0,Release,Linux,effective_cpu_capacity=4,4,1,linux_sched_affinity+cgroup_cpu_quota,4,4,runtime_latency,governed_runtime_0,completion_latency,ms,1.2001660000000001,parallel_for,runtimes=2;items_per_runtime=128,thread_pool,not_applicable,Adaptive,4,1,4,4,4,4,3,0,not_nested,0,wait,granted,0.94099999999999995,not_requested,1,14754973877547064749,1.2001660000000001,22,governed_then_ungoverned,2,25174054,1,3,0,0
2,1.8.0,GCC,14.2.0,Release,Linux,effective_cpu_capacity=4,4,1,linux_sched_affinity+cgroup_cpu_quota,4,4,runtime_latency,governed_runtime_1,completion_latency,ms,2.3620950000000001,parallel_for,runtimes=2;items_per_runtime=128,thread_pool,not_applicable,Adaptive,4,1,4,4,4,4,3,0,not_nested,0,wait,granted,1204.1420000000001,not_requested,1,14754973877547064749,2.3620950000000001,22,governed_then_ungoverned,2,25174054,1,3,0,0
2,1.8.0,GCC,14.2.0,Release,Linux,effective_cpu_capacity=4,4,1,linux_sched_affinity+cgroup_cpu_quota,4,4,governed_vs_ungoverned,ungoverned,batch_wall_time,ms,1.880409,parallel_for,runtimes=2;items_per_runtime=128,thread_pool,not_applicable,Adaptive,4,1,4,4,4,4,4,0,not_nested,0,wait,granted,1.222,not_requested,1,14754973877547064749,1.880409,22,governed_then_ungoverned,2,25174054,2,5,0,0
2,1.8.0,GCC,14.2.0,Release,Linux,effective_cpu_capacity=4,4,1,linux_sched_affinity+cgroup_cpu_quota,4,4,governed_vs_ungoverned,ungoverned,throughput,operations_per_second,1063.598398008093,parallel_for,runtimes=2;items_per_runtime=128,thread_pool,not_applicable,Adaptive,4,1,4,4,4,4,4,0,not_nested,0,wait,granted,1.222,not_requested,1,14754973877547064749,1.880409,22,governed_then_ungoverned,2,25174054,2,5,0,0
2,1.8.0,GCC,14.2.0,Release,Linux,effective_cpu_capacity=4,4,1,linux_sched_affinity+cgroup_cpu_quota,4,4,governed_vs_ungoverned,ungoverned,peak_participation,threads,5,parallel_for,runtimes=2;items_per_runtime=128,thread_pool,not_applicable,Adaptive,4,1,4,4,4,4,4,0,not_nested,0,wait,granted,1.222,not_requested,1,14754973877547064749,1.880409,22,governed_then_ungoverned,2,25174054,2,5,0,0
2,1.8.0,GCC,14.2.0,Release,Linux,effective_cpu_capacity=4,4,1,linux_sched_affinity+cgroup_cpu_quota,4,4,runtime_latency,ungoverned_runtime_0,completion_latency,ms,1.7477879999999999,parallel_for,runtimes=2;items_per_runtime=128,thread_pool,not_applicable,Adaptive,4,1,4,4,4,4,4,0,not_nested,0,wait,granted,1.222,not_requested,1,14754973877547064749,1.7477879999999999,22,governed_then_ungoverned,2,25174054,1,5,0,0
2,1.8.0,GCC,14.2.0,Release,Linux,effective_cpu_capacity=4,4,1,linux_sched_affinity+cgroup_cpu_quota,4,4,runtime_latency,ungoverned_runtime_1,completion_latency,ms,1.736645,parallel_for,runtimes=2;items_per_runtime=128,thread_pool,not_applicable,Adaptive,4,1,4,4,4,4,4,0,not_nested,0,wait,granted,0.95099999999999996,not_requested,1,14754973877547064749,1.736645,22,governed_then_ungoverned,2,25174054,1,5,0,0
2,1.8.0,GCC,14.2.0,Release,Linux,effective_cpu_capacity=4,4,1,linux_sched_affinity+cgroup_cpu_quota,4,4,governed_vs_ungoverned,governed_2_runtimes,batch_wall_time,ms,0.212977,parallel_for,runtimes=2;items_per_runtime=32,thread_pool,not_applicable,Adaptive,4,1,4,4,4,4,2,0,not_nested,0,wait,granted,0.80100000000000005,not_requested,1,10831286851329034220,0.212977,22,single,2,25174054,2,2,0,0
2,1.8.0,GCC,14.2.0,Release,Linux,effective_cpu_capacity=4,4,1,linux_sched_affinity+cgroup_cpu_quota,4,4,governed_vs_ungoverned,governed_2_runtimes,throughput,operations_per_second,9390.6853791723988,parallel_for,runtimes=2;items_per_runtime=32,thread_pool,not_applicable,Adaptive,4,1,4,4,4,4,2,0,not_nested,0,wait,granted,0.80100000000000005,not_requested,1,10831286851329034220,0.212977,22,single,2,25174054,2,2,0,0
2,1.8.0,GCC,14.2.0,Release,Linux,effective_cpu_capacity=4,4,1,linux_sched_affinity+cgroup_cpu_quota,4,4,governed_vs_ungoverned,governed_2_runtimes,peak_participation,threads,2,parallel_for,runtimes=2;items_per_runtime=32,thread_pool,not_applicable,Adaptive,4,1,4,4,4,4,2,0,not_nested,0,wait,granted,0.80100000000000005,not_requested,1,10831286851329034220,0.212977,22,single,2,25174054,2,2,0,0
2,1.8.0,GCC,14.2.0,Release,Linux,effective_cpu_capacity=4,4,1,linux_sched_affinity+cgroup_cpu_quota,4,4,runtime_latency,governed_2_runtimes_runtime_0,completion_latency,ms,0.055162000000000003,parallel_for,runtimes=2;items_per_runtime=32,thread_pool,not_applicable,Adaptive,4,1,4,4,4,4,2,0,not_nested,0,wait,granted,0.80100000000000005,not_requested,1,10831286851329034220,0.055162000000000003,22,single,2,25174054,1,2,0,0
2,1.8.0,GCC,14.2.0,Release,Linux,effective_cpu_capacity=4,4,1,linux_sched_affinity+cgroup_cpu_quota,4,4,runtime_latency,governed_2_runtimes_runtime_1,completion_latency,ms,0.096584000000000003,parallel_for,runtimes=2;items_per_runtime=32,thread_pool,not_applicable,Adaptive,4,1,4,4,4,4,2,0,not_nested,0,wait,granted,43.494999999999997,not_requested,1,10831286851329034220,0.096584000000000003,22,single,2,25174054,1,2,0,0
2,1.8.0,GCC,14.2.0,Release,Linux,effective_cpu_capacity=4,4,1,linux_sched_affinity+cgroup_cpu_quota,4,4,governed_vs_ungoverned,governed_4_runtimes,batch_wall_time,ms,0.38575399999999999,parallel_for,runtimes=4;items_per_runtime=32,thread_pool,not_applicable,Adaptive,4,1,4,4,4,4,3,0,not_nested,0,wait,granted,0.79100000000000004,not_requested,1,7589314552514409162,0.38575399999999999,22,single,2,25174054,4,2,0,0
2,1.8.0,GCC,14.2.0,Release,Linux,effective_cpu_capacity=4,4,1,linux_sched_affinity+cgroup_cpu_quota,4,4,governed_vs_ungoverned,governed_4_runtimes,throughput,operations_per_second,10369.302716238846,parallel_for,runtimes=4;items_per_runtime=32,thread_pool,not_applicable,Adaptive,4,1,4,4,4,4,3,0,not_nested,0,wait,granted,0.79100000000000004,not_requested,1,7589314552514409162,0.38575399999999999,22,single,2,25174054,4,2,0,0
2,1.8.0,GCC,14.2.0,Release,Linux,effective_cpu_capacity=4,4,1,linux_sched_affinity+cgroup_cpu_quota,4,4,governed_vs_ungoverned,governed_4_runtimes,peak_participation,threads,2,parallel_for,runtimes=4;items_per_runtime=32,thread_pool,not_applicable,Adaptive,4,1,4,4,4,4,3,0,not_nested,0,wait,granted,0.79100000000000004,not_requested,1,7589314552514409162,0.38575399999999999,22,single,2,25174054,4,2,0,0
2,1.8.0,GCC,14.2.0,Release,Linux,effective_cpu_capacity=4,4,1,linux_sched_affinity+cgroup_cpu_quota,4,4,runtime_latency,governed_4_runtimes_runtime_0,completion_latency,ms,0.067751000000000006,parallel_for,runtimes=4;items_per_runtime=32,thread_pool,not_applicable,Adaptive,4,1,4,4,4,4,3,0,not_nested,0,wait,granted,0.79100000000000004,not_requested,1,7589314552514409162,0.067751000000000006,22,single,2,25174054,1,2,0,0
2,1.8.0,GCC,14.2.0,Release,Linux,effective_cpu_capacity=4,4,1,linux_sched_affinity+cgroup_cpu_quota,4,4,runtime_latency,governed_4_runtimes_runtime_1,completion_latency,ms,0.129583,parallel_for,runtimes=4;items_per_runtime=32,thread_pool,not_applicable,Adaptive,4,1,4,4,4,4,3,0,not_nested,0,wait,granted,66.879000000000005,not_requested,1,7589314552514409162,0.129583,22,single,2,25174054,1,2,0,0
2,1.8.0,GCC,14.2.0,Release,Linux,effective_cpu_capacity=4,4,1,linux_sched_affinity+cgroup_cpu_quota,4,4,runtime_latency,governed_4_runtimes_runtime_2,completion_latency,ms,0.22842999999999999,parallel_for,runtimes=4;items_per_runtime=32,thread_pool,not_applicable,Adaptive,4,1,4,4,4,4,4,0,not_nested,0,wait,granted,127.83,not_requested,1,7589314552514409162,0.22842999999999999,22,single,2,25174054,1,2,0,0
2,1.8.0,GCC,14.2.0,Release,Linux,effective_cpu_capacity=4,4,1,linux_sched_affinity+cgroup_cpu_quota,4,4,runtime_latency,governed_4_runtimes_runtime_3,completion_latency,ms,0.28400300000000001,parallel_for,runtimes=4;items_per_runtime=32,thread_pool,not_applicable,Adaptive,4,1,4,4,4,4,2,0,not_nested,0,wait,granted,224.88499999999999,not_requested,1,7589314552514409162,0.28400300000000001,22,single,2,25174054,1,2,0,0
2,1.8.0,GCC,14.2.0,Release,Linux,effective_cpu_capacity=4,4,1,linux_sched_affinity+cgroup_cpu_quota,4,4,governed_vs_ungoverned,governed_8_runtimes,batch_wall_time,ms,1.1102669999999999,parallel_for,runtimes=8;items_per_runtime=32,thread_pool,not_applicable,Adaptive,4,1,4,4,4,4,3,0,not_nested,0,wait,granted,494.702,not_requested,1,3424649268515386025,1.1102669999999999,22,single,2,25174054,8,2,0,0
2,1.8.0,GCC,14.2.0,Release,Linux,effective_cpu_capacity=4,4,1,linux_sched_affinity+cgroup_cpu_quota,4,4,governed_vs_ungoverned,governed_8_runtimes,throughput,operations_per_second,7205.4739985967353,parallel_for,runtimes=8;items_per_runtime=32,thread_pool,not_applicable,Adaptive,4,1,4,4,4,4,3,0,not_nested,0,wait,granted,494.702,not_requested,1,3424649268515386025,1.1102669999999999,22,single,2,25174054,8,2,0,0
2,1.8.0,GCC,14.2.0,Release,Linux,effective_cpu_capacity=4,4,1,linux_sched_affinity+cgroup_cpu_quota,4,4,governed_vs_ungoverned,governed_8_runtimes,peak_participation,threads,2,parallel_for,runtimes=8;items_per_runtime=32,thread_pool,not_applicable,Adaptive,4,1,4,4,4,4,3,0,not_nested,0,wait,granted,494.702,not_requested,1,3424649268515386025,1.1102669999999999,22,single,2,25174054,8,2,0,0
2,1.8.0,GCC,14.2.0,Release,Linux,effective_cpu_capacity=4,4,1,linux_sched_affinity+cgroup_cpu_quota,4,4,runtime_latency,governed_8_runtimes_runtime_0,completion_latency,ms,0.63466100000000003,parallel_for,runtimes=8;items_per_runtime=32,thread_pool,not_applicable,Adaptive,4,1,4,4,4,4,3,0,not_nested,0,wait,granted,494.702,not_requested,1,3424649268515386025,0.63466100000000003,22,single,2,25174054,1,2,0,0
2,1.8.0,GCC,14.2.0,Release,Linux,effective_cpu_capacity=4,4,1,linux_sched_affinity+cgroup_cpu_quota,4,4,runtime_latency,governed_8_runtimes_runtime_1,completion_latency,ms,0.89672399999999997,parallel_for,runtimes=8;items_per_runtime=32,thread_pool,not_applicable,Adaptive,4,1,4,4,4,4,4,0,not_nested,0,wait,granted,764.83900000000006,not_requested,1,3424649268515386025,0.89672399999999997,22,single,2,25174054,1,2,0,0
2,1.8.0,GCC,14.2.0,Release,Linux,effective_cpu_capacity=4,4,1,linux_sched_affinity+cgroup_cpu_quota,4,4,runtime_latency,governed_8_runtimes_runtime_2,completion_latency,ms,0.082351999999999995,parallel_for,runtimes=8;items_per_runtime=32,thread_pool,not_applicable,Adaptive,4,1,4,4,4,4,3,0,not_nested,0,wait,granted,0.72099999999999997,not_requested,1,3424649268515386025,0.082351999999999995,22,single,2,25174054,1,2,0,0
2,1.8.0,GCC,14.2.0,Release,Linux,effective_cpu_capacity=4,4,1,linux_sched_affinity+cgroup_cpu_quota,4,4,runtime_latency,governed_8_runtimes_runtime_3,completion_latency,ms,0.17285700000000001,parallel_for,runtimes=8;items_per_runtime=32,thread_pool,not_applicable,Adaptive,4,1,4,4,4,4,2,0,not_nested,0,wait,granted,83.494,not_requested,1,3424649268515386025,0.17285700000000001,22,single,2,25174054,1,2,0,0
2,1.8.0,GCC,14.2.0,Release,Linux,effective_cpu_capacity=4,4,1,linux_sched_affinity+cgroup_cpu_quota,4,4,runtime_latency,governed_8_runtimes_runtime_4,completion_latency,ms,0.72437799999999997,parallel_for,runtimes=8;items_per_runtime=32,thread_pool,not_applicable,Adaptive,4,1,4,4,4,4,2,0,not_nested,0,wait,granted,629.42600000000004,not_requested,1,3424649268515386025,0.72437799999999997,22,single,2,25174054,1,2,0,0
2,1.8.0,GCC,14.2.0,Release,Linux,effective_cpu_capacity=4,4,1,linux_sched_affinity+cgroup_cpu_quota,4,4,runtime_latency,governed_8_runtimes_runtime_5,completion_latency,ms,0.26897599999999999,parallel_for,runtimes=8;items_per_runtime=32,thread_pool,not_applicable,Adaptive,4,1,4,4,4,4,2,0,not_nested,0,wait,granted,172.553,not_requested,1,3424649268515386025,0.26897599999999999,22,single,2,25174054,1,2,0,0
2,1.8.0,GCC,14.2.0,Release,Linux,effective_cpu_capacity=4,4,1,linux_sched_affinity+cgroup_cpu_quota,4,4,runtime_latency,governed_8_runtimes_runtime_6,completion_latency,ms,0.41211900000000001,parallel_for,runtimes=8;items_per_runtime=32,thread_pool,not_applicable,Adaptive,4,1,4,4,4,4,3,0,not_nested,0,wait,granted,305.67000000000002,not_requested,1,3424649268515386025,0.41211900000000001,22,single,2,25174054,1,2,0,0
2,1.8.0,GCC,14.2.0,Release,Linux,effective_cpu_capacity=4,4,1,linux_sched_affinity+cgroup_cpu_quota,4,4,runtime_latency,governed_8_runtimes_runtime_7,completion_latency,ms,0.49537700000000001,parallel_for,runtimes=8;items_per_runtime=32,thread_pool,not_applicable,Adaptive,4,1,4,4,4,4,2,0,not_nested,0,wait,granted,411.82299999999998,not_requested,1,3424649268515386025,0.49537700000000001,22,single,2,25174054,1,2,0,0
2,1.8.0,GCC,14.2.0,Release,Linux,effective_cpu_capacity=4,4,1,linux_sched_affinity+cgroup_cpu_quota,1,1,governed_vs_ungoverned,budget_1,batch_wall_time,ms,0.14460500000000001,parallel_for,runtimes=2;items_per_runtime=32,thread_pool,not_applicable,Adaptive,1,1,1,1,1,1,1,0,not_nested,0,wait,granted,0.80200000000000005,not_requested,1,10831286851329034220,0.14460500000000001,22,single,2,25174054,2,1,0,0
2,1.8.0,GCC,14.2.0,Release,Linux,effective_cpu_capacity=4,4,1,linux_sched_affinity+cgroup_cpu_quota,1,1,governed_vs_ungoverned,budget_1,throughput,operations_per_second,13830.78040178417,parallel_for,runtimes=2;items_per_runtime=32,thread_pool,not_applicable,Adaptive,1,1,1,1,1,1,1,0,not_nested,0,wait,granted,0.80200000000000005,not_requested,1,10831286851329034220,0.14460500000000001,22,single,2,25174054,2,1,0,0
2,1.8.0,GCC,14.2.0,Release,Linux,effective_cpu_capacity=4,4,1,linux_sched_affinity+cgroup_cpu_quota,1,1,governed_vs_ungoverned,budget_1,peak_participation,threads,1,parallel_for,runtimes=2;items_per_runtime=32,thread_pool,not_applicable,Adaptive,1,1,1,1,1,1,1,0,not_nested,0,wait,granted,0.80200000000000005,not_requested,1,10831286851329034220,0.14460500000000001,22,single,2,25174054,2,1,0,0
2,1.8.0,GCC,14.2.0,Release,Linux,effective_cpu_capacity=4,4,1,linux_sched_affinity+cgroup_cpu_quota,1,1,runtime_latency,budget_1_runtime_0,completion_latency,ms,0.046349000000000001,parallel_for,runtimes=2;items_per_runtime=32,thread_pool,not_applicable,Adaptive,1,1,1,1,1,1,1,0,not_nested,0,wait,granted,0.80200000000000005,not_requested,1,10831286851329034220,0.046349000000000001,22,single,2,25174054,1,1,0,0
2,1.8.0,GCC,14.2.0,Release,Linux,effective_cpu_capacity=4,4,1,linux_sched_affinity+cgroup_cpu_quota,1,1,runtime_latency,budget_1_runtime_1,completion_latency,ms,0.080548999999999996,parallel_for,runtimes=2;items_per_runtime=32,thread_pool,not_applicable,Adaptive,1,1,1,1,1,1,1,0,not_nested,0,wait,granted,39.008000000000003,not_requested,1,10831286851329034220,0.080548999999999996,22,single,2,25174054,1,1,0,0
2,1.8.0,GCC,14.2.0,Release,Linux,effective_cpu_capacity=4,4,1,linux_sched_affinity+cgroup_cpu_quota,2,2,governed_vs_ungoverned,budget_2,batch_wall_time,ms,0.328208,parallel_for,runtimes=2;items_per_runtime=32,thread_pool,not_applicable,Adaptive,2,1,2,2,2,2,1,0,not_nested,0,wait,granted,111.566,not_requested,1,10831286851329034220,0.328208,22,single,2,25174054,2,2,0,0
2,1.8.0,GCC,14.2.0,Release,Linux,effective_cpu_capacity=4,4,1,linux_sched_affinity+cgroup_cpu_quota,2,2,governed_vs_ungoverned,budget_2,throughput,operations_per_second,6093.6966801540484,parallel_for,runtimes=2;items_per_runtime=32,thread_pool,not_applicable,Adaptive,2,1,2,2,2,2,1,0,not_nested,0,wait,granted,111.566,not_requested,1,10831286851329034220,0.328208,22,single,2,25174054,2,2,0,0
2,1.8.0,GCC,14.2.0,Release,Linux,effective_cpu_capacity=4,4,1,linux_sched_affinity+cgroup_cpu_quota,2,2,governed_vs_ungoverned,budget_2,peak_participation,threads,2,parallel_for,runtimes=2;items_per_runtime=32,thread_pool,not_applicable,Adaptive,2,1,2,2,2,2,1,0,not_nested,0,wait,granted,111.566,not_requested,1,10831286851329034220,0.328208,22,single,2,25174054,2,2,0,0
2,1.8.0,GCC,14.2.0,Release,Linux,effective_cpu_capacity=4,4,1,linux_sched_affinity+cgroup_cpu_quota,2,2,runtime_latency,budget_2_runtime_0,completion_latency,ms,0.260708,parallel_for,runtimes=2;items_per_runtime=32,thread_pool,not_applicable,Adaptive,2,1,2,2,2,2,1,0,not_nested,0,wait,granted,111.566,not_requested,1,10831286851329034220,0.260708,22,single,2,25174054,1,2,0,0
2,1.8.0,GCC,14.2.0,Release,Linux,effective_cpu_capacity=4,4,1,linux_sched_affinity+cgroup_cpu_quota,2,2,runtime_latency,budget_2_runtime_1,completion_latency,ms,0.19165599999999999,parallel_for,runtimes=2;items_per_runtime=32,thread_pool,not_applicable,Adaptive,2,1,2,2,2,2,2,0,not_nested,0,wait,granted,0.79100000000000004,not_requested,1,10831286851329034220,0.19165599999999999,22,single,2,25174054,1,2,0,0
2,1.8.0,GCC,14.2.0,Release,Linux,effective_cpu_capacity=4,4,1,linux_sched_affinity+cgroup_cpu_quota,4,4,governed_vs_ungoverned,budget_4,batch_wall_time,ms,0.56868700000000005,parallel_for,runtimes=2;items_per_runtime=64,thread_pool,not_applicable,Adaptive,4,1,4,4,4,4,2,0,not_nested,0,wait,granted,308.55000000000001,not_requested,1,7589314552514409162,0.56868700000000005,22,single,2,25174054,2,2,0,0
2,1.8.0,GCC,14.2.0,Release,Linux,effective_cpu_capacity=4,4,1,linux_sched_affinity+cgroup_cpu_quota,4,4,governed_vs_ungoverned,budget_4,throughput,operations_per_second,3516.8730778090585,parallel_for,runtimes=2;items_per_runtime=64,thread_pool,not_applicable,Adaptive,4,1,4,4,4,4,2,0,not_nested,0,wait,granted,308.55000000000001,not_requested,1,7589314552514409162,0.56868700000000005,22,single,2,25174054,2,2,0,0
2,1.8.0,GCC,14.2.0,Release,Linux,effective_cpu_capacity=4,4,1,linux_sched_affinity+cgroup_cpu_quota,4,4,governed_vs_ungoverned,budget_4,peak_participation,threads,2,parallel_for,runtimes=2;items_per_runtime=64,thread_pool,not_applicable,Adaptive,4,1,4,4,4,4,2,0,not_nested,0,wait,granted,308.55000000000001,not_requested,1,7589314552514409162,0.56868700000000005,22,single,2,25174054,2,2,0,0
2,1.8.0,GCC,14.2.0,Release,Linux,effective_cpu_capacity=4,4,1,linux_sched_affinity+cgroup_cpu_quota,4,4,runtime_latency,budget_4_runtime_0,completion_latency,ms,0.480846,parallel_for,runtimes=2;items_per_runtime=64,thread_pool,not_applicable,Adaptive,4,1,4,4,4,4,2,0,not_nested,0,wait,granted,308.55000000000001,not_requested,1,7589314552514409162,0.480846,22,single,2,25174054,1,2,0,0
2,1.8.0,GCC,14.2.0,Release,Linux,effective_cpu_capacity=4,4,1,linux_sched_affinity+cgroup_cpu_quota,4,4,runtime_latency,budget_4_runtime_1,completion_latency,ms,0.068472000000000005,parallel_for,runtimes=2;items_per_runtime=64,thread_pool,not_applicable,Adaptive,4,1,4,4,4,4,3,0,not_nested,0,wait,granted,0.64100000000000001,not_requested,1,7589314552514409162,0.068472000000000005,22,single,2,25174054,1,2,0,0
2,1.8.0,GCC,14.2.0,Release,Linux,effective_cpu_capacity=4,4,1,linux_sched_affinity+cgroup_cpu_quota,4,1,governor_overhead,uncontended_exact_acquire_release,latency,us_per_acquire_release,0.14255199999999998,parallel_for,,,not_applicable,Adaptive,1,1,1,1,1,1,1,0,not_nested,1,fail_immediately,granted,0.080000000000000002,not_requested,1,,0.00014255199999999997,23,single,2,25174054,1000,1,0,0
2,1.8.0,GCC,14.2.0,Release,Linux,effective_cpu_capacity=4,4,1,linux_sched_affinity+cgroup_cpu_quota,4,1,governor_overhead,inherited_nested_lease,latency,us_per_acquire_release,0.017004999999999999,parallel_for,,,not_applicable,Adaptive,1,1,1,1,1,1,1,1,reuse_parent,1,fail_immediately,granted,0.080000000000000002,not_requested,1,,0.00014255199999999997,23,single,2,25174054,1000,1,0,0
2,1.8.0,GCC,14.2.0,Release,Linux,effective_cpu_capacity=4,4,1,linux_sched_affinity+cgroup_cpu_quota,4,4,governor_overhead,flexible_partial_grant,latency,us_per_acquire_release,0.35099999999999998,parallel_for,,,not_applicable,Adaptive,4,1,4,4,1,1,1,0,not_nested,0,fail_immediately,granted,0.20000000000000001,not_requested,1,,0.00014255199999999997,23,single,2,25174054,1,1,0,0
2,1.8.0,GCC,14.2.0,Release,Linux,effective_cpu_capacity=4,4,1,linux_sched_affinity+cgroup_cpu_quota,4,4,governor_overhead,immediate_failure,latency,us_per_acquire_release,0.41099999999999998,parallel_for,,,not_applicable,Adaptive,4,4,4,4,0,0,0,0,not_nested,1,fail_immediately,would_block,0,not_requested,1,,0.00014255199999999997,23,single,2,25174054,1,1,0,0
2,1.8.0,GCC,14.2.0,Release,Linux,effective_cpu_capacity=4,4,1,linux_sched_affinity+cgroup_cpu_quota,4,4,governor_overhead,direct_cancellation_notification,latency,us,17.596,parallel_for,,,not_applicable,Adaptive,4,4,4,4,0,0,0,0,not_nested,1,wait,cancelled,4.327,requested,1,,0.017596000000000001,23,single,2,25174054,1,0,0,0
2,1.8.0,GCC,14.2.0,Release,Linux,effective_cpu_capacity=4,4,1,linux_sched_affinity+cgroup_cpu_quota,4,4,admission_fairness,large_exact_request,completion_rank,rank,5,parallel_for,one_large_exact_plus_eight_small_exact,,not_applicable,Adaptive,4,4,4,4,4,4,4,0,not_nested,1,wait,granted,190.584,not_requested,1,,0,23,single,2,25174054,1,0,4,190.584
2,1.8.0,GCC,14.2.0,Release,Linux,effective_cpu_capacity=4,4,1,linux_sched_affinity+cgroup_cpu_quota,4,4,admission_fairness,small_request_0,completion_rank,rank,1,parallel_for,one_large_exact_plus_eight_small_exact,,not_applicable,Adaptive,1,1,1,1,1,1,1,0,not_nested,1,wait,granted,2.3740000000000001,not_requested,1,,0,23,single,2,25174054,1,0,4,2.3740000000000001
2,1.8.0,GCC,14.2.0,Release,Linux,effective_cpu_capacity=4,4,1,linux_sched_affinity+cgroup_cpu_quota,4,4,admission_fairness,small_request_1,completion_rank,rank,2,parallel_for,one_large_exact_plus_eight_small_exact,,not_applicable,Adaptive,1,1,1,1,1,1,1,0,not_nested,1,wait,granted,8.9030000000000005,not_requested,1,,0,23,single,2,25174054,1,0,4,8.9030000000000005
2,1.8.0,GCC,14.2.0,Release,Linux,effective_cpu_capacity=4,4,1,linux_sched_affinity+cgroup_cpu_quota,4,4,admission_fairness,small_request_2,completion_rank,rank,3,parallel_for,one_large_exact_plus_eight_small_exact,,not_applicable,Adaptive,1,1,1,1,1,1,1,0,not_nested,1,wait,granted,10.646000000000001,not_requested,1,,0,23,single,2,25174054,1,0,4,10.646000000000001
2,1.8.0,GCC,14.2.0,Release,Linux,effective_cpu_capacity=4,4,1,linux_sched_affinity+cgroup_cpu_quota,4,4,admission_fairness,small_request_3,completion_rank,rank,8,parallel_for,one_large_exact_plus_eight_small_exact,,not_applicable,Adaptive,1,1,1,1,1,1,1,0,not_nested,1,wait,granted,1193.5719999999999,not_requested,1,,0,23,single,2,25174054,1,0,4,1193.5719999999999
2,1.8.0,GCC,14.2.0,Release,Linux,effective_cpu_capacity=4,4,1,linux_sched_affinity+cgroup_cpu_quota,4,4,admission_fairness,small_request_4,completion_rank,rank,4,parallel_for,one_large_exact_plus_eight_small_exact,,not_applicable,Adaptive,1,1,1,1,1,1,1,0,not_nested,1,wait,granted,0.92100000000000004,not_requested,1,,0,23,single,2,25174054,1,0,4,0.92100000000000004
2,1.8.0,GCC,14.2.0,Release,Linux,effective_cpu_capacity=4,4,1,linux_sched_affinity+cgroup_cpu_quota,4,4,admission_fairness,small_request_5,completion_rank,rank,6,parallel_for,one_large_exact_plus_eight_small_exact,,not_applicable,Adaptive,1,1,1,1,1,1,1,0,not_nested,1,wait,granted,1175.9000000000001,not_requested,1,,0,23,single,2,25174054,1,0,4,1175.9000000000001
2,1.8.0,GCC,14.2.0,Release,Linux,effective_cpu_capacity=4,4,1,linux_sched_affinity+cgroup_cpu_quota,4,4,admission_fairness,small_request_6,completion_rank,rank,9,parallel_for,one_large_exact_plus_eight_small_exact,,not_applicable,Adaptive,1,1,1,1,1,1,1,0,not_nested,1,wait,granted,1215.329,not_requested,1,,0,23,single,2,25174054,1,0,4,1215.329
2,1.8.0,GCC,14.2.0,Release,Linux,effective_cpu_capacity=4,4,1,linux_sched_affinity+cgroup_cpu_quota,4,4,admission_fairness,small_request_7,completion_rank,rank,7,parallel_for,one_large_exact_plus_eight_small_exact,,not_applicable,Adaptive,1,1,1,1,1,1,1,0,not_nested,1,wait,granted,1151.143,not_requested,1,,0,23,single,2,25174054,1,0,4,1151.143
2,1.8.0,GCC,14.2.0,Release,Linux,effective_cpu_capacity=4,4,1,linux_sched_affinity+cgroup_cpu_quota,4,4,adaptive_partial_grant,available_one_of_preferred_budget,granted_workers,threads,1,parallel_for,,thread_pool,not_applicable,Adaptive,4,1,4,4,1,1,1,0,not_nested,0,wait,granted,0.23999999999999999,not_requested,1,,0.100189,23,single,2,25174054,1,1,0,0
2,1.8.0,GCC,14.2.0,Release,Linux,effective_cpu_capacity=4,4,1,linux_sched_affinity+cgroup_cpu_quota,4,4,nested_execution,depth_1,peak_participation,threads,1,parallel_for,depth=1;leaves=2,thread_pool,not_applicable,Adaptive,2,1,2,4,2,2,1,0,not_nested,0,wait,granted,0.23000000000000001,not_requested,1,,0.032548000000000001,23,single,2,25174054,1,1,0,0
2,1.8.0,GCC,14.2.0,Release,Linux,effective_cpu_capacity=4,4,1,linux_sched_affinity+cgroup_cpu_quota,4,4,nested_execution,depth_2,peak_participation,threads,1,parallel_for,depth=2;leaves=4,thread_pool,not_applicable,Adaptive,2,1,2,4,2,2,1,0,not_nested,0,wait,granted,0.441,not_requested,1,,0.072357000000000005,23,single,2,25174054,1,1,0,0
2,1.8.0,GCC,14.2.0,Release,Linux,effective_cpu_capacity=4,4,1,linux_sched_affinity+cgroup_cpu_quota,4,4,nested_execution,depth_3,peak_participation,threads,1,parallel_for,depth=3;leaves=8,thread_pool,not_applicable,Adaptive,2,1,2,4,2,2,1,0,not_nested,0,wait,granted,0.44,not_requested,1,,0.027050000000000001,23,single,2,25174054,1,1,0,0
2,1.8.0,GCC,14.2.0,Release,Linux,effective_cpu_capacity=4,4,1,linux_sched_affinity+cgroup_cpu_quota,4,4,nested_execution,depth_4,peak_participation,threads,1,parallel_for,depth=4;leaves=16,thread_pool,not_applicable,Adaptive,2,1,2,4,2,2,1,0,not_nested,0,wait,granted,0.43099999999999999,not_requested,1,,0.031526999999999999,23,single,2,25174054,1,1,0,0
2,1.8.0,GCC,14.2.0,Release,Linux,effective_cpu_capacity=4,4,1,linux_sched_affinity+cgroup_cpu_quota,1,1,scheduler_comparison,sequential,duration,ms,0.405974,parallel_for,,sequential,not_applicable,Adaptive,1,1,1,1,1,1,1,0,not_nested,0,wait,granted,0.251,not_requested,1,5314921549994187984,0.405974,23,single,2,25174054,1,1,0,0
2,1.8.0,GCC,14.2.0,Release,Linux,effective_cpu_capacity=4,4,1,linux_sched_affinity+cgroup_cpu_quota,4,4,scheduler_comparison,thread_pool,duration,ms,0.24973200000000001,parallel_for,,thread_pool,not_applicable,Adaptive,4,1,4,4,4,4,2,0,not_nested,0,wait,granted,0.14099999999999999,not_requested,1,5314921549994187984,0.24973200000000001,23,single,2,25174054,1,2,0,0
2,1.8.0,GCC,14.2.0,Release,Linux,effective_cpu_capacity=4,4,1,linux_sched_affinity+cgroup_cpu_quota,4,4,scheduler_comparison,static_thread,duration,ms,0.22523499999999999,parallel_for,,static_thread,not_applicable,Adaptive,4,1,4,4,4,4,4,0,not_nested,0,wait,granted,0.29999999999999999,not_requested,1,5314921549994187984,0.22523499999999999,23,single,2,25174054,1,4,0,0
2,1.8.0,GCC,14.2.0,Release,Linux,effective_cpu_capacity=4,4,1,linux_sched_affinity+cgroup_cpu_quota,4,4,deterministic_exact_grant,success,accepted,boolean,1,parallel_for,,thread_pool,not_applicable,Deterministic,4,4,4,4,4,4,1,0,not_nested,1,fail_immediately,granted,0.48999999999999999,not_requested,1,,0,23,single,2,25174054,1,0,0,0
2,1.8.0,GCC,14.2.0,Release,Linux,effective_cpu_capacity=4,4,1,linux_sched_affinity+cgroup_cpu_quota,4,4,deterministic_exact_grant,insufficient_budget_failure,accepted,boolean,1,parallel_for,,,not_applicable,Deterministic,4,4,4,4,0,0,0,0,not_nested,1,fail_immediately,would_block,0,not_requested,1,,0,23,single,2,25174054,1,0,0,0
2,1.8.0,GCC,14.2.0,Release,Linux,effective_cpu_capacity=4,4,1,linux_sched_affinity+cgroup_cpu_quota,4,4,governed_vs_ungoverned,governed,batch_wall_time,ms,2.451489,parallel_for,runtimes=2;items_per_runtime=128,thread_pool,not_applicable,Adaptive,4,1,4,4,4,4,3,0,not_nested,0,wait,granted,1.242,not_requested,1,14754973877547064749,2.451489,23,ungoverned_then_governed,2,25174054,2,4,0,0
2,1.8.0,GCC,14.2.0,Release,Linux,effective_cpu_capacity=4,4,1,linux_sched_affinity+cgroup_cpu_quota,4,4,governed_vs_ungoverned,governed,throughput,operations_per_second,815.83070533867385,parallel_for,runtimes=2;items_per_runtime=128,thread_pool,not_applicable,Adaptive,4,1,4,4,4,4,3,0,not_nested,0,wait,granted,1.242,not_requested,1,14754973877547064749,2.451489,23,ungoverned_then_governed,2,25174054,2,4,0,0
2,1.8.0,GCC,14.2.0,Release,Linux,effective_cpu_capacity=4,4,1,linux_sched_affinity+cgroup_cpu_quota,4,4,governed_vs_ungoverned,governed,peak_participation,threads,4,parallel_for,runtimes=2;items_per_runtime=128,thread_pool,not_applicable,Adaptive,4,1,4,4,4,4,3,0,not_nested,0,wait,granted,1.242,not_requested,1,14754973877547064749,2.451489,23,ungoverned_then_governed,2,25174054,2,4,0,0
2,1.8.0,GCC,14.2.0,Release,Linux,effective_cpu_capacity=4,4,1,linux_sched_affinity+cgroup_cpu_quota,4,4,runtime_latency,governed_runtime_0,completion_latency,ms,1.199746,parallel_for,runtimes=2;items_per_runtime=128,thread_pool,not_applicable,Adaptive,4,1,4,4,4,4,3,0,not_nested,0,wait,granted,1.242,not_requested,1,14754973877547064749,1.199746,23,ungoverned_then_governed,2,25174054,1,4,0,0
2,1.8.0,GCC,14.2.0,Release,Linux,effective_cpu_capacity=4,4,1,linux_sched_affinity+cgroup_cpu_quota,4,4,runtime_latency,governed_runtime_1,completion_latency,ms,2.3670930000000001,parallel_for,runtimes=2;items_per_runtime=128,thread_pool,not_applicable,Adaptive,4,1,4,4,4,4,4,0,not_nested,0,wait,granted,1199.5550000000001,not_requested,1,14754973877547064749,2.3670930000000001,23,ungoverned_then_governed,2,25174054,1,4,0,0
2,1.8.0,GCC,14.2.0,Release,Linux,effective_cpu_capacity=4,4,1,linux_sched_affinity+cgroup_cpu_quota,4,4,governed_vs_ungoverned,ungoverned,batch_wall_time,ms,1.9723409999999999,parallel_for,runtimes=2;items_per_runtime=128,thread_pool,not_applicable,Adaptive,4,1,4,4,4,4,3,0,not_nested,0,wait,granted,1.0920000000000001,not_requested,1,14754973877547064749,1.9723409999999999,23,ungoverned_then_governed,2,25174054,2,4,0,0
2,1.8.0,GCC,14.2.0,Release,Linux,effective_cpu_capacity=4,4,1,linux_sched_affinity+cgroup_cpu_quota,4,4,governed_vs_ungoverned,ungoverned,throughput,operations_per_second,1014.0234371237024,parallel_for,runtimes=2;items_per_runtime=128,thread_pool,not_applicable,Adaptive,4,1,4,4,4,4,3,0,not_nested,0,wait,granted,1.0920000000000001,not_requested,1,14754973877547064749,1.9723409999999999,23,ungoverned_then_governed,2,25174054,2,4,0,0
2,1.8.0,GCC,14.2.0,Release,Linux,effective_cpu_capacity=4,4,1,linux_sched_affinity+cgroup_cpu_quota,4,4,governed_vs_ungoverned,ungoverned,peak_participation,threads,4,parallel_for,runtimes=2;items_per_runtime=128,thread_pool,not_applicable,Adaptive,4,1,4,4,4,4,3,0,not_nested,0,wait,granted,1.0920000000000001,not_requested,1,14754973877547064749,1.9723409999999999,23,ungoverned_then_governed,2,25174054,2,4,0,0
2,1.8.0,GCC,14.2.0,Release,Linux,effective_cpu_capacity=4,4,1,linux_sched_affinity+cgroup_cpu_quota,4,4,runtime_latency,ungoverned_runtime_0,completion_latency,ms,1.5643279999999999,parallel_for,runtimes=2;items_per_runtime=128,thread_pool,not_applicable,Adaptive,4,1,4,4,4,4,3,0,not_nested,0,wait,granted,1.0920000000000001,not_requested,1,14754973877547064749,1.5643279999999999,23,ungoverned_then_governed,2,25174054,1,4,0,0
2,1.8.0,GCC,14.2.0,Release,Linux,effective_cpu_capacity=4,4,1,linux_sched_affinity+cgroup_cpu_quota,4,4,runtime_latency,ungoverned_runtime_1,completion_latency,ms,1.817966,parallel_for,runtimes=2;items_per_runtime=128,thread_pool,not_applicable,Adaptive,4,1,4,4,4,4,4,0,not_nested,0,wait,granted,1.1220000000000001,not_requested,1,14754973877547064749,1.817966,23,ungoverned_then_governed,2,25174054,1,4,0,0
2,1.8.0,GCC,14.2.0,Release,Linux,effective_cpu_capacity=4,4,1,linux_sched_affinity+cgroup_cpu_quota,4,4,governed_vs_ungoverned,governed_2_runtimes,batch_wall_time,ms,0.30771799999999999,parallel_for,runtimes=2;items_per_runtime=32,thread_pool,not_applicable,Adaptive,4,1,4,4,4,4,3,0,not_nested,0,wait,granted,1.302,not_requested,1,10831286851329034220,0.30771799999999999,23,single,2,25174054,2,2,0,0
2,1.8.0,GCC,14.2.0,Release,Linux,effective_cpu_capacity=4,4,1,linux_sched_affinity+cgroup_cpu_quota,4,4,governed_vs_ungoverned,governed_2_runtimes,throughput,operations_per_second,6499.4572953158413,parallel_for,runtimes=2;items_per_runtime=32,thread_pool,not_applicable,Adaptive,4,1,4,4,4,4,3,0,not_nested,0,wait,granted,1.302,not_requested,1,10831286851329034220,0.30771799999999999,23,single,2,25174054,2,2,0,0
2,1.8.0,GCC,14.2.0,Release,Linux,effective_cpu_capacity=4,4,1,linux_sched_affinity+cgroup_cpu_quota,4,4,governed_vs_ungoverned,governed_2_runtimes,peak_participation,threads,2,parallel_for,runtimes=2;items_per_runtime=32,thread_pool,not_applicable,Adaptive,4,1,4,4,4,4,3,0,not_nested,0,wait,granted,1.302,not_requested,1,10831286851329034220,0.30771799999999999,23,single,2,25174054,2,2,0,0
2,1.8.0,GCC,14.2.0,Release,Linux,effective_cpu_capacity=4,4,1,linux_sched_affinity+cgroup_cpu_quota,4,4,runtime_latency,governed_2_runtimes_runtime_0,completion_latency,ms,0.095371999999999998,parallel_for,runtimes=2;items_per_runtime=32,thread_pool,not_applicable,Adaptive,4,1,4,4,4,4,3,0,not_nested,0,wait,granted,1.302,not_requested,1,10831286851329034220,0.095371999999999998,23,single,2,25174054,1,2,0,0
2,1.8.0,GCC,14.2.0,Release,Linux,effective_cpu_capacity=4,4,1,linux_sched_affinity+cgroup_cpu_quota,4,4,runtime_latency,governed_2_runtimes_runtime_1,completion_latency,ms,0.227628,parallel_for,runtimes=2;items_per_runtime=32,thread_pool,not_applicable,Adaptive,4,1,4,4,4,4,1,0,not_nested,0,wait,granted,163.904,not_requested,1,10831286851329034220,0.227628,23,single,2,25174054,1,2,0,0
2,1.8.0,GCC,14.2.0,Release,Linux,effective_cpu_capacity=4,4,1,linux_sched_affinity+cgroup_cpu_quota,4,4,governed_vs_ungoverned,governed_4_runtimes,batch_wall_time,ms,0.40741699999999997,parallel_for,runtimes=4;items_per_runtime=32,thread_pool,not_applicable,Adaptive,4,1,4,4,4,4,1,0,not_nested,0,wait,granted,168.71100000000001,not_requested,1,7589314552514409162,0.40741699999999997,23,single,2,25174054,4,2,0,0
2,1.8.0,GCC,14.2.0,Release,Linux,effective_cpu_capacity=4,4,1,linux_sched_affinity+cgroup_cpu_quota,4,4,governed_vs_ungoverned,governed_4_runtimes,throughput,operations_per_second,9817.9506500710577,parallel_for,runtimes=4;items_per_runtime=32,thread_pool,not_applicable,Adaptive,4,1,4,4,4,4,1,0,not_nested,0,wait,granted,168.71100000000001,not_requested,1,7589314552514409162,0.40741699999999997,23,single,2,25174054,4,2,0,0
2,1.8.0,GCC,14.2.0,Release,Linux,effective_cpu_capacity=4,4,1,linux_sched_affinity+cgroup_cpu_quota,4,4,governed_vs_ungoverned,governed_4_runtimes,peak_participation,threads,2,parallel_for,runtimes=4;items_per_runtime=32,thread_pool,not_applicable,Adaptive,4,1,4,4,4,4,1,0,not_nested,0,wait,granted,168.71100000000001,not_requested,1,7589314552514409162,0.40741699999999997,23,single,2,25174054,4,2,0,0
2,1.8.0,GCC,14.2.0,Release,Linux,effective_cpu_capacity=4,4,1,linux_sched_affinity+cgroup_cpu_quota,4,4,runtime_latency,governed_4_runtimes_runtime_0,completion_latency,ms,0.24207999999999999,parallel_for,runtimes=4;items_per_runtime=32,thread_pool,not_applicable,Adaptive,4,1,4,4,4,4,1,0,not_nested,0,wait,granted,168.71100000000001,not_requested,1,7589314552514409162,0.24207999999999999,23,single,2,25174054,1,2,0,0
2,1.8.0,GCC,14.2.0,Release,Linux,effective_cpu_capacity=4,4,1,linux_sched_affinity+cgroup_cpu_quota,4,4,runtime_latency,governed_4_runtimes_runtime_1,completion_latency,ms,0.094880999999999993,parallel_for,runtimes=4;items_per_runtime=32,thread_pool,not_applicable,Adaptive,4,1,4,4,4,4,2,0,not_nested,0,wait,granted,1.462,not_requested,1,7589314552514409162,0.094880999999999993,23,single,2,25174054,1,2,0,0
2,1.8.0,GCC,14.2.0,Release,Linux,effective_cpu_capacity=4,4,1,linux_sched_affinity+cgroup_cpu_quota,4,4,runtime_latency,governed_4_runtimes_runtime_2,completion_latency,ms,0.155221,parallel_for,runtimes=4;items_per_runtime=32,thread_pool,not_applicable,Adaptive,4,1,4,4,4,4,2,0,not_nested,0,wait,granted,91.066000000000003,not_requested,1,7589314552514409162,0.155221,23,single,2,25174054,1,2,0,0
2,1.8.0,GCC,14.2.0,Release,Linux,effective_cpu_capacity=4,4,1,linux_sched_affinity+cgroup_cpu_quota,4,4,runtime_latency,governed_4_runtimes_runtime_3,completion_latency,ms,0.233401,parallel_for,runtimes=4;items_per_runtime=32,thread_pool,not_applicable,Adaptive,4,1,4,4,4,4,1,0,not_nested,0,wait,granted,173.15199999999999,not_requested,1,7589314552514409162,0.233401,23,single,2,25174054,1,2,0,0
2,1.8.0,GCC,14.2.0,Release,Linux,effective_cpu_capacity=4,4,1,linux_sched_affinity+cgroup_cpu_quota,4,4,governed_vs_ungoverned,governed_8_runtimes,batch_wall_time,ms,1.0028729999999999,parallel_for,runtimes=8;items_per_runtime=32,thread_pool,not_applicable,Adaptive,4,1,4,4,4,4,2,0,not_nested,0,wait,granted,1.1220000000000001,not_requested,1,3424649268515386025,1.0028729999999999,23,single,2,25174054,8,3,0,0
2,1.8.0,GCC,14.2.0,Release,Linux,effective_cpu_capacity=4,4,1,linux_sched_affinity+cgroup_cpu_quota,4,4,governed_vs_ungoverned,governed_8_runtimes,throughput,operations_per_second,7977.0818438625838,parallel_for,runtimes=8;items_per_runtime=32,thread_pool,not_applicable,Adaptive,4,1,4,4,4,4,2,0,not_nested,0,wait,granted,1.1220000000000001,not_requested,1,3424649268515386025,1.0028729999999999,23,single,2,25174054,8,3,0,0
2,1.8.0,GCC,14.2.0,Release,Linux,effective_cpu_capacity=4,4,1,linux_sched_affinity+cgroup_cpu_quota,4,4,governed_vs_ungoverned,governed_8_runtimes,peak_participation,threads,3,parallel_for,runtimes=8;items_per_runtime=32,thread_pool,not_applicable,Adaptive,4,1,4,4,4,4,2,0,not_nested,0,wait,granted,1.1220000000000001,not_requested,1,3424649268515386025,1.0028729999999999,23,single,2,25174054,8,3,0,0
2,1.8.0,GCC,14.2.0,Release,Linux,effective_cpu_capacity=4,4,1,linux_sched_affinity+cgroup_cpu_quota,4,4,runtime_latency,governed_8_runtimes_runtime_0,completion_latency,ms,0.110525,parallel_for,runtimes=8;items_per_runtime=32,thread_pool,not_applicable,Adaptive,4,1,4,4,4,4,2,0,not_nested,0,wait,granted,1.1220000000000001,not_requested,1,3424649268515386025,0.110525,23,single,2,25174054,1,3,0,0
2,1.8.0,GCC,14.2.0,Release,Linux,effective_cpu_capacity=4,4,1,linux_sched_affinity+cgroup_cpu_quota,4,4,runtime_latency,governed_8_runtimes_runtime_1,completion_latency,ms,0.27835799999999999,parallel_for,runtimes=8;items_per_runtime=32,thread_pool,not_applicable,Adaptive,4,1,4,4,4,4,4,0,not_nested,0,wait,granted,134.25,not_requested,1,3424649268515386025,0.27835799999999999,23,single,2,25174054,1,3,0,0
2,1.8.0,GCC,14.2.0,Release,Linux,effective_cpu_capacity=4,4,1,linux_sched_affinity+cgroup_cpu_quota,4,4,runtime_latency,governed_8_runtimes_runtime_2,completion_latency,ms,0.66467900000000002,parallel_for,runtimes=8;items_per_runtime=32,thread_pool,not_applicable,Adaptive,4,1,4,4,4,4,2,0,not_nested,0,wait,granted,593.13199999999995,not_requested,1,3424649268515386025,0.66467900000000002,23,single,2,25174054,1,3,0,0
2,1.8.0,GCC,14.2.0,Release,Linux,effective_cpu_capacity=4,4,1,linux_sched_affinity+cgroup_cpu_quota,4,4,runtime_latency,governed_8_runtimes_runtime_3,completion_latency,ms,0.58045800000000003,parallel_for,runtimes=8;items_per_runtime=32,thread_pool,not_applicable,Adaptive,4,1,4,4,4,4,3,0,not_nested,0,wait,granted,516.08199999999999,not_requested,1,3424649268515386025,0.58045800000000003,23,single,2,25174054,1,3,0,0
2,1.8.0,GCC,14.2.0,Release,Linux,effective_cpu_capacity=4,4,1,linux_sched_affinity+cgroup_cpu_quota,4,4,runtime_latency,governed_8_runtimes_runtime_4,completion_latency,ms,0.42094700000000002,parallel_for,runtimes=8;items_per_runtime=32,thread_pool,not_applicable,Adaptive,4,1,4,4,4,4,2,0,not_nested,0,wait,granted,300.25700000000001,not_requested,1,3424649268515386025,0.42094700000000002,23,single,2,25174054,1,3,0,0
2,1.8.0,GCC,14.2.0,Release,Linux,effective_cpu_capacity=4,4,1,linux_sched_affinity+cgroup_cpu_quota,4,4,runtime_latency,governed_8_runtimes_runtime_5,completion_latency,ms,0.75374200000000002,parallel_for,runtimes=8;items_per_runtime=32,thread_pool,not_applicable,Adaptive,4,1,4,4,4,4,3,0,not_nested,0,wait,granted,646.66300000000001,not_requested,1,3424649268515386025,0.75374200000000002,23,single,2,25174054,1,3,0,0
2,1.8.0,GCC,14.2.0,Release,Linux,effective_cpu_capacity=4,4,1,linux_sched_affinity+cgroup_cpu_quota,4,4,runtime_latency,governed_8_runtimes_runtime_6,completion_latency,ms,0.81855800000000001,parallel_for,runtimes=8;items_per_runtime=32,thread_pool,not_applicable,Adaptive,4,1,4,4,4,4,3,0,not_nested,0,wait,granted,746.87099999999998,not_requested,1,3424649268515386025,0.81855800000000001,23,single,2,25174054,1,3,0,0
2,1.8.0,GCC,14.2.0,Release,Linux,effective_cpu_capacity=4,4,1,linux_sched_affinity+cgroup_cpu_quota,4,4,runtime_latency,governed_8_runtimes_runtime_7,completion_latency,ms,0.51624300000000001,parallel_for,runtimes=8;items_per_runtime=32,thread_pool,not_applicable,Adaptive,4,1,4,4,4,4,2,0,not_nested,0,wait,granted,419.92000000000002,not_requested,1,3424649268515386025,0.51624300000000001,23,single,2,25174054,1,3,0,0
2,1.8.0,GCC,14.2.0,Release,Linux,effective_cpu_capacity=4,4,1,linux_sched_affinity+cgroup_cpu_quota,1,1,governed_vs_ungoverned,budget_1,batch_wall_time,ms,0.17114499999999999,parallel_for,runtimes=2;items_per_runtime=32,thread_pool,not_applicable,Adaptive,1,1,1,1,1,1,1,0,not_nested,0,wait,granted,1.512,not_requested,1,10831286851329034220,0.17114499999999999,23,single,2,25174054,2,1,0,0
2,1.8.0,GCC,14.2.0,Release,Linux,effective_cpu_capacity=4,4,1,linux_sched_affinity+cgroup_cpu_quota,1,1,governed_vs_ungoverned,budget_1,throughput,operations_per_second,11685.997253790647,parallel_for,runtimes=2;items_per_runtime=32,thread_pool,not_applicable,Adaptive,1,1,1,1,1,1,1,0,not_nested,0,wait,granted,1.512,not_requested,1,10831286851329034220,0.17114499999999999,23,single,2,25174054,2,1,0,0
2,1.8.0,GCC,14.2.0,Release,Linux,effective_cpu_capacity=4,4,1,linux_sched_affinity+cgroup_cpu_quota,1,1,governed_vs_ungoverned,budget_1,peak_participation,threads,1,parallel_for,runtimes=2;items_per_runtime=32,thread_pool,not_applicable,Adaptive,1,1,1,1,1,1,1,0,not_nested,0,wait,granted,1.512,not_requested,1,10831286851329034220,0.17114499999999999,23,single,2,25174054,2,1,0,0
2,1.8.0,GCC,14.2.0,Release,Linux,effective_cpu_capacity=4,4,1,linux_sched_affinity+cgroup_cpu_quota,1,1,runtime_latency,budget_1_runtime_0,completion_latency,ms,0.064255000000000007,parallel_for,runtimes=2;items_per_runtime=32,thread_pool,not_applicable,Adaptive,1,1,1,1,1,1,1,0,not_nested,0,wait,granted,1.512,not_requested,1,10831286851329034220,0.064255000000000007,23,single,2,25174054,1,1,0,0
2,1.8.0,GCC,14.2.0,Release,Linux,effective_cpu_capacity=4,4,1,linux_sched_affinity+cgroup_cpu_quota,1,1,runtime_latency,budget_1_runtime_1,completion_latency,ms,0.096978999999999996,parallel_for,runtimes=2;items_per_runtime=32,thread_pool,not_applicable,Adaptive,1,1,1,1,1,1,1,0,not_nested,0,wait,granted,59.473999999999997,not_requested,1,10831286851329034220,0.096978999999999996,23,single,2,25174054,1,1,0,0
2,1.8.0,GCC,14.2.0,Release,Linux,effective_cpu_capacity=4,4,1,linux_sched_affinity+cgroup_cpu_quota,2,2,governed_vs_ungoverned,budget_2,batch_wall_time,ms,0.61787999999999998,parallel_for,runtimes=2;items_per_runtime=32,thread_pool,not_applicable,Adaptive,2,1,2,2,2,2,2,0,not_nested,0,wait,granted,1.1120000000000001,not_requested,1,10831286851329034220,0.61787999999999998,23,single,2,25174054,2,2,0,0
2,1.8.0,GCC,14.2.0,Release,Linux,effective_cpu_capacity=4,4,1,linux_sched_affinity+cgroup_cpu_quota,2,2,governed_vs_ungoverned,budget_2,throughput,operations_per_second,3236.8744740078978,parallel_for,runtimes=2;items_per_runtime=32,thread_pool,not_applicable,Adaptive,2,1,2,2,2,2,2,0,not_nested,0,wait,granted,1.1120000000000001,not_requested,1,10831286851329034220,0.61787999999999998,23,single,2,25174054,2,2,0,0
2,1.8.0,GCC,14.2.0,Release,Linux,effective_cpu_capacity=4,4,1,linux_sched_affinity+cgroup_cpu_quota,2,2,governed_vs_ungoverned,budget_2,peak_participation,threads,2,parallel_for,runtimes=2;items_per_runtime=32,thread_pool,not_applicable,Adaptive,2,1,2,2,2,2,2,0,not_nested,0,wait,granted,1.1120000000000001,not_requested,1,10831286851329034220,0.61787999999999998,23,single,2,25174054,2,2,0,0
2,1.8.0,GCC,14.2.0,Release,Linux,effective_cpu_capacity=4,4,1,linux_sched_affinity+cgroup_cpu_quota,2,2,runtime_latency,budget_2_runtime_0,completion_latency,ms,0.064976999999999993,parallel_for,runtimes=2;items_per_runtime=32,thread_pool,not_applicable,Adaptive,2,1,2,2,2,2,2,0,not_nested,0,wait,granted,1.1120000000000001,not_requested,1,10831286851329034220,0.064976999999999993,23,single,2,25174054,1,2,0,0
2,1.8.0,GCC,14.2.0,Release,Linux,effective_cpu_capacity=4,4,1,linux_sched_affinity+cgroup_cpu_quota,2,2,runtime_latency,budget_2_runtime_1,completion_latency,ms,0.35135300000000003,parallel_for,runtimes=2;items_per_runtime=32,thread_pool,not_applicable,Adaptive,2,1,2,2,2,2,1,0,not_nested,0,wait,granted,1.1319999999999999,not_requested,1,10831286851329034220,0.35135300000000003,23,single,2,25174054,1,2,0,0
2,1.8.0,GCC,14.2.0,Release,Linux,effective_cpu_capacity=4,4,1,linux_sched_affinity+cgroup_cpu_quota,4,4,governed_vs_ungoverned,budget_4,batch_wall_time,ms,0.37454799999999999,parallel_for,runtimes=2;items_per_runtime=64,thread_pool,not_applicable,Adaptive,4,1,4,4,4,4,1,0,not_nested,0,wait,granted,1.3120000000000001,not_requested,1,7589314552514409162,0.37454799999999999,23,single,2,25174054,2,2,0,0
2,1.8.0,GCC,14.2.0,Release,Linux,effective_cpu_capacity=4,4,1,linux_sched_affinity+cgroup_cpu_quota,4,4,governed_vs_ungoverned,budget_4,throughput,operations_per_second,5339.7695355468459,parallel_for,runtimes=2;items_per_runtime=64,thread_pool,not_applicable,Adaptive,4,1,4,4,4,4,1,0,not_nested,0,wait,granted,1.3120000000000001,not_requested,1,7589314552514409162,0.37454799999999999,23,single,2,25174054,2,2,0,0
2,1.8.0,GCC,14.2.0,Release,Linux,effective_cpu_capacity=4,4,1,linux_sched_affinity+cgroup_cpu_quota,4,4,governed_vs_ungoverned,budget_4,peak_participation,threads,2,parallel_for,runtimes=2;items_per_runtime=64,thread_pool,not_applicable,Adaptive,4,1,4,4,4,4,1,0,not_nested,0,wait,granted,1.3120000000000001,not_requested,1,7589314552514409162,0.37454799999999999,23,single,2,25174054,2,2,0,0
2,1.8.0,GCC,14.2.0,Release,Linux,effective_cpu_capacity=4,4,1,linux_sched_affinity+cgroup_cpu_quota,4,4,runtime_latency,budget_4_runtime_0,completion_latency,ms,0.097415000000000002,parallel_for,runtimes=2;items_per_runtime=64,thread_pool,not_applicable,Adaptive,4,1,4,4,4,4,1,0,not_nested,0,wait,granted,1.3120000000000001,not_requested,1,7589314552514409162,0.097415000000000002,23,single,2,25174054,1,2,0,0
2,1.8.0,GCC,14.2.0,Release,Linux,effective_cpu_capacity=4,4,1,linux_sched_affinity+cgroup_cpu_quota,4,4,runtime_latency,budget_4_runtime_1,completion_latency,ms,0.128471,parallel_for,runtimes=2;items_per_runtime=64,thread_pool,not_applicable,Adaptive,4,1,4,4,4,4,2,0,not_nested,0,wait,granted,1.121,not_requested,1,7589314552514409162,0.128471,23,single,2,25174054,1,2,0,0
2,1.8.0,GCC,14.2.0,Release,Linux,effective_cpu_capacity=4,4,1,linux_sched_affinity+cgroup_cpu_quota,4,1,governor_overhead,uncontended_exact_acquire_release,latency,us_per_acquire_release,0.146067,parallel_for,,,not_applicable,Adaptive,1,1,1,1,1,1,1,0,not_nested,1,fail_immediately,granted,0.080000000000000002,not_requested,1,,0.000146067,24,single,2,25174054,1000,1,0,0
2,1.8.0,GCC,14.2.0,Release,Linux,effective_cpu_capacity=4,4,1,linux_sched_affinity+cgroup_cpu_quota,4,1,governor_overhead,inherited_nested_lease,latency,us_per_acquire_release,0.016986000000000001,parallel_for,,,not_applicable,Adaptive,1,1,1,1,1,1,1,1,reuse_parent,1,fail_immediately,granted,0.080000000000000002,not_requested,1,,0.000146067,24,single,2,25174054,1000,1,0,0
2,1.8.0,GCC,14.2.0,Release,Linux,effective_cpu_capacity=4,4,1,linux_sched_affinity+cgroup_cpu_quota,4,4,governor_overhead,flexible_partial_grant,latency,us_per_acquire_release,0.32000000000000001,parallel_for,,,not_applicable,Adaptive,4,1,4,4,1,1,1,0,not_nested,0,fail_immediately,granted,0.19,not_requested,1,,0.000146067,24,single,2,25174054,1,1,0,0
2,1.8.0,GCC,14.2.0,Release,Linux,effective_cpu_capacity=4,4,1,linux_sched_affinity+cgroup_cpu_quota,4,4,governor_overhead,immediate_failure,latency,us_per_acquire_release,0.39000000000000001,parallel_for,,,not_applicable,Adaptive,4,4,4,4,0,0,0,0,not_nested,1,fail_immediately,would_block,0,not_requested,1,,0.000146067,24,single,2,25174054,1,1,0,0
2,1.8.0,GCC,14.2.0,Release,Linux,effective_cpu_capacity=4,4,1,linux_sched_affinity+cgroup_cpu_quota,4,4,governor_overhead,direct_cancellation_notification,latency,us,24.456,parallel_for,,,not_applicable,Adaptive,4,4,4,4,0,0,0,0,not_nested,1,wait,cancelled,13.821,requested,1,,0.024455999999999999,24,single,2,25174054,1,0,0,0
2,1.8.0,GCC,14.2.0,Release,Linux,effective_cpu_capacity=4,4,1,linux_sched_affinity+cgroup_cpu_quota,4,4,admission_fairness,large_exact_request,completion_rank,rank,5,parallel_for,one_large_exact_plus_eight_small_exact,,not_applicable,Adaptive,4,4,4,4,4,4,4,0,not_nested,1,wait,granted,224.13399999999999,not_requested,1,,0,24,single,2,25174054,1,0,4,224.13399999999999
2,1.8.0,GCC,14.2.0,Release,Linux,effective_cpu_capacity=4,4,1,linux_sched_affinity+cgroup_cpu_quota,4,4,admission_fairness,small_request_0,completion_rank,rank,1,parallel_for,one_large_exact_plus_eight_small_exact,,not_applicable,Adaptive,1,1,1,1,1,1,1,0,not_nested,1,wait,granted,13.44,not_requested,1,,0,24,single,2,25174054,1,0,4,13.44
2,1.8.0,GCC,14.2.0,Release,Linux,effective_cpu_capacity=4,4,1,linux_sched_affinity+cgroup_cpu_quota,4,4,admission_fairness,small_request_1,completion_rank,rank,2,parallel_for,one_large_exact_plus_eight_small_exact,,not_applicable,Adaptive,1,1,1,1,1,1,1,0,not_nested,1,wait,granted,2.173,not_requested,1,,0,24,single,2,25174054,1,0,4,2.173
2,1.8.0,GCC,14.2.0,Release,Linux,effective_cpu_capacity=4,4,1,linux_sched_affinity+cgroup_cpu_quota,4,4,admission_fairness,small_request_2,completion_rank,rank,3,parallel_for,one_large_exact_plus_eight_small_exact,,not_applicable,Adaptive,1,1,1,1,1,1,1,0,not_nested,1,wait,granted,11.868,not_requested,1,,0,24,single,2,25174054,1,0,4,11.868
2,1.8.0,GCC,14.2.0,Release,Linux,effective_cpu_capacity=4,4,1,linux_sched_affinity+cgroup_cpu_quota,4,4,admission_fairness,small_request_3,completion_rank,rank,4,parallel_for,one_large_exact_plus_eight_small_exact,,not_applicable,Adaptive,1,1,1,1,1,1,1,0,not_nested,1,wait,granted,0.76100000000000001,not_requested,1,,0,24,single,2,25174054,1,0,4,0.76100000000000001
2,1.8.0,GCC,14.2.0,Release,Linux,effective_cpu_capacity=4,4,1,linux_sched_affinity+cgroup_cpu_quota,4,4,admission_fairness,small_request_4,completion_rank,rank,7,parallel_for,one_large_exact_plus_eight_small_exact,,not_applicable,Adaptive,1,1,1,1,1,1,1,0,not_nested,1,wait,granted,1266.3800000000001,not_requested,1,,0,24,single,2,25174054,1,0,4,1266.3800000000001
2,1.8.0,GCC,14.2.0,Release,Linux,effective_cpu_capacity=4,4,1,linux_sched_affinity+cgroup_cpu_quota,4,4,admission_fairness,small_request_5,completion_rank,rank,8,parallel_for,one_large_exact_plus_eight_small_exact,,not_applicable,Adaptive,1,1,1,1,1,1,1,0,not_nested,1,wait,granted,1255.825,not_requested,1,,0,24,single,2,25174054,1,0,4,1255.825
2,1.8.0,GCC,14.2.0,Release,Linux,effective_cpu_capacity=4,4,1,linux_sched_affinity+cgroup_cpu_quota,4,4,admission_fairness,small_request_6,completion_rank,rank,6,parallel_for,one_large_exact_plus_eight_small_exact,,not_applicable,Adaptive,1,1,1,1,1,1,1,0,not_nested,1,wait,granted,1220.9829999999999,not_requested,1,,0,24,single,2,25174054,1,0,4,1220.9829999999999
2,1.8.0,GCC,14.2.0,Release,Linux,effective_cpu_capacity=4,4,1,linux_sched_affinity+cgroup_cpu_quota,4,4,admission_fairness,small_request_7,completion_rank,rank,9,parallel_for,one_large_exact_plus_eight_small_exact,,not_applicable,Adaptive,1,1,1,1,1,1,1,0,not_nested,1,wait,granted,1243.877,not_requested,1,,0,24,single,2,25174054,1,0,4,1243.877
2,1.8.0,GCC,14.2.0,Release,Linux,effective_cpu_capacity=4,4,1,linux_sched_affinity+cgroup_cpu_quota,4,4,adaptive_partial_grant,available_one_of_preferred_budget,granted_workers,threads,1,parallel_for,,thread_pool,not_applicable,Adaptive,4,1,4,4,1,1,1,0,not_nested,0,wait,granted,0.34100000000000003,not_requested,1,,0.099579000000000001,24,single,2,25174054,1,1,0,0
2,1.8.0,GCC,14.2.0,Release,Linux,effective_cpu_capacity=4,4,1,linux_sched_affinity+cgroup_cpu_quota,4,4,nested_execution,depth_1,peak_participation,threads,1,parallel_for,depth=1;leaves=2,thread_pool,not_applicable,Adaptive,2,1,2,4,2,2,1,0,not_nested,0,wait,granted,0.28000000000000003,not_requested,1,,0.029013000000000001,24,single,2,25174054,1,1,0,0
2,1.8.0,GCC,14.2.0,Release,Linux,effective_cpu_capacity=4,4,1,linux_sched_affinity+cgroup_cpu_quota,4,4,nested_execution,depth_2,peak_participation,threads,1,parallel_for,depth=2;leaves=4,thread_pool,not_applicable,Adaptive,2,1,2,4,2,2,1,0,not_nested,0,wait,granted,0.23999999999999999,not_requested,1,,0.021291999999999998,24,single,2,25174054,1,1,0,0
2,1.8.0,GCC,14.2.0,Release,Linux,effective_cpu_capacity=4,4,1,linux_sched_affinity+cgroup_cpu_quota,4,4,nested_execution,depth_3,peak_participation,threads,1,parallel_for,depth=3;leaves=8,thread_pool,not_applicable,Adaptive,2,1,2,4,2,2,1,0,not_nested,0,wait,granted,0.26100000000000001,not_requested,1,,0.022484000000000001,24,single,2,25174054,1,1,0,0
2,1.8.0,GCC,14.2.0,Release,Linux,effective_cpu_capacity=4,4,1,linux_sched_affinity+cgroup_cpu_quota,4,4,nested_execution,depth_4,peak_participation,threads,1,parallel_for,depth=4;leaves=16,thread_pool,not_applicable,Adaptive,2,1,2,4,2,2,1,0,not_nested,0,wait,granted,0.20000000000000001,not_requested,1,,0.023174,24,single,2,25174054,1,1,0,0
2,1.8.0,GCC,14.2.0,Release,Linux,effective_cpu_capacity=4,4,1,linux_sched_affinity+cgroup_cpu_quota,1,1,scheduler_comparison,sequential,duration,ms,0.407026,parallel_for,,sequential,not_applicable,Adaptive,1,1,1,1,1,1,1,0,not_nested,0,wait,granted,0.20999999999999999,not_requested,1,5314921549994187984,0.407026,24,single,2,25174054,1,1,0,0
2,1.8.0,GCC,14.2.0,Release,Linux,effective_cpu_capacity=4,4,1,linux_sched_affinity+cgroup_cpu_quota,4,4,scheduler_comparison,thread_pool,duration,ms,0.30812899999999999,parallel_for,,thread_pool,not_applicable,Adaptive,4,1,4,4,4,4,2,0,not_nested,0,wait,granted,0.14999999999999999,not_requested,1,5314921549994187984,0.30812899999999999,24,single,2,25174054,1,2,0,0
2,1.8.0,GCC,14.2.0,Release,Linux,effective_cpu_capacity=4,4,1,linux_sched_affinity+cgroup_cpu_quota,4,4,scheduler_comparison,static_thread,duration,ms,0.24396399999999999,parallel_for,,static_thread,not_applicable,Adaptive,4,1,4,4,4,4,4,0,not_nested,0,wait,granted,0.57099999999999995,not_requested,1,5314921549994187984,0.24396399999999999,24,single,2,25174054,1,4,0,0
2,1.8.0,GCC,14.2.0,Release,Linux,effective_cpu_capacity=4,4,1,linux_sched_affinity+cgroup_cpu_quota,4,4,deterministic_exact_grant,success,accepted,boolean,1,parallel_for,,thread_pool,not_applicable,Deterministic,4,4,4,4,4,4,1,0,not_nested,1,fail_immediately,granted,0.56100000000000005,not_requested,1,,0,24,single,2,25174054,1,0,0,0
2,1.8.0,GCC,14.2.0,Release,Linux,effective_cpu_capacity=4,4,1,linux_sched_affinity+cgroup_cpu_quota,4,4,deterministic_exact_grant,insufficient_budget_failure,accepted,boolean,1,parallel_for,,,not_applicable,Deterministic,4,4,4,4,0,0,0,0,not_nested,1,fail_immediately,would_block,0,not_requested,1,,0,24,single,2,25174054,1,0,0,0
2,1.8.0,GCC,14.2.0,Release,Linux,effective_cpu_capacity=4,4,1,linux_sched_affinity+cgroup_cpu_quota,4,4,governed_vs_ungoverned,governed,batch_wall_time,ms,2.615863,parallel_for,runtimes=2;items_per_runtime=128,thread_pool,not_applicable,Adaptive,4,1,4,4,4,4,3,0,not_nested,0,wait,granted,1.3420000000000001,not_requested,1,14754973877547064749,2.615863,24,governed_then_ungoverned,2,25174054,2,3,0,0
2,1.8.0,GCC,14.2.0,Release,Linux,effective_cpu_capacity=4,4,1,linux_sched_affinity+cgroup_cpu_quota,4,4,governed_vs_ungoverned,governed,throughput,operations_per_second,764.56603423038598,parallel_for,runtimes=2;items_per_runtime=128,thread_pool,not_applicable,Adaptive,4,1,4,4,4,4,3,0,not_nested,0,wait,granted,1.3420000000000001,not_requested,1,14754973877547064749,2.615863,24,governed_then_ungoverned,2,25174054,2,3,0,0
2,1.8.0,GCC,14.2.0,Release,Linux,effective_cpu_capacity=4,4,1,linux_sched_affinity+cgroup_cpu_quota,4,4,governed_vs_ungoverned,governed,peak_participation,threads,3,parallel_for,runtimes=2;items_per_runtime=128,thread_pool,not_applicable,Adaptive,4,1,4,4,4,4,3,0,not_nested,0,wait,granted,1.3420000000000001,not_requested,1,14754973877547064749,2.615863,24,governed_then_ungoverned,2,25174054,2,3,0,0
2,1.8.0,GCC,14.2.0,Release,Linux,effective_cpu_capacity=4,4,1,linux_sched_affinity+cgroup_cpu_quota,4,4,runtime_latency,governed_runtime_0,completion_latency,ms,1.201398,parallel_for,runtimes=2;items_per_runtime=128,thread_pool,not_applicable,Adaptive,4,1,4,4,4,4,3,0,not_nested,0,wait,granted,1.3420000000000001,not_requested,1,14754973877547064749,1.201398,24,governed_then_ungoverned,2,25174054,1,3,0,0
2,1.8.0,GCC,14.2.0,Release,Linux,effective_cpu_capacity=4,4,1,linux_sched_affinity+cgroup_cpu_quota,4,4,runtime_latency,governed_runtime_1,completion_latency,ms,2.5269460000000001,parallel_for,runtimes=2;items_per_runtime=128,thread_pool,not_applicable,Adaptive,4,1,4,4,4,4,3,0,not_nested,0,wait,granted,1203.1859999999999,not_requested,1,14754973877547064749,2.5269460000000001,24,governed_then_ungoverned,2,25174054,1,3,0,0
2,1.8.0,GCC,14.2.0,Release,Linux,effective_cpu_capacity=4,4,1,linux_sched_affinity+cgroup_cpu_quota,4,4,governed_vs_ungoverned,ungoverned,batch_wall_time,ms,2.5548519999999999,parallel_for,runtimes=2;items_per_runtime=128,thread_pool,not_applicable,Adaptive,4,1,4,4,4,4,3,0,not_nested,0,wait,granted,1.923,not_requested,1,14754973877547064749,2.5548519999999999,24,governed_then_ungoverned,2,25174054,2,3,0,0
2,1.8.0,GCC,14.2.0,Release,Linux,effective_cpu_capacity=4,4,1,linux_sched_affinity+cgroup_cpu_quota,4,4,governed_vs_ungoverned,ungoverned,throughput,operations_per_second,782.82421056092494,parallel_for,runtimes=2;items_per_runtime=128,thread_pool,not_applicable,Adaptive,4,1,4,4,4,4,3,0,not_nested,0,wait,granted,1.923,not_requested,1,14754973877547064749,2.5548519999999999,24,governed_then_ungoverned,2,25174054,2,3,0,0
2,1.8.0,GCC,14.2.0,Release,Linux,effective_cpu_capacity=4,4,1,linux_sched_affinity+cgroup_cpu_quota,4,4,governed_vs_ungoverned,ungoverned,peak_participation,threads,3,parallel_for,runtimes=2;items_per_runtime=128,thread_pool,not_applicable,Adaptive,4,1,4,4,4,4,3,0,not_nested,0,wait,granted,1.923,not_requested,1,14754973877547064749,2.5548519999999999,24,governed_then_ungoverned,2,25174054,2,3,0,0
2,1.8.0,GCC,14.2.0,Release,Linux,effective_cpu_capacity=4,4,1,linux_sched_affinity+cgroup_cpu_quota,4,4,runtime_latency,ungoverned_runtime_0,completion_latency,ms,2.4836070000000001,parallel_for,runtimes=2;items_per_runtime=128,thread_pool,not_applicable,Adaptive,4,1,4,4,4,4,3,0,not_nested,0,wait,granted,1.923,not_requested,1,14754973877547064749,2.4836070000000001,24,governed_then_ungoverned,2,25174054,1,3,0,0
2,1.8.0,GCC,14.2.0,Release,Linux,effective_cpu_capacity=4,4,1,linux_sched_affinity+cgroup_cpu_quota,4,4,runtime_latency,ungoverned_runtime_1,completion_latency,ms,1.91452,parallel_for,runtimes=2;items_per_runtime=128,thread_pool,not_applicable,Adaptive,4,1,4,4,4,4,2,0,not_nested,0,wait,granted,0.70099999999999996,not_requested,1,14754973877547064749,1.91452,24,governed_then_ungoverned,2,25174054,1,3,0,0
2,1.8.0,GCC,14.2.0,Release,Linux,effective_cpu_capacity=4,4,1,linux_sched_affinity+cgroup_cpu_quota,4,4,governed_vs_ungoverned,governed_2_runtimes,batch_wall_time,ms,0.32716699999999999,parallel_for,runtimes=2;items_per_runtime=32,thread_pool,not_applicable,Adaptive,4,1,4,4,4,4,2,0,not_nested,0,wait,granted,1.0820000000000001,not_requested,1,10831286851329034220,0.32716699999999999,24,single,2,25174054,2,2,0,0
2,1.8.0,GCC,14.2.0,Release,Linux,effective_cpu_capacity=4,4,1,linux_sched_affinity+cgroup_cpu_quota,4,4,governed_vs_ungoverned,governed_2_runtimes,throughput,operations_per_second,6113.0859774977307,parallel_for,runtimes=2;items_per_runtime=32,thread_pool,not_applicable,Adaptive,4,1,4,4,4,4,2,0,not_nested,0,wait,granted,1.0820000000000001,not_requested,1,10831286851329034220,0.32716699999999999,24,single,2,25174054,2,2,0,0
2,1.8.0,GCC,14.2.0,Release,Linux,effective_cpu_capacity=4,4,1,linux_sched_affinity+cgroup_cpu_quota,4,4,governed_vs_ungoverned,governed_2_runtimes,peak_participation,threads,2,parallel_for,runtimes=2;items_per_runtime=32,thread_pool,not_applicable,Adaptive,4,1,4,4,4,4,2,0,not_nested,0,wait,granted,1.0820000000000001,not_requested,1,10831286851329034220,0.32716699999999999,24,single,2,25174054,2,2,0,0
2,1.8.0,GCC,14.2.0,Release,Linux,effective_cpu_capacity=4,4,1,linux_sched_affinity+cgroup_cpu_quota,4,4,runtime_latency,governed_2_runtimes_runtime_0,completion_latency,ms,0.081841999999999998,parallel_for,runtimes=2;items_per_runtime=32,thread_pool,not_applicable,Adaptive,4,1,4,4,4,4,2,0,not_nested,0,wait,granted,1.0820000000000001,not_requested,1,10831286851329034220,0.081841999999999998,24,single,2,25174054,1,2,0,0
2,1.8.0,GCC,14.2.0,Release,Linux,effective_cpu_capacity=4,4,1,linux_sched_affinity+cgroup_cpu_quota,4,4,runtime_latency,governed_2_runtimes_runtime_1,completion_latency,ms,0.12521699999999999,parallel_for,runtimes=2;items_per_runtime=32,thread_pool,not_applicable,Adaptive,4,1,4,4,4,4,2,0,not_nested,0,wait,granted,63.545000000000002,not_requested,1,10831286851329034220,0.12521699999999999,24,single,2,25174054,1,2,0,0
2,1.8.0,GCC,14.2.0,Release,Linux,effective_cpu_capacity=4,4,1,linux_sched_affinity+cgroup_cpu_quota,4,4,governed_vs_ungoverned,governed_4_runtimes,batch_wall_time,ms,0.51189200000000001,parallel_for,runtimes=4;items_per_runtime=32,thread_pool,not_applicable,Adaptive,4,1,4,4,4,4,2,0,not_nested,0,wait,granted,235.78100000000001,not_requested,1,7589314552514409162,0.51189200000000001,24,single,2,25174054,4,2,0,0
2,1.8.0,GCC,14.2.0,Release,Linux,effective_cpu_capacity=4,4,1,linux_sched_affinity+cgroup_cpu_quota,4,4,governed_vs_ungoverned,governed_4_runtimes,throughput,operations_per_second,7814.1482969063782,parallel_for,runtimes=4;items_per_runtime=32,thread_pool,not_applicable,Adaptive,4,1,4,4,4,4,2,0,not_nested,0,wait,granted,235.78100000000001,not_requested,1,7589314552514409162,0.51189200000000001,24,single,2,25174054,4,2,0,0
2,1.8.0,GCC,14.2.0,Release,Linux,effective_cpu_capacity=4,4,1,linux_sched_affinity+cgroup_cpu_quota,4,4,governed_vs_ungoverned,governed_4_runtimes,peak_participation,threads,2,parallel_for,runtimes=4;items_per_runtime=32,thread_pool,not_applicable,Adaptive,4,1,4,4,4,4,2,0,not_nested,0,wait,granted,235.78100000000001,not_requested,1,7589314552514409162,0.51189200000000001,24,single,2,25174054,4,2,0,0
2,1.8.0,GCC,14.2.0,Release,Linux,effective_cpu_capacity=4,4,1,linux_sched_affinity+cgroup_cpu_quota,4,4,runtime_latency,governed_4_runtimes_runtime_0,completion_latency,ms,0.31054300000000001,parallel_for,runtimes=4;items_per_runtime=32,thread_pool,not_applicable,Adaptive,4,1,4,4,4,4,2,0,not_nested,0,wait,granted,235.78100000000001,not_requested,1,7589314552514409162,0.31054300000000001,24,single,2,25174054,1,2,0,0
2,1.8.0,GCC,14.2.0,Release,Linux,effective_cpu_capacity=4,4,1,linux_sched_affinity+cgroup_cpu_quota,4,4,runtime_latency,governed_4_runtimes_runtime_1,completion_latency,ms,0.13388,parallel_for,runtimes=4;items_per_runtime=32,thread_pool,not_applicable,Adaptive,4,1,4,4,4,4,2,0,not_nested,0,wait,granted,1.4119999999999999,not_requested,1,7589314552514409162,0.13388,24,single,2,25174054,1,2,0,0
2,1.8.0,GCC,14.2.0,Release,Linux,effective_cpu_capacity=4,4,1,linux_sched_affinity+cgroup_cpu_quota,4,4,runtime_latency,governed_4_runtimes_runtime_2,completion_latency,ms,0.23493,parallel_for,runtimes=4;items_per_runtime=32,thread_pool,not_applicable,Adaptive,4,1,4,4,4,4,3,0,not_nested,0,wait,granted,130.10300000000001,not_requested,1,7589314552514409162,0.23493,24,single,2,25174054,1,2,0,0
2,1.8.0,GCC,14.2.0,Release,Linux,effective_cpu_capacity=4,4,1,linux_sched_affinity+cgroup_cpu_quota,4,4,runtime_latency,governed_4_runtimes_runtime_3,completion_latency,ms,0.40642499999999998,parallel_for,runtimes=4;items_per_runtime=32,thread_pool,not_applicable,Adaptive,4,1,4,4,4,4,3,0,not_nested,0,wait,granted,314.60700000000003,not_requested,1,7589314552514409162,0.40642499999999998,24,single,2,25174054,1,2,0,0
2,1.8.0,GCC,14.2.0,Release,Linux,effective_cpu_capacity=4,4,1,linux_sched_affinity+cgroup_cpu_quota,4,4,governed_vs_ungoverned,governed_8_runtimes,batch_wall_time,ms,1.1453850000000001,parallel_for,runtimes=8;items_per_runtime=32,thread_pool,not_applicable,Adaptive,4,1,4,4,4,4,3,0,not_nested,0,wait,granted,1.0720000000000001,not_requested,1,3424649268515386025,1.1453850000000001,24,single,2,25174054,8,4,0,0
2,1.8.0,GCC,14.2.0,Release,Linux,effective_cpu_capacity=4,4,1,linux_sched_affinity+cgroup_cpu_quota,4,4,governed_vs_ungoverned,governed_8_runtimes,throughput,operations_per_second,6984.5510461547856,parallel_for,runtimes=8;items_per_runtime=32,thread_pool,not_applicable,Adaptive,4,1,4,4,4,4,3,0,not_nested,0,wait,granted,1.0720000000000001,not_requested,1,3424649268515386025,1.1453850000000001,24,single,2,25174054,8,4,0,0
2,1.8.0,GCC,14.2.0,Release,Linux,effective_cpu_capacity=4,4,1,linux_sched_affinity+cgroup_cpu_quota,4,4,governed_vs_ungoverned,governed_8_runtimes,peak_participation,threads,4,parallel_for,runtimes=8;items_per_runtime=32,thread_pool,not_applicable,Adaptive,4,1,4,4,4,4,3,0,not_nested,0,wait,granted,1.0720000000000001,not_requested,1,3424649268515386025,1.1453850000000001,24,single,2,25174054,8,4,0,0
2,1.8.0,GCC,14.2.0,Release,Linux,effective_cpu_capacity=4,4,1,linux_sched_affinity+cgroup_cpu_quota,4,4,runtime_latency,governed_8_runtimes_runtime_0,completion_latency,ms,0.130804,parallel_for,runtimes=8;items_per_runtime=32,thread_pool,not_applicable,Adaptive,4,1,4,4,4,4,3,0,not_nested,0,wait,granted,1.0720000000000001,not_requested,1,3424649268515386025,0.130804,24,single,2,25174054,1,4,0,0
2,1.8.0,GCC,14.2.0,Release,Linux,effective_cpu_capacity=4,4,1,linux_sched_affinity+cgroup_cpu_quota,4,4,runtime_latency,governed_8_runtimes_runtime_1,completion_latency,ms,0.59140000000000004,parallel_for,runtimes=8;items_per_runtime=32,thread_pool,not_applicable,Adaptive,4,1,4,4,4,4,4,0,not_nested,0,wait,granted,482.76799999999997,not_requested,1,3424649268515386025,0.59140000000000004,24,single,2,25174054,1,4,0,0
2,1.8.0,GCC,14.2.0,Release,Linux,effective_cpu_capacity=4,4,1,linux_sched_affinity+cgroup_cpu_quota,4,4,runtime_latency,governed_8_runtimes_runtime_2,completion_latency,ms,0.68315700000000001,parallel_for,runtimes=8;items_per_runtime=32,thread_pool,not_applicable,Adaptive,4,1,4,4,4,4,4,0,not_nested,0,wait,granted,591.16899999999998,not_requested,1,3424649268515386025,0.68315700000000001,24,single,2,25174054,1,4,0,0
2,1.8.0,GCC,14.2.0,Release,Linux,effective_cpu_capacity=4,4,1,linux_sched_affinity+cgroup_cpu_quota,4,4,runtime_latency,governed_8_runtimes_runtime_3,completion_latency,ms,0.74356599999999995,parallel_for,runtimes=8;items_per_runtime=32,thread_pool,not_applicable,Adaptive,4,1,4,4,4,4,2,0,not_nested,0,wait,granted,685.34000000000003,not_requested,1,3424649268515386025,0.74356599999999995,24,single,2,25174054,1,4,0,0
2,1.8.0,GCC,14.2.0,Release,Linux,effective_cpu_capacity=4,4,1,linux_sched_affinity+cgroup_cpu_quota,4,4,runtime_latency,governed_8_runtimes_runtime_4,completion_latency,ms,0.484211,parallel_for,runtimes=8;items_per_runtime=32,thread_pool,not_applicable,Adaptive,4,1,4,4,4,4,3,0,not_nested,0,wait,granted,385.53399999999999,not_requested,1,3424649268515386025,0.484211,24,single,2,25174054,1,4,0,0
2,1.8.0,GCC,14.2.0,Release,Linux,effective_cpu_capacity=4,4,1,linux_sched_affinity+cgroup_cpu_quota,4,4,runtime_latency,governed_8_runtimes_runtime_5,completion_latency,ms,0.79352100000000003,parallel_for,runtimes=8;items_per_runtime=32,thread_pool,not_applicable,Adaptive,4,1,4,4,4,4,2,0,not_nested,0,wait,granted,729.495,not_requested,1,3424649268515386025,0.79352100000000003,24,single,2,25174054,1,4,0,0
2,1.8.0,GCC,14.2.0,Release,Linux,effective_cpu_capacity=4,4,1,linux_sched_affinity+cgroup_cpu_quota,4,4,runtime_latency,governed_8_runtimes_runtime_6,completion_latency,ms,0.25029200000000001,parallel_for,runtimes=8;items_per_runtime=32,thread_pool,not_applicable,Adaptive,4,1,4,4,4,4,3,0,not_nested,0,wait,granted,139.869,not_requested,1,3424649268515386025,0.25029200000000001,24,single,2,25174054,1,4,0,0
2,1.8.0,GCC,14.2.0,Release,Linux,effective_cpu_capacity=4,4,1,linux_sched_affinity+cgroup_cpu_quota,4,4,runtime_latency,governed_8_runtimes_runtime_7,completion_latency,ms,0.37470799999999999,parallel_for,runtimes=8;items_per_runtime=32,thread_pool,not_applicable,Adaptive,4,1,4,4,4,4,2,0,not_nested,0,wait,granted,286.887,not_requested,1,3424649268515386025,0.37470799999999999,24,single,2,25174054,1,4,0,0
2,1.8.0,GCC,14.2.0,Release,Linux,effective_cpu_capacity=4,4,1,linux_sched_affinity+cgroup_cpu_quota,1,1,governed_vs_ungoverned,budget_1,batch_wall_time,ms,0.13522100000000001,parallel_for,runtimes=2;items_per_runtime=32,thread_pool,not_applicable,Adaptive,1,1,1,1,1,1,1,0,not_nested,0,wait,granted,0.93100000000000005,not_requested,1,10831286851329034220,0.13522100000000001,24,single,2,25174054,2,1,0,0
2,1.8.0,GCC,14.2.0,Release,Linux,effective_cpu_capacity=4,4,1,linux_sched_affinity+cgroup_cpu_quota,1,1,governed_vs_ungoverned,budget_1,throughput,operations_per_second,14790.602051456503,parallel_for,runtimes=2;items_per_runtime=32,thread_pool,not_applicable,Adaptive,1,1,1,1,1,1,1,0,not_nested,0,wait,granted,0.93100000000000005,not_requested,1,10831286851329034220,0.13522100000000001,24,single,2,25174054,2,1,0,0
2,1.8.0,GCC,14.2.0,Release,Linux,effective_cpu_capacity=4,4,1,linux_sched_affinity+cgroup_cpu_quota,1,1,governed_vs_ungoverned,budget_1,peak_participation,threads,1,parallel_for,runtimes=2;items_per_runtime=32,thread_pool,not_applicable,Adaptive,1,1,1,1,1,1,1,0,not_nested,0,wait,granted,0.93100000000000005,not_requested,1,10831286851329034220,0.13522100000000001,24,single,2,25174054,2,1,0,0
2,1.8.0,GCC,14.2.0,Release,Linux,effective_cpu_capacity=4,4,1,linux_sched_affinity+cgroup_cpu_quota,1,1,runtime_latency,budget_1_runtime_0,completion_latency,ms,0.047900999999999999,parallel_for,runtimes=2;items_per_runtime=32,thread_pool,not_applicable,Adaptive,1,1,1,1,1,1,1,0,not_nested,0,wait,granted,0.93100000000000005,not_requested,1,10831286851329034220,0.047900999999999999,24,single,2,25174054,1,1,0,0
2,1.8.0,GCC,14.2.0,Release,Linux,effective_cpu_capacity=4,4,1,linux_sched_affinity+cgroup_cpu_quota,1,1,runtime_latency,budget_1_runtime_1,completion_latency,ms,0.080409999999999995,parallel_for,runtimes=2;items_per_runtime=32,thread_pool,not_applicable,Adaptive,1,1,1,1,1,1,1,0,not_nested,0,wait,granted,43.994999999999997,not_requested,1,10831286851329034220,0.080409999999999995,24,single,2,25174054,1,1,0,0
2,1.8.0,GCC,14.2.0,Release,Linux,effective_cpu_capacity=4,4,1,linux_sched_affinity+cgroup_cpu_quota,2,2,governed_vs_ungoverned,budget_2,batch_wall_time,ms,0.16768,parallel_for,runtimes=2;items_per_runtime=32,thread_pool,not_applicable,Adaptive,2,1,2,2,2,2,2,0,not_nested,0,wait,granted,0.73099999999999998,not_requested,1,10831286851329034220,0.16768,24,single,2,25174054,2,2,0,0
2,1.8.0,GCC,14.2.0,Release,Linux,effective_cpu_capacity=4,4,1,linux_sched_affinity+cgroup_cpu_quota,2,2,governed_vs_ungoverned,budget_2,throughput,operations_per_second,11927.480916030534,parallel_for,runtimes=2;items_per_runtime=32,thread_pool,not_applicable,Adaptive,2,1,2,2,2,2,2,0,not_nested,0,wait,granted,0.73099999999999998,not_requested,1,10831286851329034220,0.16768,24,single,2,25174054,2,2,0,0
2,1.8.0,GCC,14.2.0,Release,Linux,effective_cpu_capacity=4,4,1,linux_sched_affinity+cgroup_cpu_quota,2,2,governed_vs_ungoverned,budget_2,peak_participation,threads,2,parallel_for,runtimes=2;items_per_runtime=32,thread_pool,not_applicable,Adaptive,2,1,2,2,2,2,2,0,not_nested,0,wait,granted,0.73099999999999998,not_requested,1,10831286851329034220,0.16768,24,single,2,25174054,2,2,0,0
2,1.8.0,GCC,14.2.0,Release,Linux,effective_cpu_capacity=4,4,1,linux_sched_affinity+cgroup_cpu_quota,2,2,runtime_latency,budget_2_runtime_0,completion_latency,ms,0.065506999999999996,parallel_for,runtimes=2;items_per_runtime=32,thread_pool,not_applicable,Adaptive,2,1,2,2,2,2,2,0,not_nested,0,wait,granted,0.73099999999999998,not_requested,1,10831286851329034220,0.065506999999999996,24,single,2,25174054,1,2,0,0
2,1.8.0,GCC,14.2.0,Release,Linux,effective_cpu_capacity=4,4,1,linux_sched_affinity+cgroup_cpu_quota,2,2,runtime_latency,budget_2_runtime_1,completion_latency,ms,0.111606,parallel_for,runtimes=2;items_per_runtime=32,thread_pool,not_applicable,Adaptive,2,1,2,2,2,2,1,0,not_nested,0,wait,granted,61.572000000000003,not_requested,1,10831286851329034220,0.111606,24,single,2,25174054,1,2,0,0
2,1.8.0,GCC,14.2.0,Release,Linux,effective_cpu_capacity=4,4,1,linux_sched_affinity+cgroup_cpu_quota,4,4,governed_vs_ungoverned,budget_4,batch_wall_time,ms,0.22304199999999999,parallel_for,runtimes=2;items_per_runtime=64,thread_pool,not_applicable,Adaptive,4,1,4,4,4,4,4,0,not_nested,0,wait,granted,0.82099999999999995,not_requested,1,7589314552514409162,0.22304199999999999,24,single,2,25174054,2,3,0,0
2,1.8.0,GCC,14.2.0,Release,Linux,effective_cpu_capacity=4,4,1,linux_sched_affinity+cgroup_cpu_quota,4,4,governed_vs_ungoverned,budget_4,throughput,operations_per_second,8966.9210283265038,parallel_for,runtimes=2;items_per_runtime=64,thread_pool,not_applicable,Adaptive,4,1,4,4,4,4,4,0,not_nested,0,wait,granted,0.82099999999999995,not_requested,1,7589314552514409162,0.22304199999999999,24,single,2,25174054,2,3,0,0
2,1.8.0,GCC,14.2.0,Release,Linux,effective_cpu_capacity=4,4,1,linux_sched_affinity+cgroup_cpu_quota,4,4,governed_vs_ungoverned,budget_4,peak_participation,threads,3,parallel_for,runtimes=2;items_per_runtime=64,thread_pool,not_applicable,Adaptive,4,1,4,4,4,4,4,0,not_nested,0,wait,granted,0.82099999999999995,not_requested,1,7589314552514409162,0.22304199999999999,24,single,2,25174054,2,3,0,0
2,1.8.0,GCC,14.2.0,Release,Linux,effective_cpu_capacity=4,4,1,linux_sched_affinity+cgroup_cpu_quota,4,4,runtime_latency,budget_4_runtime_0,completion_latency,ms,0.096404000000000004,parallel_for,runtimes=2;items_per_runtime=64,thread_pool,not_applicable,Adaptive,4,1,4,4,4,4,4,0,not_nested,0,wait,granted,0.82099999999999995,not_requested,1,7589314552514409162,0.096404000000000004,24,single,2,25174054,1,3,0,0
2,1.8.0,GCC,14.2.0,Release,Linux,effective_cpu_capacity=4,4,1,linux_sched_affinity+cgroup_cpu_quota,4,4,runtime_latency,budget_4_runtime_1,completion_latency,ms,0.16944200000000001,parallel_for,runtimes=2;items_per_runtime=64,thread_pool,not_applicable,Adaptive,4,1,4,4,4,4,3,0,not_nested,0,wait,granted,97.766000000000005,not_requested,1,7589314552514409162,0.16944200000000001,24,single,2,25174054,1,3,0,0
2,1.8.0,GCC,14.2.0,Release,Linux,effective_cpu_capacity=4,4,1,linux_sched_affinity+cgroup_cpu_quota,4,1,governor_overhead,uncontended_exact_acquire_release,latency,us_per_acquire_release,0.14136099999999999,parallel_for,,,not_applicable,Adaptive,1,1,1,1,1,1,1,0,not_nested,1,fail_immediately,granted,0.070999999999999994,not_requested,1,,0.00014136099999999998,25,single,2,25174054,1000,1,0,0
2,1.8.0,GCC,14.2.0,Release,Linux,effective_cpu_capacity=4,4,1,linux_sched_affinity+cgroup_cpu_quota,4,1,governor_overhead,inherited_nested_lease,latency,us_per_acquire_release,0.019199000000000001,parallel_for,,,not_applicable,Adaptive,1,1,1,1,1,1,1,1,reuse_parent,1,fail_immediately,granted,0.070999999999999994,not_requested,1,,0.00014136099999999998,25,single,2,25174054,1000,1,0,0
2,1.8.0,GCC,14.2.0,Release,Linux,effective_cpu_capacity=4,4,1,linux_sched_affinity+cgroup_cpu_quota,4,4,governor_overhead,flexible_partial_grant,latency,us_per_acquire_release,0.441,parallel_for,,,not_applicable,Adaptive,4,1,4,4,1,1,1,0,not_nested,0,fail_immediately,granted,0.20000000000000001,not_requested,1,,0.00014136099999999998,25,single,2,25174054,1,1,0,0
2,1.8.0,GCC,14.2.0,Release,Linux,effective_cpu_capacity=4,4,1,linux_sched_affinity+cgroup_cpu_quota,4,4,governor_overhead,immediate_failure,latency,us_per_acquire_release,0.38100000000000001,parallel_for,,,not_applicable,Adaptive,4,4,4,4,0,0,0,0,not_nested,1,fail_immediately,would_block,0,not_requested,1,,0.00014136099999999998,25,single,2,25174054,1,1,0,0
2,1.8.0,GCC,14.2.0,Release,Linux,effective_cpu_capacity=4,4,1,linux_sched_affinity+cgroup_cpu_quota,4,4,governor_overhead,direct_cancellation_notification,latency,us,29.693999999999999,parallel_for,,,not_applicable,Adaptive,4,4,4,4,0,0,0,0,not_nested,1,wait,cancelled,20.670000000000002,requested,1,,0.029693999999999998,25,single,2,25174054,1,0,0,0
2,1.8.0,GCC,14.2.0,Release,Linux,effective_cpu_capacity=4,4,1,linux_sched_affinity+cgroup_cpu_quota,4,4,admission_fairness,large_exact_request,completion_rank,rank,5,parallel_for,one_large_exact_plus_eight_small_exact,,not_applicable,Adaptive,4,4,4,4,4,4,4,0,not_nested,1,wait,granted,188,not_requested,1,,0,25,single,2,25174054,1,0,4,188
2,1.8.0,GCC,14.2.0,Release,Linux,effective_cpu_capacity=4,4,1,linux_sched_affinity+cgroup_cpu_quota,4,4,admission_fairness,small_request_0,completion_rank,rank,1,parallel_for,one_large_exact_plus_eight_small_exact,,not_applicable,Adaptive,1,1,1,1,1,1,1,0,not_nested,1,wait,granted,1.6519999999999999,not_requested,1,,0,25,single,2,25174054,1,0,4,1.6519999999999999
2,1.8.0,GCC,14.2.0,Release,Linux,effective_cpu_capacity=4,4,1,linux_sched_affinity+cgroup_cpu_quota,4,4,admission_fairness,small_request_1,completion_rank,rank,2,parallel_for,one_large_exact_plus_eight_small_exact,,not_applicable,Adaptive,1,1,1,1,1,1,1,0,not_nested,1,wait,granted,0.83199999999999996,not_requested,1,,0,25,single,2,25174054,1,0,4,0.83199999999999996
2,1.8.0,GCC,14.2.0,Release,Linux,effective_cpu_capacity=4,4,1,linux_sched_affinity+cgroup_cpu_quota,4,4,admission_fairness,small_request_2,completion_rank,rank,3,parallel_for,one_large_exact_plus_eight_small_exact,,not_applicable,Adaptive,1,1,1,1,1,1,1,0,not_nested,1,wait,granted,10.596,not_requested,1,,0,25,single,2,25174054,1,0,4,10.596
2,1.8.0,GCC,14.2.0,Release,Linux,effective_cpu_capacity=4,4,1,linux_sched_affinity+cgroup_cpu_quota,4,4,admission_fairness,small_request_3,completion_rank,rank,4,parallel_for,one_large_exact_plus_eight_small_exact,,not_applicable,Adaptive,1,1,1,1,1,1,1,0,not_nested,1,wait,granted,0.67100000000000004,not_requested,1,,0,25,single,2,25174054,1,0,4,0.67100000000000004
2,1.8.0,GCC,14.2.0,Release,Linux,effective_cpu_capacity=4,4,1,linux_sched_affinity+cgroup_cpu_quota,4,4,admission_fairness,small_request_4,completion_rank,rank,9,parallel_for,one_large_exact_plus_eight_small_exact,,not_applicable,Adaptive,1,1,1,1,1,1,1,0,not_nested,1,wait,granted,1510.3679999999999,not_requested,1,,0,25,single,2,25174054,1,0,4,1510.3679999999999
2,1.8.0,GCC,14.2.0,Release,Linux,effective_cpu_capacity=4,4,1,linux_sched_affinity+cgroup_cpu_quota,4,4,admission_fairness,small_request_5,completion_rank,rank,8,parallel_for,one_large_exact_plus_eight_small_exact,,not_applicable,Adaptive,1,1,1,1,1,1,1,0,not_nested,1,wait,granted,1191.894,not_requested,1,,0,25,single,2,25174054,1,0,4,1191.894
2,1.8.0,GCC,14.2.0,Release,Linux,effective_cpu_capacity=4,4,1,linux_sched_affinity+cgroup_cpu_quota,4,4,admission_fairness,small_request_6,completion_rank,rank,6,parallel_for,one_large_exact_plus_eight_small_exact,,not_applicable,Adaptive,1,1,1,1,1,1,1,0,not_nested,1,wait,granted,1145.9559999999999,not_requested,1,,0,25,single,2,25174054,1,0,4,1145.9559999999999
2,1.8.0,GCC,14.2.0,Release,Linux,effective_cpu_capacity=4,4,1,linux_sched_affinity+cgroup_cpu_quota,4,4,admission_fairness,small_request_7,completion_rank,rank,7,parallel_for,one_large_exact_plus_eight_small_exact,,not_applicable,Adaptive,1,1,1,1,1,1,1,0,not_nested,1,wait,granted,1153.6569999999999,not_requested,1,,0,25,single,2,25174054,1,0,4,1153.6569999999999
2,1.8.0,GCC,14.2.0,Release,Linux,effective_cpu_capacity=4,4,1,linux_sched_affinity+cgroup_cpu_quota,4,4,adaptive_partial_grant,available_one_of_preferred_budget,granted_workers,threads,1,parallel_for,,thread_pool,not_applicable,Adaptive,4,1,4,4,1,1,1,0,not_nested,0,wait,granted,0.26100000000000001,not_requested,1,,0.10052,25,single,2,25174054,1,1,0,0
2,1.8.0,GCC,14.2.0,Release,Linux,effective_cpu_capacity=4,4,1,linux_sched_affinity+cgroup_cpu_quota,4,4,nested_execution,depth_1,peak_participation,threads,1,parallel_for,depth=1;leaves=2,thread_pool,not_applicable,Adaptive,2,1,2,4,2,2,1,0,not_nested,0,wait,granted,0.23000000000000001,not_requested,1,,0.028292000000000001,25,single,2,25174054,1,1,0,0
2,1.8.0,GCC,14.2.0,Release,Linux,effective_cpu_capacity=4,4,1,linux_sched_affinity+cgroup_cpu_quota,4,4,nested_execution,depth_2,peak_participation,threads,1,parallel_for,depth=2;leaves=4,thread_pool,not_applicable,Adaptive,2,1,2,4,2,2,1,0,not_nested,0,wait,granted,0.25,not_requested,1,,0.014451,25,single,2,25174054,1,1,0,0
2,1.8.0,GCC,14.2.0,Release,Linux,effective_cpu_capacity=4,4,1,linux_sched_affinity+cgroup_cpu_quota,4,4,nested_execution,depth_3,peak_participation,threads,1,parallel_for,depth=3;leaves=8,thread_pool,not_applicable,Adaptive,2,1,2,4,2,2,1,0,not_nested,0,wait,granted,0.16,not_requested,1,,0.021281999999999999,25,single,2,25174054,1,1,0,0
2,1.8.0,GCC,14.2.0,Release,Linux,effective_cpu_capacity=4,4,1,linux_sched_affinity+cgroup_cpu_quota,4,4,nested_execution,depth_4,peak_participation,threads,1,parallel_for,depth=4;leaves=16,thread_pool,not_applicable,Adaptive,2,1,2,4,2,2,1,0,not_nested,0,wait,granted,0.20999999999999999,not_requested,1,,0.018717999999999999,25,single,2,25174054,1,1,0,0
2,1.8.0,GCC,14.2.0,Release,Linux,effective_cpu_capacity=4,4,1,linux_sched_affinity+cgroup_cpu_quota,1,1,scheduler_comparison,sequential,duration,ms,0.40508300000000003,parallel_for,,sequential,not_applicable,Adaptive,1,1,1,1,1,1,1,0,not_nested,0,wait,granted,0.22,not_requested,1,5314921549994187984,0.40508300000000003,25,single,2,25174054,1,1,0,0
2,1.8.0,GCC,14.2.0,Release,Linux,effective_cpu_capacity=4,4,1,linux_sched_affinity+cgroup_cpu_quota,4,4,scheduler_comparison,thread_pool,duration,ms,0.444471,parallel_for,,thread_pool,not_applicable,Adaptive,4,1,4,4,4,4,1,0,not_nested,0,wait,granted,0.14999999999999999,not_requested,1,5314921549994187984,0.444471,25,single,2,25174054,1,1,0,0
2,1.8.0,GCC,14.2.0,Release,Linux,effective_cpu_capacity=4,4,1,linux_sched_affinity+cgroup_cpu_quota,4,4,scheduler_comparison,static_thread,duration,ms,0.34439199999999998,parallel_for,,static_thread,not_applicable,Adaptive,4,1,4,4,4,4,4,0,not_nested,0,wait,granted,0.31,not_requested,1,5314921549994187984,0.34439199999999998,25,single,2,25174054,1,4,0,0
2,1.8.0,GCC,14.2.0,Release,Linux,effective_cpu_capacity=4,4,1,linux_sched_affinity+cgroup_cpu_quota,4,4,deterministic_exact_grant,success,accepted,boolean,1,parallel_for,,thread_pool,not_applicable,Deterministic,4,4,4,4,4,4,1,0,not_nested,1,fail_immediately,granted,0.53000000000000003,not_requested,1,,0,25,single,2,25174054,1,0,0,0
2,1.8.0,GCC,14.2.0,Release,Linux,effective_cpu_capacity=4,4,1,linux_sched_affinity+cgroup_cpu_quota,4,4,deterministic_exact_grant,insufficient_budget_failure,accepted,boolean,1,parallel_for,,,not_applicable,Deterministic,4,4,4,4,0,0,0,0,not_nested,1,fail_immediately,would_block,0,not_requested,1,,0,25,single,2,25174054,1,0,0,0
2,1.8.0,GCC,14.2.0,Release,Linux,effective_cpu_capacity=4,4,1,linux_sched_affinity+cgroup_cpu_quota,4,4,governed_vs_ungoverned,governed,batch_wall_time,ms,2.1268449999999999,parallel_for,runtimes=2;items_per_runtime=128,thread_pool,not_applicable,Adaptive,4,1,4,4,4,4,3,0,not_nested,0,wait,granted,1.222,not_requested,1,14754973877547064749,2.1268449999999999,25,ungoverned_then_governed,2,25174054,2,4,0,0
2,1.8.0,GCC,14.2.0,Release,Linux,effective_cpu_capacity=4,4,1,linux_sched_affinity+cgroup_cpu_quota,4,4,governed_vs_ungoverned,governed,throughput,operations_per_second,940.36001683244433,parallel_for,runtimes=2;items_per_runtime=128,thread_pool,not_applicable,Adaptive,4,1,4,4,4,4,3,0,not_nested,0,wait,granted,1.222,not_requested,1,14754973877547064749,2.1268449999999999,25,ungoverned_then_governed,2,25174054,2,4,0,0
2,1.8.0,GCC,14.2.0,Release,Linux,effective_cpu_capacity=4,4,1,linux_sched_affinity+cgroup_cpu_quota,4,4,governed_vs_ungoverned,governed,peak_participation,threads,4,parallel_for,runtimes=2;items_per_runtime=128,thread_pool,not_applicable,Adaptive,4,1,4,4,4,4,3,0,not_nested,0,wait,granted,1.222,not_requested,1,14754973877547064749,2.1268449999999999,25,ungoverned_then_governed,2,25174054,2,4,0,0
2,1.8.0,GCC,14.2.0,Release,Linux,effective_cpu_capacity=4,4,1,linux_sched_affinity+cgroup_cpu_quota,4,4,runtime_latency,governed_runtime_0,completion_latency,ms,1.2240219999999999,parallel_for,runtimes=2;items_per_runtime=128,thread_pool,not_applicable,Adaptive,4,1,4,4,4,4,3,0,not_nested,0,wait,granted,1.222,not_requested,1,14754973877547064749,1.2240219999999999,25,ungoverned_then_governed,2,25174054,1,4,0,0
2,1.8.0,GCC,14.2.0,Release,Linux,effective_cpu_capacity=4,4,1,linux_sched_affinity+cgroup_cpu_quota,4,4,runtime_latency,governed_runtime_1,completion_latency,ms,2.0393150000000002,parallel_for,runtimes=2;items_per_runtime=128,thread_pool,not_applicable,Adaptive,4,1,4,4,4,4,4,0,not_nested,0,wait,granted,1222.1489999999999,not_requested,1,14754973877547064749,2.0393150000000002,25,ungoverned_then_governed,2,25174054,1,4,0,0
2,1.8.0,GCC,14.2.0,Release,Linux,effective_cpu_capacity=4,4,1,linux_sched_affinity+cgroup_cpu_quota,4,4,governed_vs_ungoverned,ungoverned,batch_wall_time,ms,2.0124050000000002,parallel_for,runtimes=2;items_per_runtime=128,thread_pool,not_applicable,Adaptive,4,1,4,4,4,4,3,0,not_nested,0,wait,granted,1.3120000000000001,not_requested,1,14754973877547064749,2.0124050000000002,25,ungoverned_then_governed,2,25174054,2,6,0,0
2,1.8.0,GCC,14.2.0,Release,Linux,effective_cpu_capacity=4,4,1,linux_sched_affinity+cgroup_cpu_quota,4,4,governed_vs_ungoverned,ungoverned,throughput,operations_per_second,993.83573386072874,parallel_for,runtimes=2;items_per_runtime=128,thread_pool,not_applicable,Adaptive,4,1,4,4,4,4,3,0,not_nested,0,wait,granted,1.3120000000000001,not_requested,1,14754973877547064749,2.0124050000000002,25,ungoverned_then_governed,2,25174054,2,6,0,0
2,1.8.0,GCC,14.2.0,Release,Linux,effective_cpu_capacity=4,4,1,linux_sched_affinity+cgroup_cpu_quota,4,4,governed_vs_ungoverned,ungoverned,peak_participation,threads,6,parallel_for,runtimes=2;items_per_runtime=128,thread_pool,not_applicable,Adaptive,4,1,4,4,4,4,3,0,not_nested,0,wait,granted,1.3120000000000001,not_requested,1,14754973877547064749,2.0124050000000002,25,ungoverned_then_governed,2,25174054,2,6,0,0
2,1.8.0,GCC,14.2.0,Release,Linux,effective_cpu_capacity=4,4,1,linux_sched_affinity+cgroup_cpu_quota,4,4,runtime_latency,ungoverned_runtime_0,completion_latency,ms,1.57206,parallel_for,runtimes=2;items_per_runtime=128,thread_pool,not_applicable,Adaptive,4,1,4,4,4,4,3,0,not_nested,0,wait,granted,1.3120000000000001,not_requested,1,14754973877547064749,1.57206,25,ungoverned_then_governed,2,25174054,1,6,0,0
2,1.8.0,GCC,14.2.0,Release,Linux,effective_cpu_capacity=4,4,1,linux_sched_affinity+cgroup_cpu_quota,4,4,runtime_latency,ungoverned_runtime_1,completion_latency,ms,1.90141,parallel_for,runtimes=2;items_per_runtime=128,thread_pool,not_applicable,Adaptive,4,1,4,4,4,4,4,0,not_nested,0,wait,granted,1.1919999999999999,not_requested,1,14754973877547064749,1.90141,25,ungoverned_then_governed,2,25174054,1,6,0,0
2,1.8.0,GCC,14.2.0,Release,Linux,effective_cpu_capacity=4,4,1,linux_sched_affinity+cgroup_cpu_quota,4,4,governed_vs_ungoverned,governed_2_runtimes,batch_wall_time,ms,0.20504500000000001,parallel_for,runtimes=2;items_per_runtime=32,thread_pool,not_applicable,Adaptive,4,1,4,4,4,4,3,0,not_nested,0,wait,granted,1.292,not_requested,1,10831286851329034220,0.20504500000000001,25,single,2,25174054,2,2,0,0
2,1.8.0,GCC,14.2.0,Release,Linux,effective_cpu_capacity=4,4,1,linux_sched_affinity+cgroup_cpu_quota,4,4,governed_vs_ungoverned,governed_2_runtimes,throughput,operations_per_second,9753.9564485844567,parallel_for,runtimes=2;items_per_runtime=32,thread_pool,not_applicable,Adaptive,4,1,4,4,4,4,3,0,not_nested,0,wait,granted,1.292,not_requested,1,10831286851329034220,0.20504500000000001,25,single,2,25174054,2,2,0,0
2,1.8.0,GCC,14.2.0,Release,Linux,effective_cpu_capacity=4,4,1,linux_sched_affinity+cgroup_cpu_quota,4,4,governed_vs_ungoverned,governed_2_runtimes,peak_participation,threads,2,parallel_for,runtimes=2;items_per_runtime=32,thread_pool,not_applicable,Adaptive,4,1,4,4,4,4,3,0,not_nested,0,wait,granted,1.292,not_requested,1,10831286851329034220,0.20504500000000001,25,single,2,25174054,2,2,0,0
2,1.8.0,GCC,14.2.0,Release,Linux,effective_cpu_capacity=4,4,1,linux_sched_affinity+cgroup_cpu_quota,4,4,runtime_latency,governed_2_runtimes_runtime_0,completion_latency,ms,0.073097999999999996,parallel_for,runtimes=2;items_per_runtime=32,thread_pool,not_applicable,Adaptive,4,1,4,4,4,4,3,0,not_nested,0,wait,granted,1.292,not_requested,1,10831286851329034220,0.073097999999999996,25,single,2,25174054,1,2,0,0
2,1.8.0,GCC,14.2.0,Release,Linux,effective_cpu_capacity=4,4,1,linux_sched_affinity+cgroup_cpu_quota,4,4,runtime_latency,governed_2_runtimes_runtime_1,completion_latency,ms,0.13336899999999999,parallel_for,runtimes=2;items_per_runtime=32,thread_pool,not_applicable,Adaptive,4,1,4,4,4,4,1,0,not_nested,0,wait,granted,62.944000000000003,not_requested,1,10831286851329034220,0.13336899999999999,25,single,2,25174054,1,2,0,0
2,1.8.0,GCC,14.2.0,Release,Linux,effective_cpu_capacity=4,4,1,linux_sched_affinity+cgroup_cpu_quota,4,4,governed_vs_ungoverned,governed_4_runtimes,batch_wall_time,ms,0.47672999999999999,parallel_for,runtimes=4;items_per_runtime=32,thread_pool,not_applicable,Adaptive,4,1,4,4,4,4,2,0,not_nested,0,wait,granted,170.89400000000001,not_requested,1,7589314552514409162,0.47672999999999999,25,single,2,25174054,4,4,0,0
2,1.8.0,GCC,14.2.0,Release,Linux,effective_cpu_capacity=4,4,1,linux_sched_affinity+cgroup_cpu_quota,4,4,governed_vs_ungoverned,governed_4_runtimes,throughput,operations_per_second,8390.4935707843015,parallel_for,runtimes=4;items_per_runtime=32,thread_pool,not_applicable,Adaptive,4,1,4,4,4,4,2,0,not_nested,0,wait,granted,170.89400000000001,not_requested,1,7589314552514409162,0.47672999999999999,25,single,2,25174054,4,4,0,0
2,1.8.0,GCC,14.2.0,Release,Linux,effective_cpu_capacity=4,4,1,linux_sched_affinity+cgroup_cpu_quota,4,4,governed_vs_ungoverned,governed_4_runtimes,peak_participation,threads,4,parallel_for,runtimes=4;items_per_runtime=32,thread_pool,not_applicable,Adaptive,4,1,4,4,4,4,2,0,not_nested,0,wait,granted,170.89400000000001,not_requested,1,7589314552514409162,0.47672999999999999,25,single,2,25174054,4,4,0,0
2,1.8.0,GCC,14.2.0,Release,Linux,effective_cpu_capacity=4,4,1,linux_sched_affinity+cgroup_cpu_quota,4,4,runtime_latency,governed_4_runtimes_runtime_0,completion_latency,ms,0.250473,parallel_for,runtimes=4;items_per_runtime=32,thread_pool,not_applicable,Adaptive,4,1,4,4,4,4,2,0,not_nested,0,wait,granted,170.89400000000001,not_requested,1,7589314552514409162,0.250473,25,single,2,25174054,1,4,0,0
2,1.8.0,GCC,14.2.0,Release,Linux,effective_cpu_capacity=4,4,1,linux_sched_affinity+cgroup_cpu_quota,4,4,runtime_latency,governed_4_runtimes_runtime_1,completion_latency,ms,0.080699999999999994,parallel_for,runtimes=4;items_per_runtime=32,thread_pool,not_applicable,Adaptive,4,1,4,4,4,4,2,0,not_nested,0,wait,granted,1.1519999999999999,not_requested,1,7589314552514409162,0.080699999999999994,25,single,2,25174054,1,4,0,0
2,1.8.0,GCC,14.2.0,Release,Linux,effective_cpu_capacity=4,4,1,linux_sched_affinity+cgroup_cpu_quota,4,4,runtime_latency,governed_4_runtimes_runtime_2,completion_latency,ms,0.168601,parallel_for,runtimes=4;items_per_runtime=32,thread_pool,not_applicable,Adaptive,4,1,4,4,4,4,4,0,not_nested,0,wait,granted,69.774000000000001,not_requested,1,7589314552514409162,0.168601,25,single,2,25174054,1,4,0,0
2,1.8.0,GCC,14.2.0,Release,Linux,effective_cpu_capacity=4,4,1,linux_sched_affinity+cgroup_cpu_quota,4,4,runtime_latency,governed_4_runtimes_runtime_3,completion_latency,ms,0.320326,parallel_for,runtimes=4;items_per_runtime=32,thread_pool,not_applicable,Adaptive,4,1,4,4,4,4,3,0,not_nested,0,wait,granted,257.27300000000002,not_requested,1,7589314552514409162,0.320326,25,single,2,25174054,1,4,0,0
2,1.8.0,GCC,14.2.0,Release,Linux,effective_cpu_capacity=4,4,1,linux_sched_affinity+cgroup_cpu_quota,4,4,governed_vs_ungoverned,governed_8_runtimes,batch_wall_time,ms,1.072276,parallel_for,runtimes=8;items_per_runtime=32,thread_pool,not_applicable,Adaptive,4,1,4,4,4,4,3,0,not_nested,0,wait,granted,149.88300000000001,not_requested,1,3424649268515386025,1.072276,25,single,2,25174054,8,3,0,0
2,1.8.0,GCC,14.2.0,Release,Linux,effective_cpu_capacity=4,4,1,linux_sched_affinity+cgroup_cpu_quota,4,4,governed_vs_ungoverned,governed_8_runtimes,throughput,operations_per_second,7460.765698383625,parallel_for,runtimes=8;items_per_runtime=32,thread_pool,not_applicable,Adaptive,4,1,4,4,4,4,3,0,not_nested,0,wait,granted,149.88300000000001,not_requested,1,3424649268515386025,1.072276,25,single,2,25174054,8,3,0,0
2,1.8.0,GCC,14.2.0,Release,Linux,effective_cpu_capacity=4,4,1,linux_sched_affinity+cgroup_cpu_quota,4,4,governed_vs_ungoverned,governed_8_runtimes,peak_participation,threads,3,parallel_for,runtimes=8;items_per_runtime=32,thread_pool,not_applicable,Adaptive,4,1,4,4,4,4,3,0,not_nested,0,wait,granted,149.88300000000001,not_requested,1,3424649268515386025,1.072276,25,single,2,25174054,8,3,0,0
2,1.8.0,GCC,14.2.0,Release,Linux,effective_cpu_capacity=4,4,1,linux_sched_affinity+cgroup_cpu_quota,4,4,runtime_latency,governed_8_runtimes_runtime_0,completion_latency,ms,0.26616600000000001,parallel_for,runtimes=8;items_per_runtime=32,thread_pool,not_applicable,Adaptive,4,1,4,4,4,4,3,0,not_nested,0,wait,granted,149.88300000000001,not_requested,1,3424649268515386025,0.26616600000000001,25,single,2,25174054,1,3,0,0
2,1.8.0,GCC,14.2.0,Release,Linux,effective_cpu_capacity=4,4,1,linux_sched_affinity+cgroup_cpu_quota,4,4,runtime_latency,governed_8_runtimes_runtime_1,completion_latency,ms,0.12598699999999999,parallel_for,runtimes=8;items_per_runtime=32,thread_pool,not_applicable,Adaptive,4,1,4,4,4,4,3,0,not_nested,0,wait,granted,1.131,not_requested,1,3424649268515386025,0.12598699999999999,25,single,2,25174054,1,3,0,0
2,1.8.0,GCC,14.2.0,Release,Linux,effective_cpu_capacity=4,4,1,linux_sched_affinity+cgroup_cpu_quota,4,4,runtime_latency,governed_8_runtimes_runtime_2,completion_latency,ms,0.539273,parallel_for,runtimes=8;items_per_runtime=32,thread_pool,not_applicable,Adaptive,4,1,4,4,4,4,2,0,not_nested,0,wait,granted,465.79300000000001,not_requested,1,3424649268515386025,0.539273,25,single,2,25174054,1,3,0,0
2,1.8.0,GCC,14.2.0,Release,Linux,effective_cpu_capacity=4,4,1,linux_sched_affinity+cgroup_cpu_quota,4,4,runtime_latency,governed_8_runtimes_runtime_3,completion_latency,ms,0.72096300000000002,parallel_for,runtimes=8;items_per_runtime=32,thread_pool,not_applicable,Adaptive,4,1,4,4,4,4,3,0,not_nested,0,wait,granted,630.53800000000001,not_requested,1,3424649268515386025,0.72096300000000002,25,single,2,25174054,1,3,0,0
2,1.8.0,GCC,14.2.0,Release,Linux,effective_cpu_capacity=4,4,1,linux_sched_affinity+cgroup_cpu_quota,4,4,runtime_latency,governed_8_runtimes_runtime_4,completion_latency,ms,0.44994899999999999,parallel_for,runtimes=8;items_per_runtime=32,thread_pool,not_applicable,Adaptive,4,1,4,4,4,4,2,0,not_nested,0,wait,granted,351.76299999999998,not_requested,1,3424649268515386025,0.44994899999999999,25,single,2,25174054,1,3,0,0
2,1.8.0,GCC,14.2.0,Release,Linux,effective_cpu_capacity=4,4,1,linux_sched_affinity+cgroup_cpu_quota,4,4,runtime_latency,governed_8_runtimes_runtime_5,completion_latency,ms,0.80988499999999997,parallel_for,runtimes=8;items_per_runtime=32,thread_pool,not_applicable,Adaptive,4,1,4,4,4,4,2,0,not_nested,0,wait,granted,730.03700000000003,not_requested,1,3424649268515386025,0.80988499999999997,25,single,2,25174054,1,3,0,0
2,1.8.0,GCC,14.2.0,Release,Linux,effective_cpu_capacity=4,4,1,linux_sched_affinity+cgroup_cpu_quota,4,4,runtime_latency,governed_8_runtimes_runtime_6,completion_latency,ms,0.351022,parallel_for,runtimes=8;items_per_runtime=32,thread_pool,not_applicable,Adaptive,4,1,4,4,4,4,3,0,not_nested,0,wait,granted,271.745,not_requested,1,3424649268515386025,0.351022,25,single,2,25174054,1,3,0,0
2,1.8.0,GCC,14.2.0,Release,Linux,effective_cpu_capacity=4,4,1,linux_sched_affinity+cgroup_cpu_quota,4,4,runtime_latency,governed_8_runtimes_runtime_7,completion_latency,ms,0.62386799999999998,parallel_for,runtimes=8;items_per_runtime=32,thread_pool,not_applicable,Adaptive,4,1,4,4,4,4,2,0,not_nested,0,wait,granted,536.649,not_requested,1,3424649268515386025,0.62386799999999998,25,single,2,25174054,1,3,0,0
2,1.8.0,GCC,14.2.0,Release,Linux,effective_cpu_capacity=4,4,1,linux_sched_affinity+cgroup_cpu_quota,1,1,governed_vs_ungoverned,budget_1,batch_wall_time,ms,0.16597700000000001,parallel_for,runtimes=2;items_per_runtime=32,thread_pool,not_applicable,Adaptive,1,1,1,1,1,1,1,0,not_nested,0,wait,granted,1.653,not_requested,1,10831286851329034220,0.16597700000000001,25,single,2,25174054,2,1,0,0
2,1.8.0,GCC,14.2.0,Release,Linux,effective_cpu_capacity=4,4,1,linux_sched_affinity+cgroup_cpu_quota,1,1,governed_vs_ungoverned,budget_1,throughput,operations_per_second,12049.862330322874,parallel_for,runtimes=2;items_per_runtime=32,thread_pool,not_applicable,Adaptive,1,1,1,1,1,1,1,0,not_nested,0,wait,granted,1.653,not_requested,1,10831286851329034220,0.16597700000000001,25,single,2,25174054,2,1,0,0
2,1.8.0,GCC,14.2.0,Release,Linux,effective_cpu_capacity=4,4,1,linux_sched_affinity+cgroup_cpu_quota,1,1,governed_vs_ungoverned,budget_1,peak_participation,threads,1,parallel_for,runtimes=2;items_per_runtime=32,thread_pool,not_applicable,Adaptive,1,1,1,1,1,1,1,0,not_nested,0,wait,granted,1.653,not_requested,1,10831286851329034220,0.16597700000000001,25,single,2,25174054,2,1,0,0
2,1.8.0,GCC,14.2.0,Release,Linux,effective_cpu_capacity=4,4,1,linux_sched_affinity+cgroup_cpu_quota,1,1,runtime_latency,budget_1_runtime_0,completion_latency,ms,0.061651999999999998,parallel_for,runtimes=2;items_per_runtime=32,thread_pool,not_applicable,Adaptive,1,1,1,1,1,1,1,0,not_nested,0,wait,granted,1.653,not_requested,1,10831286851329034220,0.061651999999999998,25,single,2,25174054,1,1,0,0
2,1.8.0,GCC,14.2.0,Release,Linux,effective_cpu_capacity=4,4,1,linux_sched_affinity+cgroup_cpu_quota,1,1,runtime_latency,budget_1_runtime_1,completion_latency,ms,0.098556000000000005,parallel_for,runtimes=2;items_per_runtime=32,thread_pool,not_applicable,Adaptive,1,1,1,1,1,1,1,0,not_nested,0,wait,granted,56.353000000000002,not_requested,1,10831286851329034220,0.098556000000000005,25,single,2,25174054,1,1,0,0
2,1.8.0,GCC,14.2.0,Release,Linux,effective_cpu_capacity=4,4,1,linux_sched_affinity+cgroup_cpu_quota,2,2,governed_vs_ungoverned,budget_2,batch_wall_time,ms,0.20632700000000001,parallel_for,runtimes=2;items_per_runtime=32,thread_pool,not_applicable,Adaptive,2,1,2,2,2,2,1,0,not_nested,0,wait,granted,77.926000000000002,not_requested,1,10831286851329034220,0.20632700000000001,25,single,2,25174054,2,2,0,0
2,1.8.0,GCC,14.2.0,Release,Linux,effective_cpu_capacity=4,4,1,linux_sched_affinity+cgroup_cpu_quota,2,2,governed_vs_ungoverned,budget_2,throughput,operations_per_second,9693.3508459871937,parallel_for,runtimes=2;items_per_runtime=32,thread_pool,not_applicable,Adaptive,2,1,2,2,2,2,1,0,not_nested,0,wait,granted,77.926000000000002,not_requested,1,10831286851329034220,0.20632700000000001,25,single,2,25174054,2,2,0,0
2,1.8.0,GCC,14.2.0,Release,Linux,effective_cpu_capacity=4,4,1,linux_sched_affinity+cgroup_cpu_quota,2,2,governed_vs_ungoverned,budget_2,peak_participation,threads,2,parallel_for,runtimes=2;items_per_runtime=32,thread_pool,not_applicable,Adaptive,2,1,2,2,2,2,1,0,not_nested,0,wait,granted,77.926000000000002,not_requested,1,10831286851329034220,0.20632700000000001,25,single,2,25174054,2,2,0,0
2,1.8.0,GCC,14.2.0,Release,Linux,effective_cpu_capacity=4,4,1,linux_sched_affinity+cgroup_cpu_quota,2,2,runtime_latency,budget_2_runtime_0,completion_latency,ms,0.13592199999999999,parallel_for,runtimes=2;items_per_runtime=32,thread_pool,not_applicable,Adaptive,2,1,2,2,2,2,1,0,not_nested,0,wait,granted,77.926000000000002,not_requested,1,10831286851329034220,0.13592199999999999,25,single,2,25174054,1,2,0,0
2,1.8.0,GCC,14.2.0,Release,Linux,effective_cpu_capacity=4,4,1,linux_sched_affinity+cgroup_cpu_quota,2,2,runtime_latency,budget_2_runtime_1,completion_latency,ms,0.064767000000000005,parallel_for,runtimes=2;items_per_runtime=32,thread_pool,not_applicable,Adaptive,2,1,2,2,2,2,2,0,not_nested,0,wait,granted,0.85099999999999998,not_requested,1,10831286851329034220,0.064767000000000005,25,single,2,25174054,1,2,0,0
2,1.8.0,GCC,14.2.0,Release,Linux,effective_cpu_capacity=4,4,1,linux_sched_affinity+cgroup_cpu_quota,4,4,governed_vs_ungoverned,budget_4,batch_wall_time,ms,0.23305699999999999,parallel_for,runtimes=2;items_per_runtime=64,thread_pool,not_applicable,Adaptive,4,1,4,4,4,4,3,0,not_nested,0,wait,granted,1.212,not_requested,1,7589314552514409162,0.23305699999999999,25,single,2,25174054,2,3,0,0
2,1.8.0,GCC,14.2.0,Release,Linux,effective_cpu_capacity=4,4,1,linux_sched_affinity+cgroup_cpu_quota,4,4,governed_vs_ungoverned,budget_4,throughput,operations_per_second,8581.5916277992092,parallel_for,runtimes=2;items_per_runtime=64,thread_pool,not_applicable,Adaptive,4,1,4,4,4,4,3,0,not_nested,0,wait,granted,1.212,not_requested,1,7589314552514409162,0.23305699999999999,25,single,2,25174054,2,3,0,0
2,1.8.0,GCC,14.2.0,Release,Linux,effective_cpu_capacity=4,4,1,linux_sched_affinity+cgroup_cpu_quota,4,4,governed_vs_ungoverned,budget_4,peak_participation,threads,3,parallel_for,runtimes=2;items_per_runtime=64,thread_pool,not_applicable,Adaptive,4,1,4,4,4,4,3,0,not_nested,0,wait,granted,1.212,not_requested,1,7589314552514409162,0.23305699999999999,25,single,2,25174054,2,3,0,0
2,1.8.0,GCC,14.2.0,Release,Linux,effective_cpu_capacity=4,4,1,linux_sched_affinity+cgroup_cpu_quota,4,4,runtime_latency,budget_4_runtime_0,completion_latency,ms,0.091636999999999996,parallel_for,runtimes=2;items_per_runtime=64,thread_pool,not_applicable,Adaptive,4,1,4,4,4,4,3,0,not_nested,0,wait,granted,1.212,not_requested,1,7589314552514409162,0.091636999999999996,25,single,2,25174054,1,3,0,0
2,1.8.0,GCC,14.2.0,Release,Linux,effective_cpu_capacity=4,4,1,linux_sched_affinity+cgroup_cpu_quota,4,4,runtime_latency,budget_4_runtime_1,completion_latency,ms,0.16550699999999999,parallel_for,runtimes=2;items_per_runtime=64,thread_pool,not_applicable,Adaptive,4,1,4,4,4,4,3,0,not_nested,0,wait,granted,97.665000000000006,not_requested,1,7589314552514409162,0.16550699999999999,25,single,2,25174054,1,3,0,0
2,1.8.0,GCC,14.2.0,Release,Linux,effective_cpu_capacity=4,4,1,linux_sched_affinity+cgroup_cpu_quota,4,1,governor_overhead,uncontended_exact_acquire_release,latency,us_per_acquire_release,0.14582699999999998,parallel_for,,,not_applicable,Adaptive,1,1,1,1,1,1,1,0,not_nested,1,fail_immediately,granted,0.070000000000000007,not_requested,1,,0.00014582699999999998,26,single,2,25174054,1000,1,0,0
2,1.8.0,GCC,14.2.0,Release,Linux,effective_cpu_capacity=4,4,1,linux_sched_affinity+cgroup_cpu_quota,4,1,governor_overhead,inherited_nested_lease,latency,us_per_acquire_release,0.017004999999999999,parallel_for,,,not_applicable,Adaptive,1,1,1,1,1,1,1,1,reuse_parent,1,fail_immediately,granted,0.070000000000000007,not_requested,1,,0.00014582699999999998,26,single,2,25174054,1000,1,0,0
2,1.8.0,GCC,14.2.0,Release,Linux,effective_cpu_capacity=4,4,1,linux_sched_affinity+cgroup_cpu_quota,4,4,governor_overhead,flexible_partial_grant,latency,us_per_acquire_release,0.35099999999999998,parallel_for,,,not_applicable,Adaptive,4,1,4,4,1,1,1,0,not_nested,0,fail_immediately,granted,0.21099999999999999,not_requested,1,,0.00014582699999999998,26,single,2,25174054,1,1,0,0
2,1.8.0,GCC,14.2.0,Release,Linux,effective_cpu_capacity=4,4,1,linux_sched_affinity+cgroup_cpu_quota,4,4,governor_overhead,immediate_failure,latency,us_per_acquire_release,0.40100000000000002,parallel_for,,,not_applicable,Adaptive,4,4,4,4,0,0,0,0,not_nested,1,fail_immediately,would_block,0,not_requested,1,,0.00014582699999999998,26,single,2,25174054,1,1,0,0
2,1.8.0,GCC,14.2.0,Release,Linux,effective_cpu_capacity=4,4,1,linux_sched_affinity+cgroup_cpu_quota,4,4,governor_overhead,direct_cancellation_notification,latency,us,19.039000000000001,parallel_for,,,not_applicable,Adaptive,4,4,4,4,0,0,0,0,not_nested,1,wait,cancelled,6.6500000000000004,requested,1,,0.019039,26,single,2,25174054,1,0,0,0
2,1.8.0,GCC,14.2.0,Release,Linux,effective_cpu_capacity=4,4,1,linux_sched_affinity+cgroup_cpu_quota,4,4,admission_fairness,large_exact_request,completion_rank,rank,5,parallel_for,one_large_exact_plus_eight_small_exact,,not_applicable,Adaptive,4,4,4,4,4,4,4,0,not_nested,1,wait,granted,234.018,not_requested,1,,0,26,single,2,25174054,1,0,4,234.018
2,1.8.0,GCC,14.2.0,Release,Linux,effective_cpu_capacity=4,4,1,linux_sched_affinity+cgroup_cpu_quota,4,4,admission_fairness,small_request_0,completion_rank,rank,1,parallel_for,one_large_exact_plus_eight_small_exact,,not_applicable,Adaptive,1,1,1,1,1,1,1,0,not_nested,1,wait,granted,16.204000000000001,not_requested,1,,0,26,single,2,25174054,1,0,4,16.204000000000001
2,1.8.0,GCC,14.2.0,Release,Linux,effective_cpu_capacity=4,4,1,linux_sched_affinity+cgroup_cpu_quota,4,4,admission_fairness,small_request_1,completion_rank,rank,3,parallel_for,one_large_exact_plus_eight_small_exact,,not_applicable,Adaptive,1,1,1,1,1,1,1,0,not_nested,1,wait,granted,83.164000000000001,not_requested,1,,0,26,single,2,25174054,1,0,4,83.164000000000001
2,1.8.0,GCC,14.2.0,Release,Linux,effective_cpu_capacity=4,4,1,linux_sched_affinity+cgroup_cpu_quota,4,4,admission_fairness,small_request_2,completion_rank,rank,2,parallel_for,one_large_exact_plus_eight_small_exact,,not_applicable,Adaptive,1,1,1,1,1,1,1,0,not_nested,1,wait,granted,42.363,not_requested,1,,0,26,single,2,25174054,1,0,4,42.363
2,1.8.0,GCC,14.2.0,Release,Linux,effective_cpu_capacity=4,4,1,linux_sched_affinity+cgroup_cpu_quota,4,4,admission_fairness,small_request_3,completion_rank,rank,4,parallel_for,one_large_exact_plus_eight_small_exact,,not_applicable,Adaptive,1,1,1,1,1,1,1,0,not_nested,1,wait,granted,52.878,not_requested,1,,0,26,single,2,25174054,1,0,4,52.878
2,1.8.0,GCC,14.2.0,Release,Linux,effective_cpu_capacity=4,4,1,linux_sched_affinity+cgroup_cpu_quota,4,4,admission_fairness,small_request_4,completion_rank,rank,7,parallel_for,one_large_exact_plus_eight_small_exact,,not_applicable,Adaptive,1,1,1,1,1,1,1,0,not_nested,1,wait,granted,1214.6079999999999,not_requested,1,,0,26,single,2,25174054,1,0,4,1214.6079999999999
2,1.8.0,GCC,14.2.0,Release,Linux,effective_cpu_capacity=4,4,1,linux_sched_affinity+cgroup_cpu_quota,4,4,admission_fairness,small_request_5,completion_rank,rank,6,parallel_for,one_large_exact_plus_eight_small_exact,,not_applicable,Adaptive,1,1,1,1,1,1,1,0,not_nested,1,wait,granted,1199.5650000000001,not_requested,1,,0,26,single,2,25174054,1,0,4,1199.5650000000001
2,1.8.0,GCC,14.2.0,Release,Linux,effective_cpu_capacity=4,4,1,linux_sched_affinity+cgroup_cpu_quota,4,4,admission_fairness,small_request_6,completion_rank,rank,8,parallel_for,one_large_exact_plus_eight_small_exact,,not_applicable,Adaptive,1,1,1,1,1,1,1,0,not_nested,1,wait,granted,1294.346,not_requested,1,,0,26,single,2,25174054,1,0,4,1294.346
2,1.8.0,GCC,14.2.0,Release,Linux,effective_cpu_capacity=4,4,1,linux_sched_affinity+cgroup_cpu_quota,4,4,admission_fairness,small_request_7,completion_rank,rank,9,parallel_for,one_large_exact_plus_eight_small_exact,,not_applicable,Adaptive,1,1,1,1,1,1,1,0,not_nested,1,wait,granted,1216.3910000000001,not_requested,1,,0,26,single,2,25174054,1,0,4,1216.3910000000001
2,1.8.0,GCC,14.2.0,Release,Linux,effective_cpu_capacity=4,4,1,linux_sched_affinity+cgroup_cpu_quota,4,4,adaptive_partial_grant,available_one_of_preferred_budget,granted_workers,threads,1,parallel_for,,thread_pool,not_applicable,Adaptive,4,1,4,4,1,1,1,0,not_nested,0,wait,granted,0.26000000000000001,not_requested,1,,0.10006900000000001,26,single,2,25174054,1,1,0,0
2,1.8.0,GCC,14.2.0,Release,Linux,effective_cpu_capacity=4,4,1,linux_sched_affinity+cgroup_cpu_quota,4,4,nested_execution,depth_1,peak_participation,threads,1,parallel_for,depth=1;leaves=2,thread_pool,not_applicable,Adaptive,2,1,2,4,2,2,1,0,not_nested,0,wait,granted,0.23000000000000001,not_requested,1,,0.028663000000000001,26,single,2,25174054,1,1,0,0
2,1.8.0,GCC,14.2.0,Release,Linux,effective_cpu_capacity=4,4,1,linux_sched_affinity+cgroup_cpu_quota,4,4,nested_execution,depth_2,peak_participation,threads,1,parallel_for,depth=2;leaves=4,thread_pool,not_applicable,Adaptive,2,1,2,4,2,2,1,0,not_nested,0,wait,granted,0.23100000000000001,not_requested,1,,0.022043,26,single,2,25174054,1,1,0,0
2,1.8.0,GCC,14.2.0,Release,Linux,effective_cpu_capacity=4,4,1,linux_sched_affinity+cgroup_cpu_quota,4,4,nested_execution,depth_3,peak_participation,threads,1,parallel_for,depth=3;leaves=8,thread_pool,not_applicable,Adaptive,2,1,2,4,2,2,1,0,not_nested,0,wait,granted,0.25,not_requested,1,,0.016223999999999999,26,single,2,25174054,1,1,0,0
2,1.8.0,GCC,14.2.0,Release,Linux,effective_cpu_capacity=4,4,1,linux_sched_affinity+cgroup_cpu_quota,4,4,nested_execution,depth_4,peak_participation,threads,1,parallel_for,depth=4;leaves=16,thread_pool,not_applicable,Adaptive,2,1,2,4,2,2,1,0,not_nested,0,wait,granted,0.20100000000000001,not_requested,1,,0.030474999999999999,26,single,2,25174054,1,1,0,0
2,1.8.0,GCC,14.2.0,Release,Linux,effective_cpu_capacity=4,4,1,linux_sched_affinity+cgroup_cpu_quota,1,1,scheduler_comparison,sequential,duration,ms,0.407136,parallel_for,,sequential,not_applicable,Adaptive,1,1,1,1,1,1,1,0,not_nested,0,wait,granted,0.46100000000000002,not_requested,1,5314921549994187984,0.407136,26,single,2,25174054,1,1,0,0
2,1.8.0,GCC,14.2.0,Release,Linux,effective_cpu_capacity=4,4,1,linux_sched_affinity+cgroup_cpu_quota,4,4,scheduler_comparison,thread_pool,duration,ms,0.46071600000000001,parallel_for,,thread_pool,not_applicable,Adaptive,4,1,4,4,4,4,1,0,not_nested,0,wait,granted,0.23000000000000001,not_requested,1,5314921549994187984,0.46071600000000001,26,single,2,25174054,1,1,0,0
2,1.8.0,GCC,14.2.0,Release,Linux,effective_cpu_capacity=4,4,1,linux_sched_affinity+cgroup_cpu_quota,4,4,scheduler_comparison,static_thread,duration,ms,0.26327200000000001,parallel_for,,static_thread,not_applicable,Adaptive,4,1,4,4,4,4,4,0,not_nested,0,wait,granted,0.47999999999999998,not_requested,1,5314921549994187984,0.26327200000000001,26,single,2,25174054,1,4,0,0
2,1.8.0,GCC,14.2.0,Release,Linux,effective_cpu_capacity=4,4,1,linux_sched_affinity+cgroup_cpu_quota,4,4,deterministic_exact_grant,success,accepted,boolean,1,parallel_for,,thread_pool,not_applicable,Deterministic,4,4,4,4,4,4,1,0,not_nested,1,fail_immediately,granted,0.54000000000000004,not_requested,1,,0,26,single,2,25174054,1,0,0,0
2,1.8.0,GCC,14.2.0,Release,Linux,effective_cpu_capacity=4,4,1,linux_sched_affinity+cgroup_cpu_quota,4,4,deterministic_exact_grant,insufficient_budget_failure,accepted,boolean,1,parallel_for,,,not_applicable,Deterministic,4,4,4,4,0,0,0,0,not_nested,1,fail_immediately,would_block,0,not_requested,1,,0,26,single,2,25174054,1,0,0,0
2,1.8.0,GCC,14.2.0,Release,Linux,effective_cpu_capacity=4,4,1,linux_sched_affinity+cgroup_cpu_quota,4,4,governed_vs_ungoverned,governed,batch_wall_time,ms,2.7759369999999999,parallel_for,runtimes=2;items_per_runtime=128,thread_pool,not_applicable,Adaptive,4,1,4,4,4,4,2,0,not_nested,0,wait,granted,1.212,not_requested,1,14754973877547064749,2.7759369999999999,26,governed_then_ungoverned,2,25174054,2,3,0,0
2,1.8.0,GCC,14.2.0,Release,Linux,effective_cpu_capacity=4,4,1,linux_sched_affinity+cgroup_cpu_quota,4,4,governed_vs_ungoverned,governed,throughput,operations_per_second,720.47744599391126,parallel_for,runtimes=2;items_per_runtime=128,thread_pool,not_applicable,Adaptive,4,1,4,4,4,4,2,0,not_nested,0,wait,granted,1.212,not_requested,1,14754973877547064749,2.7759369999999999,26,governed_then_ungoverned,2,25174054,2,3,0,0
2,1.8.0,GCC,14.2.0,Release,Linux,effective_cpu_capacity=4,4,1,linux_sched_affinity+cgroup_cpu_quota,4,4,governed_vs_ungoverned,governed,peak_participation,threads,3,parallel_for,runtimes=2;items_per_runtime=128,thread_pool,not_applicable,Adaptive,4,1,4,4,4,4,2,0,not_nested,0,wait,granted,1.212,not_requested,1,14754973877547064749,2.7759369999999999,26,governed_then_ungoverned,2,25174054,2,3,0,0
2,1.8.0,GCC,14.2.0,Release,Linux,effective_cpu_capacity=4,4,1,linux_sched_affinity+cgroup_cpu_quota,4,4,runtime_latency,governed_runtime_0,completion_latency,ms,1.550127,parallel_for,runtimes=2;items_per_runtime=128,thread_pool,not_applicable,Adaptive,4,1,4,4,4,4,2,0,not_nested,0,wait,granted,1.212,not_requested,1,14754973877547064749,1.550127,26,governed_then_ungoverned,2,25174054,1,3,0,0
2,1.8.0,GCC,14.2.0,Release,Linux,effective_cpu_capacity=4,4,1,linux_sched_affinity+cgroup_cpu_quota,4,4,runtime_latency,governed_runtime_1,completion_latency,ms,2.6987869999999998,parallel_for,runtimes=2;items_per_runtime=128,thread_pool,not_applicable,Adaptive,4,1,4,4,4,4,3,0,not_nested,0,wait,granted,1542.105,not_requested,1,14754973877547064749,2.6987869999999998,26,governed_then_ungoverned,2,25174054,1,3,0,0
2,1.8.0,GCC,14.2.0,Release,Linux,effective_cpu_capacity=4,4,1,linux_sched_affinity+cgroup_cpu_quota,4,4,governed_vs_ungoverned,ungoverned,batch_wall_time,ms,2.018268,parallel_for,runtimes=2;items_per_runtime=128,thread_pool,not_applicable,Adaptive,4,1,4,4,4,4,3,0,not_nested,0,wait,granted,1.111,not_requested,1,14754973877547064749,2.018268,26,governed_then_ungoverned,2,25174054,2,4,0,0
2,1.8.0,GCC,14.2.0,Release,Linux,effective_cpu_capacity=4,4,1,linux_sched_affinity+cgroup_cpu_quota,4,4,governed_vs_ungoverned,ungoverned,throughput,operations_per_second,990.94867480433709,parallel_for,runtimes=2;items_per_runtime=128,thread_pool,not_applicable,Adaptive,4,1,4,4,4,4,3,0,not_nested,0,wait,granted,1.111,not_requested,1,14754973877547064749,2.018268,26,governed_then_ungoverned,2,25174054,2,4,0,0
2,1.8.0,GCC,14.2.0,Release,Linux,effective_cpu_capacity=4,4,1,linux_sched_affinity+cgroup_cpu_quota,4,4,governed_vs_ungoverned,ungoverned,peak_participation,threads,4,parallel_for,runtimes=2;items_per_runtime=128,thread_pool,not_applicable,Adaptive,4,1,4,4,4,4,3,0,not_nested,0,wait,granted,1.111,not_requested,1,14754973877547064749,2.018268,26,governed_then_ungoverned,2,25174054,2,4,0,0
2,1.8.0,GCC,14.2.0,Release,Linux,effective_cpu_capacity=4,4,1,linux_sched_affinity+cgroup_cpu_quota,4,4,runtime_latency,ungoverned_runtime_0,completion_latency,ms,1.1984729999999999,parallel_for,runtimes=2;items_per_runtime=128,thread_pool,not_applicable,Adaptive,4,1,4,4,4,4,3,0,not_nested,0,wait,granted,1.111,not_requested,1,14754973877547064749,1.1984729999999999,26,governed_then_ungoverned,2,25174054,1,4,0,0
2,1.8.0,GCC,14.2.0,Release,Linux,effective_cpu_capacity=4,4,1,linux_sched_affinity+cgroup_cpu_quota,4,4,runtime_latency,ungoverned_runtime_1,completion_latency,ms,1.949101,parallel_for,runtimes=2;items_per_runtime=128,thread_pool,not_applicable,Adaptive,4,1,4,4,4,4,4,0,not_nested,0,wait,granted,0.96099999999999997,not_requested,1,14754973877547064749,1.949101,26,governed_then_ungoverned,2,25174054,1,4,0,0
2,1.8.0,GCC,14.2.0,Release,Linux,effective_cpu_capacity=4,4,1,linux_sched_affinity+cgroup_cpu_quota,4,4,governed_vs_ungoverned,governed_2_runtimes,batch_wall_time,ms,0.19905600000000001,parallel_for,runtimes=2;items_per_runtime=32,thread_pool,not_applicable,Adaptive,4,1,4,4,4,4,3,0,not_nested,0,wait,granted,0.89100000000000001,not_requested,1,10831286851329034220,0.19905600000000001,26,single,2,25174054,2,3,0,0
2,1.8.0,GCC,14.2.0,Release,Linux,effective_cpu_capacity=4,4,1,linux_sched_affinity+cgroup_cpu_quota,4,4,governed_vs_ungoverned,governed_2_runtimes,throughput,operations_per_second,10047.423840527288,parallel_for,runtimes=2;items_per_runtime=32,thread_pool,not_applicable,Adaptive,4,1,4,4,4,4,3,0,not_nested,0,wait,granted,0.89100000000000001,not_requested,1,10831286851329034220,0.19905600000000001,26,single,2,25174054,2,3,0,0
2,1.8.0,GCC,14.2.0,Release,Linux,effective_cpu_capacity=4,4,1,linux_sched_affinity+cgroup_cpu_quota,4,4,governed_vs_ungoverned,governed_2_runtimes,peak_participation,threads,3,parallel_for,runtimes=2;items_per_runtime=32,thread_pool,not_applicable,Adaptive,4,1,4,4,4,4,3,0,not_nested,0,wait,granted,0.89100000000000001,not_requested,1,10831286851329034220,0.19905600000000001,26,single,2,25174054,2,3,0,0
2,1.8.0,GCC,14.2.0,Release,Linux,effective_cpu_capacity=4,4,1,linux_sched_affinity+cgroup_cpu_quota,4,4,runtime_latency,governed_2_runtimes_runtime_0,completion_latency,ms,0.078646999999999995,parallel_for,runtimes=2;items_per_runtime=32,thread_pool,not_applicable,Adaptive,4,1,4,4,4,4,3,0,not_nested,0,wait,granted,0.89100000000000001,not_requested,1,10831286851329034220,0.078646999999999995,26,single,2,25174054,1,3,0,0
2,1.8.0,GCC,14.2.0,Release,Linux,effective_cpu_capacity=4,4,1,linux_sched_affinity+cgroup_cpu_quota,4,4,runtime_latency,governed_2_runtimes_runtime_1,completion_latency,ms,0.12692899999999999,parallel_for,runtimes=2;items_per_runtime=32,thread_pool,not_applicable,Adaptive,4,1,4,4,4,4,3,0,not_nested,0,wait,granted,59.929000000000002,not_requested,1,10831286851329034220,0.12692899999999999,26,single,2,25174054,1,3,0,0
2,1.8.0,GCC,14.2.0,Release,Linux,effective_cpu_capacity=4,4,1,linux_sched_affinity+cgroup_cpu_quota,4,4,governed_vs_ungoverned,governed_4_runtimes,batch_wall_time,ms,0.44352000000000003,parallel_for,runtimes=4;items_per_runtime=32,thread_pool,not_applicable,Adaptive,4,1,4,4,4,4,2,0,not_nested,0,wait,granted,207.29900000000001,not_requested,1,7589314552514409162,0.44352000000000003,26,single,2,25174054,4,3,0,0
2,1.8.0,GCC,14.2.0,Release,Linux,effective_cpu_capacity=4,4,1,linux_sched_affinity+cgroup_cpu_quota,4,4,governed_vs_ungoverned,governed_4_runtimes,throughput,operations_per_second,9018.7590187590176,parallel_for,runtimes=4;items_per_runtime=32,thread_pool,not_applicable,Adaptive,4,1,4,4,4,4,2,0,not_nested,0,wait,granted,207.29900000000001,not_requested,1,7589314552514409162,0.44352000000000003,26,single,2,25174054,4,3,0,0
2,1.8.0,GCC,14.2.0,Release,Linux,effective_cpu_capacity=4,4,1,linux_sched_affinity+cgroup_cpu_quota,4,4,governed_vs_ungoverned,governed_4_runtimes,peak_participation,threads,3,parallel_for,runtimes=4;items_per_runtime=32,thread_pool,not_applicable,Adaptive,4,1,4,4,4,4,2,0,not_nested,0,wait,granted,207.29900000000001,not_requested,1,7589314552514409162,0.44352000000000003,26,single,2,25174054,4,3,0,0
2,1.8.0,GCC,14.2.0,Release,Linux,effective_cpu_capacity=4,4,1,linux_sched_affinity+cgroup_cpu_quota,4,4,runtime_latency,governed_4_runtimes_runtime_0,completion_latency,ms,0.290603,parallel_for,runtimes=4;items_per_runtime=32,thread_pool,not_applicable,Adaptive,4,1,4,4,4,4,2,0,not_nested,0,wait,granted,207.29900000000001,not_requested,1,7589314552514409162,0.290603,26,single,2,25174054,1,3,0,0
2,1.8.0,GCC,14.2.0,Release,Linux,effective_cpu_capacity=4,4,1,linux_sched_affinity+cgroup_cpu_quota,4,4,runtime_latency,governed_4_runtimes_runtime_1,completion_latency,ms,0.098376000000000005,parallel_for,runtimes=4;items_per_runtime=32,thread_pool,not_applicable,Adaptive,4,1,4,4,4,4,2,0,not_nested,0,wait,granted,1.0509999999999999,not_requested,1,7589314552514409162,0.098376000000000005,26,single,2,25174054,1,3,0,0
2,1.8.0,GCC,14.2.0,Release,Linux,effective_cpu_capacity=4,4,1,linux_sched_affinity+cgroup_cpu_quota,4,4,runtime_latency,governed_4_runtimes_runtime_2,completion_latency,ms,0.20688699999999999,parallel_for,runtimes=4;items_per_runtime=32,thread_pool,not_applicable,Adaptive,4,1,4,4,4,4,3,0,not_nested,0,wait,granted,101.12,not_requested,1,7589314552514409162,0.20688699999999999,26,single,2,25174054,1,3,0,0
2,1.8.0,GCC,14.2.0,Release,Linux,effective_cpu_capacity=4,4,1,linux_sched_affinity+cgroup_cpu_quota,4,4,runtime_latency,governed_4_runtimes_runtime_3,completion_latency,ms,0.34731699999999999,parallel_for,runtimes=4;items_per_runtime=32,thread_pool,not_applicable,Adaptive,4,1,4,4,4,4,3,0,not_nested,0,wait,granted,285.625,not_requested,1,7589314552514409162,0.34731699999999999,26,single,2,25174054,1,3,0,0
2,1.8.0,GCC,14.2.0,Release,Linux,effective_cpu_capacity=4,4,1,linux_sched_affinity+cgroup_cpu_quota,4,4,governed_vs_ungoverned,governed_8_runtimes,batch_wall_time,ms,0.93651399999999996,parallel_for,runtimes=8;items_per_runtime=32,thread_pool,not_applicable,Adaptive,4,1,4,4,4,4,3,0,not_nested,0,wait,granted,1.101,not_requested,1,3424649268515386025,0.93651399999999996,26,single,2,25174054,8,3,0,0
2,1.8.0,GCC,14.2.0,Release,Linux,effective_cpu_capacity=4,4,1,linux_sched_affinity+cgroup_cpu_quota,4,4,governed_vs_ungoverned,governed_8_runtimes,throughput,operations_per_second,8542.3175734692704,parallel_for,runtimes=8;items_per_runtime=32,thread_pool,not_applicable,Adaptive,4,1,4,4,4,4,3,0,not_nested,0,wait,granted,1.101,not_requested,1,3424649268515386025,0.93651399999999996,26,single,2,25174054,8,3,0,0
2,1.8.0,GCC,14.2.0,Release,Linux,effective_cpu_capacity=4,4,1,linux_sched_affinity+cgroup_cpu_quota,4,4,governed_vs_ungoverned,governed_8_runtimes,peak_participation,threads,3,parallel_for,runtimes=8;items_per_runtime=32,thread_pool,not_applicable,Adaptive,4,1,4,4,4,4,3,0,not_nested,0,wait,granted,1.101,not_requested,1,3424649268515386025,0.93651399999999996,26,single,2,25174054,8,3,0,0
2,1.8.0,GCC,14.2.0,Release,Linux,effective_cpu_capacity=4,4,1,linux_sched_affinity+cgroup_cpu_quota,4,4,runtime_latency,governed_8_runtimes_runtime_0,completion_latency,ms,0.10006900000000001,parallel_for,runtimes=8;items_per_runtime=32,thread_pool,not_applicable,Adaptive,4,1,4,4,4,4,3,0,not_nested,0,wait,granted,1.101,not_requested,1,3424649268515386025,0.10006900000000001,26,single,2,25174054,1,3,0,0
2,1.8.0,GCC,14.2.0,Release,Linux,effective_cpu_capacity=4,4,1,linux_sched_affinity+cgroup_cpu_quota,4,4,runtime_latency,governed_8_runtimes_runtime_1,completion_latency,ms,0.39689000000000002,parallel_for,runtimes=8;items_per_runtime=32,thread_pool,not_applicable,Adaptive,4,1,4,4,4,4,2,0,not_nested,0,wait,granted,321.649,not_requested,1,3424649268515386025,0.39689000000000002,26,single,2,25174054,1,3,0,0
2,1.8.0,GCC,14.2.0,Release,Linux,effective_cpu_capacity=4,4,1,linux_sched_affinity+cgroup_cpu_quota,4,4,runtime_latency,governed_8_runtimes_runtime_2,completion_latency,ms,0.20746800000000001,parallel_for,runtimes=8;items_per_runtime=32,thread_pool,not_applicable,Adaptive,4,1,4,4,4,4,2,0,not_nested,0,wait,granted,111.256,not_requested,1,3424649268515386025,0.20746800000000001,26,single,2,25174054,1,3,0,0
2,1.8.0,GCC,14.2.0,Release,Linux,effective_cpu_capacity=4,4,1,linux_sched_affinity+cgroup_cpu_quota,4,4,runtime_latency,governed_8_runtimes_runtime_3,completion_latency,ms,0.66790499999999997,parallel_for,runtimes=8;items_per_runtime=32,thread_pool,not_applicable,Adaptive,4,1,4,4,4,4,2,0,not_nested,0,wait,granted,619.53200000000004,not_requested,1,3424649268515386025,0.66790499999999997,26,single,2,25174054,1,3,0,0
2,1.8.0,GCC,14.2.0,Release,Linux,effective_cpu_capacity=4,4,1,linux_sched_affinity+cgroup_cpu_quota,4,4,runtime_latency,governed_8_runtimes_runtime_4,completion_latency,ms,0.49319400000000002,parallel_for,runtimes=8;items_per_runtime=32,thread_pool,not_applicable,Adaptive,4,1,4,4,4,4,2,0,not_nested,0,wait,granted,397.99200000000002,not_requested,1,3424649268515386025,0.49319400000000002,26,single,2,25174054,1,3,0,0
2,1.8.0,GCC,14.2.0,Release,Linux,effective_cpu_capacity=4,4,1,linux_sched_affinity+cgroup_cpu_quota,4,4,runtime_latency,governed_8_runtimes_runtime_5,completion_latency,ms,0.75717699999999999,parallel_for,runtimes=8;items_per_runtime=32,thread_pool,not_applicable,Adaptive,4,1,4,4,4,4,3,0,not_nested,0,wait,granted,669.70699999999999,not_requested,1,3424649268515386025,0.75717699999999999,26,single,2,25174054,1,3,0,0
2,1.8.0,GCC,14.2.0,Release,Linux,effective_cpu_capacity=4,4,1,linux_sched_affinity+cgroup_cpu_quota,4,4,runtime_latency,governed_8_runtimes_runtime_6,completion_latency,ms,0.30546499999999999,parallel_for,runtimes=8;items_per_runtime=32,thread_pool,not_applicable,Adaptive,4,1,4,4,4,4,4,0,not_nested,0,wait,granted,213.428,not_requested,1,3424649268515386025,0.30546499999999999,26,single,2,25174054,1,3,0,0
2,1.8.0,GCC,14.2.0,Release,Linux,effective_cpu_capacity=4,4,1,linux_sched_affinity+cgroup_cpu_quota,4,4,runtime_latency,governed_8_runtimes_runtime_7,completion_latency,ms,0.58443999999999996,parallel_for,runtimes=8;items_per_runtime=32,thread_pool,not_applicable,Adaptive,4,1,4,4,4,4,3,0,not_nested,0,wait,granted,503.029,not_requested,1,3424649268515386025,0.58443999999999996,26,single,2,25174054,1,3,0,0
2,1.8.0,GCC,14.2.0,Release,Linux,effective_cpu_capacity=4,4,1,linux_sched_affinity+cgroup_cpu_quota,1,1,governed_vs_ungoverned,budget_1,batch_wall_time,ms,0.16727900000000001,parallel_for,runtimes=2;items_per_runtime=32,thread_pool,not_applicable,Adaptive,1,1,1,1,1,1,1,0,not_nested,0,wait,granted,1.121,not_requested,1,10831286851329034220,0.16727900000000001,26,single,2,25174054,2,1,0,0
2,1.8.0,GCC,14.2.0,Release,Linux,effective_cpu_capacity=4,4,1,linux_sched_affinity+cgroup_cpu_quota,1,1,governed_vs_ungoverned,budget_1,throughput,operations_per_second,11956.073386378444,parallel_for,runtimes=2;items_per_runtime=32,thread_pool,not_applicable,Adaptive,1,1,1,1,1,1,1,0,not_nested,0,wait,granted,1.121,not_requested,1,10831286851329034220,0.16727900000000001,26,single,2,25174054,2,1,0,0
2,1.8.0,GCC,14.2.0,Release,Linux,effective_cpu_capacity=4,4,1,linux_sched_affinity+cgroup_cpu_quota,1,1,governed_vs_ungoverned,budget_1,peak_participation,threads,1,parallel_for,runtimes=2;items_per_runtime=32,thread_pool,not_applicable,Adaptive,1,1,1,1,1,1,1,0,not_nested,0,wait,granted,1.121,not_requested,1,10831286851329034220,0.16727900000000001,26,single,2,25174054,2,1,0,0
2,1.8.0,GCC,14.2.0,Release,Linux,effective_cpu_capacity=4,4,1,linux_sched_affinity+cgroup_cpu_quota,1,1,runtime_latency,budget_1_runtime_0,completion_latency,ms,0.058756999999999997,parallel_for,runtimes=2;items_per_runtime=32,thread_pool,not_applicable,Adaptive,1,1,1,1,1,1,1,0,not_nested,0,wait,granted,1.121,not_requested,1,10831286851329034220,0.058756999999999997,26,single,2,25174054,1,1,0,0
2,1.8.0,GCC,14.2.0,Release,Linux,effective_cpu_capacity=4,4,1,linux_sched_affinity+cgroup_cpu_quota,1,1,runtime_latency,budget_1_runtime_1,completion_latency,ms,0.093288999999999997,parallel_for,runtimes=2;items_per_runtime=32,thread_pool,not_applicable,Adaptive,1,1,1,1,1,1,1,0,not_nested,0,wait,granted,53.909999999999997,not_requested,1,10831286851329034220,0.093288999999999997,26,single,2,25174054,1,1,0,0
2,1.8.0,GCC,14.2.0,Release,Linux,effective_cpu_capacity=4,4,1,linux_sched_affinity+cgroup_cpu_quota,2,2,governed_vs_ungoverned,budget_2,batch_wall_time,ms,0.19269700000000001,parallel_for,runtimes=2;items_per_runtime=32,thread_pool,not_applicable,Adaptive,2,1,2,2,2,2,2,0,not_nested,0,wait,granted,55.142000000000003,not_requested,1,10831286851329034220,0.19269700000000001,26,single,2,25174054,2,2,0,0
2,1.8.0,GCC,14.2.0,Release,Linux,effective_cpu_capacity=4,4,1,linux_sched_affinity+cgroup_cpu_quota,2,2,governed_vs_ungoverned,budget_2,throughput,operations_per_second,10378.98877512364,parallel_for,runtimes=2;items_per_runtime=32,thread_pool,not_applicable,Adaptive,2,1,2,2,2,2,2,0,not_nested,0,wait,granted,55.142000000000003,not_requested,1,10831286851329034220,0.19269700000000001,26,single,2,25174054,2,2,0,0
2,1.8.0,GCC,14.2.0,Release,Linux,effective_cpu_capacity=4,4,1,linux_sched_affinity+cgroup_cpu_quota,2,2,governed_vs_ungoverned,budget_2,peak_participation,threads,2,parallel_for,runtimes=2;items_per_runtime=32,thread_pool,not_applicable,Adaptive,2,1,2,2,2,2,2,0,not_nested,0,wait,granted,55.142000000000003,not_requested,1,10831286851329034220,0.19269700000000001,26,single,2,25174054,2,2,0,0
2,1.8.0,GCC,14.2.0,Release,Linux,effective_cpu_capacity=4,4,1,linux_sched_affinity+cgroup_cpu_quota,2,2,runtime_latency,budget_2_runtime_0,completion_latency,ms,0.120499,parallel_for,runtimes=2;items_per_runtime=32,thread_pool,not_applicable,Adaptive,2,1,2,2,2,2,2,0,not_nested,0,wait,granted,55.142000000000003,not_requested,1,10831286851329034220,0.120499,26,single,2,25174054,1,2,0,0
2,1.8.0,GCC,14.2.0,Release,Linux,effective_cpu_capacity=4,4,1,linux_sched_affinity+cgroup_cpu_quota,2,2,runtime_latency,budget_2_runtime_1,completion_latency,ms,0.047801999999999997,parallel_for,runtimes=2;items_per_runtime=32,thread_pool,not_applicable,Adaptive,2,1,2,2,2,2,1,0,not_nested,0,wait,granted,0.52000000000000002,not_requested,1,10831286851329034220,0.047801999999999997,26,single,2,25174054,1,2,0,0
2,1.8.0,GCC,14.2.0,Release,Linux,effective_cpu_capacity=4,4,1,linux_sched_affinity+cgroup_cpu_quota,4,4,governed_vs_ungoverned,budget_4,batch_wall_time,ms,0.231104,parallel_for,runtimes=2;items_per_runtime=64,thread_pool,not_applicable,Adaptive,4,1,4,4,4,4,4,0,not_nested,0,wait,granted,1.3320000000000001,not_requested,1,7589314552514409162,0.231104,26,single,2,25174054,2,3,0,0
2,1.8.0,GCC,14.2.0,Release,Linux,effective_cpu_capacity=4,4,1,linux_sched_affinity+cgroup_cpu_quota,4,4,governed_vs_ungoverned,budget_4,throughput,operations_per_second,8654.1124342287458,parallel_for,runtimes=2;items_per_runtime=64,thread_pool,not_applicable,Adaptive,4,1,4,4,4,4,4,0,not_nested,0,wait,granted,1.3320000000000001,not_requested,1,7589314552514409162,0.231104,26,single,2,25174054,2,3,0,0
2,1.8.0,GCC,14.2.0,Release,Linux,effective_cpu_capacity=4,4,1,linux_sched_affinity+cgroup_cpu_quota,4,4,governed_vs_ungoverned,budget_4,peak_participation,threads,3,parallel_for,runtimes=2;items_per_runtime=64,thread_pool,not_applicable,Adaptive,4,1,4,4,4,4,4,0,not_nested,0,wait,granted,1.3320000000000001,not_requested,1,7589314552514409162,0.231104,26,single,2,25174054,2,3,0,0
2,1.8.0,GCC,14.2.0,Release,Linux,effective_cpu_capacity=4,4,1,linux_sched_affinity+cgroup_cpu_quota,4,4,runtime_latency,budget_4_runtime_0,completion_latency,ms,0.096603999999999995,parallel_for,runtimes=2;items_per_runtime=64,thread_pool,not_applicable,Adaptive,4,1,4,4,4,4,4,0,not_nested,0,wait,granted,1.3320000000000001,not_requested,1,7589314552514409162,0.096603999999999995,26,single,2,25174054,1,3,0,0
2,1.8.0,GCC,14.2.0,Release,Linux,effective_cpu_capacity=4,4,1,linux_sched_affinity+cgroup_cpu_quota,4,4,runtime_latency,budget_4_runtime_1,completion_latency,ms,0.15099499999999999,parallel_for,runtimes=2;items_per_runtime=64,thread_pool,not_applicable,Adaptive,4,1,4,4,4,4,3,0,not_nested,0,wait,granted,94.620999999999995,not_requested,1,7589314552514409162,0.15099499999999999,26,single,2,25174054,1,3,0,0
2,1.8.0,GCC,14.2.0,Release,Linux,effective_cpu_capacity=4,4,1,linux_sched_affinity+cgroup_cpu_quota,4,1,governor_overhead,uncontended_exact_acquire_release,latency,us_per_acquire_release,0.14678899999999998,parallel_for,,,not_applicable,Adaptive,1,1,1,1,1,1,1,0,not_nested,1,fail_immediately,granted,0.081000000000000003,not_requested,1,,0.00014678899999999998,27,single,2,25174054,1000,1,0,0
2,1.8.0,GCC,14.2.0,Release,Linux,effective_cpu_capacity=4,4,1,linux_sched_affinity+cgroup_cpu_quota,4,1,governor_overhead,inherited_nested_lease,latency,us_per_acquire_release,0.016975999999999998,parallel_for,,,not_applicable,Adaptive,1,1,1,1,1,1,1,1,reuse_parent,1,fail_immediately,granted,0.081000000000000003,not_requested,1,,0.00014678899999999998,27,single,2,25174054,1000,1,0,0
2,1.8.0,GCC,14.2.0,Release,Linux,effective_cpu_capacity=4,4,1,linux_sched_affinity+cgroup_cpu_quota,4,4,governor_overhead,flexible_partial_grant,latency,us_per_acquire_release,0.41999999999999998,parallel_for,,,not_applicable,Adaptive,4,1,4,4,1,1,1,0,not_nested,0,fail_immediately,granted,0.17000000000000001,not_requested,1,,0.00014678899999999998,27,single,2,25174054,1,1,0,0
2,1.8.0,GCC,14.2.0,Release,Linux,effective_cpu_capacity=4,4,1,linux_sched_affinity+cgroup_cpu_quota,4,4,governor_overhead,immediate_failure,latency,us_per_acquire_release,0.40000000000000002,parallel_for,,,not_applicable,Adaptive,4,4,4,4,0,0,0,0,not_nested,1,fail_immediately,would_block,0,not_requested,1,,0.00014678899999999998,27,single,2,25174054,1,1,0,0
2,1.8.0,GCC,14.2.0,Release,Linux,effective_cpu_capacity=4,4,1,linux_sched_affinity+cgroup_cpu_quota,4,4,governor_overhead,direct_cancellation_notification,latency,us,12.368,parallel_for,,,not_applicable,Adaptive,4,4,4,4,0,0,0,0,not_nested,1,wait,cancelled,4.3570000000000002,requested,1,,0.012368000000000001,27,single,2,25174054,1,0,0,0
2,1.8.0,GCC,14.2.0,Release,Linux,effective_cpu_capacity=4,4,1,linux_sched_affinity+cgroup_cpu_quota,4,4,admission_fairness,large_exact_request,completion_rank,rank,5,parallel_for,one_large_exact_plus_eight_small_exact,,not_applicable,Adaptive,4,4,4,4,4,4,4,0,not_nested,1,wait,granted,260.91800000000001,not_requested,1,,0,27,single,2,25174054,1,0,4,260.91800000000001
2,1.8.0,GCC,14.2.0,Release,Linux,effective_cpu_capacity=4,4,1,linux_sched_affinity+cgroup_cpu_quota,4,4,admission_fairness,small_request_0,completion_rank,rank,1,parallel_for,one_large_exact_plus_eight_small_exact,,not_applicable,Adaptive,1,1,1,1,1,1,1,0,not_nested,1,wait,granted,13.880000000000001,not_requested,1,,0,27,single,2,25174054,1,0,4,13.880000000000001
2,1.8.0,GCC,14.2.0,Release,Linux,effective_cpu_capacity=4,4,1,linux_sched_affinity+cgroup_cpu_quota,4,4,admission_fairness,small_request_1,completion_rank,rank,2,parallel_for,one_large_exact_plus_eight_small_exact,,not_applicable,Adaptive,1,1,1,1,1,1,1,0,not_nested,1,wait,granted,1.923,not_requested,1,,0,27,single,2,25174054,1,0,4,1.923
2,1.8.0,GCC,14.2.0,Release,Linux,effective_cpu_capacity=4,4,1,linux_sched_affinity+cgroup_cpu_quota,4,4,admission_fairness,small_request_2,completion_rank,rank,3,parallel_for,one_large_exact_plus_eight_small_exact,,not_applicable,Adaptive,1,1,1,1,1,1,1,0,not_nested,1,wait,granted,8.9339999999999993,not_requested,1,,0,27,single,2,25174054,1,0,4,8.9339999999999993
2,1.8.0,GCC,14.2.0,Release,Linux,effective_cpu_capacity=4,4,1,linux_sched_affinity+cgroup_cpu_quota,4,4,admission_fairness,small_request_3,completion_rank,rank,4,parallel_for,one_large_exact_plus_eight_small_exact,,not_applicable,Adaptive,1,1,1,1,1,1,1,0,not_nested,1,wait,granted,8.3420000000000005,not_requested,1,,0,27,single,2,25174054,1,0,4,8.3420000000000005
2,1.8.0,GCC,14.2.0,Release,Linux,effective_cpu_capacity=4,4,1,linux_sched_affinity+cgroup_cpu_quota,4,4,admission_fairness,small_request_4,completion_rank,rank,8,parallel_for,one_large_exact_plus_eight_small_exact,,not_applicable,Adaptive,1,1,1,1,1,1,1,0,not_nested,1,wait,granted,1697.777,not_requested,1,,0,27,single,2,25174054,1,0,4,1697.777
2,1.8.0,GCC,14.2.0,Release,Linux,effective_cpu_capacity=4,4,1,linux_sched_affinity+cgroup_cpu_quota,4,4,admission_fairness,small_request_5,completion_rank,rank,7,parallel_for,one_large_exact_plus_eight_small_exact,,not_applicable,Adaptive,1,1,1,1,1,1,1,0,not_nested,1,wait,granted,1611.299,not_requested,1,,0,27,single,2,25174054,1,0,4,1611.299
2,1.8.0,GCC,14.2.0,Release,Linux,effective_cpu_capacity=4,4,1,linux_sched_affinity+cgroup_cpu_quota,4,4,admission_fairness,small_request_6,completion_rank,rank,6,parallel_for,one_large_exact_plus_eight_small_exact,,not_applicable,Adaptive,1,1,1,1,1,1,1,0,not_nested,1,wait,granted,1557.8889999999999,not_requested,1,,0,27,single,2,25174054,1,0,4,1557.8889999999999
2,1.8.0,GCC,14.2.0,Release,Linux,effective_cpu_capacity=4,4,1,linux_sched_affinity+cgroup_cpu_quota,4,4,admission_fairness,small_request_7,completion_rank,rank,9,parallel_for,one_large_exact_plus_eight_small_exact,,not_applicable,Adaptive,1,1,1,1,1,1,1,0,not_nested,1,wait,granted,1637.277,not_requested,1,,0,27,single,2,25174054,1,0,4,1637.277
2,1.8.0,GCC,14.2.0,Release,Linux,effective_cpu_capacity=4,4,1,linux_sched_affinity+cgroup_cpu_quota,4,4,adaptive_partial_grant,available_one_of_preferred_budget,granted_workers,threads,1,parallel_for,,thread_pool,not_applicable,Adaptive,4,1,4,4,1,1,1,0,not_nested,0,wait,granted,0.23999999999999999,not_requested,1,,0.099608000000000002,27,single,2,25174054,1,1,0,0
2,1.8.0,GCC,14.2.0,Release,Linux,effective_cpu_capacity=4,4,1,linux_sched_affinity+cgroup_cpu_quota,4,4,nested_execution,depth_1,peak_participation,threads,1,parallel_for,depth=1;leaves=2,thread_pool,not_applicable,Adaptive,2,1,2,4,2,2,1,0,not_nested,0,wait,granted,0.24099999999999999,not_requested,1,,0.024707,27,single,2,25174054,1,1,0,0
2,1.8.0,GCC,14.2.0,Release,Linux,effective_cpu_capacity=4,4,1,linux_sched_affinity+cgroup_cpu_quota,4,4,nested_execution,depth_2,peak_participation,threads,1,parallel_for,depth=2;leaves=4,thread_pool,not_applicable,Adaptive,2,1,2,4,2,2,1,0,not_nested,0,wait,granted,0.27000000000000002,not_requested,1,,0.015252,27,single,2,25174054,1,1,0,0
2,1.8.0,GCC,14.2.0,Release,Linux,effective_cpu_capacity=4,4,1,linux_sched_affinity+cgroup_cpu_quota,4,4,nested_execution,depth_3,peak_participation,threads,1,parallel_for,depth=3;leaves=8,thread_pool,not_applicable,Adaptive,2,1,2,4,2,2,1,0,not_nested,0,wait,granted,0.23100000000000001,not_requested,1,,0.025788999999999999,27,single,2,25174054,1,1,0,0
2,1.8.0,GCC,14.2.0,Release,Linux,effective_cpu_capacity=4,4,1,linux_sched_affinity+cgroup_cpu_quota,4,4,nested_execution,depth_4,peak_participation,threads,1,parallel_for,depth=4;leaves=16,thread_pool,not_applicable,Adaptive,2,1,2,4,2,2,1,0,not_nested,0,wait,granted,0.23999999999999999,not_requested,1,,0.024095999999999999,27,single,2,25174054,1,1,0,0
2,1.8.0,GCC,14.2.0,Release,Linux,effective_cpu_capacity=4,4,1,linux_sched_affinity+cgroup_cpu_quota,1,1,scheduler_comparison,sequential,duration,ms,0.40749600000000002,parallel_for,,sequential,not_applicable,Adaptive,1,1,1,1,1,1,1,0,not_nested,0,wait,granted,0.23000000000000001,not_requested,1,5314921549994187984,0.40749600000000002,27,single,2,25174054,1,1,0,0
2,1.8.0,GCC,14.2.0,Release,Linux,effective_cpu_capacity=4,4,1,linux_sched_affinity+cgroup_cpu_quota,4,4,scheduler_comparison,thread_pool,duration,ms,0.27642099999999997,parallel_for,,thread_pool,not_applicable,Adaptive,4,1,4,4,4,4,2,0,not_nested,0,wait,granted,0.17999999999999999,not_requested,1,5314921549994187984,0.27642099999999997,27,single,2,25174054,1,2,0,0
2,1.8.0,GCC,14.2.0,Release,Linux,effective_cpu_capacity=4,4,1,linux_sched_affinity+cgroup_cpu_quota,4,4,scheduler_comparison,static_thread,duration,ms,0.26103799999999999,parallel_for,,static_thread,not_applicable,Adaptive,4,1,4,4,4,4,4,0,not_nested,0,wait,granted,0.45100000000000001,not_requested,1,5314921549994187984,0.26103799999999999,27,single,2,25174054,1,4,0,0
2,1.8.0,GCC,14.2.0,Release,Linux,effective_cpu_capacity=4,4,1,linux_sched_affinity+cgroup_cpu_quota,4,4,deterministic_exact_grant,success,accepted,boolean,1,parallel_for,,thread_pool,not_applicable,Deterministic,4,4,4,4,4,4,1,0,not_nested,1,fail_immediately,granted,0.54000000000000004,not_requested,1,,0,27,single,2,25174054,1,0,0,0
2,1.8.0,GCC,14.2.0,Release,Linux,effective_cpu_capacity=4,4,1,linux_sched_affinity+cgroup_cpu_quota,4,4,deterministic_exact_grant,insufficient_budget_failure,accepted,boolean,1,parallel_for,,,not_applicable,Deterministic,4,4,4,4,0,0,0,0,not_nested,1,fail_immediately,would_block,0,not_requested,1,,0,27,single,2,25174054,1,0,0,0
2,1.8.0,GCC,14.2.0,Release,Linux,effective_cpu_capacity=4,4,1,linux_sched_affinity+cgroup_cpu_quota,4,4,governed_vs_ungoverned,governed,batch_wall_time,ms,2.5448680000000001,parallel_for,runtimes=2;items_per_runtime=128,thread_pool,not_applicable,Adaptive,4,1,4,4,4,4,2,0,not_nested,0,wait,granted,0.71099999999999997,not_requested,1,14754973877547064749,2.5448680000000001,27,ungoverned_then_governed,2,25174054,2,4,0,0
2,1.8.0,GCC,14.2.0,Release,Linux,effective_cpu_capacity=4,4,1,linux_sched_affinity+cgroup_cpu_quota,4,4,governed_vs_ungoverned,governed,throughput,operations_per_second,785.89537846363737,parallel_for,runtimes=2;items_per_runtime=128,thread_pool,not_applicable,Adaptive,4,1,4,4,4,4,2,0,not_nested,0,wait,granted,0.71099999999999997,not_requested,1,14754973877547064749,2.5448680000000001,27,ungoverned_then_governed,2,25174054,2,4,0,0
2,1.8.0,GCC,14.2.0,Release,Linux,effective_cpu_capacity=4,4,1,linux_sched_affinity+cgroup_cpu_quota,4,4,governed_vs_ungoverned,governed,peak_participation,threads,4,parallel_for,runtimes=2;items_per_runtime=128,thread_pool,not_applicable,Adaptive,4,1,4,4,4,4,2,0,not_nested,0,wait,granted,0.71099999999999997,not_requested,1,14754973877547064749,2.5448680000000001,27,ungoverned_then_governed,2,25174054,2,4,0,0
2,1.8.0,GCC,14.2.0,Release,Linux,effective_cpu_capacity=4,4,1,linux_sched_affinity+cgroup_cpu_quota,4,4,runtime_latency,governed_runtime_0,completion_latency,ms,1.59284,parallel_for,runtimes=2;items_per_runtime=128,thread_pool,not_applicable,Adaptive,4,1,4,4,4,4,2,0,not_nested,0,wait,granted,0.71099999999999997,not_requested,1,14754973877547064749,1.59284,27,ungoverned_then_governed,2,25174054,1,4,0,0
2,1.8.0,GCC,14.2.0,Release,Linux,effective_cpu_capacity=4,4,1,linux_sched_affinity+cgroup_cpu_quota,4,4,runtime_latency,governed_runtime_1,completion_latency,ms,2.4016389999999999,parallel_for,runtimes=2;items_per_runtime=128,thread_pool,not_applicable,Adaptive,4,1,4,4,4,4,4,0,not_nested,0,wait,granted,1544.3119999999999,not_requested,1,14754973877547064749,2.4016389999999999,27,ungoverned_then_governed,2,25174054,1,4,0,0
2,1.8.0,GCC,14.2.0,Release,Linux,effective_cpu_capacity=4,4,1,linux_sched_affinity+cgroup_cpu_quota,4,4,governed_vs_ungoverned,ungoverned,batch_wall_time,ms,1.601108,parallel_for,runtimes=2;items_per_runtime=128,thread_pool,not_applicable,Adaptive,4,1,4,4,4,4,3,0,not_nested,0,wait,granted,1.2210000000000001,not_requested,1,14754973877547064749,1.601108,27,ungoverned_then_governed,2,25174054,2,5,0,0
2,1.8.0,GCC,14.2.0,Release,Linux,effective_cpu_capacity=4,4,1,linux_sched_affinity+cgroup_cpu_quota,4,4,governed_vs_ungoverned,ungoverned,throughput,operations_per_second,1249.1349740304838,parallel_for,runtimes=2;items_per_runtime=128,thread_pool,not_applicable,Adaptive,4,1,4,4,4,4,3,0,not_nested,0,wait,granted,1.2210000000000001,not_requested,1,14754973877547064749,1.601108,27,ungoverned_then_governed,2,25174054,2,5,0,0
2,1.8.0,GCC,14.2.0,Release,Linux,effective_cpu_capacity=4,4,1,linux_sched_affinity+cgroup_cpu_quota,4,4,governed_vs_ungoverned,ungoverned,peak_participation,threads,5,parallel_for,runtimes=2;items_per_runtime=128,thread_pool,not_applicable,Adaptive,4,1,4,4,4,4,3,0,not_nested,0,wait,granted,1.2210000000000001,not_requested,1,14754973877547064749,1.601108,27,ungoverned_then_governed,2,25174054,2,5,0,0
2,1.8.0,GCC,14.2.0,Release,Linux,effective_cpu_capacity=4,4,1,linux_sched_affinity+cgroup_cpu_quota,4,4,runtime_latency,ungoverned_runtime_0,completion_latency,ms,1.2201759999999999,parallel_for,runtimes=2;items_per_runtime=128,thread_pool,not_applicable,Adaptive,4,1,4,4,4,4,3,0,not_nested,0,wait,granted,1.2210000000000001,not_requested,1,14754973877547064749,1.2201759999999999,27,ungoverned_then_governed,2,25174054,1,5,0,0
2,1.8.0,GCC,14.2.0,Release,Linux,effective_cpu_capacity=4,4,1,linux_sched_affinity+cgroup_cpu_quota,4,4,runtime_latency,ungoverned_runtime_1,completion_latency,ms,1.531039,parallel_for,runtimes=2;items_per_runtime=128,thread_pool,not_applicable,Adaptive,4,1,4,4,4,4,3,0,not_nested,0,wait,granted,1.0309999999999999,not_requested,1,14754973877547064749,1.531039,27,ungoverned_then_governed,2,25174054,1,5,0,0
2,1.8.0,GCC,14.2.0,Release,Linux,effective_cpu_capacity=4,4,1,linux_sched_affinity+cgroup_cpu_quota,4,4,governed_vs_ungoverned,governed_2_runtimes,batch_wall_time,ms,0.20657700000000001,parallel_for,runtimes=2;items_per_runtime=32,thread_pool,not_applicable,Adaptive,4,1,4,4,4,4,2,0,not_nested,0,wait,granted,1.3320000000000001,not_requested,1,10831286851329034220,0.20657700000000001,27,single,2,25174054,2,2,0,0
2,1.8.0,GCC,14.2.0,Release,Linux,effective_cpu_capacity=4,4,1,linux_sched_affinity+cgroup_cpu_quota,4,4,governed_vs_ungoverned,governed_2_runtimes,throughput,operations_per_second,9681.6199286464616,parallel_for,runtimes=2;items_per_runtime=32,thread_pool,not_applicable,Adaptive,4,1,4,4,4,4,2,0,not_nested,0,wait,granted,1.3320000000000001,not_requested,1,10831286851329034220,0.20657700000000001,27,single,2,25174054,2,2,0,0
2,1.8.0,GCC,14.2.0,Release,Linux,effective_cpu_capacity=4,4,1,linux_sched_affinity+cgroup_cpu_quota,4,4,governed_vs_ungoverned,governed_2_runtimes,peak_participation,threads,2,parallel_for,runtimes=2;items_per_runtime=32,thread_pool,not_applicable,Adaptive,4,1,4,4,4,4,2,0,not_nested,0,wait,granted,1.3320000000000001,not_requested,1,10831286851329034220,0.20657700000000001,27,single,2,25174054,2,2,0,0
2,1.8.0,GCC,14.2.0,Release,Linux,effective_cpu_capacity=4,4,1,linux_sched_affinity+cgroup_cpu_quota,4,4,runtime_latency,governed_2_runtimes_runtime_0,completion_latency,ms,0.076222999999999999,parallel_for,runtimes=2;items_per_runtime=32,thread_pool,not_applicable,Adaptive,4,1,4,4,4,4,2,0,not_nested,0,wait,granted,1.3320000000000001,not_requested,1,10831286851329034220,0.076222999999999999,27,single,2,25174054,1,2,0,0
2,1.8.0,GCC,14.2.0,Release,Linux,effective_cpu_capacity=4,4,1,linux_sched_affinity+cgroup_cpu_quota,4,4,runtime_latency,governed_2_runtimes_runtime_1,completion_latency,ms,0.125497,parallel_for,runtimes=2;items_per_runtime=32,thread_pool,not_applicable,Adaptive,4,1,4,4,4,4,2,0,not_nested,0,wait,granted,61.320999999999998,not_requested,1,10831286851329034220,0.125497,27,single,2,25174054,1,2,0,0
2,1.8.0,GCC,14.2.0,Release,Linux,effective_cpu_capacity=4,4,1,linux_sched_affinity+cgroup_cpu_quota,4,4,governed_vs_ungoverned,governed_4_runtimes,batch_wall_time,ms,0.55174100000000004,parallel_for,runtimes=4;items_per_runtime=32,thread_pool,not_applicable,Adaptive,4,1,4,4,4,4,3,0,not_nested,0,wait,granted,1.472,not_requested,1,7589314552514409162,0.55174100000000004,27,single,2,25174054,4,3,0,0
2,1.8.0,GCC,14.2.0,Release,Linux,effective_cpu_capacity=4,4,1,linux_sched_affinity+cgroup_cpu_quota,4,4,governed_vs_ungoverned,governed_4_runtimes,throughput,operations_per_second,7249.778428646774,parallel_for,runtimes=4;items_per_runtime=32,thread_pool,not_applicable,Adaptive,4,1,4,4,4,4,3,0,not_nested,0,wait,granted,1.472,not_requested,1,7589314552514409162,0.55174100000000004,27,single,2,25174054,4,3,0,0
2,1.8.0,GCC,14.2.0,Release,Linux,effective_cpu_capacity=4,4,1,linux_sched_affinity+cgroup_cpu_quota,4,4,governed_vs_ungoverned,governed_4_runtimes,peak_participation,threads,3,parallel_for,runtimes=4;items_per_runtime=32,thread_pool,not_applicable,Adaptive,4,1,4,4,4,4,3,0,not_nested,0,wait,granted,1.472,not_requested,1,7589314552514409162,0.55174100000000004,27,single,2,25174054,4,3,0,0
2,1.8.0,GCC,14.2.0,Release,Linux,effective_cpu_capacity=4,4,1,linux_sched_affinity+cgroup_cpu_quota,4,4,runtime_latency,governed_4_runtimes_runtime_0,completion_latency,ms,0.119508,parallel_for,runtimes=4;items_per_runtime=32,thread_pool,not_applicable,Adaptive,4,1,4,4,4,4,3,0,not_nested,0,wait,granted,1.472,not_requested,1,7589314552514409162,0.119508,27,single,2,25174054,1,3,0,0
2,1.8.0,GCC,14.2.0,Release,Linux,effective_cpu_capacity=4,4,1,linux_sched_affinity+cgroup_cpu_quota,4,4,runtime_latency,governed_4_runtimes_runtime_1,completion_latency,ms,0.315189,parallel_for,runtimes=4;items_per_runtime=32,thread_pool,not_applicable,Adaptive,4,1,4,4,4,4,3,0,not_nested,0,wait,granted,232.01499999999999,not_requested,1,7589314552514409162,0.315189,27,single,2,25174054,1,3,0,0
2,1.8.0,GCC,14.2.0,Release,Linux,effective_cpu_capacity=4,4,1,linux_sched_affinity+cgroup_cpu_quota,4,4,runtime_latency,governed_4_runtimes_runtime_2,completion_latency,ms,0.20975199999999999,parallel_for,runtimes=4;items_per_runtime=32,thread_pool,not_applicable,Adaptive,4,1,4,4,4,4,2,0,not_nested,0,wait,granted,119.307,not_requested,1,7589314552514409162,0.20975199999999999,27,single,2,25174054,1,3,0,0
2,1.8.0,GCC,14.2.0,Release,Linux,effective_cpu_capacity=4,4,1,linux_sched_affinity+cgroup_cpu_quota,4,4,runtime_latency,governed_4_runtimes_runtime_3,completion_latency,ms,0.37811800000000001,parallel_for,runtimes=4;items_per_runtime=32,thread_pool,not_applicable,Adaptive,4,1,4,4,4,4,3,0,not_nested,0,wait,granted,297.00700000000001,not_requested,1,7589314552514409162,0.37811800000000001,27,single,2,25174054,1,3,0,0
2,1.8.0,GCC,14.2.0,Release,Linux,effective_cpu_capacity=4,4,1,linux_sched_affinity+cgroup_cpu_quota,4,4,governed_vs_ungoverned,governed_8_runtimes,batch_wall_time,ms,0.98697900000000005,parallel_for,runtimes=8;items_per_runtime=32,thread_pool,not_applicable,Adaptive,4,1,4,4,4,4,4,0,not_nested,0,wait,granted,426.245,not_requested,1,3424649268515386025,0.98697900000000005,27,single,2,25174054,8,2,0,0
2,1.8.0,GCC,14.2.0,Release,Linux,effective_cpu_capacity=4,4,1,linux_sched_affinity+cgroup_cpu_quota,4,4,governed_vs_ungoverned,governed_8_runtimes,throughput,operations_per_second,8105.5422658435482,parallel_for,runtimes=8;items_per_runtime=32,thread_pool,not_applicable,Adaptive,4,1,4,4,4,4,4,0,not_nested,0,wait,granted,426.245,not_requested,1,3424649268515386025,0.98697900000000005,27,single,2,25174054,8,2,0,0
2,1.8.0,GCC,14.2.0,Release,Linux,effective_cpu_capacity=4,4,1,linux_sched_affinity+cgroup_cpu_quota,4,4,governed_vs_ungoverned,governed_8_runtimes,peak_participation,threads,2,parallel_for,runtimes=8;items_per_runtime=32,thread_pool,not_applicable,Adaptive,4,1,4,4,4,4,4,0,not_nested,0,wait,granted,426.245,not_requested,1,3424649268515386025,0.98697900000000005,27,single,2,25174054,8,2,0,0
2,1.8.0,GCC,14.2.0,Release,Linux,effective_cpu_capacity=4,4,1,linux_sched_affinity+cgroup_cpu_quota,4,4,runtime_latency,governed_8_runtimes_runtime_0,completion_latency,ms,0.51680899999999996,parallel_for,runtimes=8;items_per_runtime=32,thread_pool,not_applicable,Adaptive,4,1,4,4,4,4,4,0,not_nested,0,wait,granted,426.245,not_requested,1,3424649268515386025,0.51680899999999996,27,single,2,25174054,1,2,0,0
2,1.8.0,GCC,14.2.0,Release,Linux,effective_cpu_capacity=4,4,1,linux_sched_affinity+cgroup_cpu_quota,4,4,runtime_latency,governed_8_runtimes_runtime_1,completion_latency,ms,0.71532499999999999,parallel_for,runtimes=8;items_per_runtime=32,thread_pool,not_applicable,Adaptive,4,1,4,4,4,4,2,0,not_nested,0,wait,granted,666.36199999999997,not_requested,1,3424649268515386025,0.71532499999999999,27,single,2,25174054,1,2,0,0
2,1.8.0,GCC,14.2.0,Release,Linux,effective_cpu_capacity=4,4,1,linux_sched_affinity+cgroup_cpu_quota,4,4,runtime_latency,governed_8_runtimes_runtime_2,completion_latency,ms,0.108712,parallel_for,runtimes=8;items_per_runtime=32,thread_pool,not_applicable,Adaptive,4,1,4,4,4,4,1,0,not_nested,0,wait,granted,1.212,not_requested,1,3424649268515386025,0.108712,27,single,2,25174054,1,2,0,0
2,1.8.0,GCC,14.2.0,Release,Linux,effective_cpu_capacity=4,4,1,linux_sched_affinity+cgroup_cpu_quota,4,4,runtime_latency,governed_8_runtimes_runtime_3,completion_latency,ms,0.57961799999999997,parallel_for,runtimes=8;items_per_runtime=32,thread_pool,not_applicable,Adaptive,4,1,4,4,4,4,2,0,not_nested,0,wait,granted,517.17499999999995,not_requested,1,3424649268515386025,0.57961799999999997,27,single,2,25174054,1,2,0,0
2,1.8.0,GCC,14.2.0,Release,Linux,effective_cpu_capacity=4,4,1,linux_sched_affinity+cgroup_cpu_quota,4,4,runtime_latency,governed_8_runtimes_runtime_4,completion_latency,ms,0.34925899999999999,parallel_for,runtimes=8;items_per_runtime=32,thread_pool,not_applicable,Adaptive,4,1,4,4,4,4,2,0,not_nested,0,wait,granted,238.815,not_requested,1,3424649268515386025,0.34925899999999999,27,single,2,25174054,1,2,0,0
2,1.8.0,GCC,14.2.0,Release,Linux,effective_cpu_capacity=4,4,1,linux_sched_affinity+cgroup_cpu_quota,4,4,runtime_latency,governed_8_runtimes_runtime_5,completion_latency,ms,0.63489499999999999,parallel_for,runtimes=8;items_per_runtime=32,thread_pool,not_applicable,Adaptive,4,1,4,4,4,4,2,0,not_nested,0,wait,granted,568.74599999999998,not_requested,1,3424649268515386025,0.63489499999999999,27,single,2,25174054,1,2,0,0
2,1.8.0,GCC,14.2.0,Release,Linux,effective_cpu_capacity=4,4,1,linux_sched_affinity+cgroup_cpu_quota,4,4,runtime_latency,governed_8_runtimes_runtime_6,completion_latency,ms,0.242621,parallel_for,runtimes=8;items_per_runtime=32,thread_pool,not_applicable,Adaptive,4,1,4,4,4,4,3,0,not_nested,0,wait,granted,120.229,not_requested,1,3424649268515386025,0.242621,27,single,2,25174054,1,2,0,0
2,1.8.0,GCC,14.2.0,Release,Linux,effective_cpu_capacity=4,4,1,linux_sched_affinity+cgroup_cpu_quota,4,4,runtime_latency,governed_8_runtimes_runtime_7,completion_latency,ms,0.42104200000000003,parallel_for,runtimes=8;items_per_runtime=32,thread_pool,not_applicable,Adaptive,4,1,4,4,4,4,2,0,not_nested,0,wait,granted,343.06599999999997,not_requested,1,3424649268515386025,0.42104200000000003,27,single,2,25174054,1,2,0,0
2,1.8.0,GCC,14.2.0,Release,Linux,effective_cpu_capacity=4,4,1,linux_sched_affinity+cgroup_cpu_quota,1,1,governed_vs_ungoverned,budget_1,batch_wall_time,ms,0.14438500000000001,parallel_for,runtimes=2;items_per_runtime=32,thread_pool,not_applicable,Adaptive,1,1,1,1,1,1,1,0,not_nested,0,wait,granted,0.83099999999999996,not_requested,1,10831286851329034220,0.14438500000000001,27,single,2,25174054,2,1,0,0
2,1.8.0,GCC,14.2.0,Release,Linux,effective_cpu_capacity=4,4,1,linux_sched_affinity+cgroup_cpu_quota,1,1,governed_vs_ungoverned,budget_1,throughput,operations_per_second,13851.854417010076,parallel_for,runtimes=2;items_per_runtime=32,thread_pool,not_applicable,Adaptive,1,1,1,1,1,1,1,0,not_nested,0,wait,granted,0.83099999999999996,not_requested,1,10831286851329034220,0.14438500000000001,27,single,2,25174054,2,1,0,0
2,1.8.0,GCC,14.2.0,Release,Linux,effective_cpu_capacity=4,4,1,linux_sched_affinity+cgroup_cpu_quota,1,1,governed_vs_ungoverned,budget_1,peak_participation,threads,1,parallel_for,runtimes=2;items_per_runtime=32,thread_pool,not_applicable,Adaptive,1,1,1,1,1,1,1,0,not_nested,0,wait,granted,0.83099999999999996,not_requested,1,10831286851329034220,0.14438500000000001,27,single,2,25174054,2,1,0,0
2,1.8.0,GCC,14.2.0,Release,Linux,effective_cpu_capacity=4,4,1,linux_sched_affinity+cgroup_cpu_quota,1,1,runtime_latency,budget_1_runtime_0,completion_latency,ms,0.045789000000000003,parallel_for,runtimes=2;items_per_runtime=32,thread_pool,not_applicable,Adaptive,1,1,1,1,1,1,1,0,not_nested,0,wait,granted,0.83099999999999996,not_requested,1,10831286851329034220,0.045789000000000003,27,single,2,25174054,1,1,0,0
2,1.8.0,GCC,14.2.0,Release,Linux,effective_cpu_capacity=4,4,1,linux_sched_affinity+cgroup_cpu_quota,1,1,runtime_latency,budget_1_runtime_1,completion_latency,ms,0.075953000000000007,parallel_for,runtimes=2;items_per_runtime=32,thread_pool,not_applicable,Adaptive,1,1,1,1,1,1,1,0,not_nested,0,wait,granted,34.642000000000003,not_requested,1,10831286851329034220,0.075953000000000007,27,single,2,25174054,1,1,0,0
2,1.8.0,GCC,14.2.0,Release,Linux,effective_cpu_capacity=4,4,1,linux_sched_affinity+cgroup_cpu_quota,2,2,governed_vs_ungoverned,budget_2,batch_wall_time,ms,0.180869,parallel_for,runtimes=2;items_per_runtime=32,thread_pool,not_applicable,Adaptive,2,1,2,2,2,2,2,0,not_nested,0,wait,granted,1.242,not_requested,1,10831286851329034220,0.180869,27,single,2,25174054,2,2,0,0
2,1.8.0,GCC,14.2.0,Release,Linux,effective_cpu_capacity=4,4,1,linux_sched_affinity+cgroup_cpu_quota,2,2,governed_vs_ungoverned,budget_2,throughput,operations_per_second,11057.726863088754,parallel_for,runtimes=2;items_per_runtime=32,thread_pool,not_applicable,Adaptive,2,1,2,2,2,2,2,0,not_nested,0,wait,granted,1.242,not_requested,1,10831286851329034220,0.180869,27,single,2,25174054,2,2,0,0
2,1.8.0,GCC,14.2.0,Release,Linux,effective_cpu_capacity=4,4,1,linux_sched_affinity+cgroup_cpu_quota,2,2,governed_vs_ungoverned,budget_2,peak_participation,threads,2,parallel_for,runtimes=2;items_per_runtime=32,thread_pool,not_applicable,Adaptive,2,1,2,2,2,2,2,0,not_nested,0,wait,granted,1.242,not_requested,1,10831286851329034220,0.180869,27,single,2,25174054,2,2,0,0
2,1.8.0,GCC,14.2.0,Release,Linux,effective_cpu_capacity=4,4,1,linux_sched_affinity+cgroup_cpu_quota,2,2,runtime_latency,budget_2_runtime_0,completion_latency,ms,0.061141000000000001,parallel_for,runtimes=2;items_per_runtime=32,thread_pool,not_applicable,Adaptive,2,1,2,2,2,2,2,0,not_nested,0,wait,granted,1.242,not_requested,1,10831286851329034220,0.061141000000000001,27,single,2,25174054,1,2,0,0
2,1.8.0,GCC,14.2.0,Release,Linux,effective_cpu_capacity=4,4,1,linux_sched_affinity+cgroup_cpu_quota,2,2,runtime_latency,budget_2_runtime_1,completion_latency,ms,0.098966999999999999,parallel_for,runtimes=2;items_per_runtime=32,thread_pool,not_applicable,Adaptive,2,1,2,2,2,2,1,0,not_nested,0,wait,granted,54.612000000000002,not_requested,1,10831286851329034220,0.098966999999999999,27,single,2,25174054,1,2,0,0
2,1.8.0,GCC,14.2.0,Release,Linux,effective_cpu_capacity=4,4,1,linux_sched_affinity+cgroup_cpu_quota,4,4,governed_vs_ungoverned,budget_4,batch_wall_time,ms,0.25775399999999998,parallel_for,runtimes=2;items_per_runtime=64,thread_pool,not_applicable,Adaptive,4,1,4,4,4,4,1,0,not_nested,0,wait,granted,1.1910000000000001,not_requested,1,7589314552514409162,0.25775399999999998,27,single,2,25174054,2,2,0,0
2,1.8.0,GCC,14.2.0,Release,Linux,effective_cpu_capacity=4,4,1,linux_sched_affinity+cgroup_cpu_quota,4,4,governed_vs_ungoverned,budget_4,throughput,operations_per_second,7759.3364215492302,parallel_for,runtimes=2;items_per_runtime=64,thread_pool,not_applicable,Adaptive,4,1,4,4,4,4,1,0,not_nested,0,wait,granted,1.1910000000000001,not_requested,1,7589314552514409162,0.25775399999999998,27,single,2,25174054,2,2,0,0
2,1.8.0,GCC,14.2.0,Release,Linux,effective_cpu_capacity=4,4,1,linux_sched_affinity+cgroup_cpu_quota,4,4,governed_vs_ungoverned,budget_4,peak_participation,threads,2,parallel_for,runtimes=2;items_per_runtime=64,thread_pool,not_applicable,Adaptive,4,1,4,4,4,4,1,0,not_nested,0,wait,granted,1.1910000000000001,not_requested,1,7589314552514409162,0.25775399999999998,27,single,2,25174054,2,2,0,0
2,1.8.0,GCC,14.2.0,Release,Linux,effective_cpu_capacity=4,4,1,linux_sched_affinity+cgroup_cpu_quota,4,4,runtime_latency,budget_4_runtime_0,completion_latency,ms,0.097295000000000006,parallel_for,runtimes=2;items_per_runtime=64,thread_pool,not_applicable,Adaptive,4,1,4,4,4,4,1,0,not_nested,0,wait,granted,1.1910000000000001,not_requested,1,7589314552514409162,0.097295000000000006,27,single,2,25174054,1,2,0,0
2,1.8.0,GCC,14.2.0,Release,Linux,effective_cpu_capacity=4,4,1,linux_sched_affinity+cgroup_cpu_quota,4,4,runtime_latency,budget_4_runtime_1,completion_latency,ms,0.16336400000000001,parallel_for,runtimes=2;items_per_runtime=64,thread_pool,not_applicable,Adaptive,4,1,4,4,4,4,2,0,not_nested,0,wait,granted,90.224000000000004,not_requested,1,7589314552514409162,0.16336400000000001,27,single,2,25174054,1,2,0,0
2,1.8.0,GCC,14.2.0,Release,Linux,effective_cpu_capacity=4,4,1,linux_sched_affinity+cgroup_cpu_quota,4,1,governor_overhead,uncontended_exact_acquire_release,latency,us_per_acquire_release,0.14680799999999999,parallel_for,,,not_applicable,Adaptive,1,1,1,1,1,1,1,0,not_nested,1,fail_immediately,granted,0.080000000000000002,not_requested,1,,0.00014680799999999998,28,single,2,25174054,1000,1,0,0
2,1.8.0,GCC,14.2.0,Release,Linux,effective_cpu_capacity=4,4,1,linux_sched_affinity+cgroup_cpu_quota,4,1,governor_overhead,inherited_nested_lease,latency,us_per_acquire_release,0.017004999999999999,parallel_for,,,not_applicable,Adaptive,1,1,1,1,1,1,1,1,reuse_parent,1,fail_immediately,granted,0.080000000000000002,not_requested,1,,0.00014680799999999998,28,single,2,25174054,1000,1,0,0
2,1.8.0,GCC,14.2.0,Release,Linux,effective_cpu_capacity=4,4,1,linux_sched_affinity+cgroup_cpu_quota,4,4,governor_overhead,flexible_partial_grant,latency,us_per_acquire_release,0.42099999999999999,parallel_for,,,not_applicable,Adaptive,4,1,4,4,1,1,1,0,not_nested,0,fail_immediately,granted,0.17000000000000001,not_requested,1,,0.00014680799999999998,28,single,2,25174054,1,1,0,0
2,1.8.0,GCC,14.2.0,Release,Linux,effective_cpu_capacity=4,4,1,linux_sched_affinity+cgroup_cpu_quota,4,4,governor_overhead,immediate_failure,latency,us_per_acquire_release,0.48099999999999998,parallel_for,,,not_applicable,Adaptive,4,4,4,4,0,0,0,0,not_nested,1,fail_immediately,would_block,0,not_requested,1,,0.00014680799999999998,28,single,2,25174054,1,1,0,0
2,1.8.0,GCC,14.2.0,Release,Linux,effective_cpu_capacity=4,4,1,linux_sched_affinity+cgroup_cpu_quota,4,4,governor_overhead,direct_cancellation_notification,latency,us,16.484000000000002,parallel_for,,,not_applicable,Adaptive,4,4,4,4,0,0,0,0,not_nested,1,wait,cancelled,4.226,requested,1,,0.016484000000000002,28,single,2,25174054,1,0,0,0
2,1.8.0,GCC,14.2.0,Release,Linux,effective_cpu_capacity=4,4,1,linux_sched_affinity+cgroup_cpu_quota,4,4,admission_fairness,large_exact_request,completion_rank,rank,5,parallel_for,one_large_exact_plus_eight_small_exact,,not_applicable,Adaptive,4,4,4,4,4,4,4,0,not_nested,1,wait,granted,330.71199999999999,not_requested,1,,0,28,single,2,25174054,1,0,4,330.71199999999999
2,1.8.0,GCC,14.2.0,Release,Linux,effective_cpu_capacity=4,4,1,linux_sched_affinity+cgroup_cpu_quota,4,4,admission_fairness,small_request_0,completion_rank,rank,1,parallel_for,one_large_exact_plus_eight_small_exact,,not_applicable,Adaptive,1,1,1,1,1,1,1,0,not_nested,1,wait,granted,14.010999999999999,not_requested,1,,0,28,single,2,25174054,1,0,4,14.010999999999999
2,1.8.0,GCC,14.2.0,Release,Linux,effective_cpu_capacity=4,4,1,linux_sched_affinity+cgroup_cpu_quota,4,4,admission_fairness,small_request_1,completion_rank,rank,3,parallel_for,one_large_exact_plus_eight_small_exact,,not_applicable,Adaptive,1,1,1,1,1,1,1,0,not_nested,1,wait,granted,9.234,not_requested,1,,0,28,single,2,25174054,1,0,4,9.234
2,1.8.0,GCC,14.2.0,Release,Linux,effective_cpu_capacity=4,4,1,linux_sched_affinity+cgroup_cpu_quota,4,4,admission_fairness,small_request_2,completion_rank,rank,2,parallel_for,one_large_exact_plus_eight_small_exact,,not_applicable,Adaptive,1,1,1,1,1,1,1,0,not_nested,1,wait,granted,1.101,not_requested,1,,0,28,single,2,25174054,1,0,4,1.101
2,1.8.0,GCC,14.2.0,Release,Linux,effective_cpu_capacity=4,4,1,linux_sched_affinity+cgroup_cpu_quota,4,4,admission_fairness,small_request_3,completion_rank,rank,4,parallel_for,one_large_exact_plus_eight_small_exact,,not_applicable,Adaptive,1,1,1,1,1,1,1,0,not_nested,1,wait,granted,10.154999999999999,not_requested,1,,0,28,single,2,25174054,1,0,4,10.154999999999999
2,1.8.0,GCC,14.2.0,Release,Linux,effective_cpu_capacity=4,4,1,linux_sched_affinity+cgroup_cpu_quota,4,4,admission_fairness,small_request_4,completion_rank,rank,8,parallel_for,one_large_exact_plus_eight_small_exact,,not_applicable,Adaptive,1,1,1,1,1,1,1,0,not_nested,1,wait,granted,1289.4290000000001,not_requested,1,,0,28,single,2,25174054,1,0,4,1289.4290000000001
2,1.8.0,GCC,14.2.0,Release,Linux,effective_cpu_capacity=4,4,1,linux_sched_affinity+cgroup_cpu_quota,4,4,admission_fairness,small_request_5,completion_rank,rank,6,parallel_for,one_large_exact_plus_eight_small_exact,,not_applicable,Adaptive,1,1,1,1,1,1,1,0,not_nested,1,wait,granted,1259.134,not_requested,1,,0,28,single,2,25174054,1,0,4,1259.134
2,1.8.0,GCC,14.2.0,Release,Linux,effective_cpu_capacity=4,4,1,linux_sched_affinity+cgroup_cpu_quota,4,4,admission_fairness,small_request_6,completion_rank,rank,9,parallel_for,one_large_exact_plus_eight_small_exact,,not_applicable,Adaptive,1,1,1,1,1,1,1,0,not_nested,1,wait,granted,1260.6369999999999,not_requested,1,,0,28,single,2,25174054,1,0,4,1260.6369999999999
2,1.8.0,GCC,14.2.0,Release,Linux,effective_cpu_capacity=4,4,1,linux_sched_affinity+cgroup_cpu_quota,4,4,admission_fairness,small_request_7,completion_rank,rank,7,parallel_for,one_large_exact_plus_eight_small_exact,,not_applicable,Adaptive,1,1,1,1,1,1,1,0,not_nested,1,wait,granted,1215.4590000000001,not_requested,1,,0,28,single,2,25174054,1,0,4,1215.4590000000001
2,1.8.0,GCC,14.2.0,Release,Linux,effective_cpu_capacity=4,4,1,linux_sched_affinity+cgroup_cpu_quota,4,4,adaptive_partial_grant,available_one_of_preferred_budget,granted_workers,threads,1,parallel_for,,thread_pool,not_applicable,Adaptive,4,1,4,4,1,1,1,0,not_nested,0,wait,granted,0.41099999999999998,not_requested,1,,0.37605,28,single,2,25174054,1,1,0,0
2,1.8.0,GCC,14.2.0,Release,Linux,effective_cpu_capacity=4,4,1,linux_sched_affinity+cgroup_cpu_quota,4,4,nested_execution,depth_1,peak_participation,threads,1,parallel_for,depth=1;leaves=2,thread_pool,not_applicable,Adaptive,2,1,2,4,2,2,1,0,not_nested,0,wait,granted,0.59099999999999997,not_requested,1,,0.1278,28,single,2,25174054,1,1,0,0
2,1.8.0,GCC,14.2.0,Release,Linux,effective_cpu_capacity=4,4,1,linux_sched_affinity+cgroup_cpu_quota,4,4,nested_execution,depth_2,peak_participation,threads,1,parallel_for,depth=2;leaves=4,thread_pool,not_applicable,Adaptive,2,1,2,4,2,2,1,0,not_nested,0,wait,granted,0.69099999999999995,not_requested,1,,0.15906699999999999,28,single,2,25174054,1,1,0,0
2,1.8.0,GCC,14.2.0,Release,Linux,effective_cpu_capacity=4,4,1,linux_sched_affinity+cgroup_cpu_quota,4,4,nested_execution,depth_3,peak_participation,threads,1,parallel_for,depth=3;leaves=8,thread_pool,not_applicable,Adaptive,2,1,2,4,2,2,1,0,not_nested,0,wait,granted,0.501,not_requested,1,,0.054361,28,single,2,25174054,1,1,0,0
2,1.8.0,GCC,14.2.0,Release,Linux,effective_cpu_capacity=4,4,1,linux_sched_affinity+cgroup_cpu_quota,4,4,nested_execution,depth_4,peak_participation,threads,2,parallel_for,depth=4;leaves=16,thread_pool,not_applicable,Adaptive,2,1,2,4,2,2,2,0,not_nested,0,wait,granted,0.48099999999999998,not_requested,1,,0.104826,28,single,2,25174054,1,2,0,0
2,1.8.0,GCC,14.2.0,Release,Linux,effective_cpu_capacity=4,4,1,linux_sched_affinity+cgroup_cpu_quota,1,1,scheduler_comparison,sequential,duration,ms,0.41543799999999997,parallel_for,,sequential,not_applicable,Adaptive,1,1,1,1,1,1,1,0,not_nested,0,wait,granted,0.79100000000000004,not_requested,1,5314921549994187984,0.41543799999999997,28,single,2,25174054,1,1,0,0
2,1.8.0,GCC,14.2.0,Release,Linux,effective_cpu_capacity=4,4,1,linux_sched_affinity+cgroup_cpu_quota,4,4,scheduler_comparison,thread_pool,duration,ms,0.44969999999999999,parallel_for,,thread_pool,not_applicable,Adaptive,4,1,4,4,4,4,1,0,not_nested,0,wait,granted,0.23999999999999999,not_requested,1,5314921549994187984,0.44969999999999999,28,single,2,25174054,1,1,0,0
2,1.8.0,GCC,14.2.0,Release,Linux,effective_cpu_capacity=4,4,1,linux_sched_affinity+cgroup_cpu_quota,4,4,scheduler_comparison,static_thread,duration,ms,0.25710300000000003,parallel_for,,static_thread,not_applicable,Adaptive,4,1,4,4,4,4,4,0,not_nested,0,wait,granted,0.311,not_requested,1,5314921549994187984,0.25710300000000003,28,single,2,25174054,1,4,0,0
2,1.8.0,GCC,14.2.0,Release,Linux,effective_cpu_capacity=4,4,1,linux_sched_affinity+cgroup_cpu_quota,4,4,deterministic_exact_grant,success,accepted,boolean,1,parallel_for,,thread_pool,not_applicable,Deterministic,4,4,4,4,4,4,1,0,not_nested,1,fail_immediately,granted,0.63100000000000001,not_requested,1,,0,28,single,2,25174054,1,0,0,0
2,1.8.0,GCC,14.2.0,Release,Linux,effective_cpu_capacity=4,4,1,linux_sched_affinity+cgroup_cpu_quota,4,4,deterministic_exact_grant,insufficient_budget_failure,accepted,boolean,1,parallel_for,,,not_applicable,Deterministic,4,4,4,4,0,0,0,0,not_nested,1,fail_immediately,would_block,0,not_requested,1,,0,28,single,2,25174054,1,0,0,0
2,1.8.0,GCC,14.2.0,Release,Linux,effective_cpu_capacity=4,4,1,linux_sched_affinity+cgroup_cpu_quota,4,4,governed_vs_ungoverned,governed,batch_wall_time,ms,2.8415689999999998,parallel_for,runtimes=2;items_per_runtime=128,thread_pool,not_applicable,Adaptive,4,1,4,4,4,4,2,0,not_nested,0,wait,granted,1.633,not_requested,1,14754973877547064749,2.8415689999999998,28,governed_then_ungoverned,2,25174054,2,4,0,0
2,1.8.0,GCC,14.2.0,Release,Linux,effective_cpu_capacity=4,4,1,linux_sched_affinity+cgroup_cpu_quota,4,4,governed_vs_ungoverned,governed,throughput,operations_per_second,703.8365072254096,parallel_for,runtimes=2;items_per_runtime=128,thread_pool,not_applicable,Adaptive,4,1,4,4,4,4,2,0,not_nested,0,wait,granted,1.633,not_requested,1,14754973877547064749,2.8415689999999998,28,governed_then_ungoverned,2,25174054,2,4,0,0
2,1.8.0,GCC,14.2.0,Release,Linux,effective_cpu_capacity=4,4,1,linux_sched_affinity+cgroup_cpu_quota,4,4,governed_vs_ungoverned,governed,peak_participation,threads,4,parallel_for,runtimes=2;items_per_runtime=128,thread_pool,not_applicable,Adaptive,4,1,4,4,4,4,2,0,not_nested,0,wait,granted,1.633,not_requested,1,14754973877547064749,2.8415689999999998,28,governed_then_ungoverned,2,25174054,2,4,0,0
2,1.8.0,GCC,14.2.0,Release,Linux,effective_cpu_capacity=4,4,1,linux_sched_affinity+cgroup_cpu_quota,4,4,runtime_latency,governed_runtime_0,completion_latency,ms,1.5766469999999999,parallel_for,runtimes=2;items_per_runtime=128,thread_pool,not_applicable,Adaptive,4,1,4,4,4,4,2,0,not_nested,0,wait,granted,1.633,not_requested,1,14754973877547064749,1.5766469999999999,28,governed_then_ungoverned,2,25174054,1,4,0,0
2,1.8.0,GCC,14.2.0,Release,Linux,effective_cpu_capacity=4,4,1,linux_sched_affinity+cgroup_cpu_quota,4,4,runtime_latency,governed_runtime_1,completion_latency,ms,2.7454909999999999,parallel_for,runtimes=2;items_per_runtime=128,thread_pool,not_applicable,Adaptive,4,1,4,4,4,4,4,0,not_nested,0,wait,granted,1575.5999999999999,not_requested,1,14754973877547064749,2.7454909999999999,28,governed_then_ungoverned,2,25174054,1,4,0,0
2,1.8.0,GCC,14.2.0,Release,Linux,effective_cpu_capacity=4,4,1,linux_sched_affinity+cgroup_cpu_quota,4,4,governed_vs_ungoverned,ungoverned,batch_wall_time,ms,1.8133589999999999,parallel_for,runtimes=2;items_per_runtime=128,thread_pool,not_applicable,Adaptive,4,1,4,4,4,4,3,0,not_nested,0,wait,granted,1.1519999999999999,not_requested,1,14754973877547064749,1.8133589999999999,28,governed_then_ungoverned,2,25174054,2,5,0,0
2,1.8.0,GCC,14.2.0,Release,Linux,effective_cpu_capacity=4,4,1,linux_sched_affinity+cgroup_cpu_quota,4,4,governed_vs_ungoverned,ungoverned,throughput,operations_per_second,1102.9255652079926,parallel_for,runtimes=2;items_per_runtime=128,thread_pool,not_applicable,Adaptive,4,1,4,4,4,4,3,0,not_nested,0,wait,granted,1.1519999999999999,not_requested,1,14754973877547064749,1.8133589999999999,28,governed_then_ungoverned,2,25174054,2,5,0,0
2,1.8.0,GCC,14.2.0,Release,Linux,effective_cpu_capacity=4,4,1,linux_sched_affinity+cgroup_cpu_quota,4,4,governed_vs_ungoverned,ungoverned,peak_participation,threads,5,parallel_for,runtimes=2;items_per_runtime=128,thread_pool,not_applicable,Adaptive,4,1,4,4,4,4,3,0,not_nested,0,wait,granted,1.1519999999999999,not_requested,1,14754973877547064749,1.8133589999999999,28,governed_then_ungoverned,2,25174054,2,5,0,0
2,1.8.0,GCC,14.2.0,Release,Linux,effective_cpu_capacity=4,4,1,linux_sched_affinity+cgroup_cpu_quota,4,4,runtime_latency,ungoverned_runtime_0,completion_latency,ms,1.7140759999999999,parallel_for,runtimes=2;items_per_runtime=128,thread_pool,not_applicable,Adaptive,4,1,4,4,4,4,3,0,not_nested,0,wait,granted,1.1519999999999999,not_requested,1,14754973877547064749,1.7140759999999999,28,governed_then_ungoverned,2,25174054,1,5,0,0
2,1.8.0,GCC,14.2.0,Release,Linux,effective_cpu_capacity=4,4,1,linux_sched_affinity+cgroup_cpu_quota,4,4,runtime_latency,ungoverned_runtime_1,completion_latency,ms,1.7530889999999999,parallel_for,runtimes=2;items_per_runtime=128,thread_pool,not_applicable,Adaptive,4,1,4,4,4,4,2,0,not_nested,0,wait,granted,0.79100000000000004,not_requested,1,14754973877547064749,1.7530889999999999,28,governed_then_ungoverned,2,25174054,1,5,0,0
2,1.8.0,GCC,14.2.0,Release,Linux,effective_cpu_capacity=4,4,1,linux_sched_affinity+cgroup_cpu_quota,4,4,governed_vs_ungoverned,governed_2_runtimes,batch_wall_time,ms,0.244114,parallel_for,runtimes=2;items_per_runtime=32,thread_pool,not_applicable,Adaptive,4,1,4,4,4,4,2,0,not_nested,0,wait,granted,1.623,not_requested,1,10831286851329034220,0.244114,28,single,2,25174054,2,2,0,0
2,1.8.0,GCC,14.2.0,Release,Linux,effective_cpu_capacity=4,4,1,linux_sched_affinity+cgroup_cpu_quota,4,4,governed_vs_ungoverned,governed_2_runtimes,throughput,operations_per_second,8192.8934841918126,parallel_for,runtimes=2;items_per_runtime=32,thread_pool,not_applicable,Adaptive,4,1,4,4,4,4,2,0,not_nested,0,wait,granted,1.623,not_requested,1,10831286851329034220,0.244114,28,single,2,25174054,2,2,0,0
2,1.8.0,GCC,14.2.0,Release,Linux,effective_cpu_capacity=4,4,1,linux_sched_affinity+cgroup_cpu_quota,4,4,governed_vs_ungoverned,governed_2_runtimes,peak_participation,threads,2,parallel_for,runtimes=2;items_per_runtime=32,thread_pool,not_applicable,Adaptive,4,1,4,4,4,4,2,0,not_nested,0,wait,granted,1.623,not_requested,1,10831286851329034220,0.244114,28,single,2,25174054,2,2,0,0
2,1.8.0,GCC,14.2.0,Release,Linux,effective_cpu_capacity=4,4,1,linux_sched_affinity+cgroup_cpu_quota,4,4,runtime_latency,governed_2_runtimes_runtime_0,completion_latency,ms,0.12506600000000001,parallel_for,runtimes=2;items_per_runtime=32,thread_pool,not_applicable,Adaptive,4,1,4,4,4,4,2,0,not_nested,0,wait,granted,1.623,not_requested,1,10831286851329034220,0.12506600000000001,28,single,2,25174054,1,2,0,0
2,1.8.0,GCC,14.2.0,Release,Linux,effective_cpu_capacity=4,4,1,linux_sched_affinity+cgroup_cpu_quota,4,4,runtime_latency,governed_2_runtimes_runtime_1,completion_latency,ms,0.18324299999999999,parallel_for,runtimes=2;items_per_runtime=32,thread_pool,not_applicable,Adaptive,4,1,4,4,4,4,2,0,not_nested,0,wait,granted,126.589,not_requested,1,10831286851329034220,0.18324299999999999,28,single,2,25174054,1,2,0,0
2,1.8.0,GCC,14.2.0,Release,Linux,effective_cpu_capacity=4,4,1,linux_sched_affinity+cgroup_cpu_quota,4,4,governed_vs_ungoverned,governed_4_runtimes,batch_wall_time,ms,0.38566400000000001,parallel_for,runtimes=4;items_per_runtime=32,thread_pool,not_applicable,Adaptive,4,1,4,4,4,4,3,0,not_nested,0,wait,granted,80.329999999999998,not_requested,1,7589314552514409162,0.38566400000000001,28,single,2,25174054,4,3,0,0
2,1.8.0,GCC,14.2.0,Release,Linux,effective_cpu_capacity=4,4,1,linux_sched_affinity+cgroup_cpu_quota,4,4,governed_vs_ungoverned,governed_4_runtimes,throughput,operations_per_second,10371.722535678724,parallel_for,runtimes=4;items_per_runtime=32,thread_pool,not_applicable,Adaptive,4,1,4,4,4,4,3,0,not_nested,0,wait,granted,80.329999999999998,not_requested,1,7589314552514409162,0.38566400000000001,28,single,2,25174054,4,3,0,0
2,1.8.0,GCC,14.2.0,Release,Linux,effective_cpu_capacity=4,4,1,linux_sched_affinity+cgroup_cpu_quota,4,4,governed_vs_ungoverned,governed_4_runtimes,peak_participation,threads,3,parallel_for,runtimes=4;items_per_runtime=32,thread_pool,not_applicable,Adaptive,4,1,4,4,4,4,3,0,not_nested,0,wait,granted,80.329999999999998,not_requested,1,7589314552514409162,0.38566400000000001,28,single,2,25174054,4,3,0,0
2,1.8.0,GCC,14.2.0,Release,Linux,effective_cpu_capacity=4,4,1,linux_sched_affinity+cgroup_cpu_quota,4,4,runtime_latency,governed_4_runtimes_runtime_0,completion_latency,ms,0.16830100000000001,parallel_for,runtimes=4;items_per_runtime=32,thread_pool,not_applicable,Adaptive,4,1,4,4,4,4,3,0,not_nested,0,wait,granted,80.329999999999998,not_requested,1,7589314552514409162,0.16830100000000001,28,single,2,25174054,1,3,0,0
2,1.8.0,GCC,14.2.0,Release,Linux,effective_cpu_capacity=4,4,1,linux_sched_affinity+cgroup_cpu_quota,4,4,runtime_latency,governed_4_runtimes_runtime_1,completion_latency,ms,0.078456999999999999,parallel_for,runtimes=4;items_per_runtime=32,thread_pool,not_applicable,Adaptive,4,1,4,4,4,4,3,0,not_nested,0,wait,granted,1.052,not_requested,1,7589314552514409162,0.078456999999999999,28,single,2,25174054,1,3,0,0
2,1.8.0,GCC,14.2.0,Release,Linux,effective_cpu_capacity=4,4,1,linux_sched_affinity+cgroup_cpu_quota,4,4,runtime_latency,governed_4_runtimes_runtime_2,completion_latency,ms,0.23380799999999999,parallel_for,runtimes=4;items_per_runtime=32,thread_pool,not_applicable,Adaptive,4,1,4,4,4,4,1,0,not_nested,0,wait,granted,166.428,not_requested,1,7589314552514409162,0.23380799999999999,28,single,2,25174054,1,3,0,0
2,1.8.0,GCC,14.2.0,Release,Linux,effective_cpu_capacity=4,4,1,linux_sched_affinity+cgroup_cpu_quota,4,4,runtime_latency,governed_4_runtimes_runtime_3,completion_latency,ms,0.28456399999999998,parallel_for,runtimes=4;items_per_runtime=32,thread_pool,not_applicable,Adaptive,4,1,4,4,4,4,4,0,not_nested,0,wait,granted,228.791,not_requested,1,7589314552514409162,0.28456399999999998,28,single,2,25174054,1,3,0,0
2,1.8.0,GCC,14.2.0,Release,Linux,effective_cpu_capacity=4,4,1,linux_sched_affinity+cgroup_cpu_quota,4,4,governed_vs_ungoverned,governed_8_runtimes,batch_wall_time,ms,0.84456799999999999,parallel_for,runtimes=8;items_per_runtime=32,thread_pool,not_applicable,Adaptive,4,1,4,4,4,4,3,0,not_nested,0,wait,granted,469.02800000000002,not_requested,1,3424649268515386025,0.84456799999999999,28,single,2,25174054,8,3,0,0
2,1.8.0,GCC,14.2.0,Release,Linux,effective_cpu_capacity=4,4,1,linux_sched_affinity+cgroup_cpu_quota,4,4,governed_vs_ungoverned,governed_8_runtimes,throughput,operations_per_second,9472.2982637277291,parallel_for,runtimes=8;items_per_runtime=32,thread_pool,not_applicable,Adaptive,4,1,4,4,4,4,3,0,not_nested,0,wait,granted,469.02800000000002,not_requested,1,3424649268515386025,0.84456799999999999,28,single,2,25174054,8,3,0,0
2,1.8.0,GCC,14.2.0,Release,Linux,effective_cpu_capacity=4,4,1,linux_sched_affinity+cgroup_cpu_quota,4,4,governed_vs_ungoverned,governed_8_runtimes,peak_participation,threads,3,parallel_for,runtimes=8;items_per_runtime=32,thread_pool,not_applicable,Adaptive,4,1,4,4,4,4,3,0,not_nested,0,wait,granted,469.02800000000002,not_requested,1,3424649268515386025,0.84456799999999999,28,single,2,25174054,8,3,0,0
2,1.8.0,GCC,14.2.0,Release,Linux,effective_cpu_capacity=4,4,1,linux_sched_affinity+cgroup_cpu_quota,4,4,runtime_latency,governed_8_runtimes_runtime_0,completion_latency,ms,0.51624899999999996,parallel_for,runtimes=8;items_per_runtime=32,thread_pool,not_applicable,Adaptive,4,1,4,4,4,4,3,0,not_nested,0,wait,granted,469.02800000000002,not_requested,1,3424649268515386025,0.51624899999999996,28,single,2,25174054,1,3,0,0
2,1.8.0,GCC,14.2.0,Release,Linux,effective_cpu_capacity=4,4,1,linux_sched_affinity+cgroup_cpu_quota,4,4,runtime_latency,governed_8_runtimes_runtime_1,completion_latency,ms,0.080268999999999993,parallel_for,runtimes=8;items_per_runtime=32,thread_pool,not_applicable,Adaptive,4,1,4,4,4,4,2,0,not_nested,0,wait,granted,0.80100000000000005,not_requested,1,3424649268515386025,0.080268999999999993,28,single,2,25174054,1,3,0,0
2,1.8.0,GCC,14.2.0,Release,Linux,effective_cpu_capacity=4,4,1,linux_sched_affinity+cgroup_cpu_quota,4,4,runtime_latency,governed_8_runtimes_runtime_2,completion_latency,ms,0.16528599999999999,parallel_for,runtimes=8;items_per_runtime=32,thread_pool,not_applicable,Adaptive,4,1,4,4,4,4,1,0,not_nested,0,wait,granted,77.656000000000006,not_requested,1,3424649268515386025,0.16528599999999999,28,single,2,25174054,1,3,0,0
2,1.8.0,GCC,14.2.0,Release,Linux,effective_cpu_capacity=4,4,1,linux_sched_affinity+cgroup_cpu_quota,4,4,runtime_latency,governed_8_runtimes_runtime_3,completion_latency,ms,0.65373300000000001,parallel_for,runtimes=8;items_per_runtime=32,thread_pool,not_applicable,Adaptive,4,1,4,4,4,4,3,0,not_nested,0,wait,granted,611.54999999999995,not_requested,1,3424649268515386025,0.65373300000000001,28,single,2,25174054,1,3,0,0
2,1.8.0,GCC,14.2.0,Release,Linux,effective_cpu_capacity=4,4,1,linux_sched_affinity+cgroup_cpu_quota,4,4,runtime_latency,governed_8_runtimes_runtime_4,completion_latency,ms,0.466474,parallel_for,runtimes=8;items_per_runtime=32,thread_pool,not_applicable,Adaptive,4,1,4,4,4,4,2,0,not_nested,0,wait,granted,394.28699999999998,not_requested,1,3424649268515386025,0.466474,28,single,2,25174054,1,3,0,0
2,1.8.0,GCC,14.2.0,Release,Linux,effective_cpu_capacity=4,4,1,linux_sched_affinity+cgroup_cpu_quota,4,4,runtime_latency,governed_8_runtimes_runtime_5,completion_latency,ms,0.56728500000000004,parallel_for,runtimes=8;items_per_runtime=32,thread_pool,not_applicable,Adaptive,4,1,4,4,4,4,2,0,not_nested,0,wait,granted,508.15600000000001,not_requested,1,3424649268515386025,0.56728500000000004,28,single,2,25174054,1,3,0,0
2,1.8.0,GCC,14.2.0,Release,Linux,effective_cpu_capacity=4,4,1,linux_sched_affinity+cgroup_cpu_quota,4,4,runtime_latency,governed_8_runtimes_runtime_6,completion_latency,ms,0.38920900000000003,parallel_for,runtimes=8;items_per_runtime=32,thread_pool,not_applicable,Adaptive,4,1,4,4,4,4,3,0,not_nested,0,wait,granted,283.33100000000002,not_requested,1,3424649268515386025,0.38920900000000003,28,single,2,25174054,1,3,0,0
2,1.8.0,GCC,14.2.0,Release,Linux,effective_cpu_capacity=4,4,1,linux_sched_affinity+cgroup_cpu_quota,4,4,runtime_latency,governed_8_runtimes_runtime_7,completion_latency,ms,0.28892000000000001,parallel_for,runtimes=8;items_per_runtime=32,thread_pool,not_applicable,Adaptive,4,1,4,4,4,4,3,0,not_nested,0,wait,granted,162.15100000000001,not_requested,1,3424649268515386025,0.28892000000000001,28,single,2,25174054,1,3,0,0
2,1.8.0,GCC,14.2.0,Release,Linux,effective_cpu_capacity=4,4,1,linux_sched_affinity+cgroup_cpu_quota,1,1,governed_vs_ungoverned,budget_1,batch_wall_time,ms,0.173649,parallel_for,runtimes=2;items_per_runtime=32,thread_pool,not_applicable,Adaptive,1,1,1,1,1,1,1,0,not_nested,0,wait,granted,0.98099999999999998,not_requested,1,10831286851329034220,0.173649,28,single,2,25174054,2,1,0,0
2,1.8.0,GCC,14.2.0,Release,Linux,effective_cpu_capacity=4,4,1,linux_sched_affinity+cgroup_cpu_quota,1,1,governed_vs_ungoverned,budget_1,throughput,operations_per_second,11517.486423762877,parallel_for,runtimes=2;items_per_runtime=32,thread_pool,not_applicable,Adaptive,1,1,1,1,1,1,1,0,not_nested,0,wait,granted,0.98099999999999998,not_requested,1,10831286851329034220,0.173649,28,single,2,25174054,2,1,0,0
2,1.8.0,GCC,14.2.0,Release,Linux,effective_cpu_capacity=4,4,1,linux_sched_affinity+cgroup_cpu_quota,1,1,governed_vs_ungoverned,budget_1,peak_participation,threads,1,parallel_for,runtimes=2;items_per_runtime=32,thread_pool,not_applicable,Adaptive,1,1,1,1,1,1,1,0,not_nested,0,wait,granted,0.98099999999999998,not_requested,1,10831286851329034220,0.173649,28,single,2,25174054,2,1,0,0
2,1.8.0,GCC,14.2.0,Release,Linux,effective_cpu_capacity=4,4,1,linux_sched_affinity+cgroup_cpu_quota,1,1,runtime_latency,budget_1_runtime_0,completion_latency,ms,0.047530999999999997,parallel_for,runtimes=2;items_per_runtime=32,thread_pool,not_applicable,Adaptive,1,1,1,1,1,1,1,0,not_nested,0,wait,granted,0.98099999999999998,not_requested,1,10831286851329034220,0.047530999999999997,28,single,2,25174054,1,1,0,0
2,1.8.0,GCC,14.2.0,Release,Linux,effective_cpu_capacity=4,4,1,linux_sched_affinity+cgroup_cpu_quota,1,1,runtime_latency,budget_1_runtime_1,completion_latency,ms,0.10219200000000001,parallel_for,runtimes=2;items_per_runtime=32,thread_pool,not_applicable,Adaptive,1,1,1,1,1,1,1,0,not_nested,0,wait,granted,40.640999999999998,not_requested,1,10831286851329034220,0.10219200000000001,28,single,2,25174054,1,1,0,0
2,1.8.0,GCC,14.2.0,Release,Linux,effective_cpu_capacity=4,4,1,linux_sched_affinity+cgroup_cpu_quota,2,2,governed_vs_ungoverned,budget_2,batch_wall_time,ms,0.16848099999999999,parallel_for,runtimes=2;items_per_runtime=32,thread_pool,not_applicable,Adaptive,2,1,2,2,2,2,2,0,not_nested,0,wait,granted,0.85099999999999998,not_requested,1,10831286851329034220,0.16848099999999999,28,single,2,25174054,2,2,0,0
2,1.8.0,GCC,14.2.0,Release,Linux,effective_cpu_capacity=4,4,1,linux_sched_affinity+cgroup_cpu_quota,2,2,governed_vs_ungoverned,budget_2,throughput,operations_per_second,11870.774746113804,parallel_for,runtimes=2;items_per_runtime=32,thread_pool,not_applicable,Adaptive,2,1,2,2,2,2,2,0,not_nested,0,wait,granted,0.85099999999999998,not_requested,1,10831286851329034220,0.16848099999999999,28,single,2,25174054,2,2,0,0
2,1.8.0,GCC,14.2.0,Release,Linux,effective_cpu_capacity=4,4,1,linux_sched_affinity+cgroup_cpu_quota,2,2,governed_vs_ungoverned,budget_2,peak_participation,threads,2,parallel_for,runtimes=2;items_per_runtime=32,thread_pool,not_applicable,Adaptive,2,1,2,2,2,2,2,0,not_nested,0,wait,granted,0.85099999999999998,not_requested,1,10831286851329034220,0.16848099999999999,28,single,2,25174054,2,2,0,0
2,1.8.0,GCC,14.2.0,Release,Linux,effective_cpu_capacity=4,4,1,linux_sched_affinity+cgroup_cpu_quota,2,2,runtime_latency,budget_2_runtime_0,completion_latency,ms,0.063615000000000005,parallel_for,runtimes=2;items_per_runtime=32,thread_pool,not_applicable,Adaptive,2,1,2,2,2,2,2,0,not_nested,0,wait,granted,0.85099999999999998,not_requested,1,10831286851329034220,0.063615000000000005,28,single,2,25174054,1,2,0,0
2,1.8.0,GCC,14.2.0,Release,Linux,effective_cpu_capacity=4,4,1,linux_sched_affinity+cgroup_cpu_quota,2,2,runtime_latency,budget_2_runtime_1,completion_latency,ms,0.101601,parallel_for,runtimes=2;items_per_runtime=32,thread_pool,not_applicable,Adaptive,2,1,2,2,2,2,1,0,not_nested,0,wait,granted,59.899000000000001,not_requested,1,10831286851329034220,0.101601,28,single,2,25174054,1,2,0,0
2,1.8.0,GCC,14.2.0,Release,Linux,effective_cpu_capacity=4,4,1,linux_sched_affinity+cgroup_cpu_quota,4,4,governed_vs_ungoverned,budget_4,batch_wall_time,ms,0.21426899999999999,parallel_for,runtimes=2;items_per_runtime=64,thread_pool,not_applicable,Adaptive,4,1,4,4,4,4,3,0,not_nested,0,wait,granted,0.61099999999999999,not_requested,1,7589314552514409162,0.21426899999999999,28,single,2,25174054,2,3,0,0
2,1.8.0,GCC,14.2.0,Release,Linux,effective_cpu_capacity=4,4,1,linux_sched_affinity+cgroup_cpu_quota,4,4,governed_vs_ungoverned,budget_4,throughput,operations_per_second,9334.0613901217639,parallel_for,runtimes=2;items_per_runtime=64,thread_pool,not_applicable,Adaptive,4,1,4,4,4,4,3,0,not_nested,0,wait,granted,0.61099999999999999,not_requested,1,7589314552514409162,0.21426899999999999,28,single,2,25174054,2,3,0,0
2,1.8.0,GCC,14.2.0,Release,Linux,effective_cpu_capacity=4,4,1,linux_sched_affinity+cgroup_cpu_quota,4,4,governed_vs_ungoverned,budget_4,peak_participation,threads,3,parallel_for,runtimes=2;items_per_runtime=64,thread_pool,not_applicable,Adaptive,4,1,4,4,4,4,3,0,not_nested,0,wait,granted,0.61099999999999999,not_requested,1,7589314552514409162,0.21426899999999999,28,single,2,25174054,2,3,0,0
2,1.8.0,GCC,14.2.0,Release,Linux,effective_cpu_capacity=4,4,1,linux_sched_affinity+cgroup_cpu_quota,4,4,runtime_latency,budget_4_runtime_0,completion_latency,ms,0.081651000000000001,parallel_for,runtimes=2;items_per_runtime=64,thread_pool,not_applicable,Adaptive,4,1,4,4,4,4,3,0,not_nested,0,wait,granted,0.61099999999999999,not_requested,1,7589314552514409162,0.081651000000000001,28,single,2,25174054,1,3,0,0
2,1.8.0,GCC,14.2.0,Release,Linux,effective_cpu_capacity=4,4,1,linux_sched_affinity+cgroup_cpu_quota,4,4,runtime_latency,budget_4_runtime_1,completion_latency,ms,0.13595199999999999,parallel_for,runtimes=2;items_per_runtime=64,thread_pool,not_applicable,Adaptive,4,1,4,4,4,4,3,0,not_nested,0,wait,granted,78.436999999999998,not_requested,1,7589314552514409162,0.13595199999999999,28,single,2,25174054,1,3,0,0
2,1.8.0,GCC,14.2.0,Release,Linux,effective_cpu_capacity=4,4,1,linux_sched_affinity+cgroup_cpu_quota,4,1,governor_overhead,uncontended_exact_acquire_release,latency,us_per_acquire_release,0.14743999999999999,parallel_for,,,not_applicable,Adaptive,1,1,1,1,1,1,1,0,not_nested,1,fail_immediately,granted,0.081000000000000003,not_requested,1,,0.00014743999999999998,29,single,2,25174054,1000,1,0,0
2,1.8.0,GCC,14.2.0,Release,Linux,effective_cpu_capacity=4,4,1,linux_sched_affinity+cgroup_cpu_quota,4,1,governor_overhead,inherited_nested_lease,latency,us_per_acquire_release,0.016986000000000001,parallel_for,,,not_applicable,Adaptive,1,1,1,1,1,1,1,1,reuse_parent,1,fail_immediately,granted,0.081000000000000003,not_requested,1,,0.00014743999999999998,29,single,2,25174054,1000,1,0,0
2,1.8.0,GCC,14.2.0,Release,Linux,effective_cpu_capacity=4,4,1,linux_sched_affinity+cgroup_cpu_quota,4,4,governor_overhead,flexible_partial_grant,latency,us_per_acquire_release,0.34000000000000002,parallel_for,,,not_applicable,Adaptive,4,1,4,4,1,1,1,0,not_nested,0,fail_immediately,granted,0.19,not_requested,1,,0.00014743999999999998,29,single,2,25174054,1,1,0,0
2,1.8.0,GCC,14.2.0,Release,Linux,effective_cpu_capacity=4,4,1,linux_sched_affinity+cgroup_cpu_quota,4,4,governor_overhead,immediate_failure,latency,us_per_acquire_release,0.40100000000000002,parallel_for,,,not_applicable,Adaptive,4,4,4,4,0,0,0,0,not_nested,1,fail_immediately,would_block,0,not_requested,1,,0.00014743999999999998,29,single,2,25174054,1,1,0,0
2,1.8.0,GCC,14.2.0,Release,Linux,effective_cpu_capacity=4,4,1,linux_sched_affinity+cgroup_cpu_quota,4,4,governor_overhead,direct_cancellation_notification,latency,us,16.966000000000001,parallel_for,,,not_applicable,Adaptive,4,4,4,4,0,0,0,0,not_nested,1,wait,cancelled,9.5039999999999996,requested,1,,0.016966000000000002,29,single,2,25174054,1,0,0,0
2,1.8.0,GCC,14.2.0,Release,Linux,effective_cpu_capacity=4,4,1,linux_sched_affinity+cgroup_cpu_quota,4,4,admission_fairness,large_exact_request,completion_rank,rank,5,parallel_for,one_large_exact_plus_eight_small_exact,,not_applicable,Adaptive,4,4,4,4,4,4,4,0,not_nested,1,wait,granted,196.27199999999999,not_requested,1,,0,29,single,2,25174054,1,0,4,196.27199999999999
2,1.8.0,GCC,14.2.0,Release,Linux,effective_cpu_capacity=4,4,1,linux_sched_affinity+cgroup_cpu_quota,4,4,admission_fairness,small_request_0,completion_rank,rank,1,parallel_for,one_large_exact_plus_eight_small_exact,,not_applicable,Adaptive,1,1,1,1,1,1,1,0,not_nested,1,wait,granted,9.5239999999999991,not_requested,1,,0,29,single,2,25174054,1,0,4,9.5239999999999991
2,1.8.0,GCC,14.2.0,Release,Linux,effective_cpu_capacity=4,4,1,linux_sched_affinity+cgroup_cpu_quota,4,4,admission_fairness,small_request_1,completion_rank,rank,2,parallel_for,one_large_exact_plus_eight_small_exact,,not_applicable,Adaptive,1,1,1,1,1,1,1,0,not_nested,1,wait,granted,3.3849999999999998,not_requested,1,,0,29,single,2,25174054,1,0,4,3.3849999999999998
2,1.8.0,GCC,14.2.0,Release,Linux,effective_cpu_capacity=4,4,1,linux_sched_affinity+cgroup_cpu_quota,4,4,admission_fairness,small_request_2,completion_rank,rank,3,parallel_for,one_large_exact_plus_eight_small_exact,,not_applicable,Adaptive,1,1,1,1,1,1,1,0,not_nested,1,wait,granted,7.9619999999999997,not_requested,1,,0,29,single,2,25174054,1,0,4,7.9619999999999997
2,1.8.0,GCC,14.2.0,Release,Linux,effective_cpu_capacity=4,4,1,linux_sched_affinity+cgroup_cpu_quota,4,4,admission_fairness,small_request_3,completion_rank,rank,4,parallel_for,one_large_exact_plus_eight_small_exact,,not_applicable,Adaptive,1,1,1,1,1,1,1,0,not_nested,1,wait,granted,7.6420000000000003,not_requested,1,,0,29,single,2,25174054,1,0,4,7.6420000000000003
2,1.8.0,GCC,14.2.0,Release,Linux,effective_cpu_capacity=4,4,1,linux_sched_affinity+cgroup_cpu_quota,4,4,admission_fairness,small_request_4,completion_rank,rank,8,parallel_for,one_large_exact_plus_eight_small_exact,,not_applicable,Adaptive,1,1,1,1,1,1,1,0,not_nested,1,wait,granted,1180.837,not_requested,1,,0,29,single,2,25174054,1,0,4,1180.837
2,1.8.0,GCC,14.2.0,Release,Linux,effective_cpu_capacity=4,4,1,linux_sched_affinity+cgroup_cpu_quota,4,4,admission_fairness,small_request_5,completion_rank,rank,9,parallel_for,one_large_exact_plus_eight_small_exact,,not_applicable,Adaptive,1,1,1,1,1,1,1,0,not_nested,1,wait,granted,1163.5820000000001,not_requested,1,,0,29,single,2,25174054,1,0,4,1163.5820000000001
2,1.8.0,GCC,14.2.0,Release,Linux,effective_cpu_capacity=4,4,1,linux_sched_affinity+cgroup_cpu_quota,4,4,admission_fairness,small_request_6,completion_rank,rank,6,parallel_for,one_large_exact_plus_eight_small_exact,,not_applicable,Adaptive,1,1,1,1,1,1,1,0,not_nested,1,wait,granted,1143.242,not_requested,1,,0,29,single,2,25174054,1,0,4,1143.242
2,1.8.0,GCC,14.2.0,Release,Linux,effective_cpu_capacity=4,4,1,linux_sched_affinity+cgroup_cpu_quota,4,4,admission_fairness,small_request_7,completion_rank,rank,7,parallel_for,one_large_exact_plus_eight_small_exact,,not_applicable,Adaptive,1,1,1,1,1,1,1,0,not_nested,1,wait,granted,1131.895,not_requested,1,,0,29,single,2,25174054,1,0,4,1131.895
2,1.8.0,GCC,14.2.0,Release,Linux,effective_cpu_capacity=4,4,1,linux_sched_affinity+cgroup_cpu_quota,4,4,adaptive_partial_grant,available_one_of_preferred_budget,granted_workers,threads,1,parallel_for,,thread_pool,not_applicable,Adaptive,4,1,4,4,1,1,1,0,not_nested,0,wait,granted,0.73099999999999998,not_requested,1,,0.098395999999999997,29,single,2,25174054,1,1,0,0
2,1.8.0,GCC,14.2.0,Release,Linux,effective_cpu_capacity=4,4,1,linux_sched_affinity+cgroup_cpu_quota,4,4,nested_execution,depth_1,peak_participation,threads,1,parallel_for,depth=1;leaves=2,thread_pool,not_applicable,Adaptive,2,1,2,4,2,2,1,0,not_nested,0,wait,granted,0.20000000000000001,not_requested,1,,0.025558000000000001,29,single,2,25174054,1,1,0,0
2,1.8.0,GCC,14.2.0,Release,Linux,effective_cpu_capacity=4,4,1,linux_sched_affinity+cgroup_cpu_quota,4,4,nested_execution,depth_2,peak_participation,threads,1,parallel_for,depth=2;leaves=4,thread_pool,not_applicable,Adaptive,2,1,2,4,2,2,1,0,not_nested,0,wait,granted,0.24099999999999999,not_requested,1,,0.015092,29,single,2,25174054,1,1,0,0
2,1.8.0,GCC,14.2.0,Release,Linux,effective_cpu_capacity=4,4,1,linux_sched_affinity+cgroup_cpu_quota,4,4,nested_execution,depth_3,peak_participation,threads,1,parallel_for,depth=3;leaves=8,thread_pool,not_applicable,Adaptive,2,1,2,4,2,2,1,0,not_nested,0,wait,granted,0.19,not_requested,1,,0.021361000000000002,29,single,2,25174054,1,1,0,0
2,1.8.0,GCC,14.2.0,Release,Linux,effective_cpu_capacity=4,4,1,linux_sched_affinity+cgroup_cpu_quota,4,4,nested_execution,depth_4,peak_participation,threads,1,parallel_for,depth=4;leaves=16,thread_pool,not_applicable,Adaptive,2,1,2,4,2,2,1,0,not_nested,0,wait,granted,0.20000000000000001,not_requested,1,,0.023484999999999999,29,single,2,25174054,1,1,0,0
2,1.8.0,GCC,14.2.0,Release,Linux,effective_cpu_capacity=4,4,1,linux_sched_affinity+cgroup_cpu_quota,1,1,scheduler_comparison,sequential,duration,ms,0.40440199999999998,parallel_for,,sequential,not_applicable,Adaptive,1,1,1,1,1,1,1,0,not_nested,0,wait,granted,0.20999999999999999,not_requested,1,5314921549994187984,0.40440199999999998,29,single,2,25174054,1,1,0,0
2,1.8.0,GCC,14.2.0,Release,Linux,effective_cpu_capacity=4,4,1,linux_sched_affinity+cgroup_cpu_quota,4,4,scheduler_comparison,thread_pool,duration,ms,0.20460500000000001,parallel_for,,thread_pool,not_applicable,Adaptive,4,1,4,4,4,4,4,0,not_nested,0,wait,granted,0.85099999999999998,not_requested,1,5314921549994187984,0.20460500000000001,29,single,2,25174054,1,4,0,0
2,1.8.0,GCC,14.2.0,Release,Linux,effective_cpu_capacity=4,4,1,linux_sched_affinity+cgroup_cpu_quota,4,4,scheduler_comparison,static_thread,duration,ms,0.242561,parallel_for,,static_thread,not_applicable,Adaptive,4,1,4,4,4,4,4,0,not_nested,0,wait,granted,0.28100000000000003,not_requested,1,5314921549994187984,0.242561,29,single,2,25174054,1,4,0,0
2,1.8.0,GCC,14.2.0,Release,Linux,effective_cpu_capacity=4,4,1,linux_sched_affinity+cgroup_cpu_quota,4,4,deterministic_exact_grant,success,accepted,boolean,1,parallel_for,,thread_pool,not_applicable,Deterministic,4,4,4,4,4,4,3,0,not_nested,1,fail_immediately,granted,0.48099999999999998,not_requested,1,,0,29,single,2,25174054,1,0,0,0
2,1.8.0,GCC,14.2.0,Release,Linux,effective_cpu_capacity=4,4,1,linux_sched_affinity+cgroup_cpu_quota,4,4,deterministic_exact_grant,insufficient_budget_failure,accepted,boolean,1,parallel_for,,,not_applicable,Deterministic,4,4,4,4,0,0,0,0,not_nested,1,fail_immediately,would_block,0,not_requested,1,,0,29,single,2,25174054,1,0,0,0
2,1.8.0,GCC,14.2.0,Release,Linux,effective_cpu_capacity=4,4,1,linux_sched_affinity+cgroup_cpu_quota,4,4,governed_vs_ungoverned,governed,batch_wall_time,ms,2.746378,parallel_for,runtimes=2;items_per_runtime=128,thread_pool,not_applicable,Adaptive,4,1,4,4,4,4,3,0,not_nested,0,wait,granted,0.92100000000000004,not_requested,1,14754973877547064749,2.746378,29,ungoverned_then_governed,2,25174054,2,3,0,0
2,1.8.0,GCC,14.2.0,Release,Linux,effective_cpu_capacity=4,4,1,linux_sched_affinity+cgroup_cpu_quota,4,4,governed_vs_ungoverned,governed,throughput,operations_per_second,728.23187485480878,parallel_for,runtimes=2;items_per_runtime=128,thread_pool,not_applicable,Adaptive,4,1,4,4,4,4,3,0,not_nested,0,wait,granted,0.92100000000000004,not_requested,1,14754973877547064749,2.746378,29,ungoverned_then_governed,2,25174054,2,3,0,0
2,1.8.0,GCC,14.2.0,Release,Linux,effective_cpu_capacity=4,4,1,linux_sched_affinity+cgroup_cpu_quota,4,4,governed_vs_ungoverned,governed,peak_participation,threads,3,parallel_for,runtimes=2;items_per_runtime=128,thread_pool,not_applicable,Adaptive,4,1,4,4,4,4,3,0,not_nested,0,wait,granted,0.92100000000000004,not_requested,1,14754973877547064749,2.746378,29,ungoverned_then_governed,2,25174054,2,3,0,0
2,1.8.0,GCC,14.2.0,Release,Linux,effective_cpu_capacity=4,4,1,linux_sched_affinity+cgroup_cpu_quota,4,4,runtime_latency,governed_runtime_0,completion_latency,ms,1.151915,parallel_for,runtimes=2;items_per_runtime=128,thread_pool,not_applicable,Adaptive,4,1,4,4,4,4,3,0,not_nested,0,wait,granted,0.92100000000000004,not_requested,1,14754973877547064749,1.151915,29,ungoverned_then_governed,2,25174054,1,3,0,0
2,1.8.0,GCC,14.2.0,Release,Linux,effective_cpu_capacity=4,4,1,linux_sched_affinity+cgroup_cpu_quota,4,4,runtime_latency,governed_runtime_1,completion_latency,ms,2.6489919999999998,parallel_for,runtimes=2;items_per_runtime=128,thread_pool,not_applicable,Adaptive,4,1,4,4,4,4,3,0,not_nested,0,wait,granted,1136.1210000000001,not_requested,1,14754973877547064749,2.6489919999999998,29,ungoverned_then_governed,2,25174054,1,3,0,0
2,1.8.0,GCC,14.2.0,Release,Linux,effective_cpu_capacity=4,4,1,linux_sched_affinity+cgroup_cpu_quota,4,4,governed_vs_ungoverned,ungoverned,batch_wall_time,ms,1.6179479999999999,parallel_for,runtimes=2;items_per_runtime=128,thread_pool,not_applicable,Adaptive,4,1,4,4,4,4,2,0,not_nested,0,wait,granted,1.1619999999999999,not_requested,1,14754973877547064749,1.6179479999999999,29,ungoverned_then_governed,2,25174054,2,4,0,0
2,1.8.0,GCC,14.2.0,Release,Linux,effective_cpu_capacity=4,4,1,linux_sched_affinity+cgroup_cpu_quota,4,4,governed_vs_ungoverned,ungoverned,throughput,operations_per_second,1236.1336705505987,parallel_for,runtimes=2;items_per_runtime=128,thread_pool,not_applicable,Adaptive,4,1,4,4,4,4,2,0,not_nested,0,wait,granted,1.1619999999999999,not_requested,1,14754973877547064749,1.6179479999999999,29,ungoverned_then_governed,2,25174054,2,4,0,0
2,1.8.0,GCC,14.2.0,Release,Linux,effective_cpu_capacity=4,4,1,linux_sched_affinity+cgroup_cpu_quota,4,4,governed_vs_ungoverned,ungoverned,peak_participation,threads,4,parallel_for,runtimes=2;items_per_runtime=128,thread_pool,not_applicable,Adaptive,4,1,4,4,4,4,2,0,not_nested,0,wait,granted,1.1619999999999999,not_requested,1,14754973877547064749,1.6179479999999999,29,ungoverned_then_governed,2,25174054,2,4,0,0
2,1.8.0,GCC,14.2.0,Release,Linux,effective_cpu_capacity=4,4,1,linux_sched_affinity+cgroup_cpu_quota,4,4,runtime_latency,ungoverned_runtime_0,completion_latency,ms,1.524689,parallel_for,runtimes=2;items_per_runtime=128,thread_pool,not_applicable,Adaptive,4,1,4,4,4,4,2,0,not_nested,0,wait,granted,1.1619999999999999,not_requested,1,14754973877547064749,1.524689,29,ungoverned_then_governed,2,25174054,1,4,0,0
2,1.8.0,GCC,14.2.0,Release,Linux,effective_cpu_capacity=4,4,1,linux_sched_affinity+cgroup_cpu_quota,4,4,runtime_latency,ungoverned_runtime_1,completion_latency,ms,1.524349,parallel_for,runtimes=2;items_per_runtime=128,thread_pool,not_applicable,Adaptive,4,1,4,4,4,4,2,0,not_nested,0,wait,granted,0.98099999999999998,not_requested,1,14754973877547064749,1.524349,29,ungoverned_then_governed,2,25174054,1,4,0,0
2,1.8.0,GCC,14.2.0,Release,Linux,effective_cpu_capacity=4,4,1,linux_sched_affinity+cgroup_cpu_quota,4,4,governed_vs_ungoverned,governed_2_runtimes,batch_wall_time,ms,0.17224600000000001,parallel_for,runtimes=2;items_per_runtime=32,thread_pool,not_applicable,Adaptive,4,1,4,4,4,4,2,0,not_nested,0,wait,granted,1.0920000000000001,not_requested,1,10831286851329034220,0.17224600000000001,29,single,2,25174054,2,2,0,0
2,1.8.0,GCC,14.2.0,Release,Linux,effective_cpu_capacity=4,4,1,linux_sched_affinity+cgroup_cpu_quota,4,4,governed_vs_ungoverned,governed_2_runtimes,throughput,operations_per_second,11611.300117274131,parallel_for,runtimes=2;items_per_runtime=32,thread_pool,not_applicable,Adaptive,4,1,4,4,4,4,2,0,not_nested,0,wait,granted,1.0920000000000001,not_requested,1,10831286851329034220,0.17224600000000001,29,single,2,25174054,2,2,0,0
2,1.8.0,GCC,14.2.0,Release,Linux,effective_cpu_capacity=4,4,1,linux_sched_affinity+cgroup_cpu_quota,4,4,governed_vs_ungoverned,governed_2_runtimes,peak_participation,threads,2,parallel_for,runtimes=2;items_per_runtime=32,thread_pool,not_applicable,Adaptive,4,1,4,4,4,4,2,0,not_nested,0,wait,granted,1.0920000000000001,not_requested,1,10831286851329034220,0.17224600000000001,29,single,2,25174054,2,2,0,0
2,1.8.0,GCC,14.2.0,Release,Linux,effective_cpu_capacity=4,4,1,linux_sched_affinity+cgroup_cpu_quota,4,4,runtime_latency,governed_2_runtimes_runtime_0,completion_latency,ms,0.058087,parallel_for,runtimes=2;items_per_runtime=32,thread_pool,not_applicable,Adaptive,4,1,4,4,4,4,2,0,not_nested,0,wait,granted,1.0920000000000001,not_requested,1,10831286851329034220,0.058087,29,single,2,25174054,1,2,0,0
2,1.8.0,GCC,14.2.0,Release,Linux,effective_cpu_capacity=4,4,1,linux_sched_affinity+cgroup_cpu_quota,4,4,runtime_latency,governed_2_runtimes_runtime_1,completion_latency,ms,0.106709,parallel_for,runtimes=2;items_per_runtime=32,thread_pool,not_applicable,Adaptive,4,1,4,4,4,4,2,0,not_nested,0,wait,granted,53.829999999999998,not_requested,1,10831286851329034220,0.106709,29,single,2,25174054,1,2,0,0
2,1.8.0,GCC,14.2.0,Release,Linux,effective_cpu_capacity=4,4,1,linux_sched_affinity+cgroup_cpu_quota,4,4,governed_vs_ungoverned,governed_4_runtimes,batch_wall_time,ms,0.36583399999999999,parallel_for,runtimes=4;items_per_runtime=32,thread_pool,not_applicable,Adaptive,4,1,4,4,4,4,2,0,not_nested,0,wait,granted,167.83000000000001,not_requested,1,7589314552514409162,0.36583399999999999,29,single,2,25174054,4,3,0,0
2,1.8.0,GCC,14.2.0,Release,Linux,effective_cpu_capacity=4,4,1,linux_sched_affinity+cgroup_cpu_quota,4,4,governed_vs_ungoverned,governed_4_runtimes,throughput,operations_per_second,10933.920849346972,parallel_for,runtimes=4;items_per_runtime=32,thread_pool,not_applicable,Adaptive,4,1,4,4,4,4,2,0,not_nested,0,wait,granted,167.83000000000001,not_requested,1,7589314552514409162,0.36583399999999999,29,single,2,25174054,4,3,0,0
2,1.8.0,GCC,14.2.0,Release,Linux,effective_cpu_capacity=4,4,1,linux_sched_affinity+cgroup_cpu_quota,4,4,governed_vs_ungoverned,governed_4_runtimes,peak_participation,threads,3,parallel_for,runtimes=4;items_per_runtime=32,thread_pool,not_applicable,Adaptive,4,1,4,4,4,4,2,0,not_nested,0,wait,granted,167.83000000000001,not_requested,1,7589314552514409162,0.36583399999999999,29,single,2,25174054,4,3,0,0
2,1.8.0,GCC,14.2.0,Release,Linux,effective_cpu_capacity=4,4,1,linux_sched_affinity+cgroup_cpu_quota,4,4,runtime_latency,governed_4_runtimes_runtime_0,completion_latency,ms,0.226798,parallel_for,runtimes=4;items_per_runtime=32,thread_pool,not_applicable,Adaptive,4,1,4,4,4,4,2,0,not_nested,0,wait,granted,167.83000000000001,not_requested,1,7589314552514409162,0.226798,29,single,2,25174054,1,3,0,0
2,1.8.0,GCC,14.2.0,Release,Linux,effective_cpu_capacity=4,4,1,linux_sched_affinity+cgroup_cpu_quota,4,4,runtime_latency,governed_4_runtimes_runtime_1,completion_latency,ms,0.081490999999999994,parallel_for,runtimes=4;items_per_runtime=32,thread_pool,not_applicable,Adaptive,4,1,4,4,4,4,2,0,not_nested,0,wait,granted,0.76100000000000001,not_requested,1,7589314552514409162,0.081490999999999994,29,single,2,25174054,1,3,0,0
2,1.8.0,GCC,14.2.0,Release,Linux,effective_cpu_capacity=4,4,1,linux_sched_affinity+cgroup_cpu_quota,4,4,runtime_latency,governed_4_runtimes_runtime_2,completion_latency,ms,0.16472500000000001,parallel_for,runtimes=4;items_per_runtime=32,thread_pool,not_applicable,Adaptive,4,1,4,4,4,4,2,0,not_nested,0,wait,granted,80.739999999999995,not_requested,1,7589314552514409162,0.16472500000000001,29,single,2,25174054,1,3,0,0
2,1.8.0,GCC,14.2.0,Release,Linux,effective_cpu_capacity=4,4,1,linux_sched_affinity+cgroup_cpu_quota,4,4,runtime_latency,governed_4_runtimes_runtime_3,completion_latency,ms,0.26930100000000001,parallel_for,runtimes=4;items_per_runtime=32,thread_pool,not_applicable,Adaptive,4,1,4,4,4,4,3,0,not_nested,0,wait,granted,217.303,not_requested,1,7589314552514409162,0.26930100000000001,29,single,2,25174054,1,3,0,0
2,1.8.0,GCC,14.2.0,Release,Linux,effective_cpu_capacity=4,4,1,linux_sched_affinity+cgroup_cpu_quota,4,4,governed_vs_ungoverned,governed_8_runtimes,batch_wall_time,ms,0.89288900000000004,parallel_for,runtimes=8;items_per_runtime=32,thread_pool,not_applicable,Adaptive,4,1,4,4,4,4,2,0,not_nested,0,wait,granted,518.59199999999998,not_requested,1,3424649268515386025,0.89288900000000004,29,single,2,25174054,8,3,0,0
2,1.8.0,GCC,14.2.0,Release,Linux,effective_cpu_capacity=4,4,1,linux_sched_affinity+cgroup_cpu_quota,4,4,governed_vs_ungoverned,governed_8_runtimes,throughput,operations_per_second,8959.6803186062316,parallel_for,runtimes=8;items_per_runtime=32,thread_pool,not_applicable,Adaptive,4,1,4,4,4,4,2,0,not_nested,0,wait,granted,518.59199999999998,not_requested,1,3424649268515386025,0.89288900000000004,29,single,2,25174054,8,3,0,0
2,1.8.0,GCC,14.2.0,Release,Linux,effective_cpu_capacity=4,4,1,linux_sched_affinity+cgroup_cpu_quota,4,4,governed_vs_ungoverned,governed_8_runtimes,peak_participation,threads,3,parallel_for,runtimes=8;items_per_runtime=32,thread_pool,not_applicable,Adaptive,4,1,4,4,4,4,2,0,not_nested,0,wait,granted,518.59199999999998,not_requested,1,3424649268515386025,0.89288900000000004,29,single,2,25174054,8,3,0,0
2,1.8.0,GCC,14.2.0,Release,Linux,effective_cpu_capacity=4,4,1,linux_sched_affinity+cgroup_cpu_quota,4,4,runtime_latency,governed_8_runtimes_runtime_0,completion_latency,ms,0.58883600000000003,parallel_for,runtimes=8;items_per_runtime=32,thread_pool,not_applicable,Adaptive,4,1,4,4,4,4,2,0,not_nested,0,wait,granted,518.59199999999998,not_requested,1,3424649268515386025,0.58883600000000003,29,single,2,25174054,1,3,0,0
2,1.8.0,GCC,14.2.0,Release,Linux,effective_cpu_capacity=4,4,1,linux_sched_affinity+cgroup_cpu_quota,4,4,runtime_latency,governed_8_runtimes_runtime_1,completion_latency,ms,0.61759900000000001,parallel_for,runtimes=8;items_per_runtime=32,thread_pool,not_applicable,Adaptive,4,1,4,4,4,4,4,0,not_nested,0,wait,granted,546.68399999999997,not_requested,1,3424649268515386025,0.61759900000000001,29,single,2,25174054,1,3,0,0
2,1.8.0,GCC,14.2.0,Release,Linux,effective_cpu_capacity=4,4,1,linux_sched_affinity+cgroup_cpu_quota,4,4,runtime_latency,governed_8_runtimes_runtime_2,completion_latency,ms,0.097865999999999995,parallel_for,runtimes=8;items_per_runtime=32,thread_pool,not_applicable,Adaptive,4,1,4,4,4,4,2,0,not_nested,0,wait,granted,0.82099999999999995,not_requested,1,3424649268515386025,0.097865999999999995,29,single,2,25174054,1,3,0,0
2,1.8.0,GCC,14.2.0,Release,Linux,effective_cpu_capacity=4,4,1,linux_sched_affinity+cgroup_cpu_quota,4,4,runtime_latency,governed_8_runtimes_runtime_3,completion_latency,ms,0.419825,parallel_for,runtimes=8;items_per_runtime=32,thread_pool,not_applicable,Adaptive,4,1,4,4,4,4,4,0,not_nested,0,wait,granted,314.16800000000001,not_requested,1,3424649268515386025,0.419825,29,single,2,25174054,1,3,0,0
2,1.8.0,GCC,14.2.0,Release,Linux,effective_cpu_capacity=4,4,1,linux_sched_affinity+cgroup_cpu_quota,4,4,runtime_latency,governed_8_runtimes_runtime_4,completion_latency,ms,0.31115399999999999,parallel_for,runtimes=8;items_per_runtime=32,thread_pool,not_applicable,Adaptive,4,1,4,4,4,4,3,0,not_nested,0,wait,granted,231.905,not_requested,1,3424649268515386025,0.31115399999999999,29,single,2,25174054,1,3,0,0
2,1.8.0,GCC,14.2.0,Release,Linux,effective_cpu_capacity=4,4,1,linux_sched_affinity+cgroup_cpu_quota,4,4,runtime_latency,governed_8_runtimes_runtime_5,completion_latency,ms,0.49316399999999999,parallel_for,runtimes=8;items_per_runtime=32,thread_pool,not_applicable,Adaptive,4,1,4,4,4,4,2,0,not_nested,0,wait,granted,410.661,not_requested,1,3424649268515386025,0.49316399999999999,29,single,2,25174054,1,3,0,0
2,1.8.0,GCC,14.2.0,Release,Linux,effective_cpu_capacity=4,4,1,linux_sched_affinity+cgroup_cpu_quota,4,4,runtime_latency,governed_8_runtimes_runtime_6,completion_latency,ms,0.57916199999999995,parallel_for,runtimes=8;items_per_runtime=32,thread_pool,not_applicable,Adaptive,4,1,4,4,4,4,2,0,not_nested,0,wait,granted,519.72400000000005,not_requested,1,3424649268515386025,0.57916199999999995,29,single,2,25174054,1,3,0,0
2,1.8.0,GCC,14.2.0,Release,Linux,effective_cpu_capacity=4,4,1,linux_sched_affinity+cgroup_cpu_quota,4,4,runtime_latency,governed_8_runtimes_runtime_7,completion_latency,ms,0.21978700000000001,parallel_for,runtimes=8;items_per_runtime=32,thread_pool,not_applicable,Adaptive,4,1,4,4,4,4,3,0,not_nested,0,wait,granted,131.05500000000001,not_requested,1,3424649268515386025,0.21978700000000001,29,single,2,25174054,1,3,0,0
2,1.8.0,GCC,14.2.0,Release,Linux,effective_cpu_capacity=4,4,1,linux_sched_affinity+cgroup_cpu_quota,1,1,governed_vs_ungoverned,budget_1,batch_wall_time,ms,0.129943,parallel_for,runtimes=2;items_per_runtime=32,thread_pool,not_applicable,Adaptive,1,1,1,1,1,1,1,0,not_nested,0,wait,granted,0.76200000000000001,not_requested,1,10831286851329034220,0.129943,29,single,2,25174054,2,1,0,0
2,1.8.0,GCC,14.2.0,Release,Linux,effective_cpu_capacity=4,4,1,linux_sched_affinity+cgroup_cpu_quota,1,1,governed_vs_ungoverned,budget_1,throughput,operations_per_second,15391.363905712504,parallel_for,runtimes=2;items_per_runtime=32,thread_pool,not_applicable,Adaptive,1,1,1,1,1,1,1,0,not_nested,0,wait,granted,0.76200000000000001,not_requested,1,10831286851329034220,0.129943,29,single,2,25174054,2,1,0,0
2,1.8.0,GCC,14.2.0,Release,Linux,effective_cpu_capacity=4,4,1,linux_sched_affinity+cgroup_cpu_quota,1,1,governed_vs_ungoverned,budget_1,peak_participation,threads,1,parallel_for,runtimes=2;items_per_runtime=32,thread_pool,not_applicable,Adaptive,1,1,1,1,1,1,1,0,not_nested,0,wait,granted,0.76200000000000001,not_requested,1,10831286851329034220,0.129943,29,single,2,25174054,2,1,0,0
2,1.8.0,GCC,14.2.0,Release,Linux,effective_cpu_capacity=4,4,1,linux_sched_affinity+cgroup_cpu_quota,1,1,runtime_latency,budget_1_runtime_0,completion_latency,ms,0.043915000000000003,parallel_for,runtimes=2;items_per_runtime=32,thread_pool,not_applicable,Adaptive,1,1,1,1,1,1,1,0,not_nested,0,wait,granted,0.76200000000000001,not_requested,1,10831286851329034220,0.043915000000000003,29,single,2,25174054,1,1,0,0
2,1.8.0,GCC,14.2.0,Release,Linux,effective_cpu_capacity=4,4,1,linux_sched_affinity+cgroup_cpu_quota,1,1,runtime_latency,budget_1_runtime_1,completion_latency,ms,0.073608999999999994,parallel_for,runtimes=2;items_per_runtime=32,thread_pool,not_applicable,Adaptive,1,1,1,1,1,1,1,0,not_nested,0,wait,granted,39.078000000000003,not_requested,1,10831286851329034220,0.073608999999999994,29,single,2,25174054,1,1,0,0
2,1.8.0,GCC,14.2.0,Release,Linux,effective_cpu_capacity=4,4,1,linux_sched_affinity+cgroup_cpu_quota,2,2,governed_vs_ungoverned,budget_2,batch_wall_time,ms,0.21177499999999999,parallel_for,runtimes=2;items_per_runtime=32,thread_pool,not_applicable,Adaptive,2,1,2,2,2,2,2,0,not_nested,0,wait,granted,0.84199999999999997,not_requested,1,10831286851329034220,0.21177499999999999,29,single,2,25174054,2,2,0,0
2,1.8.0,GCC,14.2.0,Release,Linux,effective_cpu_capacity=4,4,1,linux_sched_affinity+cgroup_cpu_quota,2,2,governed_vs_ungoverned,budget_2,throughput,operations_per_second,9443.9853618226898,parallel_for,runtimes=2;items_per_runtime=32,thread_pool,not_applicable,Adaptive,2,1,2,2,2,2,2,0,not_nested,0,wait,granted,0.84199999999999997,not_requested,1,10831286851329034220,0.21177499999999999,29,single,2,25174054,2,2,0,0
2,1.8.0,GCC,14.2.0,Release,Linux,effective_cpu_capacity=4,4,1,linux_sched_affinity+cgroup_cpu_quota,2,2,governed_vs_ungoverned,budget_2,peak_participation,threads,2,parallel_for,runtimes=2;items_per_runtime=32,thread_pool,not_applicable,Adaptive,2,1,2,2,2,2,2,0,not_nested,0,wait,granted,0.84199999999999997,not_requested,1,10831286851329034220,0.21177499999999999,29,single,2,25174054,2,2,0,0
2,1.8.0,GCC,14.2.0,Release,Linux,effective_cpu_capacity=4,4,1,linux_sched_affinity+cgroup_cpu_quota,2,2,runtime_latency,budget_2_runtime_0,completion_latency,ms,0.08072,parallel_for,runtimes=2;items_per_runtime=32,thread_pool,not_applicable,Adaptive,2,1,2,2,2,2,2,0,not_nested,0,wait,granted,0.84199999999999997,not_requested,1,10831286851329034220,0.08072,29,single,2,25174054,1,2,0,0
2,1.8.0,GCC,14.2.0,Release,Linux,effective_cpu_capacity=4,4,1,linux_sched_affinity+cgroup_cpu_quota,2,2,runtime_latency,budget_2_runtime_1,completion_latency,ms,0.12715000000000001,parallel_for,runtimes=2;items_per_runtime=32,thread_pool,not_applicable,Adaptive,2,1,2,2,2,2,2,0,not_nested,0,wait,granted,78.257000000000005,not_requested,1,10831286851329034220,0.12715000000000001,29,single,2,25174054,1,2,0,0
2,1.8.0,GCC,14.2.0,Release,Linux,effective_cpu_capacity=4,4,1,linux_sched_affinity+cgroup_cpu_quota,4,4,governed_vs_ungoverned,budget_4,batch_wall_time,ms,0.19103500000000001,parallel_for,runtimes=2;items_per_runtime=64,thread_pool,not_applicable,Adaptive,4,1,4,4,4,4,3,0,not_nested,0,wait,granted,0.80100000000000005,not_requested,1,7589314552514409162,0.19103500000000001,29,single,2,25174054,2,3,0,0
2,1.8.0,GCC,14.2.0,Release,Linux,effective_cpu_capacity=4,4,1,linux_sched_affinity+cgroup_cpu_quota,4,4,governed_vs_ungoverned,budget_4,throughput,operations_per_second,10469.285732980867,parallel_for,runtimes=2;items_per_runtime=64,thread_pool,not_applicable,Adaptive,4,1,4,4,4,4,3,0,not_nested,0,wait,granted,0.80100000000000005,not_requested,1,7589314552514409162,0.19103500000000001,29,single,2,25174054,2,3,0,0
2,1.8.0,GCC,14.2.0,Release,Linux,effective_cpu_capacity=4,4,1,linux_sched_affinity+cgroup_cpu_quota,4,4,governed_vs_ungoverned,budget_4,peak_participation,threads,3,parallel_for,runtimes=2;items_per_runtime=64,thread_pool,not_applicable,Adaptive,4,1,4,4,4,4,3,0,not_nested,0,wait,granted,0.80100000000000005,not_requested,1,7589314552514409162,0.19103500000000001,29,single,2,25174054,2,3,0,0
2,1.8.0,GCC,14.2.0,Release,Linux,effective_cpu_capacity=4,4,1,linux_sched_affinity+cgroup_cpu_quota,4,4,runtime_latency,budget_4_runtime_0,completion_latency,ms,0.075383000000000006,parallel_for,runtimes=2;items_per_runtime=64,thread_pool,not_applicable,Adaptive,4,1,4,4,4,4,3,0,not_nested,0,wait,granted,0.80100000000000005,not_requested,1,7589314552514409162,0.075383000000000006,29,single,2,25174054,1,3,0,0
2,1.8.0,GCC,14.2.0,Release,Linux,effective_cpu_capacity=4,4,1,linux_sched_affinity+cgroup_cpu_quota,4,4,runtime_latency,budget_4_runtime_1,completion_latency,ms,0.12554699999999999,parallel_for,runtimes=2;items_per_runtime=64,thread_pool,not_applicable,Adaptive,4,1,4,4,4,4,3,0,not_nested,0,wait,granted,71.716999999999999,not_requested,1,7589314552514409162,0.12554699999999999,29,single,2,25174054,1,3,0,0
2,1.8.0,GCC,14.2.0,Release,Linux,effective_cpu_capacity=4,4,1,linux_sched_affinity+cgroup_cpu_quota,4,1,governor_overhead,uncontended_exact_acquire_release,latency,us_per_acquire_release,0.14690899999999998,parallel_for,,,not_applicable,Adaptive,1,1,1,1,1,1,1,0,not_nested,1,fail_immediately,granted,0.080000000000000002,not_requested,1,,0.00014690899999999997,30,single,2,25174054,1000,1,0,0
2,1.8.0,GCC,14.2.0,Release,Linux,effective_cpu_capacity=4,4,1,linux_sched_affinity+cgroup_cpu_quota,4,1,governor_overhead,inherited_nested_lease,latency,us_per_acquire_release,0.016985,parallel_for,,,not_applicable,Adaptive,1,1,1,1,1,1,1,1,reuse_parent,1,fail_immediately,granted,0.080000000000000002,not_requested,1,,0.00014690899999999997,30,single,2,25174054,1000,1,0,0
2,1.8.0,GCC,14.2.0,Release,Linux,effective_cpu_capacity=4,4,1,linux_sched_affinity+cgroup_cpu_quota,4,4,governor_overhead,flexible_partial_grant,latency,us_per_acquire_release,0.36099999999999999,parallel_for,,,not_applicable,Adaptive,4,1,4,4,1,1,1,0,not_nested,0,fail_immediately,granted,0.20999999999999999,not_requested,1,,0.00014690899999999997,30,single,2,25174054,1,1,0,0
2,1.8.0,GCC,14.2.0,Release,Linux,effective_cpu_capacity=4,4,1,linux_sched_affinity+cgroup_cpu_quota,4,4,governor_overhead,immediate_failure,latency,us_per_acquire_release,0.40000000000000002,parallel_for,,,not_applicable,Adaptive,4,4,4,4,0,0,0,0,not_nested,1,fail_immediately,would_block,0,not_requested,1,,0.00014690899999999997,30,single,2,25174054,1,1,0,0
2,1.8.0,GCC,14.2.0,Release,Linux,effective_cpu_capacity=4,4,1,linux_sched_affinity+cgroup_cpu_quota,4,4,governor_overhead,direct_cancellation_notification,latency,us,16.154,parallel_for,,,not_applicable,Adaptive,4,4,4,4,0,0,0,0,not_nested,1,wait,cancelled,8.6020000000000003,requested,1,,0.016153999999999998,30,single,2,25174054,1,0,0,0
2,1.8.0,GCC,14.2.0,Release,Linux,effective_cpu_capacity=4,4,1,linux_sched_affinity+cgroup_cpu_quota,4,4,admission_fairness,large_exact_request,completion_rank,rank,5,parallel_for,one_large_exact_plus_eight_small_exact,,not_applicable,Adaptive,4,4,4,4,4,4,4,0,not_nested,1,wait,granted,189.732,not_requested,1,,0,30,single,2,25174054,1,0,4,189.732
2,1.8.0,GCC,14.2.0,Release,Linux,effective_cpu_capacity=4,4,1,linux_sched_affinity+cgroup_cpu_quota,4,4,admission_fairness,small_request_0,completion_rank,rank,1,parallel_for,one_large_exact_plus_eight_small_exact,,not_applicable,Adaptive,1,1,1,1,1,1,1,0,not_nested,1,wait,granted,12.99,not_requested,1,,0,30,single,2,25174054,1,0,4,12.99
2,1.8.0,GCC,14.2.0,Release,Linux,effective_cpu_capacity=4,4,1,linux_sched_affinity+cgroup_cpu_quota,4,4,admission_fairness,small_request_1,completion_rank,rank,3,parallel_for,one_large_exact_plus_eight_small_exact,,not_applicable,Adaptive,1,1,1,1,1,1,1,0,not_nested,1,wait,granted,60.920999999999999,not_requested,1,,0,30,single,2,25174054,1,0,4,60.920999999999999
2,1.8.0,GCC,14.2.0,Release,Linux,effective_cpu_capacity=4,4,1,linux_sched_affinity+cgroup_cpu_quota,4,4,admission_fairness,small_request_2,completion_rank,rank,2,parallel_for,one_large_exact_plus_eight_small_exact,,not_applicable,Adaptive,1,1,1,1,1,1,1,0,not_nested,1,wait,granted,41.752000000000002,not_requested,1,,0,30,single,2,25174054,1,0,4,41.752000000000002
2,1.8.0,GCC,14.2.0,Release,Linux,effective_cpu_capacity=4,4,1,linux_sched_affinity+cgroup_cpu_quota,4,4,admission_fairness,small_request_3,completion_rank,rank,4,parallel_for,one_large_exact_plus_eight_small_exact,,not_applicable,Adaptive,1,1,1,1,1,1,1,0,not_nested,1,wait,granted,30.946000000000002,not_requested,1,,0,30,single,2,25174054,1,0,4,30.946000000000002
2,1.8.0,GCC,14.2.0,Release,Linux,effective_cpu_capacity=4,4,1,linux_sched_affinity+cgroup_cpu_quota,4,4,admission_fairness,small_request_4,completion_rank,rank,6,parallel_for,one_large_exact_plus_eight_small_exact,,not_applicable,Adaptive,1,1,1,1,1,1,1,0,not_nested,1,wait,granted,1180.297,not_requested,1,,0,30,single,2,25174054,1,0,4,1180.297
2,1.8.0,GCC,14.2.0,Release,Linux,effective_cpu_capacity=4,4,1,linux_sched_affinity+cgroup_cpu_quota,4,4,admission_fairness,small_request_5,completion_rank,rank,8,parallel_for,one_large_exact_plus_eight_small_exact,,not_applicable,Adaptive,1,1,1,1,1,1,1,0,not_nested,1,wait,granted,1151.7750000000001,not_requested,1,,0,30,single,2,25174054,1,0,4,1151.7750000000001
2,1.8.0,GCC,14.2.0,Release,Linux,effective_cpu_capacity=4,4,1,linux_sched_affinity+cgroup_cpu_quota,4,4,admission_fairness,small_request_6,completion_rank,rank,7,parallel_for,one_large_exact_plus_eight_small_exact,,not_applicable,Adaptive,1,1,1,1,1,1,1,0,not_nested,1,wait,granted,1130.8630000000001,not_requested,1,,0,30,single,2,25174054,1,0,4,1130.8630000000001
2,1.8.0,GCC,14.2.0,Release,Linux,effective_cpu_capacity=4,4,1,linux_sched_affinity+cgroup_cpu_quota,4,4,admission_fairness,small_request_7,completion_rank,rank,9,parallel_for,one_large_exact_plus_eight_small_exact,,not_applicable,Adaptive,1,1,1,1,1,1,1,0,not_nested,1,wait,granted,1109.0509999999999,not_requested,1,,0,30,single,2,25174054,1,0,4,1109.0509999999999
2,1.8.0,GCC,14.2.0,Release,Linux,effective_cpu_capacity=4,4,1,linux_sched_affinity+cgroup_cpu_quota,4,4,adaptive_partial_grant,available_one_of_preferred_budget,granted_workers,threads,1,parallel_for,,thread_pool,not_applicable,Adaptive,4,1,4,4,1,1,1,0,not_nested,0,wait,granted,0.26100000000000001,not_requested,1,,0.096374000000000001,30,single,2,25174054,1,1,0,0
2,1.8.0,GCC,14.2.0,Release,Linux,effective_cpu_capacity=4,4,1,linux_sched_affinity+cgroup_cpu_quota,4,4,nested_execution,depth_1,peak_participation,threads,1,parallel_for,depth=1;leaves=2,thread_pool,not_applicable,Adaptive,2,1,2,4,2,2,1,0,not_nested,0,wait,granted,0.24099999999999999,not_requested,1,,0.025488,30,single,2,25174054,1,1,0,0
2,1.8.0,GCC,14.2.0,Release,Linux,effective_cpu_capacity=4,4,1,linux_sched_affinity+cgroup_cpu_quota,4,4,nested_execution,depth_2,peak_participation,threads,1,parallel_for,depth=2;leaves=4,thread_pool,not_applicable,Adaptive,2,1,2,4,2,2,1,0,not_nested,0,wait,granted,0.29099999999999998,not_requested,1,,0.015583,30,single,2,25174054,1,1,0,0
2,1.8.0,GCC,14.2.0,Release,Linux,effective_cpu_capacity=4,4,1,linux_sched_affinity+cgroup_cpu_quota,4,4,nested_execution,depth_3,peak_participation,threads,1,parallel_for,depth=3;leaves=8,thread_pool,not_applicable,Adaptive,2,1,2,4,2,2,1,0,not_nested,0,wait,granted,0.221,not_requested,1,,0.021492000000000001,30,single,2,25174054,1,1,0,0
2,1.8.0,GCC,14.2.0,Release,Linux,effective_cpu_capacity=4,4,1,linux_sched_affinity+cgroup_cpu_quota,4,4,nested_execution,depth_4,peak_participation,threads,1,parallel_for,depth=4;leaves=16,thread_pool,not_applicable,Adaptive,2,1,2,4,2,2,1,0,not_nested,0,wait,granted,0.251,not_requested,1,,0.023535,30,single,2,25174054,1,1,0,0
2,1.8.0,GCC,14.2.0,Release,Linux,effective_cpu_capacity=4,4,1,linux_sched_affinity+cgroup_cpu_quota,1,1,scheduler_comparison,sequential,duration,ms,0.422379,parallel_for,,sequential,not_applicable,Adaptive,1,1,1,1,1,1,1,0,not_nested,0,wait,granted,0.221,not_requested,1,5314921549994187984,0.422379,30,single,2,25174054,1,1,0,0
2,1.8.0,GCC,14.2.0,Release,Linux,effective_cpu_capacity=4,4,1,linux_sched_affinity+cgroup_cpu_quota,4,4,scheduler_comparison,thread_pool,duration,ms,0.20489499999999999,parallel_for,,thread_pool,not_applicable,Adaptive,4,1,4,4,4,4,3,0,not_nested,0,wait,granted,0.23999999999999999,not_requested,1,5314921549994187984,0.20489499999999999,30,single,2,25174054,1,3,0,0
2,1.8.0,GCC,14.2.0,Release,Linux,effective_cpu_capacity=4,4,1,linux_sched_affinity+cgroup_cpu_quota,4,4,scheduler_comparison,static_thread,duration,ms,0.20630699999999999,parallel_for,,static_thread,not_applicable,Adaptive,4,1,4,4,4,4,4,0,not_nested,0,wait,granted,0.32100000000000001,not_requested,1,5314921549994187984,0.20630699999999999,30,single,2,25174054,1,4,0,0
2,1.8.0,GCC,14.2.0,Release,Linux,effective_cpu_capacity=4,4,1,linux_sched_affinity+cgroup_cpu_quota,4,4,deterministic_exact_grant,success,accepted,boolean,1,parallel_for,,thread_pool,not_applicable,Deterministic,4,4,4,4,4,4,1,0,not_nested,1,fail_immediately,granted,0.49099999999999999,not_requested,1,,0,30,single,2,25174054,1,0,0,0
2,1.8.0,GCC,14.2.0,Release,Linux,effective_cpu_capacity=4,4,1,linux_sched_affinity+cgroup_cpu_quota,4,4,deterministic_exact_grant,insufficient_budget_failure,accepted,boolean,1,parallel_for,,,not_applicable,Deterministic,4,4,4,4,0,0,0,0,not_nested,1,fail_immediately,would_block,0,not_requested,1,,0,30,single,2,25174054,1,0,0,0
2,1.8.0,GCC,14.2.0,Release,Linux,effective_cpu_capacity=4,4,1,linux_sched_affinity+cgroup_cpu_quota,4,4,governed_vs_ungoverned,governed,batch_wall_time,ms,2.4175179999999998,parallel_for,runtimes=2;items_per_runtime=128,thread_pool,not_applicable,Adaptive,4,1,4,4,4,4,3,0,not_nested,0,wait,granted,1161.519,not_requested,1,14754973877547064749,2.4175179999999998,30,governed_then_ungoverned,2,25174054,2,3,0,0
2,1.8.0,GCC,14.2.0,Release,Linux,effective_cpu_capacity=4,4,1,linux_sched_affinity+cgroup_cpu_quota,4,4,governed_vs_ungoverned,governed,throughput,operations_per_second,827.29477091794149,parallel_for,runtimes=2;items_per_runtime=128,thread_pool,not_applicable,Adaptive,4,1,4,4,4,4,3,0,not_nested,0,wait,granted,1161.519,not_requested,1,14754973877547064749,2.4175179999999998,30,governed_then_ungoverned,2,25174054,2,3,0,0
2,1.8.0,GCC,14.2.0,Release,Linux,effective_cpu_capacity=4,4,1,linux_sched_affinity+cgroup_cpu_quota,4,4,governed_vs_ungoverned,governed,peak_participation,threads,3,parallel_for,runtimes=2;items_per_runtime=128,thread_pool,not_applicable,Adaptive,4,1,4,4,4,4,3,0,not_nested,0,wait,granted,1161.519,not_requested,1,14754973877547064749,2.4175179999999998,30,governed_then_ungoverned,2,25174054,2,3,0,0
2,1.8.0,GCC,14.2.0,Release,Linux,effective_cpu_capacity=4,4,1,linux_sched_affinity+cgroup_cpu_quota,4,4,runtime_latency,governed_runtime_0,completion_latency,ms,2.361685,parallel_for,runtimes=2;items_per_runtime=128,thread_pool,not_applicable,Adaptive,4,1,4,4,4,4,3,0,not_nested,0,wait,granted,1161.519,not_requested,1,14754973877547064749,2.361685,30,governed_then_ungoverned,2,25174054,1,3,0,0
2,1.8.0,GCC,14.2.0,Release,Linux,effective_cpu_capacity=4,4,1,linux_sched_affinity+cgroup_cpu_quota,4,4,runtime_latency,governed_runtime_1,completion_latency,ms,1.1620189999999999,parallel_for,runtimes=2;items_per_runtime=128,thread_pool,not_applicable,Adaptive,4,1,4,4,4,4,3,0,not_nested,0,wait,granted,1.1120000000000001,not_requested,1,14754973877547064749,1.1620189999999999,30,governed_then_ungoverned,2,25174054,1,3,0,0
2,1.8.0,GCC,14.2.0,Release,Linux,effective_cpu_capacity=4,4,1,linux_sched_affinity+cgroup_cpu_quota,4,4,governed_vs_ungoverned,ungoverned,batch_wall_time,ms,2.3416160000000001,parallel_for,runtimes=2;items_per_runtime=128,thread_pool,not_applicable,Adaptive,4,1,4,4,4,4,2,0,not_nested,0,wait,granted,0.81100000000000005,not_requested,1,14754973877547064749,2.3416160000000001,30,governed_then_ungoverned,2,25174054,2,3,0,0
2,1.8.0,GCC,14.2.0,Release,Linux,effective_cpu_capacity=4,4,1,linux_sched_affinity+cgroup_cpu_quota,4,4,governed_vs_ungoverned,ungoverned,throughput,operations_per_second,854.11100709937057,parallel_for,runtimes=2;items_per_runtime=128,thread_pool,not_applicable,Adaptive,4,1,4,4,4,4,2,0,not_nested,0,wait,granted,0.81100000000000005,not_requested,1,14754973877547064749,2.3416160000000001,30,governed_then_ungoverned,2,25174054,2,3,0,0
2,1.8.0,GCC,14.2.0,Release,Linux,effective_cpu_capacity=4,4,1,linux_sched_affinity+cgroup_cpu_quota,4,4,governed_vs_ungoverned,ungoverned,peak_participation,threads,3,parallel_for,runtimes=2;items_per_runtime=128,thread_pool,not_applicable,Adaptive,4,1,4,4,4,4,2,0,not_nested,0,wait,granted,0.81100000000000005,not_requested,1,14754973877547064749,2.3416160000000001,30,governed_then_ungoverned,2,25174054,2,3,0,0
2,1.8.0,GCC,14.2.0,Release,Linux,effective_cpu_capacity=4,4,1,linux_sched_affinity+cgroup_cpu_quota,4,4,runtime_latency,ungoverned_runtime_0,completion_latency,ms,2.2640199999999999,parallel_for,runtimes=2;items_per_runtime=128,thread_pool,not_applicable,Adaptive,4,1,4,4,4,4,2,0,not_nested,0,wait,granted,0.81100000000000005,not_requested,1,14754973877547064749,2.2640199999999999,30,governed_then_ungoverned,2,25174054,1,3,0,0
2,1.8.0,GCC,14.2.0,Release,Linux,effective_cpu_capacity=4,4,1,linux_sched_affinity+cgroup_cpu_quota,4,4,runtime_latency,ungoverned_runtime_1,completion_latency,ms,2.2681260000000001,parallel_for,runtimes=2;items_per_runtime=128,thread_pool,not_applicable,Adaptive,4,1,4,4,4,4,3,0,not_nested,0,wait,granted,0.751,not_requested,1,14754973877547064749,2.2681260000000001,30,governed_then_ungoverned,2,25174054,1,3,0,0
2,1.8.0,GCC,14.2.0,Release,Linux,effective_cpu_capacity=4,4,1,linux_sched_affinity+cgroup_cpu_quota,4,4,governed_vs_ungoverned,governed_2_runtimes,batch_wall_time,ms,0.20705799999999999,parallel_for,runtimes=2;items_per_runtime=32,thread_pool,not_applicable,Adaptive,4,1,4,4,4,4,2,0,not_nested,0,wait,granted,0.93100000000000005,not_requested,1,10831286851329034220,0.20705799999999999,30,single,2,25174054,2,3,0,0
2,1.8.0,GCC,14.2.0,Release,Linux,effective_cpu_capacity=4,4,1,linux_sched_affinity+cgroup_cpu_quota,4,4,governed_vs_ungoverned,governed_2_runtimes,throughput,operations_per_second,9659.1293260825478,parallel_for,runtimes=2;items_per_runtime=32,thread_pool,not_applicable,Adaptive,4,1,4,4,4,4,2,0,not_nested,0,wait,granted,0.93100000000000005,not_requested,1,10831286851329034220,0.20705799999999999,30,single,2,25174054,2,3,0,0
2,1.8.0,GCC,14.2.0,Release,Linux,effective_cpu_capacity=4,4,1,linux_sched_affinity+cgroup_cpu_quota,4,4,governed_vs_ungoverned,governed_2_runtimes,peak_participation,threads,3,parallel_for,runtimes=2;items_per_runtime=32,thread_pool,not_applicable,Adaptive,4,1,4,4,4,4,2,0,not_nested,0,wait,granted,0.93100000000000005,not_requested,1,10831286851329034220,0.20705799999999999,30,single,2,25174054,2,3,0,0
2,1.8.0,GCC,14.2.0,Release,Linux,effective_cpu_capacity=4,4,1,linux_sched_affinity+cgroup_cpu_quota,4,4,runtime_latency,governed_2_runtimes_runtime_0,completion_latency,ms,0.064105999999999996,parallel_for,runtimes=2;items_per_runtime=32,thread_pool,not_applicable,Adaptive,4,1,4,4,4,4,2,0,not_nested,0,wait,granted,0.93100000000000005,not_requested,1,10831286851329034220,0.064105999999999996,30,single,2,25174054,1,3,0,0
2,1.8.0,GCC,14.2.0,Release,Linux,effective_cpu_capacity=4,4,1,linux_sched_affinity+cgroup_cpu_quota,4,4,runtime_latency,governed_2_runtimes_runtime_1,completion_latency,ms,0.13206699999999999,parallel_for,runtimes=2;items_per_runtime=32,thread_pool,not_applicable,Adaptive,4,1,4,4,4,4,4,0,not_nested,0,wait,granted,61.921999999999997,not_requested,1,10831286851329034220,0.13206699999999999,30,single,2,25174054,1,3,0,0
2,1.8.0,GCC,14.2.0,Release,Linux,effective_cpu_capacity=4,4,1,linux_sched_affinity+cgroup_cpu_quota,4,4,governed_vs_ungoverned,governed_4_runtimes,batch_wall_time,ms,0.34691699999999998,parallel_for,runtimes=4;items_per_runtime=32,thread_pool,not_applicable,Adaptive,4,1,4,4,4,4,2,0,not_nested,0,wait,granted,63.795000000000002,not_requested,1,7589314552514409162,0.34691699999999998,30,single,2,25174054,4,2,0,0
2,1.8.0,GCC,14.2.0,Release,Linux,effective_cpu_capacity=4,4,1,linux_sched_affinity+cgroup_cpu_quota,4,4,governed_vs_ungoverned,governed_4_runtimes,throughput,operations_per_second,11530.135450266203,parallel_for,runtimes=4;items_per_runtime=32,thread_pool,not_applicable,Adaptive,4,1,4,4,4,4,2,0,not_nested,0,wait,granted,63.795000000000002,not_requested,1,7589314552514409162,0.34691699999999998,30,single,2,25174054,4,2,0,0
2,1.8.0,GCC,14.2.0,Release,Linux,effective_cpu_capacity=4,4,1,linux_sched_affinity+cgroup_cpu_quota,4,4,governed_vs_ungoverned,governed_4_runtimes,peak_participation,threads,2,parallel_for,runtimes=4;items_per_runtime=32,thread_pool,not_applicable,Adaptive,4,1,4,4,4,4,2,0,not_nested,0,wait,granted,63.795000000000002,not_requested,1,7589314552514409162,0.34691699999999998,30,single,2,25174054,4,2,0,0
2,1.8.0,GCC,14.2.0,Release,Linux,effective_cpu_capacity=4,4,1,linux_sched_affinity+cgroup_cpu_quota,4,4,runtime_latency,governed_4_runtimes_runtime_0,completion_latency,ms,0.153058,parallel_for,runtimes=4;items_per_runtime=32,thread_pool,not_applicable,Adaptive,4,1,4,4,4,4,2,0,not_nested,0,wait,granted,63.795000000000002,not_requested,1,7589314552514409162,0.153058,30,single,2,25174054,1,2,0,0
2,1.8.0,GCC,14.2.0,Release,Linux,effective_cpu_capacity=4,4,1,linux_sched_affinity+cgroup_cpu_quota,4,4,runtime_latency,governed_4_runtimes_runtime_1,completion_latency,ms,0.061822000000000002,parallel_for,runtimes=4;items_per_runtime=32,thread_pool,not_applicable,Adaptive,4,1,4,4,4,4,2,0,not_nested,0,wait,granted,0.80200000000000005,not_requested,1,7589314552514409162,0.061822000000000002,30,single,2,25174054,1,2,0,0
2,1.8.0,GCC,14.2.0,Release,Linux,effective_cpu_capacity=4,4,1,linux_sched_affinity+cgroup_cpu_quota,4,4,runtime_latency,governed_4_runtimes_runtime_2,completion_latency,ms,0.227218,parallel_for,runtimes=4;items_per_runtime=32,thread_pool,not_applicable,Adaptive,4,1,4,4,4,4,2,0,not_nested,0,wait,granted,151.01400000000001,not_requested,1,7589314552514409162,0.227218,30,single,2,25174054,1,2,0,0
2,1.8.0,GCC,14.2.0,Release,Linux,effective_cpu_capacity=4,4,1,linux_sched_affinity+cgroup_cpu_quota,4,4,runtime_latency,governed_4_runtimes_runtime_3,completion_latency,ms,0.26771899999999998,parallel_for,runtimes=4;items_per_runtime=32,thread_pool,not_applicable,Adaptive,4,1,4,4,4,4,1,0,not_nested,0,wait,granted,215.55000000000001,not_requested,1,7589314552514409162,0.26771899999999998,30,single,2,25174054,1,2,0,0
2,1.8.0,GCC,14.2.0,Release,Linux,effective_cpu_capacity=4,4,1,linux_sched_affinity+cgroup_cpu_quota,4,4,governed_vs_ungoverned,governed_8_runtimes,batch_wall_time,ms,0.81516299999999997,parallel_for,runtimes=8;items_per_runtime=32,thread_pool,not_applicable,Adaptive,4,1,4,4,4,4,2,0,not_nested,0,wait,granted,550.10900000000004,not_requested,1,3424649268515386025,0.81516299999999997,30,single,2,25174054,8,3,0,0
2,1.8.0,GCC,14.2.0,Release,Linux,effective_cpu_capacity=4,4,1,linux_sched_affinity+cgroup_cpu_quota,4,4,governed_vs_ungoverned,governed_8_runtimes,throughput,operations_per_second,9813.9881226208745,parallel_for,runtimes=8;items_per_runtime=32,thread_pool,not_applicable,Adaptive,4,1,4,4,4,4,2,0,not_nested,0,wait,granted,550.10900000000004,not_requested,1,3424649268515386025,0.81516299999999997,30,single,2,25174054,8,3,0,0
2,1.8.0,GCC,14.2.0,Release,Linux,effective_cpu_capacity=4,4,1,linux_sched_affinity+cgroup_cpu_quota,4,4,governed_vs_ungoverned,governed_8_runtimes,peak_participation,threads,3,parallel_for,runtimes=8;items_per_runtime=32,thread_pool,not_applicable,Adaptive,4,1,4,4,4,4,2,0,not_nested,0,wait,granted,550.10900000000004,not_requested,1,3424649268515386025,0.81516299999999997,30,single,2,25174054,8,3,0,0
2,1.8.0,GCC,14.2.0,Release,Linux,effective_cpu_capacity=4,4,1,linux_sched_affinity+cgroup_cpu_quota,4,4,runtime_latency,governed_8_runtimes_runtime_0,completion_latency,ms,0.60176600000000002,parallel_for,runtimes=8;items_per_runtime=32,thread_pool,not_applicable,Adaptive,4,1,4,4,4,4,2,0,not_nested,0,wait,granted,550.10900000000004,not_requested,1,3424649268515386025,0.60176600000000002,30,single,2,25174054,1,3,0,0
2,1.8.0,GCC,14.2.0,Release,Linux,effective_cpu_capacity=4,4,1,linux_sched_affinity+cgroup_cpu_quota,4,4,runtime_latency,governed_8_runtimes_runtime_1,completion_latency,ms,0.17929700000000001,parallel_for,runtimes=8;items_per_runtime=32,thread_pool,not_applicable,Adaptive,4,1,4,4,4,4,2,0,not_nested,0,wait,granted,81.872,not_requested,1,3424649268515386025,0.17929700000000001,30,single,2,25174054,1,3,0,0
2,1.8.0,GCC,14.2.0,Release,Linux,effective_cpu_capacity=4,4,1,linux_sched_affinity+cgroup_cpu_quota,4,4,runtime_latency,governed_8_runtimes_runtime_2,completion_latency,ms,0.433255,parallel_for,runtimes=8;items_per_runtime=32,thread_pool,not_applicable,Adaptive,4,1,4,4,4,4,4,0,not_nested,0,wait,granted,363.601,not_requested,1,3424649268515386025,0.433255,30,single,2,25174054,1,3,0,0
2,1.8.0,GCC,14.2.0,Release,Linux,effective_cpu_capacity=4,4,1,linux_sched_affinity+cgroup_cpu_quota,4,4,runtime_latency,governed_8_runtimes_runtime_3,completion_latency,ms,0.079938999999999996,parallel_for,runtimes=8;items_per_runtime=32,thread_pool,not_applicable,Adaptive,4,1,4,4,4,4,2,0,not_nested,0,wait,granted,0.84199999999999997,not_requested,1,3424649268515386025,0.079938999999999996,30,single,2,25174054,1,3,0,0
2,1.8.0,GCC,14.2.0,Release,Linux,effective_cpu_capacity=4,4,1,linux_sched_affinity+cgroup_cpu_quota,4,4,runtime_latency,governed_8_runtimes_runtime_4,completion_latency,ms,0.359655,parallel_for,runtimes=8;items_per_runtime=32,thread_pool,not_applicable,Adaptive,4,1,4,4,4,4,2,0,not_nested,0,wait,granted,288.10899999999998,not_requested,1,3424649268515386025,0.359655,30,single,2,25174054,1,3,0,0
2,1.8.0,GCC,14.2.0,Release,Linux,effective_cpu_capacity=4,4,1,linux_sched_affinity+cgroup_cpu_quota,4,4,runtime_latency,governed_8_runtimes_runtime_5,completion_latency,ms,0.561886,parallel_for,runtimes=8;items_per_runtime=32,thread_pool,not_applicable,Adaptive,4,1,4,4,4,4,3,0,not_nested,0,wait,granted,472.78399999999999,not_requested,1,3424649268515386025,0.561886,30,single,2,25174054,1,3,0,0
2,1.8.0,GCC,14.2.0,Release,Linux,effective_cpu_capacity=4,4,1,linux_sched_affinity+cgroup_cpu_quota,4,4,runtime_latency,governed_8_runtimes_runtime_6,completion_latency,ms,0.47814200000000001,parallel_for,runtimes=8;items_per_runtime=32,thread_pool,not_applicable,Adaptive,4,1,4,4,4,4,3,0,not_nested,0,wait,granted,420.72699999999998,not_requested,1,3424649268515386025,0.47814200000000001,30,single,2,25174054,1,3,0,0
2,1.8.0,GCC,14.2.0,Release,Linux,effective_cpu_capacity=4,4,1,linux_sched_affinity+cgroup_cpu_quota,4,4,runtime_latency,governed_8_runtimes_runtime_7,completion_latency,ms,0.27220499999999997,parallel_for,runtimes=8;items_per_runtime=32,thread_pool,not_applicable,Adaptive,4,1,4,4,4,4,3,0,not_nested,0,wait,granted,171.976,not_requested,1,3424649268515386025,0.27220499999999997,30,single,2,25174054,1,3,0,0
2,1.8.0,GCC,14.2.0,Release,Linux,effective_cpu_capacity=4,4,1,linux_sched_affinity+cgroup_cpu_quota,1,1,governed_vs_ungoverned,budget_1,batch_wall_time,ms,0.13201599999999999,parallel_for,runtimes=2;items_per_runtime=32,thread_pool,not_applicable,Adaptive,1,1,1,1,1,1,1,0,not_nested,0,wait,granted,1.1619999999999999,not_requested,1,10831286851329034220,0.13201599999999999,30,single,2,25174054,2,1,0,0
2,1.8.0,GCC,14.2.0,Release,Linux,effective_cpu_capacity=4,4,1,linux_sched_affinity+cgroup_cpu_quota,1,1,governed_vs_ungoverned,budget_1,throughput,operations_per_second,15149.678826808873,parallel_for,runtimes=2;items_per_runtime=32,thread_pool,not_applicable,Adaptive,1,1,1,1,1,1,1,0,not_nested,0,wait,granted,1.1619999999999999,not_requested,1,10831286851329034220,0.13201599999999999,30,single,2,25174054,2,1,0,0
2,1.8.0,GCC,14.2.0,Release,Linux,effective_cpu_capacity=4,4,1,linux_sched_affinity+cgroup_cpu_quota,1,1,governed_vs_ungoverned,budget_1,peak_participation,threads,1,parallel_for,runtimes=2;items_per_runtime=32,thread_pool,not_applicable,Adaptive,1,1,1,1,1,1,1,0,not_nested,0,wait,granted,1.1619999999999999,not_requested,1,10831286851329034220,0.13201599999999999,30,single,2,25174054,2,1,0,0
2,1.8.0,GCC,14.2.0,Release,Linux,effective_cpu_capacity=4,4,1,linux_sched_affinity+cgroup_cpu_quota,1,1,runtime_latency,budget_1_runtime_0,completion_latency,ms,0.046038000000000003,parallel_for,runtimes=2;items_per_runtime=32,thread_pool,not_applicable,Adaptive,1,1,1,1,1,1,1,0,not_nested,0,wait,granted,1.1619999999999999,not_requested,1,10831286851329034220,0.046038000000000003,30,single,2,25174054,1,1,0,0
2,1.8.0,GCC,14.2.0,Release,Linux,effective_cpu_capacity=4,4,1,linux_sched_affinity+cgroup_cpu_quota,1,1,runtime_latency,budget_1_runtime_1,completion_latency,ms,0.078908000000000006,parallel_for,runtimes=2;items_per_runtime=32,thread_pool,not_applicable,Adaptive,1,1,1,1,1,1,1,0,not_nested,0,wait,granted,41.582000000000001,not_requested,1,10831286851329034220,0.078908000000000006,30,single,2,25174054,1,1,0,0
2,1.8.0,GCC,14.2.0,Release,Linux,effective_cpu_capacity=4,4,1,linux_sched_affinity+cgroup_cpu_quota,2,2,governed_vs_ungoverned,budget_2,batch_wall_time,ms,0.15981799999999999,parallel_for,runtimes=2;items_per_runtime=32,thread_pool,not_applicable,Adaptive,2,1,2,2,2,2,2,0,not_nested,0,wait,granted,0.56100000000000005,not_requested,1,10831286851329034220,0.15981799999999999,30,single,2,25174054,2,2,0,0
2,1.8.0,GCC,14.2.0,Release,Linux,effective_cpu_capacity=4,4,1,linux_sched_affinity+cgroup_cpu_quota,2,2,governed_vs_ungoverned,budget_2,throughput,operations_per_second,12514.234942246807,parallel_for,runtimes=2;items_per_runtime=32,thread_pool,not_applicable,Adaptive,2,1,2,2,2,2,2,0,not_nested,0,wait,granted,0.56100000000000005,not_requested,1,10831286851329034220,0.15981799999999999,30,single,2,25174054,2,2,0,0
2,1.8.0,GCC,14.2.0,Release,Linux,effective_cpu_capacity=4,4,1,linux_sched_affinity+cgroup_cpu_quota,2,2,governed_vs_ungoverned,budget_2,peak_participation,threads,2,parallel_for,runtimes=2;items_per_runtime=32,thread_pool,not_applicable,Adaptive,2,1,2,2,2,2,2,0,not_nested,0,wait,granted,0.56100000000000005,not_requested,1,10831286851329034220,0.15981799999999999,30,single,2,25174054,2,2,0,0
2,1.8.0,GCC,14.2.0,Release,Linux,effective_cpu_capacity=4,4,1,linux_sched_affinity+cgroup_cpu_quota,2,2,runtime_latency,budget_2_runtime_0,completion_latency,ms,0.052288000000000001,parallel_for,runtimes=2;items_per_runtime=32,thread_pool,not_applicable,Adaptive,2,1,2,2,2,2,2,0,not_nested,0,wait,granted,0.56100000000000005,not_requested,1,10831286851329034220,0.052288000000000001,30,single,2,25174054,1,2,0,0
2,1.8.0,GCC,14.2.0,Release,Linux,effective_cpu_capacity=4,4,1,linux_sched_affinity+cgroup_cpu_quota,2,2,runtime_latency,budget_2_runtime_1,completion_latency,ms,0.098766999999999994,parallel_for,runtimes=2;items_per_runtime=32,thread_pool,not_applicable,Adaptive,2,1,2,2,2,2,2,0,not_nested,0,wait,granted,50.185000000000002,not_requested,1,10831286851329034220,0.098766999999999994,30,single,2,25174054,1,2,0,0
2,1.8.0,GCC,14.2.0,Release,Linux,effective_cpu_capacity=4,4,1,linux_sched_affinity+cgroup_cpu_quota,4,4,governed_vs_ungoverned,budget_4,batch_wall_time,ms,0.20952200000000001,parallel_for,runtimes=2;items_per_runtime=64,thread_pool,not_applicable,Adaptive,4,1,4,4,4,4,3,0,not_nested,0,wait,granted,1.4119999999999999,not_requested,1,7589314552514409162,0.20952200000000001,30,single,2,25174054,2,3,0,0
2,1.8.0,GCC,14.2.0,Release,Linux,effective_cpu_capacity=4,4,1,linux_sched_affinity+cgroup_cpu_quota,4,4,governed_vs_ungoverned,budget_4,throughput,operations_per_second,9545.5369841830452,parallel_for,runtimes=2;items_per_runtime=64,thread_pool,not_applicable,Adaptive,4,1,4,4,4,4,3,0,not_nested,0,wait,granted,1.4119999999999999,not_requested,1,7589314552514409162,0.20952200000000001,30,single,2,25174054,2,3,0,0
2,1.8.0,GCC,14.2.0,Release,Linux,effective_cpu_capacity=4,4,1,linux_sched_affinity+cgroup_cpu_quota,4,4,governed_vs_ungoverned,budget_4,peak_participation,threads,3,parallel_for,runtimes=2;items_per_runtime=64,thread_pool,not_applicable,Adaptive,4,1,4,4,4,4,3,0,not_nested,0,wait,granted,1.4119999999999999,not_requested,1,7589314552514409162,0.20952200000000001,30,single,2,25174054,2,3,0,0
2,1.8.0,GCC,14.2.0,Release,Linux,effective_cpu_capacity=4,4,1,linux_sched_affinity+cgroup_cpu_quota,4,4,runtime_latency,budget_4_runtime_0,completion_latency,ms,0.087790000000000007,parallel_for,runtimes=2;items_per_runtime=64,thread_pool,not_applicable,Adaptive,4,1,4,4,4,4,3,0,not_nested,0,wait,granted,1.4119999999999999,not_requested,1,7589314552514409162,0.087790000000000007,30,single,2,25174054,1,3,0,0
2,1.8.0,GCC,14.2.0,Release,Linux,effective_cpu_capacity=4,4,1,linux_sched_affinity+cgroup_cpu_quota,4,4,runtime_latency,budget_4_runtime_1,completion_latency,ms,0.15632299999999999,parallel_for,runtimes=2;items_per_runtime=64,thread_pool,not_applicable,Adaptive,4,1,4,4,4,4,3,0,not_nested,0,wait,granted,92.438000000000002,not_requested,1,7589314552514409162,0.15632299999999999,30,single,2,25174054,1,3,0,0
