schema_version,benchmark_version,smartparallel_version,compiler,operating_system,architecture,cpu_description,operation,data_type,workload_size,view_layout,stride,phase,repetition,duration_ms,result_bits,reference,absolute_error,relative_error,correctness_pass,reproducibility_pass,route_authentication_pass,numerical_capability_pass,scheduler,numerical_policy,evaluation_order,accumulation_algorithm,canonical_plan,requested_scheduler,worker_budget,actual_workers
1,1.6.0,1.6.0,MSVC 1944,Windows,x86_64,unreported,sum,double,1024,contiguous,1,first_call,0,0.73399999999999999,4642632424477329671,239.54976066674161,5.6843418860808015e-14,2.3729273910604242e-16,1,1,1,1,ThreadPool,Fast,adaptive,native,none,ThreadPool,8,8
1,1.6.0,1.6.0,MSVC 1944,Windows,x86_64,unreported,sum,double,1024,contiguous,1,stable,1,0.030800000000000001,4642632424477329671,239.54976066674161,5.6843418860808015e-14,2.3729273910604242e-16,1,1,1,1,ThreadPool,Fast,adaptive,native,none,ThreadPool,8,8
1,1.6.0,1.6.0,MSVC 1944,Windows,x86_64,unreported,sum,double,1024,contiguous,1,stable,2,0.013299999999999999,4642632424477329671,239.54976066674161,5.6843418860808015e-14,2.3729273910604242e-16,1,1,1,1,ThreadPool,Fast,adaptive,native,none,ThreadPool,8,8
1,1.6.0,1.6.0,MSVC 1944,Windows,x86_64,unreported,sum,double,1024,contiguous,1,stable,3,0.018800000000000001,4642632424477329671,239.54976066674161,5.6843418860808015e-14,2.3729273910604242e-16,1,1,1,1,ThreadPool,Fast,adaptive,native,none,ThreadPool,8,8
1,1.6.0,1.6.0,MSVC 1944,Windows,x86_64,unreported,sum,double,1024,contiguous,1,stable,4,0.018599999999999998,4642632424477329671,239.54976066674161,5.6843418860808015e-14,2.3729273910604242e-16,1,1,1,1,ThreadPool,Fast,adaptive,native,none,ThreadPool,8,8
1,1.6.0,1.6.0,MSVC 1944,Windows,x86_64,unreported,sum,double,1024,contiguous,1,stable,5,0.0138,4642632424477329671,239.54976066674161,5.6843418860808015e-14,2.3729273910604242e-16,1,1,1,1,ThreadPool,Fast,adaptive,native,none,ThreadPool,8,8
1,1.6.0,1.6.0,MSVC 1944,Windows,x86_64,unreported,sum,double,1024,contiguous,1,stable,6,0.0103,4642632424477329671,239.54976066674161,5.6843418860808015e-14,2.3729273910604242e-16,1,1,1,1,ThreadPool,Fast,adaptive,native,none,ThreadPool,8,8
1,1.6.0,1.6.0,MSVC 1944,Windows,x86_64,unreported,sum,double,1024,contiguous,1,stable,7,0.010200000000000001,4642632424477329671,239.54976066674161,5.6843418860808015e-14,2.3729273910604242e-16,1,1,1,1,ThreadPool,Fast,adaptive,native,none,ThreadPool,8,8
1,1.6.0,1.6.0,MSVC 1944,Windows,x86_64,unreported,sum,double,1024,contiguous,1,stable,8,0.011299999999999999,4642632424477329671,239.54976066674161,5.6843418860808015e-14,2.3729273910604242e-16,1,1,1,1,ThreadPool,Fast,adaptive,native,none,ThreadPool,8,8
1,1.6.0,1.6.0,MSVC 1944,Windows,x86_64,unreported,sum,double,1024,contiguous,1,stable,9,0.010999999999999999,4642632424477329671,239.54976066674161,5.6843418860808015e-14,2.3729273910604242e-16,1,1,1,1,ThreadPool,Fast,adaptive,native,none,ThreadPool,8,8
1,1.6.0,1.6.0,MSVC 1944,Windows,x86_64,unreported,sum,double,1024,contiguous,1,stable,10,0.0106,4642632424477329671,239.54976066674161,5.6843418860808015e-14,2.3729273910604242e-16,1,1,1,1,ThreadPool,Fast,adaptive,native,none,ThreadPool,8,8
1,1.6.0,1.6.0,MSVC 1944,Windows,x86_64,unreported,sum,double,1024,contiguous,1,stable,11,0.0103,4642632424477329671,239.54976066674161,5.6843418860808015e-14,2.3729273910604242e-16,1,1,1,1,ThreadPool,Fast,adaptive,native,none,ThreadPool,8,8
1,1.6.0,1.6.0,MSVC 1944,Windows,x86_64,unreported,sum,double,1024,contiguous,1,stable,12,0.01,4642632424477329671,239.54976066674161,5.6843418860808015e-14,2.3729273910604242e-16,1,1,1,1,ThreadPool,Fast,adaptive,native,none,ThreadPool,8,8
1,1.6.0,1.6.0,MSVC 1944,Windows,x86_64,unreported,sum,double,1024,contiguous,1,stable,13,0.012200000000000001,4642632424477329671,239.54976066674161,5.6843418860808015e-14,2.3729273910604242e-16,1,1,1,1,ThreadPool,Fast,adaptive,native,none,ThreadPool,8,8
1,1.6.0,1.6.0,MSVC 1944,Windows,x86_64,unreported,sum,double,1024,contiguous,1,stable,14,0.010200000000000001,4642632424477329671,239.54976066674161,5.6843418860808015e-14,2.3729273910604242e-16,1,1,1,1,ThreadPool,Fast,adaptive,native,none,ThreadPool,8,8
1,1.6.0,1.6.0,MSVC 1944,Windows,x86_64,unreported,sum,double,1024,contiguous,1,stable,15,0.033500000000000002,4642632424477329671,239.54976066674161,5.6843418860808015e-14,2.3729273910604242e-16,1,1,1,1,ThreadPool,Fast,adaptive,native,none,ThreadPool,8,8
1,1.6.0,1.6.0,MSVC 1944,Windows,x86_64,unreported,sum,double,1024,contiguous,1,stable,16,0.030599999999999999,4642632424477329671,239.54976066674161,5.6843418860808015e-14,2.3729273910604242e-16,1,1,1,1,ThreadPool,Fast,adaptive,native,none,ThreadPool,8,8
1,1.6.0,1.6.0,MSVC 1944,Windows,x86_64,unreported,sum,double,1024,contiguous,1,stable,17,0.019699999999999999,4642632424477329671,239.54976066674161,5.6843418860808015e-14,2.3729273910604242e-16,1,1,1,1,ThreadPool,Fast,adaptive,native,none,ThreadPool,8,8
1,1.6.0,1.6.0,MSVC 1944,Windows,x86_64,unreported,sum,double,1024,contiguous,1,stable,18,0.0327,4642632424477329671,239.54976066674161,5.6843418860808015e-14,2.3729273910604242e-16,1,1,1,1,ThreadPool,Fast,adaptive,native,none,ThreadPool,8,8
1,1.6.0,1.6.0,MSVC 1944,Windows,x86_64,unreported,sum,double,1024,contiguous,1,stable,19,0.036200000000000003,4642632424477329671,239.54976066674161,5.6843418860808015e-14,2.3729273910604242e-16,1,1,1,1,ThreadPool,Fast,adaptive,native,none,ThreadPool,8,8
1,1.6.0,1.6.0,MSVC 1944,Windows,x86_64,unreported,sum,double,1024,contiguous,1,stable,20,0.039600000000000003,4642632424477329671,239.54976066674161,5.6843418860808015e-14,2.3729273910604242e-16,1,1,1,1,ThreadPool,Fast,adaptive,native,none,ThreadPool,8,8
1,1.6.0,1.6.0,MSVC 1944,Windows,x86_64,unreported,sum,double,1024,contiguous,1,stable,21,0.042900000000000001,4642632424477329671,239.54976066674161,5.6843418860808015e-14,2.3729273910604242e-16,1,1,1,1,ThreadPool,Fast,adaptive,native,none,ThreadPool,8,8
1,1.6.0,1.6.0,MSVC 1944,Windows,x86_64,unreported,sum,double,1024,contiguous,1,stable,22,0.040099999999999997,4642632424477329671,239.54976066674161,5.6843418860808015e-14,2.3729273910604242e-16,1,1,1,1,ThreadPool,Fast,adaptive,native,none,ThreadPool,8,8
1,1.6.0,1.6.0,MSVC 1944,Windows,x86_64,unreported,sum,double,1024,contiguous,1,stable,23,0.036200000000000003,4642632424477329671,239.54976066674161,5.6843418860808015e-14,2.3729273910604242e-16,1,1,1,1,ThreadPool,Fast,adaptive,native,none,ThreadPool,8,8
1,1.6.0,1.6.0,MSVC 1944,Windows,x86_64,unreported,sum,double,1024,contiguous,1,stable,24,0.072700000000000001,4642632424477329671,239.54976066674161,5.6843418860808015e-14,2.3729273910604242e-16,1,1,1,1,ThreadPool,Fast,adaptive,native,none,ThreadPool,8,8
1,1.6.0,1.6.0,MSVC 1944,Windows,x86_64,unreported,sum,double,1024,contiguous,1,stable,25,0.035200000000000002,4642632424477329671,239.54976066674161,5.6843418860808015e-14,2.3729273910604242e-16,1,1,1,1,ThreadPool,Fast,adaptive,native,none,ThreadPool,8,8
1,1.6.0,1.6.0,MSVC 1944,Windows,x86_64,unreported,sum,double,1024,contiguous,1,stable,26,0.054899999999999997,4642632424477329671,239.54976066674161,5.6843418860808015e-14,2.3729273910604242e-16,1,1,1,1,ThreadPool,Fast,adaptive,native,none,ThreadPool,8,8
1,1.6.0,1.6.0,MSVC 1944,Windows,x86_64,unreported,sum,double,1024,contiguous,1,stable,27,0.0304,4642632424477329671,239.54976066674161,5.6843418860808015e-14,2.3729273910604242e-16,1,1,1,1,ThreadPool,Fast,adaptive,native,none,ThreadPool,8,8
1,1.6.0,1.6.0,MSVC 1944,Windows,x86_64,unreported,sum,double,1024,contiguous,1,stable,28,0.0327,4642632424477329671,239.54976066674161,5.6843418860808015e-14,2.3729273910604242e-16,1,1,1,1,ThreadPool,Fast,adaptive,native,none,ThreadPool,8,8
1,1.6.0,1.6.0,MSVC 1944,Windows,x86_64,unreported,sum,double,1024,contiguous,1,stable,29,0.033700000000000001,4642632424477329671,239.54976066674161,5.6843418860808015e-14,2.3729273910604242e-16,1,1,1,1,ThreadPool,Fast,adaptive,native,none,ThreadPool,8,8
1,1.6.0,1.6.0,MSVC 1944,Windows,x86_64,unreported,sum,double,1024,contiguous,1,stable,30,0.035400000000000001,4642632424477329671,239.54976066674161,5.6843418860808015e-14,2.3729273910604242e-16,1,1,1,1,ThreadPool,Fast,adaptive,native,none,ThreadPool,8,8
1,1.6.0,1.6.0,MSVC 1944,Windows,x86_64,unreported,sum,double,1024,contiguous,1,stable,31,0.045100000000000001,4642632424477329671,239.54976066674161,5.6843418860808015e-14,2.3729273910604242e-16,1,1,1,1,ThreadPool,Fast,adaptive,native,none,ThreadPool,8,8
1,1.6.0,1.6.0,MSVC 1944,Windows,x86_64,unreported,dot,double,1024,contiguous,1,first_call,0,0.041500000000000002,4630844172786283600,40.126874102840368,7.1054273576010019e-15,1.7707403121884458e-16,1,1,1,1,ThreadPool,Fast,adaptive,native,none,ThreadPool,8,8
1,1.6.0,1.6.0,MSVC 1944,Windows,x86_64,unreported,dot,double,1024,contiguous,1,stable,1,0.040800000000000003,4630844172786283600,40.126874102840368,7.1054273576010019e-15,1.7707403121884458e-16,1,1,1,1,ThreadPool,Fast,adaptive,native,none,ThreadPool,8,8
1,1.6.0,1.6.0,MSVC 1944,Windows,x86_64,unreported,dot,double,1024,contiguous,1,stable,2,0.036600000000000001,4630844172786283600,40.126874102840368,7.1054273576010019e-15,1.7707403121884458e-16,1,1,1,1,ThreadPool,Fast,adaptive,native,none,ThreadPool,8,8
1,1.6.0,1.6.0,MSVC 1944,Windows,x86_64,unreported,dot,double,1024,contiguous,1,stable,3,0.041700000000000001,4630844172786283600,40.126874102840368,7.1054273576010019e-15,1.7707403121884458e-16,1,1,1,1,ThreadPool,Fast,adaptive,native,none,ThreadPool,8,8
1,1.6.0,1.6.0,MSVC 1944,Windows,x86_64,unreported,dot,double,1024,contiguous,1,stable,4,0.0385,4630844172786283600,40.126874102840368,7.1054273576010019e-15,1.7707403121884458e-16,1,1,1,1,ThreadPool,Fast,adaptive,native,none,ThreadPool,8,8
1,1.6.0,1.6.0,MSVC 1944,Windows,x86_64,unreported,dot,double,1024,contiguous,1,stable,5,0.039600000000000003,4630844172786283600,40.126874102840368,7.1054273576010019e-15,1.7707403121884458e-16,1,1,1,1,ThreadPool,Fast,adaptive,native,none,ThreadPool,8,8
1,1.6.0,1.6.0,MSVC 1944,Windows,x86_64,unreported,dot,double,1024,contiguous,1,stable,6,0.0424,4630844172786283600,40.126874102840368,7.1054273576010019e-15,1.7707403121884458e-16,1,1,1,1,ThreadPool,Fast,adaptive,native,none,ThreadPool,8,8
1,1.6.0,1.6.0,MSVC 1944,Windows,x86_64,unreported,dot,double,1024,contiguous,1,stable,7,0.039899999999999998,4630844172786283600,40.126874102840368,7.1054273576010019e-15,1.7707403121884458e-16,1,1,1,1,ThreadPool,Fast,adaptive,native,none,ThreadPool,8,8
1,1.6.0,1.6.0,MSVC 1944,Windows,x86_64,unreported,dot,double,1024,contiguous,1,stable,8,0.035700000000000003,4630844172786283600,40.126874102840368,7.1054273576010019e-15,1.7707403121884458e-16,1,1,1,1,ThreadPool,Fast,adaptive,native,none,ThreadPool,8,8
1,1.6.0,1.6.0,MSVC 1944,Windows,x86_64,unreported,dot,double,1024,contiguous,1,stable,9,0.050599999999999999,4630844172786283600,40.126874102840368,7.1054273576010019e-15,1.7707403121884458e-16,1,1,1,1,ThreadPool,Fast,adaptive,native,none,ThreadPool,8,8
1,1.6.0,1.6.0,MSVC 1944,Windows,x86_64,unreported,dot,double,1024,contiguous,1,stable,10,0.038399999999999997,4630844172786283600,40.126874102840368,7.1054273576010019e-15,1.7707403121884458e-16,1,1,1,1,ThreadPool,Fast,adaptive,native,none,ThreadPool,8,8
1,1.6.0,1.6.0,MSVC 1944,Windows,x86_64,unreported,dot,double,1024,contiguous,1,stable,11,0.036200000000000003,4630844172786283600,40.126874102840368,7.1054273576010019e-15,1.7707403121884458e-16,1,1,1,1,ThreadPool,Fast,adaptive,native,none,ThreadPool,8,8
1,1.6.0,1.6.0,MSVC 1944,Windows,x86_64,unreported,dot,double,1024,contiguous,1,stable,12,0.036299999999999999,4630844172786283600,40.126874102840368,7.1054273576010019e-15,1.7707403121884458e-16,1,1,1,1,ThreadPool,Fast,adaptive,native,none,ThreadPool,8,8
1,1.6.0,1.6.0,MSVC 1944,Windows,x86_64,unreported,dot,double,1024,contiguous,1,stable,13,0.037900000000000003,4630844172786283600,40.126874102840368,7.1054273576010019e-15,1.7707403121884458e-16,1,1,1,1,ThreadPool,Fast,adaptive,native,none,ThreadPool,8,8
1,1.6.0,1.6.0,MSVC 1944,Windows,x86_64,unreported,dot,double,1024,contiguous,1,stable,14,0.074399999999999994,4630844172786283600,40.126874102840368,7.1054273576010019e-15,1.7707403121884458e-16,1,1,1,1,ThreadPool,Fast,adaptive,native,none,ThreadPool,8,8
1,1.6.0,1.6.0,MSVC 1944,Windows,x86_64,unreported,dot,double,1024,contiguous,1,stable,15,0.037900000000000003,4630844172786283600,40.126874102840368,7.1054273576010019e-15,1.7707403121884458e-16,1,1,1,1,ThreadPool,Fast,adaptive,native,none,ThreadPool,8,8
1,1.6.0,1.6.0,MSVC 1944,Windows,x86_64,unreported,dot,double,1024,contiguous,1,stable,16,0.083099999999999993,4630844172786283600,40.126874102840368,7.1054273576010019e-15,1.7707403121884458e-16,1,1,1,1,ThreadPool,Fast,adaptive,native,none,ThreadPool,8,8
1,1.6.0,1.6.0,MSVC 1944,Windows,x86_64,unreported,dot,double,1024,contiguous,1,stable,17,0.035400000000000001,4630844172786283600,40.126874102840368,7.1054273576010019e-15,1.7707403121884458e-16,1,1,1,1,ThreadPool,Fast,adaptive,native,none,ThreadPool,8,8
1,1.6.0,1.6.0,MSVC 1944,Windows,x86_64,unreported,dot,double,1024,contiguous,1,stable,18,0.0448,4630844172786283600,40.126874102840368,7.1054273576010019e-15,1.7707403121884458e-16,1,1,1,1,ThreadPool,Fast,adaptive,native,none,ThreadPool,8,8
1,1.6.0,1.6.0,MSVC 1944,Windows,x86_64,unreported,dot,double,1024,contiguous,1,stable,19,0.041000000000000002,4630844172786283600,40.126874102840368,7.1054273576010019e-15,1.7707403121884458e-16,1,1,1,1,ThreadPool,Fast,adaptive,native,none,ThreadPool,8,8
1,1.6.0,1.6.0,MSVC 1944,Windows,x86_64,unreported,dot,double,1024,contiguous,1,stable,20,0.042299999999999997,4630844172786283600,40.126874102840368,7.1054273576010019e-15,1.7707403121884458e-16,1,1,1,1,ThreadPool,Fast,adaptive,native,none,ThreadPool,8,8
1,1.6.0,1.6.0,MSVC 1944,Windows,x86_64,unreported,dot,double,1024,contiguous,1,stable,21,0.0378,4630844172786283600,40.126874102840368,7.1054273576010019e-15,1.7707403121884458e-16,1,1,1,1,ThreadPool,Fast,adaptive,native,none,ThreadPool,8,8
1,1.6.0,1.6.0,MSVC 1944,Windows,x86_64,unreported,dot,double,1024,contiguous,1,stable,22,0.039,4630844172786283600,40.126874102840368,7.1054273576010019e-15,1.7707403121884458e-16,1,1,1,1,ThreadPool,Fast,adaptive,native,none,ThreadPool,8,8
1,1.6.0,1.6.0,MSVC 1944,Windows,x86_64,unreported,dot,double,1024,contiguous,1,stable,23,0.0395,4630844172786283600,40.126874102840368,7.1054273576010019e-15,1.7707403121884458e-16,1,1,1,1,ThreadPool,Fast,adaptive,native,none,ThreadPool,8,8
1,1.6.0,1.6.0,MSVC 1944,Windows,x86_64,unreported,dot,double,1024,contiguous,1,stable,24,0.037999999999999999,4630844172786283600,40.126874102840368,7.1054273576010019e-15,1.7707403121884458e-16,1,1,1,1,ThreadPool,Fast,adaptive,native,none,ThreadPool,8,8
1,1.6.0,1.6.0,MSVC 1944,Windows,x86_64,unreported,dot,double,1024,contiguous,1,stable,25,0.037699999999999997,4630844172786283600,40.126874102840368,7.1054273576010019e-15,1.7707403121884458e-16,1,1,1,1,ThreadPool,Fast,adaptive,native,none,ThreadPool,8,8
1,1.6.0,1.6.0,MSVC 1944,Windows,x86_64,unreported,dot,double,1024,contiguous,1,stable,26,0.040300000000000002,4630844172786283600,40.126874102840368,7.1054273576010019e-15,1.7707403121884458e-16,1,1,1,1,ThreadPool,Fast,adaptive,native,none,ThreadPool,8,8
1,1.6.0,1.6.0,MSVC 1944,Windows,x86_64,unreported,dot,double,1024,contiguous,1,stable,27,0.045999999999999999,4630844172786283600,40.126874102840368,7.1054273576010019e-15,1.7707403121884458e-16,1,1,1,1,ThreadPool,Fast,adaptive,native,none,ThreadPool,8,8
1,1.6.0,1.6.0,MSVC 1944,Windows,x86_64,unreported,dot,double,1024,contiguous,1,stable,28,0.044400000000000002,4630844172786283600,40.126874102840368,7.1054273576010019e-15,1.7707403121884458e-16,1,1,1,1,ThreadPool,Fast,adaptive,native,none,ThreadPool,8,8
1,1.6.0,1.6.0,MSVC 1944,Windows,x86_64,unreported,dot,double,1024,contiguous,1,stable,29,0.042000000000000003,4630844172786283600,40.126874102840368,7.1054273576010019e-15,1.7707403121884458e-16,1,1,1,1,ThreadPool,Fast,adaptive,native,none,ThreadPool,8,8
1,1.6.0,1.6.0,MSVC 1944,Windows,x86_64,unreported,dot,double,1024,contiguous,1,stable,30,0.037900000000000003,4630844172786283600,40.126874102840368,7.1054273576010019e-15,1.7707403121884458e-16,1,1,1,1,ThreadPool,Fast,adaptive,native,none,ThreadPool,8,8
1,1.6.0,1.6.0,MSVC 1944,Windows,x86_64,unreported,dot,double,1024,contiguous,1,stable,31,0.040399999999999998,4630844172786283600,40.126874102840368,7.1054273576010019e-15,1.7707403121884458e-16,1,1,1,1,ThreadPool,Fast,adaptive,native,none,ThreadPool,8,8
1,1.6.0,1.6.0,MSVC 1944,Windows,x86_64,unreported,norm,double,1024,contiguous,1,first_call,0,0.049299999999999997,4621059684392777255,8.6509756478727144,1.0658141036401503e-14,1.2320160719701428e-15,1,1,1,1,ThreadPool,Fast,adaptive,native,none,ThreadPool,8,8
1,1.6.0,1.6.0,MSVC 1944,Windows,x86_64,unreported,norm,double,1024,contiguous,1,stable,1,0.044200000000000003,4621059684392777255,8.6509756478727144,1.0658141036401503e-14,1.2320160719701428e-15,1,1,1,1,ThreadPool,Fast,adaptive,native,none,ThreadPool,8,8
1,1.6.0,1.6.0,MSVC 1944,Windows,x86_64,unreported,norm,double,1024,contiguous,1,stable,2,0.036600000000000001,4621059684392777255,8.6509756478727144,1.0658141036401503e-14,1.2320160719701428e-15,1,1,1,1,ThreadPool,Fast,adaptive,native,none,ThreadPool,8,8
1,1.6.0,1.6.0,MSVC 1944,Windows,x86_64,unreported,norm,double,1024,contiguous,1,stable,3,0.040300000000000002,4621059684392777255,8.6509756478727144,1.0658141036401503e-14,1.2320160719701428e-15,1,1,1,1,ThreadPool,Fast,adaptive,native,none,ThreadPool,8,8
1,1.6.0,1.6.0,MSVC 1944,Windows,x86_64,unreported,norm,double,1024,contiguous,1,stable,4,0.035400000000000001,4621059684392777255,8.6509756478727144,1.0658141036401503e-14,1.2320160719701428e-15,1,1,1,1,ThreadPool,Fast,adaptive,native,none,ThreadPool,8,8
1,1.6.0,1.6.0,MSVC 1944,Windows,x86_64,unreported,norm,double,1024,contiguous,1,stable,5,0.048599999999999997,4621059684392777255,8.6509756478727144,1.0658141036401503e-14,1.2320160719701428e-15,1,1,1,1,ThreadPool,Fast,adaptive,native,none,ThreadPool,8,8
1,1.6.0,1.6.0,MSVC 1944,Windows,x86_64,unreported,norm,double,1024,contiguous,1,stable,6,0.041599999999999998,4621059684392777255,8.6509756478727144,1.0658141036401503e-14,1.2320160719701428e-15,1,1,1,1,ThreadPool,Fast,adaptive,native,none,ThreadPool,8,8
1,1.6.0,1.6.0,MSVC 1944,Windows,x86_64,unreported,norm,double,1024,contiguous,1,stable,7,0.035499999999999997,4621059684392777255,8.6509756478727144,1.0658141036401503e-14,1.2320160719701428e-15,1,1,1,1,ThreadPool,Fast,adaptive,native,none,ThreadPool,8,8
1,1.6.0,1.6.0,MSVC 1944,Windows,x86_64,unreported,norm,double,1024,contiguous,1,stable,8,0.036700000000000003,4621059684392777255,8.6509756478727144,1.0658141036401503e-14,1.2320160719701428e-15,1,1,1,1,ThreadPool,Fast,adaptive,native,none,ThreadPool,8,8
1,1.6.0,1.6.0,MSVC 1944,Windows,x86_64,unreported,norm,double,1024,contiguous,1,stable,9,0.045699999999999998,4621059684392777255,8.6509756478727144,1.0658141036401503e-14,1.2320160719701428e-15,1,1,1,1,ThreadPool,Fast,adaptive,native,none,ThreadPool,8,8
1,1.6.0,1.6.0,MSVC 1944,Windows,x86_64,unreported,norm,double,1024,contiguous,1,stable,10,0.040800000000000003,4621059684392777255,8.6509756478727144,1.0658141036401503e-14,1.2320160719701428e-15,1,1,1,1,ThreadPool,Fast,adaptive,native,none,ThreadPool,8,8
1,1.6.0,1.6.0,MSVC 1944,Windows,x86_64,unreported,norm,double,1024,contiguous,1,stable,11,0.042299999999999997,4621059684392777255,8.6509756478727144,1.0658141036401503e-14,1.2320160719701428e-15,1,1,1,1,ThreadPool,Fast,adaptive,native,none,ThreadPool,8,8
1,1.6.0,1.6.0,MSVC 1944,Windows,x86_64,unreported,norm,double,1024,contiguous,1,stable,12,0.037999999999999999,4621059684392777255,8.6509756478727144,1.0658141036401503e-14,1.2320160719701428e-15,1,1,1,1,ThreadPool,Fast,adaptive,native,none,ThreadPool,8,8
1,1.6.0,1.6.0,MSVC 1944,Windows,x86_64,unreported,norm,double,1024,contiguous,1,stable,13,0.038699999999999998,4621059684392777255,8.6509756478727144,1.0658141036401503e-14,1.2320160719701428e-15,1,1,1,1,ThreadPool,Fast,adaptive,native,none,ThreadPool,8,8
1,1.6.0,1.6.0,MSVC 1944,Windows,x86_64,unreported,norm,double,1024,contiguous,1,stable,14,0.0385,4621059684392777255,8.6509756478727144,1.0658141036401503e-14,1.2320160719701428e-15,1,1,1,1,ThreadPool,Fast,adaptive,native,none,ThreadPool,8,8
1,1.6.0,1.6.0,MSVC 1944,Windows,x86_64,unreported,norm,double,1024,contiguous,1,stable,15,0.042099999999999999,4621059684392777255,8.6509756478727144,1.0658141036401503e-14,1.2320160719701428e-15,1,1,1,1,ThreadPool,Fast,adaptive,native,none,ThreadPool,8,8
1,1.6.0,1.6.0,MSVC 1944,Windows,x86_64,unreported,norm,double,1024,contiguous,1,stable,16,0.043499999999999997,4621059684392777255,8.6509756478727144,1.0658141036401503e-14,1.2320160719701428e-15,1,1,1,1,ThreadPool,Fast,adaptive,native,none,ThreadPool,8,8
1,1.6.0,1.6.0,MSVC 1944,Windows,x86_64,unreported,norm,double,1024,contiguous,1,stable,17,0.044200000000000003,4621059684392777255,8.6509756478727144,1.0658141036401503e-14,1.2320160719701428e-15,1,1,1,1,ThreadPool,Fast,adaptive,native,none,ThreadPool,8,8
1,1.6.0,1.6.0,MSVC 1944,Windows,x86_64,unreported,norm,double,1024,contiguous,1,stable,18,0.041000000000000002,4621059684392777255,8.6509756478727144,1.0658141036401503e-14,1.2320160719701428e-15,1,1,1,1,ThreadPool,Fast,adaptive,native,none,ThreadPool,8,8
1,1.6.0,1.6.0,MSVC 1944,Windows,x86_64,unreported,norm,double,1024,contiguous,1,stable,19,0.037100000000000001,4621059684392777255,8.6509756478727144,1.0658141036401503e-14,1.2320160719701428e-15,1,1,1,1,ThreadPool,Fast,adaptive,native,none,ThreadPool,8,8
1,1.6.0,1.6.0,MSVC 1944,Windows,x86_64,unreported,norm,double,1024,contiguous,1,stable,20,0.046800000000000001,4621059684392777255,8.6509756478727144,1.0658141036401503e-14,1.2320160719701428e-15,1,1,1,1,ThreadPool,Fast,adaptive,native,none,ThreadPool,8,8
1,1.6.0,1.6.0,MSVC 1944,Windows,x86_64,unreported,norm,double,1024,contiguous,1,stable,21,0.039699999999999999,4621059684392777255,8.6509756478727144,1.0658141036401503e-14,1.2320160719701428e-15,1,1,1,1,ThreadPool,Fast,adaptive,native,none,ThreadPool,8,8
1,1.6.0,1.6.0,MSVC 1944,Windows,x86_64,unreported,norm,double,1024,contiguous,1,stable,22,0.057299999999999997,4621059684392777255,8.6509756478727144,1.0658141036401503e-14,1.2320160719701428e-15,1,1,1,1,ThreadPool,Fast,adaptive,native,none,ThreadPool,8,8
1,1.6.0,1.6.0,MSVC 1944,Windows,x86_64,unreported,norm,double,1024,contiguous,1,stable,23,0.042299999999999997,4621059684392777255,8.6509756478727144,1.0658141036401503e-14,1.2320160719701428e-15,1,1,1,1,ThreadPool,Fast,adaptive,native,none,ThreadPool,8,8
1,1.6.0,1.6.0,MSVC 1944,Windows,x86_64,unreported,norm,double,1024,contiguous,1,stable,24,0.035400000000000001,4621059684392777255,8.6509756478727144,1.0658141036401503e-14,1.2320160719701428e-15,1,1,1,1,ThreadPool,Fast,adaptive,native,none,ThreadPool,8,8
1,1.6.0,1.6.0,MSVC 1944,Windows,x86_64,unreported,norm,double,1024,contiguous,1,stable,25,0.042299999999999997,4621059684392777255,8.6509756478727144,1.0658141036401503e-14,1.2320160719701428e-15,1,1,1,1,ThreadPool,Fast,adaptive,native,none,ThreadPool,8,8
1,1.6.0,1.6.0,MSVC 1944,Windows,x86_64,unreported,norm,double,1024,contiguous,1,stable,26,0.0373,4621059684392777255,8.6509756478727144,1.0658141036401503e-14,1.2320160719701428e-15,1,1,1,1,ThreadPool,Fast,adaptive,native,none,ThreadPool,8,8
1,1.6.0,1.6.0,MSVC 1944,Windows,x86_64,unreported,norm,double,1024,contiguous,1,stable,27,0.039100000000000003,4621059684392777255,8.6509756478727144,1.0658141036401503e-14,1.2320160719701428e-15,1,1,1,1,ThreadPool,Fast,adaptive,native,none,ThreadPool,8,8
1,1.6.0,1.6.0,MSVC 1944,Windows,x86_64,unreported,norm,double,1024,contiguous,1,stable,28,0.049500000000000002,4621059684392777255,8.6509756478727144,1.0658141036401503e-14,1.2320160719701428e-15,1,1,1,1,ThreadPool,Fast,adaptive,native,none,ThreadPool,8,8
1,1.6.0,1.6.0,MSVC 1944,Windows,x86_64,unreported,norm,double,1024,contiguous,1,stable,29,0.0402,4621059684392777255,8.6509756478727144,1.0658141036401503e-14,1.2320160719701428e-15,1,1,1,1,ThreadPool,Fast,adaptive,native,none,ThreadPool,8,8
1,1.6.0,1.6.0,MSVC 1944,Windows,x86_64,unreported,norm,double,1024,contiguous,1,stable,30,0.043299999999999998,4621059684392777255,8.6509756478727144,1.0658141036401503e-14,1.2320160719701428e-15,1,1,1,1,ThreadPool,Fast,adaptive,native,none,ThreadPool,8,8
1,1.6.0,1.6.0,MSVC 1944,Windows,x86_64,unreported,norm,double,1024,contiguous,1,stable,31,0.038699999999999998,4621059684392777255,8.6509756478727144,1.0658141036401503e-14,1.2320160719701428e-15,1,1,1,1,ThreadPool,Fast,adaptive,native,none,ThreadPool,8,8
1,1.6.0,1.6.0,MSVC 1944,Windows,x86_64,unreported,sum,double,1024,contiguous,1,first_call,0,0.0097999999999999997,4642632424477329673,239.54976066674161,0,0,1,1,1,1,Sequential,Reproducible,canonical,pairwise,canonical-pairwise-v1-leaf1024,ThreadPool,8,1
1,1.6.0,1.6.0,MSVC 1944,Windows,x86_64,unreported,sum,double,1024,contiguous,1,stable,1,0.0054999999999999997,4642632424477329673,239.54976066674161,0,0,1,1,1,1,Sequential,Reproducible,canonical,pairwise,canonical-pairwise-v1-leaf1024,ThreadPool,8,1
1,1.6.0,1.6.0,MSVC 1944,Windows,x86_64,unreported,sum,double,1024,contiguous,1,stable,2,0.0057999999999999996,4642632424477329673,239.54976066674161,0,0,1,1,1,1,Sequential,Reproducible,canonical,pairwise,canonical-pairwise-v1-leaf1024,ThreadPool,8,1
1,1.6.0,1.6.0,MSVC 1944,Windows,x86_64,unreported,sum,double,1024,contiguous,1,stable,3,0.0054000000000000003,4642632424477329673,239.54976066674161,0,0,1,1,1,1,Sequential,Reproducible,canonical,pairwise,canonical-pairwise-v1-leaf1024,ThreadPool,8,1
1,1.6.0,1.6.0,MSVC 1944,Windows,x86_64,unreported,sum,double,1024,contiguous,1,stable,4,0.0051000000000000004,4642632424477329673,239.54976066674161,0,0,1,1,1,1,Sequential,Reproducible,canonical,pairwise,canonical-pairwise-v1-leaf1024,ThreadPool,8,1
1,1.6.0,1.6.0,MSVC 1944,Windows,x86_64,unreported,sum,double,1024,contiguous,1,stable,5,0.0051000000000000004,4642632424477329673,239.54976066674161,0,0,1,1,1,1,Sequential,Reproducible,canonical,pairwise,canonical-pairwise-v1-leaf1024,ThreadPool,8,1
1,1.6.0,1.6.0,MSVC 1944,Windows,x86_64,unreported,sum,double,1024,contiguous,1,stable,6,0.0050000000000000001,4642632424477329673,239.54976066674161,0,0,1,1,1,1,Sequential,Reproducible,canonical,pairwise,canonical-pairwise-v1-leaf1024,ThreadPool,8,1
1,1.6.0,1.6.0,MSVC 1944,Windows,x86_64,unreported,sum,double,1024,contiguous,1,stable,7,0.0050000000000000001,4642632424477329673,239.54976066674161,0,0,1,1,1,1,Sequential,Reproducible,canonical,pairwise,canonical-pairwise-v1-leaf1024,ThreadPool,8,1
1,1.6.0,1.6.0,MSVC 1944,Windows,x86_64,unreported,sum,double,1024,contiguous,1,stable,8,0.0048999999999999998,4642632424477329673,239.54976066674161,0,0,1,1,1,1,Sequential,Reproducible,canonical,pairwise,canonical-pairwise-v1-leaf1024,ThreadPool,8,1
1,1.6.0,1.6.0,MSVC 1944,Windows,x86_64,unreported,sum,double,1024,contiguous,1,stable,9,0.0050000000000000001,4642632424477329673,239.54976066674161,0,0,1,1,1,1,Sequential,Reproducible,canonical,pairwise,canonical-pairwise-v1-leaf1024,ThreadPool,8,1
1,1.6.0,1.6.0,MSVC 1944,Windows,x86_64,unreported,sum,double,1024,contiguous,1,stable,10,0.0051000000000000004,4642632424477329673,239.54976066674161,0,0,1,1,1,1,Sequential,Reproducible,canonical,pairwise,canonical-pairwise-v1-leaf1024,ThreadPool,8,1
1,1.6.0,1.6.0,MSVC 1944,Windows,x86_64,unreported,sum,double,1024,contiguous,1,stable,11,0.0055999999999999999,4642632424477329673,239.54976066674161,0,0,1,1,1,1,Sequential,Reproducible,canonical,pairwise,canonical-pairwise-v1-leaf1024,ThreadPool,8,1
1,1.6.0,1.6.0,MSVC 1944,Windows,x86_64,unreported,sum,double,1024,contiguous,1,stable,12,0.0048999999999999998,4642632424477329673,239.54976066674161,0,0,1,1,1,1,Sequential,Reproducible,canonical,pairwise,canonical-pairwise-v1-leaf1024,ThreadPool,8,1
1,1.6.0,1.6.0,MSVC 1944,Windows,x86_64,unreported,sum,double,1024,contiguous,1,stable,13,0.0048999999999999998,4642632424477329673,239.54976066674161,0,0,1,1,1,1,Sequential,Reproducible,canonical,pairwise,canonical-pairwise-v1-leaf1024,ThreadPool,8,1
1,1.6.0,1.6.0,MSVC 1944,Windows,x86_64,unreported,sum,double,1024,contiguous,1,stable,14,0.0050000000000000001,4642632424477329673,239.54976066674161,0,0,1,1,1,1,Sequential,Reproducible,canonical,pairwise,canonical-pairwise-v1-leaf1024,ThreadPool,8,1
1,1.6.0,1.6.0,MSVC 1944,Windows,x86_64,unreported,sum,double,1024,contiguous,1,stable,15,0.0048999999999999998,4642632424477329673,239.54976066674161,0,0,1,1,1,1,Sequential,Reproducible,canonical,pairwise,canonical-pairwise-v1-leaf1024,ThreadPool,8,1
1,1.6.0,1.6.0,MSVC 1944,Windows,x86_64,unreported,sum,double,1024,contiguous,1,stable,16,0.0061000000000000004,4642632424477329673,239.54976066674161,0,0,1,1,1,1,Sequential,Reproducible,canonical,pairwise,canonical-pairwise-v1-leaf1024,ThreadPool,8,1
1,1.6.0,1.6.0,MSVC 1944,Windows,x86_64,unreported,sum,double,1024,contiguous,1,stable,17,0.010699999999999999,4642632424477329673,239.54976066674161,0,0,1,1,1,1,Sequential,Reproducible,canonical,pairwise,canonical-pairwise-v1-leaf1024,ThreadPool,8,1
1,1.6.0,1.6.0,MSVC 1944,Windows,x86_64,unreported,sum,double,1024,contiguous,1,stable,18,0.0055999999999999999,4642632424477329673,239.54976066674161,0,0,1,1,1,1,Sequential,Reproducible,canonical,pairwise,canonical-pairwise-v1-leaf1024,ThreadPool,8,1
1,1.6.0,1.6.0,MSVC 1944,Windows,x86_64,unreported,sum,double,1024,contiguous,1,stable,19,0.0051000000000000004,4642632424477329673,239.54976066674161,0,0,1,1,1,1,Sequential,Reproducible,canonical,pairwise,canonical-pairwise-v1-leaf1024,ThreadPool,8,1
1,1.6.0,1.6.0,MSVC 1944,Windows,x86_64,unreported,sum,double,1024,contiguous,1,stable,20,0.0048999999999999998,4642632424477329673,239.54976066674161,0,0,1,1,1,1,Sequential,Reproducible,canonical,pairwise,canonical-pairwise-v1-leaf1024,ThreadPool,8,1
1,1.6.0,1.6.0,MSVC 1944,Windows,x86_64,unreported,sum,double,1024,contiguous,1,stable,21,0.0048999999999999998,4642632424477329673,239.54976066674161,0,0,1,1,1,1,Sequential,Reproducible,canonical,pairwise,canonical-pairwise-v1-leaf1024,ThreadPool,8,1
1,1.6.0,1.6.0,MSVC 1944,Windows,x86_64,unreported,sum,double,1024,contiguous,1,stable,22,0.0048999999999999998,4642632424477329673,239.54976066674161,0,0,1,1,1,1,Sequential,Reproducible,canonical,pairwise,canonical-pairwise-v1-leaf1024,ThreadPool,8,1
1,1.6.0,1.6.0,MSVC 1944,Windows,x86_64,unreported,sum,double,1024,contiguous,1,stable,23,0.0048999999999999998,4642632424477329673,239.54976066674161,0,0,1,1,1,1,Sequential,Reproducible,canonical,pairwise,canonical-pairwise-v1-leaf1024,ThreadPool,8,1
1,1.6.0,1.6.0,MSVC 1944,Windows,x86_64,unreported,sum,double,1024,contiguous,1,stable,24,0.0048999999999999998,4642632424477329673,239.54976066674161,0,0,1,1,1,1,Sequential,Reproducible,canonical,pairwise,canonical-pairwise-v1-leaf1024,ThreadPool,8,1
1,1.6.0,1.6.0,MSVC 1944,Windows,x86_64,unreported,sum,double,1024,contiguous,1,stable,25,0.0048999999999999998,4642632424477329673,239.54976066674161,0,0,1,1,1,1,Sequential,Reproducible,canonical,pairwise,canonical-pairwise-v1-leaf1024,ThreadPool,8,1
1,1.6.0,1.6.0,MSVC 1944,Windows,x86_64,unreported,sum,double,1024,contiguous,1,stable,26,0.0047999999999999996,4642632424477329673,239.54976066674161,0,0,1,1,1,1,Sequential,Reproducible,canonical,pairwise,canonical-pairwise-v1-leaf1024,ThreadPool,8,1
1,1.6.0,1.6.0,MSVC 1944,Windows,x86_64,unreported,sum,double,1024,contiguous,1,stable,27,0.0048999999999999998,4642632424477329673,239.54976066674161,0,0,1,1,1,1,Sequential,Reproducible,canonical,pairwise,canonical-pairwise-v1-leaf1024,ThreadPool,8,1
1,1.6.0,1.6.0,MSVC 1944,Windows,x86_64,unreported,sum,double,1024,contiguous,1,stable,28,0.0047999999999999996,4642632424477329673,239.54976066674161,0,0,1,1,1,1,Sequential,Reproducible,canonical,pairwise,canonical-pairwise-v1-leaf1024,ThreadPool,8,1
1,1.6.0,1.6.0,MSVC 1944,Windows,x86_64,unreported,sum,double,1024,contiguous,1,stable,29,0.0048999999999999998,4642632424477329673,239.54976066674161,0,0,1,1,1,1,Sequential,Reproducible,canonical,pairwise,canonical-pairwise-v1-leaf1024,ThreadPool,8,1
1,1.6.0,1.6.0,MSVC 1944,Windows,x86_64,unreported,sum,double,1024,contiguous,1,stable,30,0.0047999999999999996,4642632424477329673,239.54976066674161,0,0,1,1,1,1,Sequential,Reproducible,canonical,pairwise,canonical-pairwise-v1-leaf1024,ThreadPool,8,1
1,1.6.0,1.6.0,MSVC 1944,Windows,x86_64,unreported,sum,double,1024,contiguous,1,stable,31,0.0048999999999999998,4642632424477329673,239.54976066674161,0,0,1,1,1,1,Sequential,Reproducible,canonical,pairwise,canonical-pairwise-v1-leaf1024,ThreadPool,8,1
1,1.6.0,1.6.0,MSVC 1944,Windows,x86_64,unreported,dot,double,1024,contiguous,1,first_call,0,0.028000000000000001,4630844172786283601,40.126874102840368,0,0,1,1,1,1,Sequential,Reproducible,canonical,pairwise,canonical-pairwise-v1-leaf1024,ThreadPool,8,1
1,1.6.0,1.6.0,MSVC 1944,Windows,x86_64,unreported,dot,double,1024,contiguous,1,stable,1,0.030499999999999999,4630844172786283601,40.126874102840368,0,0,1,1,1,1,Sequential,Reproducible,canonical,pairwise,canonical-pairwise-v1-leaf1024,ThreadPool,8,1
1,1.6.0,1.6.0,MSVC 1944,Windows,x86_64,unreported,dot,double,1024,contiguous,1,stable,2,0.027900000000000001,4630844172786283601,40.126874102840368,0,0,1,1,1,1,Sequential,Reproducible,canonical,pairwise,canonical-pairwise-v1-leaf1024,ThreadPool,8,1
1,1.6.0,1.6.0,MSVC 1944,Windows,x86_64,unreported,dot,double,1024,contiguous,1,stable,3,0.028000000000000001,4630844172786283601,40.126874102840368,0,0,1,1,1,1,Sequential,Reproducible,canonical,pairwise,canonical-pairwise-v1-leaf1024,ThreadPool,8,1
1,1.6.0,1.6.0,MSVC 1944,Windows,x86_64,unreported,dot,double,1024,contiguous,1,stable,4,0.027699999999999999,4630844172786283601,40.126874102840368,0,0,1,1,1,1,Sequential,Reproducible,canonical,pairwise,canonical-pairwise-v1-leaf1024,ThreadPool,8,1
1,1.6.0,1.6.0,MSVC 1944,Windows,x86_64,unreported,dot,double,1024,contiguous,1,stable,5,0.027699999999999999,4630844172786283601,40.126874102840368,0,0,1,1,1,1,Sequential,Reproducible,canonical,pairwise,canonical-pairwise-v1-leaf1024,ThreadPool,8,1
1,1.6.0,1.6.0,MSVC 1944,Windows,x86_64,unreported,dot,double,1024,contiguous,1,stable,6,0.027699999999999999,4630844172786283601,40.126874102840368,0,0,1,1,1,1,Sequential,Reproducible,canonical,pairwise,canonical-pairwise-v1-leaf1024,ThreadPool,8,1
1,1.6.0,1.6.0,MSVC 1944,Windows,x86_64,unreported,dot,double,1024,contiguous,1,stable,7,0.0281,4630844172786283601,40.126874102840368,0,0,1,1,1,1,Sequential,Reproducible,canonical,pairwise,canonical-pairwise-v1-leaf1024,ThreadPool,8,1
1,1.6.0,1.6.0,MSVC 1944,Windows,x86_64,unreported,dot,double,1024,contiguous,1,stable,8,0.027699999999999999,4630844172786283601,40.126874102840368,0,0,1,1,1,1,Sequential,Reproducible,canonical,pairwise,canonical-pairwise-v1-leaf1024,ThreadPool,8,1
1,1.6.0,1.6.0,MSVC 1944,Windows,x86_64,unreported,dot,double,1024,contiguous,1,stable,9,0.0276,4630844172786283601,40.126874102840368,0,0,1,1,1,1,Sequential,Reproducible,canonical,pairwise,canonical-pairwise-v1-leaf1024,ThreadPool,8,1
1,1.6.0,1.6.0,MSVC 1944,Windows,x86_64,unreported,dot,double,1024,contiguous,1,stable,10,0.027699999999999999,4630844172786283601,40.126874102840368,0,0,1,1,1,1,Sequential,Reproducible,canonical,pairwise,canonical-pairwise-v1-leaf1024,ThreadPool,8,1
1,1.6.0,1.6.0,MSVC 1944,Windows,x86_64,unreported,dot,double,1024,contiguous,1,stable,11,0.0276,4630844172786283601,40.126874102840368,0,0,1,1,1,1,Sequential,Reproducible,canonical,pairwise,canonical-pairwise-v1-leaf1024,ThreadPool,8,1
1,1.6.0,1.6.0,MSVC 1944,Windows,x86_64,unreported,dot,double,1024,contiguous,1,stable,12,0.0276,4630844172786283601,40.126874102840368,0,0,1,1,1,1,Sequential,Reproducible,canonical,pairwise,canonical-pairwise-v1-leaf1024,ThreadPool,8,1
1,1.6.0,1.6.0,MSVC 1944,Windows,x86_64,unreported,dot,double,1024,contiguous,1,stable,13,0.0276,4630844172786283601,40.126874102840368,0,0,1,1,1,1,Sequential,Reproducible,canonical,pairwise,canonical-pairwise-v1-leaf1024,ThreadPool,8,1
1,1.6.0,1.6.0,MSVC 1944,Windows,x86_64,unreported,dot,double,1024,contiguous,1,stable,14,0.027699999999999999,4630844172786283601,40.126874102840368,0,0,1,1,1,1,Sequential,Reproducible,canonical,pairwise,canonical-pairwise-v1-leaf1024,ThreadPool,8,1
1,1.6.0,1.6.0,MSVC 1944,Windows,x86_64,unreported,dot,double,1024,contiguous,1,stable,15,0.0276,4630844172786283601,40.126874102840368,0,0,1,1,1,1,Sequential,Reproducible,canonical,pairwise,canonical-pairwise-v1-leaf1024,ThreadPool,8,1
1,1.6.0,1.6.0,MSVC 1944,Windows,x86_64,unreported,dot,double,1024,contiguous,1,stable,16,0.028199999999999999,4630844172786283601,40.126874102840368,0,0,1,1,1,1,Sequential,Reproducible,canonical,pairwise,canonical-pairwise-v1-leaf1024,ThreadPool,8,1
1,1.6.0,1.6.0,MSVC 1944,Windows,x86_64,unreported,dot,double,1024,contiguous,1,stable,17,0.038800000000000001,4630844172786283601,40.126874102840368,0,0,1,1,1,1,Sequential,Reproducible,canonical,pairwise,canonical-pairwise-v1-leaf1024,ThreadPool,8,1
1,1.6.0,1.6.0,MSVC 1944,Windows,x86_64,unreported,dot,double,1024,contiguous,1,stable,18,0.030099999999999998,4630844172786283601,40.126874102840368,0,0,1,1,1,1,Sequential,Reproducible,canonical,pairwise,canonical-pairwise-v1-leaf1024,ThreadPool,8,1
1,1.6.0,1.6.0,MSVC 1944,Windows,x86_64,unreported,dot,double,1024,contiguous,1,stable,19,0.027699999999999999,4630844172786283601,40.126874102840368,0,0,1,1,1,1,Sequential,Reproducible,canonical,pairwise,canonical-pairwise-v1-leaf1024,ThreadPool,8,1
1,1.6.0,1.6.0,MSVC 1944,Windows,x86_64,unreported,dot,double,1024,contiguous,1,stable,20,0.027799999999999998,4630844172786283601,40.126874102840368,0,0,1,1,1,1,Sequential,Reproducible,canonical,pairwise,canonical-pairwise-v1-leaf1024,ThreadPool,8,1
1,1.6.0,1.6.0,MSVC 1944,Windows,x86_64,unreported,dot,double,1024,contiguous,1,stable,21,0.027699999999999999,4630844172786283601,40.126874102840368,0,0,1,1,1,1,Sequential,Reproducible,canonical,pairwise,canonical-pairwise-v1-leaf1024,ThreadPool,8,1
1,1.6.0,1.6.0,MSVC 1944,Windows,x86_64,unreported,dot,double,1024,contiguous,1,stable,22,0.027699999999999999,4630844172786283601,40.126874102840368,0,0,1,1,1,1,Sequential,Reproducible,canonical,pairwise,canonical-pairwise-v1-leaf1024,ThreadPool,8,1
1,1.6.0,1.6.0,MSVC 1944,Windows,x86_64,unreported,dot,double,1024,contiguous,1,stable,23,0.027699999999999999,4630844172786283601,40.126874102840368,0,0,1,1,1,1,Sequential,Reproducible,canonical,pairwise,canonical-pairwise-v1-leaf1024,ThreadPool,8,1
1,1.6.0,1.6.0,MSVC 1944,Windows,x86_64,unreported,dot,double,1024,contiguous,1,stable,24,0.0276,4630844172786283601,40.126874102840368,0,0,1,1,1,1,Sequential,Reproducible,canonical,pairwise,canonical-pairwise-v1-leaf1024,ThreadPool,8,1
1,1.6.0,1.6.0,MSVC 1944,Windows,x86_64,unreported,dot,double,1024,contiguous,1,stable,25,0.028000000000000001,4630844172786283601,40.126874102840368,0,0,1,1,1,1,Sequential,Reproducible,canonical,pairwise,canonical-pairwise-v1-leaf1024,ThreadPool,8,1
1,1.6.0,1.6.0,MSVC 1944,Windows,x86_64,unreported,dot,double,1024,contiguous,1,stable,26,0.0276,4630844172786283601,40.126874102840368,0,0,1,1,1,1,Sequential,Reproducible,canonical,pairwise,canonical-pairwise-v1-leaf1024,ThreadPool,8,1
1,1.6.0,1.6.0,MSVC 1944,Windows,x86_64,unreported,dot,double,1024,contiguous,1,stable,27,0.0276,4630844172786283601,40.126874102840368,0,0,1,1,1,1,Sequential,Reproducible,canonical,pairwise,canonical-pairwise-v1-leaf1024,ThreadPool,8,1
1,1.6.0,1.6.0,MSVC 1944,Windows,x86_64,unreported,dot,double,1024,contiguous,1,stable,28,0.0276,4630844172786283601,40.126874102840368,0,0,1,1,1,1,Sequential,Reproducible,canonical,pairwise,canonical-pairwise-v1-leaf1024,ThreadPool,8,1
1,1.6.0,1.6.0,MSVC 1944,Windows,x86_64,unreported,dot,double,1024,contiguous,1,stable,29,0.0276,4630844172786283601,40.126874102840368,0,0,1,1,1,1,Sequential,Reproducible,canonical,pairwise,canonical-pairwise-v1-leaf1024,ThreadPool,8,1
1,1.6.0,1.6.0,MSVC 1944,Windows,x86_64,unreported,dot,double,1024,contiguous,1,stable,30,0.027699999999999999,4630844172786283601,40.126874102840368,0,0,1,1,1,1,Sequential,Reproducible,canonical,pairwise,canonical-pairwise-v1-leaf1024,ThreadPool,8,1
1,1.6.0,1.6.0,MSVC 1944,Windows,x86_64,unreported,dot,double,1024,contiguous,1,stable,31,0.0276,4630844172786283601,40.126874102840368,0,0,1,1,1,1,Sequential,Reproducible,canonical,pairwise,canonical-pairwise-v1-leaf1024,ThreadPool,8,1
1,1.6.0,1.6.0,MSVC 1944,Windows,x86_64,unreported,norm,double,1024,contiguous,1,first_call,0,0.027900000000000001,4621059684392777249,8.6509756478727144,0,0,1,1,1,1,Sequential,Reproducible,canonical,pairwise,canonical-pairwise-v1-leaf1024,ThreadPool,8,1
1,1.6.0,1.6.0,MSVC 1944,Windows,x86_64,unreported,norm,double,1024,contiguous,1,stable,1,0.0276,4621059684392777249,8.6509756478727144,0,0,1,1,1,1,Sequential,Reproducible,canonical,pairwise,canonical-pairwise-v1-leaf1024,ThreadPool,8,1
1,1.6.0,1.6.0,MSVC 1944,Windows,x86_64,unreported,norm,double,1024,contiguous,1,stable,2,0.0309,4621059684392777249,8.6509756478727144,0,0,1,1,1,1,Sequential,Reproducible,canonical,pairwise,canonical-pairwise-v1-leaf1024,ThreadPool,8,1
1,1.6.0,1.6.0,MSVC 1944,Windows,x86_64,unreported,norm,double,1024,contiguous,1,stable,3,0.028199999999999999,4621059684392777249,8.6509756478727144,0,0,1,1,1,1,Sequential,Reproducible,canonical,pairwise,canonical-pairwise-v1-leaf1024,ThreadPool,8,1
1,1.6.0,1.6.0,MSVC 1944,Windows,x86_64,unreported,norm,double,1024,contiguous,1,stable,4,0.027900000000000001,4621059684392777249,8.6509756478727144,0,0,1,1,1,1,Sequential,Reproducible,canonical,pairwise,canonical-pairwise-v1-leaf1024,ThreadPool,8,1
1,1.6.0,1.6.0,MSVC 1944,Windows,x86_64,unreported,norm,double,1024,contiguous,1,stable,5,0.027699999999999999,4621059684392777249,8.6509756478727144,0,0,1,1,1,1,Sequential,Reproducible,canonical,pairwise,canonical-pairwise-v1-leaf1024,ThreadPool,8,1
1,1.6.0,1.6.0,MSVC 1944,Windows,x86_64,unreported,norm,double,1024,contiguous,1,stable,6,0.0276,4621059684392777249,8.6509756478727144,0,0,1,1,1,1,Sequential,Reproducible,canonical,pairwise,canonical-pairwise-v1-leaf1024,ThreadPool,8,1
1,1.6.0,1.6.0,MSVC 1944,Windows,x86_64,unreported,norm,double,1024,contiguous,1,stable,7,0.0276,4621059684392777249,8.6509756478727144,0,0,1,1,1,1,Sequential,Reproducible,canonical,pairwise,canonical-pairwise-v1-leaf1024,ThreadPool,8,1
1,1.6.0,1.6.0,MSVC 1944,Windows,x86_64,unreported,norm,double,1024,contiguous,1,stable,8,0.027699999999999999,4621059684392777249,8.6509756478727144,0,0,1,1,1,1,Sequential,Reproducible,canonical,pairwise,canonical-pairwise-v1-leaf1024,ThreadPool,8,1
1,1.6.0,1.6.0,MSVC 1944,Windows,x86_64,unreported,norm,double,1024,contiguous,1,stable,9,0.032599999999999997,4621059684392777249,8.6509756478727144,0,0,1,1,1,1,Sequential,Reproducible,canonical,pairwise,canonical-pairwise-v1-leaf1024,ThreadPool,8,1
1,1.6.0,1.6.0,MSVC 1944,Windows,x86_64,unreported,norm,double,1024,contiguous,1,stable,10,0.029499999999999998,4621059684392777249,8.6509756478727144,0,0,1,1,1,1,Sequential,Reproducible,canonical,pairwise,canonical-pairwise-v1-leaf1024,ThreadPool,8,1
1,1.6.0,1.6.0,MSVC 1944,Windows,x86_64,unreported,norm,double,1024,contiguous,1,stable,11,0.027699999999999999,4621059684392777249,8.6509756478727144,0,0,1,1,1,1,Sequential,Reproducible,canonical,pairwise,canonical-pairwise-v1-leaf1024,ThreadPool,8,1
1,1.6.0,1.6.0,MSVC 1944,Windows,x86_64,unreported,norm,double,1024,contiguous,1,stable,12,0.0281,4621059684392777249,8.6509756478727144,0,0,1,1,1,1,Sequential,Reproducible,canonical,pairwise,canonical-pairwise-v1-leaf1024,ThreadPool,8,1
1,1.6.0,1.6.0,MSVC 1944,Windows,x86_64,unreported,norm,double,1024,contiguous,1,stable,13,0.027699999999999999,4621059684392777249,8.6509756478727144,0,0,1,1,1,1,Sequential,Reproducible,canonical,pairwise,canonical-pairwise-v1-leaf1024,ThreadPool,8,1
1,1.6.0,1.6.0,MSVC 1944,Windows,x86_64,unreported,norm,double,1024,contiguous,1,stable,14,0.027699999999999999,4621059684392777249,8.6509756478727144,0,0,1,1,1,1,Sequential,Reproducible,canonical,pairwise,canonical-pairwise-v1-leaf1024,ThreadPool,8,1
1,1.6.0,1.6.0,MSVC 1944,Windows,x86_64,unreported,norm,double,1024,contiguous,1,stable,15,0.027699999999999999,4621059684392777249,8.6509756478727144,0,0,1,1,1,1,Sequential,Reproducible,canonical,pairwise,canonical-pairwise-v1-leaf1024,ThreadPool,8,1
1,1.6.0,1.6.0,MSVC 1944,Windows,x86_64,unreported,norm,double,1024,contiguous,1,stable,16,0.0276,4621059684392777249,8.6509756478727144,0,0,1,1,1,1,Sequential,Reproducible,canonical,pairwise,canonical-pairwise-v1-leaf1024,ThreadPool,8,1
1,1.6.0,1.6.0,MSVC 1944,Windows,x86_64,unreported,norm,double,1024,contiguous,1,stable,17,0.0276,4621059684392777249,8.6509756478727144,0,0,1,1,1,1,Sequential,Reproducible,canonical,pairwise,canonical-pairwise-v1-leaf1024,ThreadPool,8,1
1,1.6.0,1.6.0,MSVC 1944,Windows,x86_64,unreported,norm,double,1024,contiguous,1,stable,18,0.027699999999999999,4621059684392777249,8.6509756478727144,0,0,1,1,1,1,Sequential,Reproducible,canonical,pairwise,canonical-pairwise-v1-leaf1024,ThreadPool,8,1
1,1.6.0,1.6.0,MSVC 1944,Windows,x86_64,unreported,norm,double,1024,contiguous,1,stable,19,0.030499999999999999,4621059684392777249,8.6509756478727144,0,0,1,1,1,1,Sequential,Reproducible,canonical,pairwise,canonical-pairwise-v1-leaf1024,ThreadPool,8,1
1,1.6.0,1.6.0,MSVC 1944,Windows,x86_64,unreported,norm,double,1024,contiguous,1,stable,20,0.027699999999999999,4621059684392777249,8.6509756478727144,0,0,1,1,1,1,Sequential,Reproducible,canonical,pairwise,canonical-pairwise-v1-leaf1024,ThreadPool,8,1
1,1.6.0,1.6.0,MSVC 1944,Windows,x86_64,unreported,norm,double,1024,contiguous,1,stable,21,0.028199999999999999,4621059684392777249,8.6509756478727144,0,0,1,1,1,1,Sequential,Reproducible,canonical,pairwise,canonical-pairwise-v1-leaf1024,ThreadPool,8,1
1,1.6.0,1.6.0,MSVC 1944,Windows,x86_64,unreported,norm,double,1024,contiguous,1,stable,22,0.0276,4621059684392777249,8.6509756478727144,0,0,1,1,1,1,Sequential,Reproducible,canonical,pairwise,canonical-pairwise-v1-leaf1024,ThreadPool,8,1
1,1.6.0,1.6.0,MSVC 1944,Windows,x86_64,unreported,norm,double,1024,contiguous,1,stable,23,0.027799999999999998,4621059684392777249,8.6509756478727144,0,0,1,1,1,1,Sequential,Reproducible,canonical,pairwise,canonical-pairwise-v1-leaf1024,ThreadPool,8,1
1,1.6.0,1.6.0,MSVC 1944,Windows,x86_64,unreported,norm,double,1024,contiguous,1,stable,24,0.027699999999999999,4621059684392777249,8.6509756478727144,0,0,1,1,1,1,Sequential,Reproducible,canonical,pairwise,canonical-pairwise-v1-leaf1024,ThreadPool,8,1
1,1.6.0,1.6.0,MSVC 1944,Windows,x86_64,unreported,norm,double,1024,contiguous,1,stable,25,0.0276,4621059684392777249,8.6509756478727144,0,0,1,1,1,1,Sequential,Reproducible,canonical,pairwise,canonical-pairwise-v1-leaf1024,ThreadPool,8,1
1,1.6.0,1.6.0,MSVC 1944,Windows,x86_64,unreported,norm,double,1024,contiguous,1,stable,26,0.027699999999999999,4621059684392777249,8.6509756478727144,0,0,1,1,1,1,Sequential,Reproducible,canonical,pairwise,canonical-pairwise-v1-leaf1024,ThreadPool,8,1
1,1.6.0,1.6.0,MSVC 1944,Windows,x86_64,unreported,norm,double,1024,contiguous,1,stable,27,0.027699999999999999,4621059684392777249,8.6509756478727144,0,0,1,1,1,1,Sequential,Reproducible,canonical,pairwise,canonical-pairwise-v1-leaf1024,ThreadPool,8,1
1,1.6.0,1.6.0,MSVC 1944,Windows,x86_64,unreported,norm,double,1024,contiguous,1,stable,28,0.027699999999999999,4621059684392777249,8.6509756478727144,0,0,1,1,1,1,Sequential,Reproducible,canonical,pairwise,canonical-pairwise-v1-leaf1024,ThreadPool,8,1
1,1.6.0,1.6.0,MSVC 1944,Windows,x86_64,unreported,norm,double,1024,contiguous,1,stable,29,0.0276,4621059684392777249,8.6509756478727144,0,0,1,1,1,1,Sequential,Reproducible,canonical,pairwise,canonical-pairwise-v1-leaf1024,ThreadPool,8,1
1,1.6.0,1.6.0,MSVC 1944,Windows,x86_64,unreported,norm,double,1024,contiguous,1,stable,30,0.028000000000000001,4621059684392777249,8.6509756478727144,0,0,1,1,1,1,Sequential,Reproducible,canonical,pairwise,canonical-pairwise-v1-leaf1024,ThreadPool,8,1
1,1.6.0,1.6.0,MSVC 1944,Windows,x86_64,unreported,norm,double,1024,contiguous,1,stable,31,0.0276,4621059684392777249,8.6509756478727144,0,0,1,1,1,1,Sequential,Reproducible,canonical,pairwise,canonical-pairwise-v1-leaf1024,ThreadPool,8,1
1,1.6.0,1.6.0,MSVC 1944,Windows,x86_64,unreported,sum,double,1024,contiguous,1,first_call,0,0.013599999999999999,4642632424477329672,239.54976066674161,2.8421709430404007e-14,1.1864636955302121e-16,1,1,1,1,Sequential,Accurate,canonical,compensated,canonical-neumaier-v1-leaf1024,ThreadPool,8,1
1,1.6.0,1.6.0,MSVC 1944,Windows,x86_64,unreported,sum,double,1024,contiguous,1,stable,1,0.0132,4642632424477329672,239.54976066674161,2.8421709430404007e-14,1.1864636955302121e-16,1,1,1,1,Sequential,Accurate,canonical,compensated,canonical-neumaier-v1-leaf1024,ThreadPool,8,1
1,1.6.0,1.6.0,MSVC 1944,Windows,x86_64,unreported,sum,double,1024,contiguous,1,stable,2,0.0137,4642632424477329672,239.54976066674161,2.8421709430404007e-14,1.1864636955302121e-16,1,1,1,1,Sequential,Accurate,canonical,compensated,canonical-neumaier-v1-leaf1024,ThreadPool,8,1
1,1.6.0,1.6.0,MSVC 1944,Windows,x86_64,unreported,sum,double,1024,contiguous,1,stable,3,0.016899999999999998,4642632424477329672,239.54976066674161,2.8421709430404007e-14,1.1864636955302121e-16,1,1,1,1,Sequential,Accurate,canonical,compensated,canonical-neumaier-v1-leaf1024,ThreadPool,8,1
1,1.6.0,1.6.0,MSVC 1944,Windows,x86_64,unreported,sum,double,1024,contiguous,1,stable,4,0.0134,4642632424477329672,239.54976066674161,2.8421709430404007e-14,1.1864636955302121e-16,1,1,1,1,Sequential,Accurate,canonical,compensated,canonical-neumaier-v1-leaf1024,ThreadPool,8,1
1,1.6.0,1.6.0,MSVC 1944,Windows,x86_64,unreported,sum,double,1024,contiguous,1,stable,5,0.013100000000000001,4642632424477329672,239.54976066674161,2.8421709430404007e-14,1.1864636955302121e-16,1,1,1,1,Sequential,Accurate,canonical,compensated,canonical-neumaier-v1-leaf1024,ThreadPool,8,1
1,1.6.0,1.6.0,MSVC 1944,Windows,x86_64,unreported,sum,double,1024,contiguous,1,stable,6,0.013299999999999999,4642632424477329672,239.54976066674161,2.8421709430404007e-14,1.1864636955302121e-16,1,1,1,1,Sequential,Accurate,canonical,compensated,canonical-neumaier-v1-leaf1024,ThreadPool,8,1
1,1.6.0,1.6.0,MSVC 1944,Windows,x86_64,unreported,sum,double,1024,contiguous,1,stable,7,0.0137,4642632424477329672,239.54976066674161,2.8421709430404007e-14,1.1864636955302121e-16,1,1,1,1,Sequential,Accurate,canonical,compensated,canonical-neumaier-v1-leaf1024,ThreadPool,8,1
1,1.6.0,1.6.0,MSVC 1944,Windows,x86_64,unreported,sum,double,1024,contiguous,1,stable,8,0.013299999999999999,4642632424477329672,239.54976066674161,2.8421709430404007e-14,1.1864636955302121e-16,1,1,1,1,Sequential,Accurate,canonical,compensated,canonical-neumaier-v1-leaf1024,ThreadPool,8,1
1,1.6.0,1.6.0,MSVC 1944,Windows,x86_64,unreported,sum,double,1024,contiguous,1,stable,9,0.0132,4642632424477329672,239.54976066674161,2.8421709430404007e-14,1.1864636955302121e-16,1,1,1,1,Sequential,Accurate,canonical,compensated,canonical-neumaier-v1-leaf1024,ThreadPool,8,1
1,1.6.0,1.6.0,MSVC 1944,Windows,x86_64,unreported,sum,double,1024,contiguous,1,stable,10,0.0132,4642632424477329672,239.54976066674161,2.8421709430404007e-14,1.1864636955302121e-16,1,1,1,1,Sequential,Accurate,canonical,compensated,canonical-neumaier-v1-leaf1024,ThreadPool,8,1
1,1.6.0,1.6.0,MSVC 1944,Windows,x86_64,unreported,sum,double,1024,contiguous,1,stable,11,0.0132,4642632424477329672,239.54976066674161,2.8421709430404007e-14,1.1864636955302121e-16,1,1,1,1,Sequential,Accurate,canonical,compensated,canonical-neumaier-v1-leaf1024,ThreadPool,8,1
1,1.6.0,1.6.0,MSVC 1944,Windows,x86_64,unreported,sum,double,1024,contiguous,1,stable,12,0.0132,4642632424477329672,239.54976066674161,2.8421709430404007e-14,1.1864636955302121e-16,1,1,1,1,Sequential,Accurate,canonical,compensated,canonical-neumaier-v1-leaf1024,ThreadPool,8,1
1,1.6.0,1.6.0,MSVC 1944,Windows,x86_64,unreported,sum,double,1024,contiguous,1,stable,13,0.0132,4642632424477329672,239.54976066674161,2.8421709430404007e-14,1.1864636955302121e-16,1,1,1,1,Sequential,Accurate,canonical,compensated,canonical-neumaier-v1-leaf1024,ThreadPool,8,1
1,1.6.0,1.6.0,MSVC 1944,Windows,x86_64,unreported,sum,double,1024,contiguous,1,stable,14,0.013299999999999999,4642632424477329672,239.54976066674161,2.8421709430404007e-14,1.1864636955302121e-16,1,1,1,1,Sequential,Accurate,canonical,compensated,canonical-neumaier-v1-leaf1024,ThreadPool,8,1
1,1.6.0,1.6.0,MSVC 1944,Windows,x86_64,unreported,sum,double,1024,contiguous,1,stable,15,0.0132,4642632424477329672,239.54976066674161,2.8421709430404007e-14,1.1864636955302121e-16,1,1,1,1,Sequential,Accurate,canonical,compensated,canonical-neumaier-v1-leaf1024,ThreadPool,8,1
1,1.6.0,1.6.0,MSVC 1944,Windows,x86_64,unreported,sum,double,1024,contiguous,1,stable,16,0.013599999999999999,4642632424477329672,239.54976066674161,2.8421709430404007e-14,1.1864636955302121e-16,1,1,1,1,Sequential,Accurate,canonical,compensated,canonical-neumaier-v1-leaf1024,ThreadPool,8,1
1,1.6.0,1.6.0,MSVC 1944,Windows,x86_64,unreported,sum,double,1024,contiguous,1,stable,17,0.0132,4642632424477329672,239.54976066674161,2.8421709430404007e-14,1.1864636955302121e-16,1,1,1,1,Sequential,Accurate,canonical,compensated,canonical-neumaier-v1-leaf1024,ThreadPool,8,1
1,1.6.0,1.6.0,MSVC 1944,Windows,x86_64,unreported,sum,double,1024,contiguous,1,stable,18,0.015900000000000001,4642632424477329672,239.54976066674161,2.8421709430404007e-14,1.1864636955302121e-16,1,1,1,1,Sequential,Accurate,canonical,compensated,canonical-neumaier-v1-leaf1024,ThreadPool,8,1
1,1.6.0,1.6.0,MSVC 1944,Windows,x86_64,unreported,sum,double,1024,contiguous,1,stable,19,0.0134,4642632424477329672,239.54976066674161,2.8421709430404007e-14,1.1864636955302121e-16,1,1,1,1,Sequential,Accurate,canonical,compensated,canonical-neumaier-v1-leaf1024,ThreadPool,8,1
1,1.6.0,1.6.0,MSVC 1944,Windows,x86_64,unreported,sum,double,1024,contiguous,1,stable,20,0.0132,4642632424477329672,239.54976066674161,2.8421709430404007e-14,1.1864636955302121e-16,1,1,1,1,Sequential,Accurate,canonical,compensated,canonical-neumaier-v1-leaf1024,ThreadPool,8,1
1,1.6.0,1.6.0,MSVC 1944,Windows,x86_64,unreported,sum,double,1024,contiguous,1,stable,21,0.0132,4642632424477329672,239.54976066674161,2.8421709430404007e-14,1.1864636955302121e-16,1,1,1,1,Sequential,Accurate,canonical,compensated,canonical-neumaier-v1-leaf1024,ThreadPool,8,1
1,1.6.0,1.6.0,MSVC 1944,Windows,x86_64,unreported,sum,double,1024,contiguous,1,stable,22,0.0132,4642632424477329672,239.54976066674161,2.8421709430404007e-14,1.1864636955302121e-16,1,1,1,1,Sequential,Accurate,canonical,compensated,canonical-neumaier-v1-leaf1024,ThreadPool,8,1
1,1.6.0,1.6.0,MSVC 1944,Windows,x86_64,unreported,sum,double,1024,contiguous,1,stable,23,0.0132,4642632424477329672,239.54976066674161,2.8421709430404007e-14,1.1864636955302121e-16,1,1,1,1,Sequential,Accurate,canonical,compensated,canonical-neumaier-v1-leaf1024,ThreadPool,8,1
1,1.6.0,1.6.0,MSVC 1944,Windows,x86_64,unreported,sum,double,1024,contiguous,1,stable,24,0.0132,4642632424477329672,239.54976066674161,2.8421709430404007e-14,1.1864636955302121e-16,1,1,1,1,Sequential,Accurate,canonical,compensated,canonical-neumaier-v1-leaf1024,ThreadPool,8,1
1,1.6.0,1.6.0,MSVC 1944,Windows,x86_64,unreported,sum,double,1024,contiguous,1,stable,25,0.013599999999999999,4642632424477329672,239.54976066674161,2.8421709430404007e-14,1.1864636955302121e-16,1,1,1,1,Sequential,Accurate,canonical,compensated,canonical-neumaier-v1-leaf1024,ThreadPool,8,1
1,1.6.0,1.6.0,MSVC 1944,Windows,x86_64,unreported,sum,double,1024,contiguous,1,stable,26,0.013100000000000001,4642632424477329672,239.54976066674161,2.8421709430404007e-14,1.1864636955302121e-16,1,1,1,1,Sequential,Accurate,canonical,compensated,canonical-neumaier-v1-leaf1024,ThreadPool,8,1
1,1.6.0,1.6.0,MSVC 1944,Windows,x86_64,unreported,sum,double,1024,contiguous,1,stable,27,0.0132,4642632424477329672,239.54976066674161,2.8421709430404007e-14,1.1864636955302121e-16,1,1,1,1,Sequential,Accurate,canonical,compensated,canonical-neumaier-v1-leaf1024,ThreadPool,8,1
1,1.6.0,1.6.0,MSVC 1944,Windows,x86_64,unreported,sum,double,1024,contiguous,1,stable,28,0.0132,4642632424477329672,239.54976066674161,2.8421709430404007e-14,1.1864636955302121e-16,1,1,1,1,Sequential,Accurate,canonical,compensated,canonical-neumaier-v1-leaf1024,ThreadPool,8,1
1,1.6.0,1.6.0,MSVC 1944,Windows,x86_64,unreported,sum,double,1024,contiguous,1,stable,29,0.013299999999999999,4642632424477329672,239.54976066674161,2.8421709430404007e-14,1.1864636955302121e-16,1,1,1,1,Sequential,Accurate,canonical,compensated,canonical-neumaier-v1-leaf1024,ThreadPool,8,1
1,1.6.0,1.6.0,MSVC 1944,Windows,x86_64,unreported,sum,double,1024,contiguous,1,stable,30,0.0132,4642632424477329672,239.54976066674161,2.8421709430404007e-14,1.1864636955302121e-16,1,1,1,1,Sequential,Accurate,canonical,compensated,canonical-neumaier-v1-leaf1024,ThreadPool,8,1
1,1.6.0,1.6.0,MSVC 1944,Windows,x86_64,unreported,sum,double,1024,contiguous,1,stable,31,0.0132,4642632424477329672,239.54976066674161,2.8421709430404007e-14,1.1864636955302121e-16,1,1,1,1,Sequential,Accurate,canonical,compensated,canonical-neumaier-v1-leaf1024,ThreadPool,8,1
1,1.6.0,1.6.0,MSVC 1944,Windows,x86_64,unreported,dot,double,1024,contiguous,1,first_call,0,0.031,4630844172786283601,40.126874102840368,0,0,1,1,1,1,Sequential,Accurate,canonical,compensated,canonical-neumaier-v1-leaf1024,ThreadPool,8,1
1,1.6.0,1.6.0,MSVC 1944,Windows,x86_64,unreported,dot,double,1024,contiguous,1,stable,1,0.027900000000000001,4630844172786283601,40.126874102840368,0,0,1,1,1,1,Sequential,Accurate,canonical,compensated,canonical-neumaier-v1-leaf1024,ThreadPool,8,1
1,1.6.0,1.6.0,MSVC 1944,Windows,x86_64,unreported,dot,double,1024,contiguous,1,stable,2,0.027699999999999999,4630844172786283601,40.126874102840368,0,0,1,1,1,1,Sequential,Accurate,canonical,compensated,canonical-neumaier-v1-leaf1024,ThreadPool,8,1
1,1.6.0,1.6.0,MSVC 1944,Windows,x86_64,unreported,dot,double,1024,contiguous,1,stable,3,0.0361,4630844172786283601,40.126874102840368,0,0,1,1,1,1,Sequential,Accurate,canonical,compensated,canonical-neumaier-v1-leaf1024,ThreadPool,8,1
1,1.6.0,1.6.0,MSVC 1944,Windows,x86_64,unreported,dot,double,1024,contiguous,1,stable,4,0.029000000000000001,4630844172786283601,40.126874102840368,0,0,1,1,1,1,Sequential,Accurate,canonical,compensated,canonical-neumaier-v1-leaf1024,ThreadPool,8,1
1,1.6.0,1.6.0,MSVC 1944,Windows,x86_64,unreported,dot,double,1024,contiguous,1,stable,5,0.027799999999999998,4630844172786283601,40.126874102840368,0,0,1,1,1,1,Sequential,Accurate,canonical,compensated,canonical-neumaier-v1-leaf1024,ThreadPool,8,1
1,1.6.0,1.6.0,MSVC 1944,Windows,x86_64,unreported,dot,double,1024,contiguous,1,stable,6,0.027699999999999999,4630844172786283601,40.126874102840368,0,0,1,1,1,1,Sequential,Accurate,canonical,compensated,canonical-neumaier-v1-leaf1024,ThreadPool,8,1
1,1.6.0,1.6.0,MSVC 1944,Windows,x86_64,unreported,dot,double,1024,contiguous,1,stable,7,0.027699999999999999,4630844172786283601,40.126874102840368,0,0,1,1,1,1,Sequential,Accurate,canonical,compensated,canonical-neumaier-v1-leaf1024,ThreadPool,8,1
1,1.6.0,1.6.0,MSVC 1944,Windows,x86_64,unreported,dot,double,1024,contiguous,1,stable,8,0.0276,4630844172786283601,40.126874102840368,0,0,1,1,1,1,Sequential,Accurate,canonical,compensated,canonical-neumaier-v1-leaf1024,ThreadPool,8,1
1,1.6.0,1.6.0,MSVC 1944,Windows,x86_64,unreported,dot,double,1024,contiguous,1,stable,9,0.0276,4630844172786283601,40.126874102840368,0,0,1,1,1,1,Sequential,Accurate,canonical,compensated,canonical-neumaier-v1-leaf1024,ThreadPool,8,1
1,1.6.0,1.6.0,MSVC 1944,Windows,x86_64,unreported,dot,double,1024,contiguous,1,stable,10,0.027699999999999999,4630844172786283601,40.126874102840368,0,0,1,1,1,1,Sequential,Accurate,canonical,compensated,canonical-neumaier-v1-leaf1024,ThreadPool,8,1
1,1.6.0,1.6.0,MSVC 1944,Windows,x86_64,unreported,dot,double,1024,contiguous,1,stable,11,0.0281,4630844172786283601,40.126874102840368,0,0,1,1,1,1,Sequential,Accurate,canonical,compensated,canonical-neumaier-v1-leaf1024,ThreadPool,8,1
1,1.6.0,1.6.0,MSVC 1944,Windows,x86_64,unreported,dot,double,1024,contiguous,1,stable,12,0.0276,4630844172786283601,40.126874102840368,0,0,1,1,1,1,Sequential,Accurate,canonical,compensated,canonical-neumaier-v1-leaf1024,ThreadPool,8,1
1,1.6.0,1.6.0,MSVC 1944,Windows,x86_64,unreported,dot,double,1024,contiguous,1,stable,13,0.027699999999999999,4630844172786283601,40.126874102840368,0,0,1,1,1,1,Sequential,Accurate,canonical,compensated,canonical-neumaier-v1-leaf1024,ThreadPool,8,1
1,1.6.0,1.6.0,MSVC 1944,Windows,x86_64,unreported,dot,double,1024,contiguous,1,stable,14,0.027699999999999999,4630844172786283601,40.126874102840368,0,0,1,1,1,1,Sequential,Accurate,canonical,compensated,canonical-neumaier-v1-leaf1024,ThreadPool,8,1
1,1.6.0,1.6.0,MSVC 1944,Windows,x86_64,unreported,dot,double,1024,contiguous,1,stable,15,0.027699999999999999,4630844172786283601,40.126874102840368,0,0,1,1,1,1,Sequential,Accurate,canonical,compensated,canonical-neumaier-v1-leaf1024,ThreadPool,8,1
1,1.6.0,1.6.0,MSVC 1944,Windows,x86_64,unreported,dot,double,1024,contiguous,1,stable,16,0.027699999999999999,4630844172786283601,40.126874102840368,0,0,1,1,1,1,Sequential,Accurate,canonical,compensated,canonical-neumaier-v1-leaf1024,ThreadPool,8,1
1,1.6.0,1.6.0,MSVC 1944,Windows,x86_64,unreported,dot,double,1024,contiguous,1,stable,17,0.028899999999999999,4630844172786283601,40.126874102840368,0,0,1,1,1,1,Sequential,Accurate,canonical,compensated,canonical-neumaier-v1-leaf1024,ThreadPool,8,1
1,1.6.0,1.6.0,MSVC 1944,Windows,x86_64,unreported,dot,double,1024,contiguous,1,stable,18,0.027699999999999999,4630844172786283601,40.126874102840368,0,0,1,1,1,1,Sequential,Accurate,canonical,compensated,canonical-neumaier-v1-leaf1024,ThreadPool,8,1
1,1.6.0,1.6.0,MSVC 1944,Windows,x86_64,unreported,dot,double,1024,contiguous,1,stable,19,0.027699999999999999,4630844172786283601,40.126874102840368,0,0,1,1,1,1,Sequential,Accurate,canonical,compensated,canonical-neumaier-v1-leaf1024,ThreadPool,8,1
1,1.6.0,1.6.0,MSVC 1944,Windows,x86_64,unreported,dot,double,1024,contiguous,1,stable,20,0.028000000000000001,4630844172786283601,40.126874102840368,0,0,1,1,1,1,Sequential,Accurate,canonical,compensated,canonical-neumaier-v1-leaf1024,ThreadPool,8,1
1,1.6.0,1.6.0,MSVC 1944,Windows,x86_64,unreported,dot,double,1024,contiguous,1,stable,21,0.0276,4630844172786283601,40.126874102840368,0,0,1,1,1,1,Sequential,Accurate,canonical,compensated,canonical-neumaier-v1-leaf1024,ThreadPool,8,1
1,1.6.0,1.6.0,MSVC 1944,Windows,x86_64,unreported,dot,double,1024,contiguous,1,stable,22,0.0276,4630844172786283601,40.126874102840368,0,0,1,1,1,1,Sequential,Accurate,canonical,compensated,canonical-neumaier-v1-leaf1024,ThreadPool,8,1
1,1.6.0,1.6.0,MSVC 1944,Windows,x86_64,unreported,dot,double,1024,contiguous,1,stable,23,0.027699999999999999,4630844172786283601,40.126874102840368,0,0,1,1,1,1,Sequential,Accurate,canonical,compensated,canonical-neumaier-v1-leaf1024,ThreadPool,8,1
1,1.6.0,1.6.0,MSVC 1944,Windows,x86_64,unreported,dot,double,1024,contiguous,1,stable,24,0.0276,4630844172786283601,40.126874102840368,0,0,1,1,1,1,Sequential,Accurate,canonical,compensated,canonical-neumaier-v1-leaf1024,ThreadPool,8,1
1,1.6.0,1.6.0,MSVC 1944,Windows,x86_64,unreported,dot,double,1024,contiguous,1,stable,25,0.0276,4630844172786283601,40.126874102840368,0,0,1,1,1,1,Sequential,Accurate,canonical,compensated,canonical-neumaier-v1-leaf1024,ThreadPool,8,1
1,1.6.0,1.6.0,MSVC 1944,Windows,x86_64,unreported,dot,double,1024,contiguous,1,stable,26,0.027699999999999999,4630844172786283601,40.126874102840368,0,0,1,1,1,1,Sequential,Accurate,canonical,compensated,canonical-neumaier-v1-leaf1024,ThreadPool,8,1
1,1.6.0,1.6.0,MSVC 1944,Windows,x86_64,unreported,dot,double,1024,contiguous,1,stable,27,0.0276,4630844172786283601,40.126874102840368,0,0,1,1,1,1,Sequential,Accurate,canonical,compensated,canonical-neumaier-v1-leaf1024,ThreadPool,8,1
1,1.6.0,1.6.0,MSVC 1944,Windows,x86_64,unreported,dot,double,1024,contiguous,1,stable,28,0.039199999999999999,4630844172786283601,40.126874102840368,0,0,1,1,1,1,Sequential,Accurate,canonical,compensated,canonical-neumaier-v1-leaf1024,ThreadPool,8,1
1,1.6.0,1.6.0,MSVC 1944,Windows,x86_64,unreported,dot,double,1024,contiguous,1,stable,29,0.029399999999999999,4630844172786283601,40.126874102840368,0,0,1,1,1,1,Sequential,Accurate,canonical,compensated,canonical-neumaier-v1-leaf1024,ThreadPool,8,1
1,1.6.0,1.6.0,MSVC 1944,Windows,x86_64,unreported,dot,double,1024,contiguous,1,stable,30,0.027699999999999999,4630844172786283601,40.126874102840368,0,0,1,1,1,1,Sequential,Accurate,canonical,compensated,canonical-neumaier-v1-leaf1024,ThreadPool,8,1
1,1.6.0,1.6.0,MSVC 1944,Windows,x86_64,unreported,dot,double,1024,contiguous,1,stable,31,0.0275,4630844172786283601,40.126874102840368,0,0,1,1,1,1,Sequential,Accurate,canonical,compensated,canonical-neumaier-v1-leaf1024,ThreadPool,8,1
1,1.6.0,1.6.0,MSVC 1944,Windows,x86_64,unreported,norm,double,1024,contiguous,1,first_call,0,0.0161,4621059684392777255,8.6509756478727144,1.0658141036401503e-14,1.2320160719701428e-15,1,1,1,1,Sequential,Accurate,canonical,scaled_sumsq,canonical-scaled-sumsq-v1-leaf1024,ThreadPool,8,1
1,1.6.0,1.6.0,MSVC 1944,Windows,x86_64,unreported,norm,double,1024,contiguous,1,stable,1,0.015900000000000001,4621059684392777255,8.6509756478727144,1.0658141036401503e-14,1.2320160719701428e-15,1,1,1,1,Sequential,Accurate,canonical,scaled_sumsq,canonical-scaled-sumsq-v1-leaf1024,ThreadPool,8,1
1,1.6.0,1.6.0,MSVC 1944,Windows,x86_64,unreported,norm,double,1024,contiguous,1,stable,2,0.017000000000000001,4621059684392777255,8.6509756478727144,1.0658141036401503e-14,1.2320160719701428e-15,1,1,1,1,Sequential,Accurate,canonical,scaled_sumsq,canonical-scaled-sumsq-v1-leaf1024,ThreadPool,8,1
1,1.6.0,1.6.0,MSVC 1944,Windows,x86_64,unreported,norm,double,1024,contiguous,1,stable,3,0.015900000000000001,4621059684392777255,8.6509756478727144,1.0658141036401503e-14,1.2320160719701428e-15,1,1,1,1,Sequential,Accurate,canonical,scaled_sumsq,canonical-scaled-sumsq-v1-leaf1024,ThreadPool,8,1
1,1.6.0,1.6.0,MSVC 1944,Windows,x86_64,unreported,norm,double,1024,contiguous,1,stable,4,0.015699999999999999,4621059684392777255,8.6509756478727144,1.0658141036401503e-14,1.2320160719701428e-15,1,1,1,1,Sequential,Accurate,canonical,scaled_sumsq,canonical-scaled-sumsq-v1-leaf1024,ThreadPool,8,1
1,1.6.0,1.6.0,MSVC 1944,Windows,x86_64,unreported,norm,double,1024,contiguous,1,stable,5,0.015699999999999999,4621059684392777255,8.6509756478727144,1.0658141036401503e-14,1.2320160719701428e-15,1,1,1,1,Sequential,Accurate,canonical,scaled_sumsq,canonical-scaled-sumsq-v1-leaf1024,ThreadPool,8,1
1,1.6.0,1.6.0,MSVC 1944,Windows,x86_64,unreported,norm,double,1024,contiguous,1,stable,6,0.0161,4621059684392777255,8.6509756478727144,1.0658141036401503e-14,1.2320160719701428e-15,1,1,1,1,Sequential,Accurate,canonical,scaled_sumsq,canonical-scaled-sumsq-v1-leaf1024,ThreadPool,8,1
1,1.6.0,1.6.0,MSVC 1944,Windows,x86_64,unreported,norm,double,1024,contiguous,1,stable,7,0.015699999999999999,4621059684392777255,8.6509756478727144,1.0658141036401503e-14,1.2320160719701428e-15,1,1,1,1,Sequential,Accurate,canonical,scaled_sumsq,canonical-scaled-sumsq-v1-leaf1024,ThreadPool,8,1
1,1.6.0,1.6.0,MSVC 1944,Windows,x86_64,unreported,norm,double,1024,contiguous,1,stable,8,0.015800000000000002,4621059684392777255,8.6509756478727144,1.0658141036401503e-14,1.2320160719701428e-15,1,1,1,1,Sequential,Accurate,canonical,scaled_sumsq,canonical-scaled-sumsq-v1-leaf1024,ThreadPool,8,1
1,1.6.0,1.6.0,MSVC 1944,Windows,x86_64,unreported,norm,double,1024,contiguous,1,stable,9,0.015800000000000002,4621059684392777255,8.6509756478727144,1.0658141036401503e-14,1.2320160719701428e-15,1,1,1,1,Sequential,Accurate,canonical,scaled_sumsq,canonical-scaled-sumsq-v1-leaf1024,ThreadPool,8,1
1,1.6.0,1.6.0,MSVC 1944,Windows,x86_64,unreported,norm,double,1024,contiguous,1,stable,10,0.015699999999999999,4621059684392777255,8.6509756478727144,1.0658141036401503e-14,1.2320160719701428e-15,1,1,1,1,Sequential,Accurate,canonical,scaled_sumsq,canonical-scaled-sumsq-v1-leaf1024,ThreadPool,8,1
1,1.6.0,1.6.0,MSVC 1944,Windows,x86_64,unreported,norm,double,1024,contiguous,1,stable,11,0.015800000000000002,4621059684392777255,8.6509756478727144,1.0658141036401503e-14,1.2320160719701428e-15,1,1,1,1,Sequential,Accurate,canonical,scaled_sumsq,canonical-scaled-sumsq-v1-leaf1024,ThreadPool,8,1
1,1.6.0,1.6.0,MSVC 1944,Windows,x86_64,unreported,norm,double,1024,contiguous,1,stable,12,0.015800000000000002,4621059684392777255,8.6509756478727144,1.0658141036401503e-14,1.2320160719701428e-15,1,1,1,1,Sequential,Accurate,canonical,scaled_sumsq,canonical-scaled-sumsq-v1-leaf1024,ThreadPool,8,1
1,1.6.0,1.6.0,MSVC 1944,Windows,x86_64,unreported,norm,double,1024,contiguous,1,stable,13,0.015800000000000002,4621059684392777255,8.6509756478727144,1.0658141036401503e-14,1.2320160719701428e-15,1,1,1,1,Sequential,Accurate,canonical,scaled_sumsq,canonical-scaled-sumsq-v1-leaf1024,ThreadPool,8,1
1,1.6.0,1.6.0,MSVC 1944,Windows,x86_64,unreported,norm,double,1024,contiguous,1,stable,14,0.015800000000000002,4621059684392777255,8.6509756478727144,1.0658141036401503e-14,1.2320160719701428e-15,1,1,1,1,Sequential,Accurate,canonical,scaled_sumsq,canonical-scaled-sumsq-v1-leaf1024,ThreadPool,8,1
1,1.6.0,1.6.0,MSVC 1944,Windows,x86_64,unreported,norm,double,1024,contiguous,1,stable,15,0.017000000000000001,4621059684392777255,8.6509756478727144,1.0658141036401503e-14,1.2320160719701428e-15,1,1,1,1,Sequential,Accurate,canonical,scaled_sumsq,canonical-scaled-sumsq-v1-leaf1024,ThreadPool,8,1
1,1.6.0,1.6.0,MSVC 1944,Windows,x86_64,unreported,norm,double,1024,contiguous,1,stable,16,0.015900000000000001,4621059684392777255,8.6509756478727144,1.0658141036401503e-14,1.2320160719701428e-15,1,1,1,1,Sequential,Accurate,canonical,scaled_sumsq,canonical-scaled-sumsq-v1-leaf1024,ThreadPool,8,1
1,1.6.0,1.6.0,MSVC 1944,Windows,x86_64,unreported,norm,double,1024,contiguous,1,stable,17,0.015800000000000002,4621059684392777255,8.6509756478727144,1.0658141036401503e-14,1.2320160719701428e-15,1,1,1,1,Sequential,Accurate,canonical,scaled_sumsq,canonical-scaled-sumsq-v1-leaf1024,ThreadPool,8,1
1,1.6.0,1.6.0,MSVC 1944,Windows,x86_64,unreported,norm,double,1024,contiguous,1,stable,18,0.015800000000000002,4621059684392777255,8.6509756478727144,1.0658141036401503e-14,1.2320160719701428e-15,1,1,1,1,Sequential,Accurate,canonical,scaled_sumsq,canonical-scaled-sumsq-v1-leaf1024,ThreadPool,8,1
1,1.6.0,1.6.0,MSVC 1944,Windows,x86_64,unreported,norm,double,1024,contiguous,1,stable,19,0.015800000000000002,4621059684392777255,8.6509756478727144,1.0658141036401503e-14,1.2320160719701428e-15,1,1,1,1,Sequential,Accurate,canonical,scaled_sumsq,canonical-scaled-sumsq-v1-leaf1024,ThreadPool,8,1
1,1.6.0,1.6.0,MSVC 1944,Windows,x86_64,unreported,norm,double,1024,contiguous,1,stable,20,0.015800000000000002,4621059684392777255,8.6509756478727144,1.0658141036401503e-14,1.2320160719701428e-15,1,1,1,1,Sequential,Accurate,canonical,scaled_sumsq,canonical-scaled-sumsq-v1-leaf1024,ThreadPool,8,1
1,1.6.0,1.6.0,MSVC 1944,Windows,x86_64,unreported,norm,double,1024,contiguous,1,stable,21,0.015800000000000002,4621059684392777255,8.6509756478727144,1.0658141036401503e-14,1.2320160719701428e-15,1,1,1,1,Sequential,Accurate,canonical,scaled_sumsq,canonical-scaled-sumsq-v1-leaf1024,ThreadPool,8,1
1,1.6.0,1.6.0,MSVC 1944,Windows,x86_64,unreported,norm,double,1024,contiguous,1,stable,22,0.015800000000000002,4621059684392777255,8.6509756478727144,1.0658141036401503e-14,1.2320160719701428e-15,1,1,1,1,Sequential,Accurate,canonical,scaled_sumsq,canonical-scaled-sumsq-v1-leaf1024,ThreadPool,8,1
1,1.6.0,1.6.0,MSVC 1944,Windows,x86_64,unreported,norm,double,1024,contiguous,1,stable,23,0.0161,4621059684392777255,8.6509756478727144,1.0658141036401503e-14,1.2320160719701428e-15,1,1,1,1,Sequential,Accurate,canonical,scaled_sumsq,canonical-scaled-sumsq-v1-leaf1024,ThreadPool,8,1
1,1.6.0,1.6.0,MSVC 1944,Windows,x86_64,unreported,norm,double,1024,contiguous,1,stable,24,0.015900000000000001,4621059684392777255,8.6509756478727144,1.0658141036401503e-14,1.2320160719701428e-15,1,1,1,1,Sequential,Accurate,canonical,scaled_sumsq,canonical-scaled-sumsq-v1-leaf1024,ThreadPool,8,1
1,1.6.0,1.6.0,MSVC 1944,Windows,x86_64,unreported,norm,double,1024,contiguous,1,stable,25,0.015800000000000002,4621059684392777255,8.6509756478727144,1.0658141036401503e-14,1.2320160719701428e-15,1,1,1,1,Sequential,Accurate,canonical,scaled_sumsq,canonical-scaled-sumsq-v1-leaf1024,ThreadPool,8,1
1,1.6.0,1.6.0,MSVC 1944,Windows,x86_64,unreported,norm,double,1024,contiguous,1,stable,26,0.015900000000000001,4621059684392777255,8.6509756478727144,1.0658141036401503e-14,1.2320160719701428e-15,1,1,1,1,Sequential,Accurate,canonical,scaled_sumsq,canonical-scaled-sumsq-v1-leaf1024,ThreadPool,8,1
1,1.6.0,1.6.0,MSVC 1944,Windows,x86_64,unreported,norm,double,1024,contiguous,1,stable,27,0.015699999999999999,4621059684392777255,8.6509756478727144,1.0658141036401503e-14,1.2320160719701428e-15,1,1,1,1,Sequential,Accurate,canonical,scaled_sumsq,canonical-scaled-sumsq-v1-leaf1024,ThreadPool,8,1
1,1.6.0,1.6.0,MSVC 1944,Windows,x86_64,unreported,norm,double,1024,contiguous,1,stable,28,0.015800000000000002,4621059684392777255,8.6509756478727144,1.0658141036401503e-14,1.2320160719701428e-15,1,1,1,1,Sequential,Accurate,canonical,scaled_sumsq,canonical-scaled-sumsq-v1-leaf1024,ThreadPool,8,1
1,1.6.0,1.6.0,MSVC 1944,Windows,x86_64,unreported,norm,double,1024,contiguous,1,stable,29,0.016899999999999998,4621059684392777255,8.6509756478727144,1.0658141036401503e-14,1.2320160719701428e-15,1,1,1,1,Sequential,Accurate,canonical,scaled_sumsq,canonical-scaled-sumsq-v1-leaf1024,ThreadPool,8,1
1,1.6.0,1.6.0,MSVC 1944,Windows,x86_64,unreported,norm,double,1024,contiguous,1,stable,30,0.017399999999999999,4621059684392777255,8.6509756478727144,1.0658141036401503e-14,1.2320160719701428e-15,1,1,1,1,Sequential,Accurate,canonical,scaled_sumsq,canonical-scaled-sumsq-v1-leaf1024,ThreadPool,8,1
1,1.6.0,1.6.0,MSVC 1944,Windows,x86_64,unreported,norm,double,1024,contiguous,1,stable,31,0.015800000000000002,4621059684392777255,8.6509756478727144,1.0658141036401503e-14,1.2320160719701428e-15,1,1,1,1,Sequential,Accurate,canonical,scaled_sumsq,canonical-scaled-sumsq-v1-leaf1024,ThreadPool,8,1
1,1.6.0,1.6.0,MSVC 1944,Windows,x86_64,unreported,sum_legacy_fast,double,1024,contiguous,1,first_call,0,0.050000000000000003,4642632424477329671,239.54976066674161,5.6843418860808015e-14,2.3729273910604242e-16,1,1,1,1,ThreadPool,Fast,adaptive,native,none,ThreadPool,8,8
1,1.6.0,1.6.0,MSVC 1944,Windows,x86_64,unreported,sum_legacy_fast,double,1024,contiguous,1,stable,1,0.034200000000000001,4642632424477329671,239.54976066674161,5.6843418860808015e-14,2.3729273910604242e-16,1,1,1,1,ThreadPool,Fast,adaptive,native,none,ThreadPool,8,8
1,1.6.0,1.6.0,MSVC 1944,Windows,x86_64,unreported,sum_legacy_fast,double,1024,contiguous,1,stable,2,0.031399999999999997,4642632424477329671,239.54976066674161,5.6843418860808015e-14,2.3729273910604242e-16,1,1,1,1,ThreadPool,Fast,adaptive,native,none,ThreadPool,8,8
1,1.6.0,1.6.0,MSVC 1944,Windows,x86_64,unreported,sum_legacy_fast,double,1024,contiguous,1,stable,3,0.032899999999999999,4642632424477329671,239.54976066674161,5.6843418860808015e-14,2.3729273910604242e-16,1,1,1,1,ThreadPool,Fast,adaptive,native,none,ThreadPool,8,8
1,1.6.0,1.6.0,MSVC 1944,Windows,x86_64,unreported,sum_legacy_fast,double,1024,contiguous,1,stable,4,0.029499999999999998,4642632424477329671,239.54976066674161,5.6843418860808015e-14,2.3729273910604242e-16,1,1,1,1,ThreadPool,Fast,adaptive,native,none,ThreadPool,8,8
1,1.6.0,1.6.0,MSVC 1944,Windows,x86_64,unreported,sum_legacy_fast,double,1024,contiguous,1,stable,5,0.036200000000000003,4642632424477329671,239.54976066674161,5.6843418860808015e-14,2.3729273910604242e-16,1,1,1,1,ThreadPool,Fast,adaptive,native,none,ThreadPool,8,8
1,1.6.0,1.6.0,MSVC 1944,Windows,x86_64,unreported,sum_legacy_fast,double,1024,contiguous,1,stable,6,0.032000000000000001,4642632424477329671,239.54976066674161,5.6843418860808015e-14,2.3729273910604242e-16,1,1,1,1,ThreadPool,Fast,adaptive,native,none,ThreadPool,8,8
1,1.6.0,1.6.0,MSVC 1944,Windows,x86_64,unreported,sum_legacy_fast,double,1024,contiguous,1,stable,7,0.030499999999999999,4642632424477329671,239.54976066674161,5.6843418860808015e-14,2.3729273910604242e-16,1,1,1,1,ThreadPool,Fast,adaptive,native,none,ThreadPool,8,8
1,1.6.0,1.6.0,MSVC 1944,Windows,x86_64,unreported,sum_legacy_fast,double,1024,contiguous,1,stable,8,0.029600000000000001,4642632424477329671,239.54976066674161,5.6843418860808015e-14,2.3729273910604242e-16,1,1,1,1,ThreadPool,Fast,adaptive,native,none,ThreadPool,8,8
1,1.6.0,1.6.0,MSVC 1944,Windows,x86_64,unreported,sum_legacy_fast,double,1024,contiguous,1,stable,9,0.0298,4642632424477329671,239.54976066674161,5.6843418860808015e-14,2.3729273910604242e-16,1,1,1,1,ThreadPool,Fast,adaptive,native,none,ThreadPool,8,8
1,1.6.0,1.6.0,MSVC 1944,Windows,x86_64,unreported,sum_legacy_fast,double,1024,contiguous,1,stable,10,0.0304,4642632424477329671,239.54976066674161,5.6843418860808015e-14,2.3729273910604242e-16,1,1,1,1,ThreadPool,Fast,adaptive,native,none,ThreadPool,8,8
1,1.6.0,1.6.0,MSVC 1944,Windows,x86_64,unreported,sum_legacy_fast,double,1024,contiguous,1,stable,11,0.030099999999999998,4642632424477329671,239.54976066674161,5.6843418860808015e-14,2.3729273910604242e-16,1,1,1,1,ThreadPool,Fast,adaptive,native,none,ThreadPool,8,8
1,1.6.0,1.6.0,MSVC 1944,Windows,x86_64,unreported,sum_legacy_fast,double,1024,contiguous,1,stable,12,0.031399999999999997,4642632424477329671,239.54976066674161,5.6843418860808015e-14,2.3729273910604242e-16,1,1,1,1,ThreadPool,Fast,adaptive,native,none,ThreadPool,8,8
1,1.6.0,1.6.0,MSVC 1944,Windows,x86_64,unreported,sum_legacy_fast,double,1024,contiguous,1,stable,13,0.031699999999999999,4642632424477329671,239.54976066674161,5.6843418860808015e-14,2.3729273910604242e-16,1,1,1,1,ThreadPool,Fast,adaptive,native,none,ThreadPool,8,8
1,1.6.0,1.6.0,MSVC 1944,Windows,x86_64,unreported,sum_legacy_fast,double,1024,contiguous,1,stable,14,0.0332,4642632424477329671,239.54976066674161,5.6843418860808015e-14,2.3729273910604242e-16,1,1,1,1,ThreadPool,Fast,adaptive,native,none,ThreadPool,8,8
1,1.6.0,1.6.0,MSVC 1944,Windows,x86_64,unreported,sum_legacy_fast,double,1024,contiguous,1,stable,15,0.0327,4642632424477329671,239.54976066674161,5.6843418860808015e-14,2.3729273910604242e-16,1,1,1,1,ThreadPool,Fast,adaptive,native,none,ThreadPool,8,8
1,1.6.0,1.6.0,MSVC 1944,Windows,x86_64,unreported,sum_legacy_fast,double,1024,contiguous,1,stable,16,0.039300000000000002,4642632424477329671,239.54976066674161,5.6843418860808015e-14,2.3729273910604242e-16,1,1,1,1,ThreadPool,Fast,adaptive,native,none,ThreadPool,8,8
1,1.6.0,1.6.0,MSVC 1944,Windows,x86_64,unreported,sum_legacy_fast,double,1024,contiguous,1,stable,17,0.031300000000000001,4642632424477329671,239.54976066674161,5.6843418860808015e-14,2.3729273910604242e-16,1,1,1,1,ThreadPool,Fast,adaptive,native,none,ThreadPool,8,8
1,1.6.0,1.6.0,MSVC 1944,Windows,x86_64,unreported,sum_legacy_fast,double,1024,contiguous,1,stable,18,0.029700000000000001,4642632424477329671,239.54976066674161,5.6843418860808015e-14,2.3729273910604242e-16,1,1,1,1,ThreadPool,Fast,adaptive,native,none,ThreadPool,8,8
1,1.6.0,1.6.0,MSVC 1944,Windows,x86_64,unreported,sum_legacy_fast,double,1024,contiguous,1,stable,19,0.061600000000000002,4642632424477329671,239.54976066674161,5.6843418860808015e-14,2.3729273910604242e-16,1,1,1,1,ThreadPool,Fast,adaptive,native,none,ThreadPool,8,8
1,1.6.0,1.6.0,MSVC 1944,Windows,x86_64,unreported,sum_legacy_fast,double,1024,contiguous,1,stable,20,0.039300000000000002,4642632424477329671,239.54976066674161,5.6843418860808015e-14,2.3729273910604242e-16,1,1,1,1,ThreadPool,Fast,adaptive,native,none,ThreadPool,8,8
1,1.6.0,1.6.0,MSVC 1944,Windows,x86_64,unreported,sum_legacy_fast,double,1024,contiguous,1,stable,21,0.034299999999999997,4642632424477329671,239.54976066674161,5.6843418860808015e-14,2.3729273910604242e-16,1,1,1,1,ThreadPool,Fast,adaptive,native,none,ThreadPool,8,8
1,1.6.0,1.6.0,MSVC 1944,Windows,x86_64,unreported,sum_legacy_fast,double,1024,contiguous,1,stable,22,0.038399999999999997,4642632424477329671,239.54976066674161,5.6843418860808015e-14,2.3729273910604242e-16,1,1,1,1,ThreadPool,Fast,adaptive,native,none,ThreadPool,8,8
1,1.6.0,1.6.0,MSVC 1944,Windows,x86_64,unreported,sum_legacy_fast,double,1024,contiguous,1,stable,23,0.034799999999999998,4642632424477329671,239.54976066674161,5.6843418860808015e-14,2.3729273910604242e-16,1,1,1,1,ThreadPool,Fast,adaptive,native,none,ThreadPool,8,8
1,1.6.0,1.6.0,MSVC 1944,Windows,x86_64,unreported,sum_legacy_fast,double,1024,contiguous,1,stable,24,0.062799999999999995,4642632424477329671,239.54976066674161,5.6843418860808015e-14,2.3729273910604242e-16,1,1,1,1,ThreadPool,Fast,adaptive,native,none,ThreadPool,8,8
1,1.6.0,1.6.0,MSVC 1944,Windows,x86_64,unreported,sum_legacy_fast,double,1024,contiguous,1,stable,25,0.043900000000000002,4642632424477329671,239.54976066674161,5.6843418860808015e-14,2.3729273910604242e-16,1,1,1,1,ThreadPool,Fast,adaptive,native,none,ThreadPool,8,8
1,1.6.0,1.6.0,MSVC 1944,Windows,x86_64,unreported,sum_legacy_fast,double,1024,contiguous,1,stable,26,0.039600000000000003,4642632424477329671,239.54976066674161,5.6843418860808015e-14,2.3729273910604242e-16,1,1,1,1,ThreadPool,Fast,adaptive,native,none,ThreadPool,8,8
1,1.6.0,1.6.0,MSVC 1944,Windows,x86_64,unreported,sum_legacy_fast,double,1024,contiguous,1,stable,27,0.033399999999999999,4642632424477329671,239.54976066674161,5.6843418860808015e-14,2.3729273910604242e-16,1,1,1,1,ThreadPool,Fast,adaptive,native,none,ThreadPool,8,8
1,1.6.0,1.6.0,MSVC 1944,Windows,x86_64,unreported,sum_legacy_fast,double,1024,contiguous,1,stable,28,0.040899999999999999,4642632424477329671,239.54976066674161,5.6843418860808015e-14,2.3729273910604242e-16,1,1,1,1,ThreadPool,Fast,adaptive,native,none,ThreadPool,8,8
1,1.6.0,1.6.0,MSVC 1944,Windows,x86_64,unreported,sum_legacy_fast,double,1024,contiguous,1,stable,29,0.064000000000000001,4642632424477329671,239.54976066674161,5.6843418860808015e-14,2.3729273910604242e-16,1,1,1,1,ThreadPool,Fast,adaptive,native,none,ThreadPool,8,8
1,1.6.0,1.6.0,MSVC 1944,Windows,x86_64,unreported,sum_legacy_fast,double,1024,contiguous,1,stable,30,0.034599999999999999,4642632424477329671,239.54976066674161,5.6843418860808015e-14,2.3729273910604242e-16,1,1,1,1,ThreadPool,Fast,adaptive,native,none,ThreadPool,8,8
1,1.6.0,1.6.0,MSVC 1944,Windows,x86_64,unreported,sum_legacy_fast,double,1024,contiguous,1,stable,31,0.034299999999999997,4642632424477329671,239.54976066674161,5.6843418860808015e-14,2.3729273910604242e-16,1,1,1,1,ThreadPool,Fast,adaptive,native,none,ThreadPool,8,8
1,1.6.0,1.6.0,MSVC 1944,Windows,x86_64,unreported,sum_direct_sequential,double,1024,contiguous,1,first_call,0,0.00089999999999999998,4642632424477329673,239.54976066674161,0,0,1,1,1,1,DirectSequential,Fast,adaptive,native,none,Auto,1,1
1,1.6.0,1.6.0,MSVC 1944,Windows,x86_64,unreported,sum_direct_sequential,double,1024,contiguous,1,stable,1,0.00080000000000000004,4642632424477329673,239.54976066674161,0,0,1,1,1,1,DirectSequential,Fast,adaptive,native,none,Auto,1,1
1,1.6.0,1.6.0,MSVC 1944,Windows,x86_64,unreported,sum_direct_sequential,double,1024,contiguous,1,stable,2,0.00080000000000000004,4642632424477329673,239.54976066674161,0,0,1,1,1,1,DirectSequential,Fast,adaptive,native,none,Auto,1,1
1,1.6.0,1.6.0,MSVC 1944,Windows,x86_64,unreported,sum_direct_sequential,double,1024,contiguous,1,stable,3,0.00080000000000000004,4642632424477329673,239.54976066674161,0,0,1,1,1,1,DirectSequential,Fast,adaptive,native,none,Auto,1,1
1,1.6.0,1.6.0,MSVC 1944,Windows,x86_64,unreported,sum_direct_sequential,double,1024,contiguous,1,stable,4,0.00080000000000000004,4642632424477329673,239.54976066674161,0,0,1,1,1,1,DirectSequential,Fast,adaptive,native,none,Auto,1,1
1,1.6.0,1.6.0,MSVC 1944,Windows,x86_64,unreported,sum_direct_sequential,double,1024,contiguous,1,stable,5,0.00080000000000000004,4642632424477329673,239.54976066674161,0,0,1,1,1,1,DirectSequential,Fast,adaptive,native,none,Auto,1,1
1,1.6.0,1.6.0,MSVC 1944,Windows,x86_64,unreported,sum_direct_sequential,double,1024,contiguous,1,stable,6,0.00080000000000000004,4642632424477329673,239.54976066674161,0,0,1,1,1,1,DirectSequential,Fast,adaptive,native,none,Auto,1,1
1,1.6.0,1.6.0,MSVC 1944,Windows,x86_64,unreported,sum_direct_sequential,double,1024,contiguous,1,stable,7,0.00080000000000000004,4642632424477329673,239.54976066674161,0,0,1,1,1,1,DirectSequential,Fast,adaptive,native,none,Auto,1,1
1,1.6.0,1.6.0,MSVC 1944,Windows,x86_64,unreported,sum_direct_sequential,double,1024,contiguous,1,stable,8,0.00080000000000000004,4642632424477329673,239.54976066674161,0,0,1,1,1,1,DirectSequential,Fast,adaptive,native,none,Auto,1,1
1,1.6.0,1.6.0,MSVC 1944,Windows,x86_64,unreported,sum_direct_sequential,double,1024,contiguous,1,stable,9,0.00080000000000000004,4642632424477329673,239.54976066674161,0,0,1,1,1,1,DirectSequential,Fast,adaptive,native,none,Auto,1,1
1,1.6.0,1.6.0,MSVC 1944,Windows,x86_64,unreported,sum_direct_sequential,double,1024,contiguous,1,stable,10,0.00080000000000000004,4642632424477329673,239.54976066674161,0,0,1,1,1,1,DirectSequential,Fast,adaptive,native,none,Auto,1,1
1,1.6.0,1.6.0,MSVC 1944,Windows,x86_64,unreported,sum_direct_sequential,double,1024,contiguous,1,stable,11,0.00080000000000000004,4642632424477329673,239.54976066674161,0,0,1,1,1,1,DirectSequential,Fast,adaptive,native,none,Auto,1,1
1,1.6.0,1.6.0,MSVC 1944,Windows,x86_64,unreported,sum_direct_sequential,double,1024,contiguous,1,stable,12,0.00080000000000000004,4642632424477329673,239.54976066674161,0,0,1,1,1,1,DirectSequential,Fast,adaptive,native,none,Auto,1,1
1,1.6.0,1.6.0,MSVC 1944,Windows,x86_64,unreported,sum_direct_sequential,double,1024,contiguous,1,stable,13,0.00089999999999999998,4642632424477329673,239.54976066674161,0,0,1,1,1,1,DirectSequential,Fast,adaptive,native,none,Auto,1,1
1,1.6.0,1.6.0,MSVC 1944,Windows,x86_64,unreported,sum_direct_sequential,double,1024,contiguous,1,stable,14,0.00080000000000000004,4642632424477329673,239.54976066674161,0,0,1,1,1,1,DirectSequential,Fast,adaptive,native,none,Auto,1,1
1,1.6.0,1.6.0,MSVC 1944,Windows,x86_64,unreported,sum_direct_sequential,double,1024,contiguous,1,stable,15,0.00080000000000000004,4642632424477329673,239.54976066674161,0,0,1,1,1,1,DirectSequential,Fast,adaptive,native,none,Auto,1,1
1,1.6.0,1.6.0,MSVC 1944,Windows,x86_64,unreported,sum_direct_sequential,double,1024,contiguous,1,stable,16,0.00080000000000000004,4642632424477329673,239.54976066674161,0,0,1,1,1,1,DirectSequential,Fast,adaptive,native,none,Auto,1,1
1,1.6.0,1.6.0,MSVC 1944,Windows,x86_64,unreported,sum_direct_sequential,double,1024,contiguous,1,stable,17,0.00080000000000000004,4642632424477329673,239.54976066674161,0,0,1,1,1,1,DirectSequential,Fast,adaptive,native,none,Auto,1,1
1,1.6.0,1.6.0,MSVC 1944,Windows,x86_64,unreported,sum_direct_sequential,double,1024,contiguous,1,stable,18,0.00080000000000000004,4642632424477329673,239.54976066674161,0,0,1,1,1,1,DirectSequential,Fast,adaptive,native,none,Auto,1,1
1,1.6.0,1.6.0,MSVC 1944,Windows,x86_64,unreported,sum_direct_sequential,double,1024,contiguous,1,stable,19,0.00080000000000000004,4642632424477329673,239.54976066674161,0,0,1,1,1,1,DirectSequential,Fast,adaptive,native,none,Auto,1,1
1,1.6.0,1.6.0,MSVC 1944,Windows,x86_64,unreported,sum_direct_sequential,double,1024,contiguous,1,stable,20,0.00080000000000000004,4642632424477329673,239.54976066674161,0,0,1,1,1,1,DirectSequential,Fast,adaptive,native,none,Auto,1,1
1,1.6.0,1.6.0,MSVC 1944,Windows,x86_64,unreported,sum_direct_sequential,double,1024,contiguous,1,stable,21,0.00080000000000000004,4642632424477329673,239.54976066674161,0,0,1,1,1,1,DirectSequential,Fast,adaptive,native,none,Auto,1,1
1,1.6.0,1.6.0,MSVC 1944,Windows,x86_64,unreported,sum_direct_sequential,double,1024,contiguous,1,stable,22,0.00080000000000000004,4642632424477329673,239.54976066674161,0,0,1,1,1,1,DirectSequential,Fast,adaptive,native,none,Auto,1,1
1,1.6.0,1.6.0,MSVC 1944,Windows,x86_64,unreported,sum_direct_sequential,double,1024,contiguous,1,stable,23,0.00080000000000000004,4642632424477329673,239.54976066674161,0,0,1,1,1,1,DirectSequential,Fast,adaptive,native,none,Auto,1,1
1,1.6.0,1.6.0,MSVC 1944,Windows,x86_64,unreported,sum_direct_sequential,double,1024,contiguous,1,stable,24,0.00080000000000000004,4642632424477329673,239.54976066674161,0,0,1,1,1,1,DirectSequential,Fast,adaptive,native,none,Auto,1,1
1,1.6.0,1.6.0,MSVC 1944,Windows,x86_64,unreported,sum_direct_sequential,double,1024,contiguous,1,stable,25,0.00080000000000000004,4642632424477329673,239.54976066674161,0,0,1,1,1,1,DirectSequential,Fast,adaptive,native,none,Auto,1,1
1,1.6.0,1.6.0,MSVC 1944,Windows,x86_64,unreported,sum_direct_sequential,double,1024,contiguous,1,stable,26,0.00080000000000000004,4642632424477329673,239.54976066674161,0,0,1,1,1,1,DirectSequential,Fast,adaptive,native,none,Auto,1,1
1,1.6.0,1.6.0,MSVC 1944,Windows,x86_64,unreported,sum_direct_sequential,double,1024,contiguous,1,stable,27,0.00080000000000000004,4642632424477329673,239.54976066674161,0,0,1,1,1,1,DirectSequential,Fast,adaptive,native,none,Auto,1,1
1,1.6.0,1.6.0,MSVC 1944,Windows,x86_64,unreported,sum_direct_sequential,double,1024,contiguous,1,stable,28,0.00080000000000000004,4642632424477329673,239.54976066674161,0,0,1,1,1,1,DirectSequential,Fast,adaptive,native,none,Auto,1,1
1,1.6.0,1.6.0,MSVC 1944,Windows,x86_64,unreported,sum_direct_sequential,double,1024,contiguous,1,stable,29,0.00080000000000000004,4642632424477329673,239.54976066674161,0,0,1,1,1,1,DirectSequential,Fast,adaptive,native,none,Auto,1,1
1,1.6.0,1.6.0,MSVC 1944,Windows,x86_64,unreported,sum_direct_sequential,double,1024,contiguous,1,stable,30,0.00080000000000000004,4642632424477329673,239.54976066674161,0,0,1,1,1,1,DirectSequential,Fast,adaptive,native,none,Auto,1,1
1,1.6.0,1.6.0,MSVC 1944,Windows,x86_64,unreported,sum_direct_sequential,double,1024,contiguous,1,stable,31,0.00080000000000000004,4642632424477329673,239.54976066674161,0,0,1,1,1,1,DirectSequential,Fast,adaptive,native,none,Auto,1,1
1,1.6.0,1.6.0,MSVC 1944,Windows,x86_64,unreported,dot_direct_sequential,double,1024,contiguous,1,first_call,0,0.001,4630844172786283601,40.126874102840368,0,0,1,1,1,1,DirectSequential,Fast,adaptive,native,none,Auto,1,1
1,1.6.0,1.6.0,MSVC 1944,Windows,x86_64,unreported,dot_direct_sequential,double,1024,contiguous,1,stable,1,0.00080000000000000004,4630844172786283601,40.126874102840368,0,0,1,1,1,1,DirectSequential,Fast,adaptive,native,none,Auto,1,1
1,1.6.0,1.6.0,MSVC 1944,Windows,x86_64,unreported,dot_direct_sequential,double,1024,contiguous,1,stable,2,0.00080000000000000004,4630844172786283601,40.126874102840368,0,0,1,1,1,1,DirectSequential,Fast,adaptive,native,none,Auto,1,1
1,1.6.0,1.6.0,MSVC 1944,Windows,x86_64,unreported,dot_direct_sequential,double,1024,contiguous,1,stable,3,0.00080000000000000004,4630844172786283601,40.126874102840368,0,0,1,1,1,1,DirectSequential,Fast,adaptive,native,none,Auto,1,1
1,1.6.0,1.6.0,MSVC 1944,Windows,x86_64,unreported,dot_direct_sequential,double,1024,contiguous,1,stable,4,0.00080000000000000004,4630844172786283601,40.126874102840368,0,0,1,1,1,1,DirectSequential,Fast,adaptive,native,none,Auto,1,1
1,1.6.0,1.6.0,MSVC 1944,Windows,x86_64,unreported,dot_direct_sequential,double,1024,contiguous,1,stable,5,0.00080000000000000004,4630844172786283601,40.126874102840368,0,0,1,1,1,1,DirectSequential,Fast,adaptive,native,none,Auto,1,1
1,1.6.0,1.6.0,MSVC 1944,Windows,x86_64,unreported,dot_direct_sequential,double,1024,contiguous,1,stable,6,0.00080000000000000004,4630844172786283601,40.126874102840368,0,0,1,1,1,1,DirectSequential,Fast,adaptive,native,none,Auto,1,1
1,1.6.0,1.6.0,MSVC 1944,Windows,x86_64,unreported,dot_direct_sequential,double,1024,contiguous,1,stable,7,0.00089999999999999998,4630844172786283601,40.126874102840368,0,0,1,1,1,1,DirectSequential,Fast,adaptive,native,none,Auto,1,1
1,1.6.0,1.6.0,MSVC 1944,Windows,x86_64,unreported,dot_direct_sequential,double,1024,contiguous,1,stable,8,0.00080000000000000004,4630844172786283601,40.126874102840368,0,0,1,1,1,1,DirectSequential,Fast,adaptive,native,none,Auto,1,1
1,1.6.0,1.6.0,MSVC 1944,Windows,x86_64,unreported,dot_direct_sequential,double,1024,contiguous,1,stable,9,0.00089999999999999998,4630844172786283601,40.126874102840368,0,0,1,1,1,1,DirectSequential,Fast,adaptive,native,none,Auto,1,1
1,1.6.0,1.6.0,MSVC 1944,Windows,x86_64,unreported,dot_direct_sequential,double,1024,contiguous,1,stable,10,0.00080000000000000004,4630844172786283601,40.126874102840368,0,0,1,1,1,1,DirectSequential,Fast,adaptive,native,none,Auto,1,1
1,1.6.0,1.6.0,MSVC 1944,Windows,x86_64,unreported,dot_direct_sequential,double,1024,contiguous,1,stable,11,0.00080000000000000004,4630844172786283601,40.126874102840368,0,0,1,1,1,1,DirectSequential,Fast,adaptive,native,none,Auto,1,1
1,1.6.0,1.6.0,MSVC 1944,Windows,x86_64,unreported,dot_direct_sequential,double,1024,contiguous,1,stable,12,0.00080000000000000004,4630844172786283601,40.126874102840368,0,0,1,1,1,1,DirectSequential,Fast,adaptive,native,none,Auto,1,1
1,1.6.0,1.6.0,MSVC 1944,Windows,x86_64,unreported,dot_direct_sequential,double,1024,contiguous,1,stable,13,0.00080000000000000004,4630844172786283601,40.126874102840368,0,0,1,1,1,1,DirectSequential,Fast,adaptive,native,none,Auto,1,1
1,1.6.0,1.6.0,MSVC 1944,Windows,x86_64,unreported,dot_direct_sequential,double,1024,contiguous,1,stable,14,0.00080000000000000004,4630844172786283601,40.126874102840368,0,0,1,1,1,1,DirectSequential,Fast,adaptive,native,none,Auto,1,1
1,1.6.0,1.6.0,MSVC 1944,Windows,x86_64,unreported,dot_direct_sequential,double,1024,contiguous,1,stable,15,0.00080000000000000004,4630844172786283601,40.126874102840368,0,0,1,1,1,1,DirectSequential,Fast,adaptive,native,none,Auto,1,1
1,1.6.0,1.6.0,MSVC 1944,Windows,x86_64,unreported,dot_direct_sequential,double,1024,contiguous,1,stable,16,0.00080000000000000004,4630844172786283601,40.126874102840368,0,0,1,1,1,1,DirectSequential,Fast,adaptive,native,none,Auto,1,1
1,1.6.0,1.6.0,MSVC 1944,Windows,x86_64,unreported,dot_direct_sequential,double,1024,contiguous,1,stable,17,0.00089999999999999998,4630844172786283601,40.126874102840368,0,0,1,1,1,1,DirectSequential,Fast,adaptive,native,none,Auto,1,1
1,1.6.0,1.6.0,MSVC 1944,Windows,x86_64,unreported,dot_direct_sequential,double,1024,contiguous,1,stable,18,0.00080000000000000004,4630844172786283601,40.126874102840368,0,0,1,1,1,1,DirectSequential,Fast,adaptive,native,none,Auto,1,1
1,1.6.0,1.6.0,MSVC 1944,Windows,x86_64,unreported,dot_direct_sequential,double,1024,contiguous,1,stable,19,0.00080000000000000004,4630844172786283601,40.126874102840368,0,0,1,1,1,1,DirectSequential,Fast,adaptive,native,none,Auto,1,1
1,1.6.0,1.6.0,MSVC 1944,Windows,x86_64,unreported,dot_direct_sequential,double,1024,contiguous,1,stable,20,0.00080000000000000004,4630844172786283601,40.126874102840368,0,0,1,1,1,1,DirectSequential,Fast,adaptive,native,none,Auto,1,1
1,1.6.0,1.6.0,MSVC 1944,Windows,x86_64,unreported,dot_direct_sequential,double,1024,contiguous,1,stable,21,0.00089999999999999998,4630844172786283601,40.126874102840368,0,0,1,1,1,1,DirectSequential,Fast,adaptive,native,none,Auto,1,1
1,1.6.0,1.6.0,MSVC 1944,Windows,x86_64,unreported,dot_direct_sequential,double,1024,contiguous,1,stable,22,0.00080000000000000004,4630844172786283601,40.126874102840368,0,0,1,1,1,1,DirectSequential,Fast,adaptive,native,none,Auto,1,1
1,1.6.0,1.6.0,MSVC 1944,Windows,x86_64,unreported,dot_direct_sequential,double,1024,contiguous,1,stable,23,0.00080000000000000004,4630844172786283601,40.126874102840368,0,0,1,1,1,1,DirectSequential,Fast,adaptive,native,none,Auto,1,1
1,1.6.0,1.6.0,MSVC 1944,Windows,x86_64,unreported,dot_direct_sequential,double,1024,contiguous,1,stable,24,0.00080000000000000004,4630844172786283601,40.126874102840368,0,0,1,1,1,1,DirectSequential,Fast,adaptive,native,none,Auto,1,1
1,1.6.0,1.6.0,MSVC 1944,Windows,x86_64,unreported,dot_direct_sequential,double,1024,contiguous,1,stable,25,0.00080000000000000004,4630844172786283601,40.126874102840368,0,0,1,1,1,1,DirectSequential,Fast,adaptive,native,none,Auto,1,1
1,1.6.0,1.6.0,MSVC 1944,Windows,x86_64,unreported,dot_direct_sequential,double,1024,contiguous,1,stable,26,0.00080000000000000004,4630844172786283601,40.126874102840368,0,0,1,1,1,1,DirectSequential,Fast,adaptive,native,none,Auto,1,1
1,1.6.0,1.6.0,MSVC 1944,Windows,x86_64,unreported,dot_direct_sequential,double,1024,contiguous,1,stable,27,0.00080000000000000004,4630844172786283601,40.126874102840368,0,0,1,1,1,1,DirectSequential,Fast,adaptive,native,none,Auto,1,1
1,1.6.0,1.6.0,MSVC 1944,Windows,x86_64,unreported,dot_direct_sequential,double,1024,contiguous,1,stable,28,0.00080000000000000004,4630844172786283601,40.126874102840368,0,0,1,1,1,1,DirectSequential,Fast,adaptive,native,none,Auto,1,1
1,1.6.0,1.6.0,MSVC 1944,Windows,x86_64,unreported,dot_direct_sequential,double,1024,contiguous,1,stable,29,0.00080000000000000004,4630844172786283601,40.126874102840368,0,0,1,1,1,1,DirectSequential,Fast,adaptive,native,none,Auto,1,1
1,1.6.0,1.6.0,MSVC 1944,Windows,x86_64,unreported,dot_direct_sequential,double,1024,contiguous,1,stable,30,0.00080000000000000004,4630844172786283601,40.126874102840368,0,0,1,1,1,1,DirectSequential,Fast,adaptive,native,none,Auto,1,1
1,1.6.0,1.6.0,MSVC 1944,Windows,x86_64,unreported,dot_direct_sequential,double,1024,contiguous,1,stable,31,0.00080000000000000004,4630844172786283601,40.126874102840368,0,0,1,1,1,1,DirectSequential,Fast,adaptive,native,none,Auto,1,1
1,1.6.0,1.6.0,MSVC 1944,Windows,x86_64,unreported,norm_direct_sequential,double,1024,contiguous,1,first_call,0,0.00089999999999999998,4621059684392777249,8.6509756478727144,0,0,1,1,1,1,DirectSequential,Fast,adaptive,native,none,Auto,1,1
1,1.6.0,1.6.0,MSVC 1944,Windows,x86_64,unreported,norm_direct_sequential,double,1024,contiguous,1,stable,1,0.00080000000000000004,4621059684392777249,8.6509756478727144,0,0,1,1,1,1,DirectSequential,Fast,adaptive,native,none,Auto,1,1
1,1.6.0,1.6.0,MSVC 1944,Windows,x86_64,unreported,norm_direct_sequential,double,1024,contiguous,1,stable,2,0.00080000000000000004,4621059684392777249,8.6509756478727144,0,0,1,1,1,1,DirectSequential,Fast,adaptive,native,none,Auto,1,1
1,1.6.0,1.6.0,MSVC 1944,Windows,x86_64,unreported,norm_direct_sequential,double,1024,contiguous,1,stable,3,0.00080000000000000004,4621059684392777249,8.6509756478727144,0,0,1,1,1,1,DirectSequential,Fast,adaptive,native,none,Auto,1,1
1,1.6.0,1.6.0,MSVC 1944,Windows,x86_64,unreported,norm_direct_sequential,double,1024,contiguous,1,stable,4,0.00080000000000000004,4621059684392777249,8.6509756478727144,0,0,1,1,1,1,DirectSequential,Fast,adaptive,native,none,Auto,1,1
1,1.6.0,1.6.0,MSVC 1944,Windows,x86_64,unreported,norm_direct_sequential,double,1024,contiguous,1,stable,5,0.00080000000000000004,4621059684392777249,8.6509756478727144,0,0,1,1,1,1,DirectSequential,Fast,adaptive,native,none,Auto,1,1
1,1.6.0,1.6.0,MSVC 1944,Windows,x86_64,unreported,norm_direct_sequential,double,1024,contiguous,1,stable,6,0.00080000000000000004,4621059684392777249,8.6509756478727144,0,0,1,1,1,1,DirectSequential,Fast,adaptive,native,none,Auto,1,1
1,1.6.0,1.6.0,MSVC 1944,Windows,x86_64,unreported,norm_direct_sequential,double,1024,contiguous,1,stable,7,0.00080000000000000004,4621059684392777249,8.6509756478727144,0,0,1,1,1,1,DirectSequential,Fast,adaptive,native,none,Auto,1,1
1,1.6.0,1.6.0,MSVC 1944,Windows,x86_64,unreported,norm_direct_sequential,double,1024,contiguous,1,stable,8,0.00080000000000000004,4621059684392777249,8.6509756478727144,0,0,1,1,1,1,DirectSequential,Fast,adaptive,native,none,Auto,1,1
1,1.6.0,1.6.0,MSVC 1944,Windows,x86_64,unreported,norm_direct_sequential,double,1024,contiguous,1,stable,9,0.00080000000000000004,4621059684392777249,8.6509756478727144,0,0,1,1,1,1,DirectSequential,Fast,adaptive,native,none,Auto,1,1
1,1.6.0,1.6.0,MSVC 1944,Windows,x86_64,unreported,norm_direct_sequential,double,1024,contiguous,1,stable,10,0.00080000000000000004,4621059684392777249,8.6509756478727144,0,0,1,1,1,1,DirectSequential,Fast,adaptive,native,none,Auto,1,1
1,1.6.0,1.6.0,MSVC 1944,Windows,x86_64,unreported,norm_direct_sequential,double,1024,contiguous,1,stable,11,0.00080000000000000004,4621059684392777249,8.6509756478727144,0,0,1,1,1,1,DirectSequential,Fast,adaptive,native,none,Auto,1,1
1,1.6.0,1.6.0,MSVC 1944,Windows,x86_64,unreported,norm_direct_sequential,double,1024,contiguous,1,stable,12,0.00080000000000000004,4621059684392777249,8.6509756478727144,0,0,1,1,1,1,DirectSequential,Fast,adaptive,native,none,Auto,1,1
1,1.6.0,1.6.0,MSVC 1944,Windows,x86_64,unreported,norm_direct_sequential,double,1024,contiguous,1,stable,13,0.00080000000000000004,4621059684392777249,8.6509756478727144,0,0,1,1,1,1,DirectSequential,Fast,adaptive,native,none,Auto,1,1
1,1.6.0,1.6.0,MSVC 1944,Windows,x86_64,unreported,norm_direct_sequential,double,1024,contiguous,1,stable,14,0.00080000000000000004,4621059684392777249,8.6509756478727144,0,0,1,1,1,1,DirectSequential,Fast,adaptive,native,none,Auto,1,1
1,1.6.0,1.6.0,MSVC 1944,Windows,x86_64,unreported,norm_direct_sequential,double,1024,contiguous,1,stable,15,0.00080000000000000004,4621059684392777249,8.6509756478727144,0,0,1,1,1,1,DirectSequential,Fast,adaptive,native,none,Auto,1,1
1,1.6.0,1.6.0,MSVC 1944,Windows,x86_64,unreported,norm_direct_sequential,double,1024,contiguous,1,stable,16,0.00080000000000000004,4621059684392777249,8.6509756478727144,0,0,1,1,1,1,DirectSequential,Fast,adaptive,native,none,Auto,1,1
1,1.6.0,1.6.0,MSVC 1944,Windows,x86_64,unreported,norm_direct_sequential,double,1024,contiguous,1,stable,17,0.00080000000000000004,4621059684392777249,8.6509756478727144,0,0,1,1,1,1,DirectSequential,Fast,adaptive,native,none,Auto,1,1
1,1.6.0,1.6.0,MSVC 1944,Windows,x86_64,unreported,norm_direct_sequential,double,1024,contiguous,1,stable,18,0.00080000000000000004,4621059684392777249,8.6509756478727144,0,0,1,1,1,1,DirectSequential,Fast,adaptive,native,none,Auto,1,1
1,1.6.0,1.6.0,MSVC 1944,Windows,x86_64,unreported,norm_direct_sequential,double,1024,contiguous,1,stable,19,0.00080000000000000004,4621059684392777249,8.6509756478727144,0,0,1,1,1,1,DirectSequential,Fast,adaptive,native,none,Auto,1,1
1,1.6.0,1.6.0,MSVC 1944,Windows,x86_64,unreported,norm_direct_sequential,double,1024,contiguous,1,stable,20,0.00080000000000000004,4621059684392777249,8.6509756478727144,0,0,1,1,1,1,DirectSequential,Fast,adaptive,native,none,Auto,1,1
1,1.6.0,1.6.0,MSVC 1944,Windows,x86_64,unreported,norm_direct_sequential,double,1024,contiguous,1,stable,21,0.00080000000000000004,4621059684392777249,8.6509756478727144,0,0,1,1,1,1,DirectSequential,Fast,adaptive,native,none,Auto,1,1
1,1.6.0,1.6.0,MSVC 1944,Windows,x86_64,unreported,norm_direct_sequential,double,1024,contiguous,1,stable,22,0.00089999999999999998,4621059684392777249,8.6509756478727144,0,0,1,1,1,1,DirectSequential,Fast,adaptive,native,none,Auto,1,1
1,1.6.0,1.6.0,MSVC 1944,Windows,x86_64,unreported,norm_direct_sequential,double,1024,contiguous,1,stable,23,0.00080000000000000004,4621059684392777249,8.6509756478727144,0,0,1,1,1,1,DirectSequential,Fast,adaptive,native,none,Auto,1,1
1,1.6.0,1.6.0,MSVC 1944,Windows,x86_64,unreported,norm_direct_sequential,double,1024,contiguous,1,stable,24,0.00080000000000000004,4621059684392777249,8.6509756478727144,0,0,1,1,1,1,DirectSequential,Fast,adaptive,native,none,Auto,1,1
1,1.6.0,1.6.0,MSVC 1944,Windows,x86_64,unreported,norm_direct_sequential,double,1024,contiguous,1,stable,25,0.00089999999999999998,4621059684392777249,8.6509756478727144,0,0,1,1,1,1,DirectSequential,Fast,adaptive,native,none,Auto,1,1
1,1.6.0,1.6.0,MSVC 1944,Windows,x86_64,unreported,norm_direct_sequential,double,1024,contiguous,1,stable,26,0.00080000000000000004,4621059684392777249,8.6509756478727144,0,0,1,1,1,1,DirectSequential,Fast,adaptive,native,none,Auto,1,1
1,1.6.0,1.6.0,MSVC 1944,Windows,x86_64,unreported,norm_direct_sequential,double,1024,contiguous,1,stable,27,0.00080000000000000004,4621059684392777249,8.6509756478727144,0,0,1,1,1,1,DirectSequential,Fast,adaptive,native,none,Auto,1,1
1,1.6.0,1.6.0,MSVC 1944,Windows,x86_64,unreported,norm_direct_sequential,double,1024,contiguous,1,stable,28,0.00080000000000000004,4621059684392777249,8.6509756478727144,0,0,1,1,1,1,DirectSequential,Fast,adaptive,native,none,Auto,1,1
1,1.6.0,1.6.0,MSVC 1944,Windows,x86_64,unreported,norm_direct_sequential,double,1024,contiguous,1,stable,29,0.00080000000000000004,4621059684392777249,8.6509756478727144,0,0,1,1,1,1,DirectSequential,Fast,adaptive,native,none,Auto,1,1
1,1.6.0,1.6.0,MSVC 1944,Windows,x86_64,unreported,norm_direct_sequential,double,1024,contiguous,1,stable,30,0.00080000000000000004,4621059684392777249,8.6509756478727144,0,0,1,1,1,1,DirectSequential,Fast,adaptive,native,none,Auto,1,1
1,1.6.0,1.6.0,MSVC 1944,Windows,x86_64,unreported,norm_direct_sequential,double,1024,contiguous,1,stable,31,0.00080000000000000004,4621059684392777249,8.6509756478727144,0,0,1,1,1,1,DirectSequential,Fast,adaptive,native,none,Auto,1,1
1,1.6.0,1.6.0,MSVC 1944,Windows,x86_64,unreported,axpy,double,1024,contiguous,1,first_call,0,0.074399999999999994,0,0,0,0,1,1,1,1,ThreadPool,Fast,adaptive,native,none,ThreadPool,8,8
1,1.6.0,1.6.0,MSVC 1944,Windows,x86_64,unreported,axpy,double,1024,contiguous,1,stable,1,0.043099999999999999,0,0,0,0,1,1,1,1,ThreadPool,Fast,adaptive,native,none,ThreadPool,8,8
1,1.6.0,1.6.0,MSVC 1944,Windows,x86_64,unreported,axpy,double,1024,contiguous,1,stable,2,0.040000000000000001,0,0,0,0,1,1,1,1,ThreadPool,Fast,adaptive,native,none,ThreadPool,8,8
1,1.6.0,1.6.0,MSVC 1944,Windows,x86_64,unreported,axpy,double,1024,contiguous,1,stable,3,0.048399999999999999,0,0,0,0,1,1,1,1,ThreadPool,Fast,adaptive,native,none,ThreadPool,8,8
1,1.6.0,1.6.0,MSVC 1944,Windows,x86_64,unreported,axpy,double,1024,contiguous,1,stable,4,0.039199999999999999,0,0,0,0,1,1,1,1,ThreadPool,Fast,adaptive,native,none,ThreadPool,8,8
1,1.6.0,1.6.0,MSVC 1944,Windows,x86_64,unreported,axpy,double,1024,contiguous,1,stable,5,0.0373,0,0,0,0,1,1,1,1,ThreadPool,Fast,adaptive,native,none,ThreadPool,8,8
1,1.6.0,1.6.0,MSVC 1944,Windows,x86_64,unreported,axpy,double,1024,contiguous,1,stable,6,0.040000000000000001,0,0,0,0,1,1,1,1,ThreadPool,Fast,adaptive,native,none,ThreadPool,8,8
1,1.6.0,1.6.0,MSVC 1944,Windows,x86_64,unreported,axpy,double,1024,contiguous,1,stable,7,0.0385,0,0,0,0,1,1,1,1,ThreadPool,Fast,adaptive,native,none,ThreadPool,8,8
1,1.6.0,1.6.0,MSVC 1944,Windows,x86_64,unreported,axpy,double,1024,contiguous,1,stable,8,0.039600000000000003,0,0,0,0,1,1,1,1,ThreadPool,Fast,adaptive,native,none,ThreadPool,8,8
1,1.6.0,1.6.0,MSVC 1944,Windows,x86_64,unreported,axpy,double,1024,contiguous,1,stable,9,0.047500000000000001,0,0,0,0,1,1,1,1,ThreadPool,Fast,adaptive,native,none,ThreadPool,8,8
1,1.6.0,1.6.0,MSVC 1944,Windows,x86_64,unreported,axpy,double,1024,contiguous,1,stable,10,0.071900000000000006,0,0,0,0,1,1,1,1,ThreadPool,Fast,adaptive,native,none,ThreadPool,8,8
1,1.6.0,1.6.0,MSVC 1944,Windows,x86_64,unreported,axpy,double,1024,contiguous,1,stable,11,0.042700000000000002,0,0,0,0,1,1,1,1,ThreadPool,Fast,adaptive,native,none,ThreadPool,8,8
1,1.6.0,1.6.0,MSVC 1944,Windows,x86_64,unreported,axpy,double,1024,contiguous,1,stable,12,0.0385,0,0,0,0,1,1,1,1,ThreadPool,Fast,adaptive,native,none,ThreadPool,8,8
1,1.6.0,1.6.0,MSVC 1944,Windows,x86_64,unreported,axpy,double,1024,contiguous,1,stable,13,0.043299999999999998,0,0,0,0,1,1,1,1,ThreadPool,Fast,adaptive,native,none,ThreadPool,8,8
1,1.6.0,1.6.0,MSVC 1944,Windows,x86_64,unreported,axpy,double,1024,contiguous,1,stable,14,0.039300000000000002,0,0,0,0,1,1,1,1,ThreadPool,Fast,adaptive,native,none,ThreadPool,8,8
1,1.6.0,1.6.0,MSVC 1944,Windows,x86_64,unreported,axpy,double,1024,contiguous,1,stable,15,0.047300000000000002,0,0,0,0,1,1,1,1,ThreadPool,Fast,adaptive,native,none,ThreadPool,8,8
1,1.6.0,1.6.0,MSVC 1944,Windows,x86_64,unreported,axpy,double,1024,contiguous,1,stable,16,0.040899999999999999,0,0,0,0,1,1,1,1,ThreadPool,Fast,adaptive,native,none,ThreadPool,8,8
1,1.6.0,1.6.0,MSVC 1944,Windows,x86_64,unreported,axpy,double,1024,contiguous,1,stable,17,0.039399999999999998,0,0,0,0,1,1,1,1,ThreadPool,Fast,adaptive,native,none,ThreadPool,8,8
1,1.6.0,1.6.0,MSVC 1944,Windows,x86_64,unreported,axpy,double,1024,contiguous,1,stable,18,0.041799999999999997,0,0,0,0,1,1,1,1,ThreadPool,Fast,adaptive,native,none,ThreadPool,8,8
1,1.6.0,1.6.0,MSVC 1944,Windows,x86_64,unreported,axpy,double,1024,contiguous,1,stable,19,0.049000000000000002,0,0,0,0,1,1,1,1,ThreadPool,Fast,adaptive,native,none,ThreadPool,8,8
1,1.6.0,1.6.0,MSVC 1944,Windows,x86_64,unreported,axpy,double,1024,contiguous,1,stable,20,0.042900000000000001,0,0,0,0,1,1,1,1,ThreadPool,Fast,adaptive,native,none,ThreadPool,8,8
1,1.6.0,1.6.0,MSVC 1944,Windows,x86_64,unreported,axpy,double,1024,contiguous,1,stable,21,0.038399999999999997,0,0,0,0,1,1,1,1,ThreadPool,Fast,adaptive,native,none,ThreadPool,8,8
1,1.6.0,1.6.0,MSVC 1944,Windows,x86_64,unreported,axpy,double,1024,contiguous,1,stable,22,0.052600000000000001,0,0,0,0,1,1,1,1,ThreadPool,Fast,adaptive,native,none,ThreadPool,8,8
1,1.6.0,1.6.0,MSVC 1944,Windows,x86_64,unreported,axpy,double,1024,contiguous,1,stable,23,0.040899999999999999,0,0,0,0,1,1,1,1,ThreadPool,Fast,adaptive,native,none,ThreadPool,8,8
1,1.6.0,1.6.0,MSVC 1944,Windows,x86_64,unreported,axpy,double,1024,contiguous,1,stable,24,0.036799999999999999,0,0,0,0,1,1,1,1,ThreadPool,Fast,adaptive,native,none,ThreadPool,8,8
1,1.6.0,1.6.0,MSVC 1944,Windows,x86_64,unreported,axpy,double,1024,contiguous,1,stable,25,0.0385,0,0,0,0,1,1,1,1,ThreadPool,Fast,adaptive,native,none,ThreadPool,8,8
1,1.6.0,1.6.0,MSVC 1944,Windows,x86_64,unreported,axpy,double,1024,contiguous,1,stable,26,0.054699999999999999,0,0,0,0,1,1,1,1,ThreadPool,Fast,adaptive,native,none,ThreadPool,8,8
1,1.6.0,1.6.0,MSVC 1944,Windows,x86_64,unreported,axpy,double,1024,contiguous,1,stable,27,0.039600000000000003,0,0,0,0,1,1,1,1,ThreadPool,Fast,adaptive,native,none,ThreadPool,8,8
1,1.6.0,1.6.0,MSVC 1944,Windows,x86_64,unreported,axpy,double,1024,contiguous,1,stable,28,0.038300000000000001,0,0,0,0,1,1,1,1,ThreadPool,Fast,adaptive,native,none,ThreadPool,8,8
1,1.6.0,1.6.0,MSVC 1944,Windows,x86_64,unreported,axpy,double,1024,contiguous,1,stable,29,0.038699999999999998,0,0,0,0,1,1,1,1,ThreadPool,Fast,adaptive,native,none,ThreadPool,8,8
1,1.6.0,1.6.0,MSVC 1944,Windows,x86_64,unreported,axpy,double,1024,contiguous,1,stable,30,0.069599999999999995,0,0,0,0,1,1,1,1,ThreadPool,Fast,adaptive,native,none,ThreadPool,8,8
1,1.6.0,1.6.0,MSVC 1944,Windows,x86_64,unreported,axpy,double,1024,contiguous,1,stable,31,0.053600000000000002,0,0,0,0,1,1,1,1,ThreadPool,Fast,adaptive,native,none,ThreadPool,8,8
1,1.6.0,1.6.0,MSVC 1944,Windows,x86_64,unreported,axpy,double,1024,contiguous,1,first_call,0,0.045900000000000003,0,0,0,0,1,1,1,1,Sequential,Reproducible,canonical,native,canonical-pairwise-v1-leaf1024,ThreadPool,8,1
1,1.6.0,1.6.0,MSVC 1944,Windows,x86_64,unreported,axpy,double,1024,contiguous,1,stable,1,0.041700000000000001,0,0,0,0,1,1,1,1,Sequential,Reproducible,canonical,native,canonical-pairwise-v1-leaf1024,ThreadPool,8,1
1,1.6.0,1.6.0,MSVC 1944,Windows,x86_64,unreported,axpy,double,1024,contiguous,1,stable,2,0.040399999999999998,0,0,0,0,1,1,1,1,Sequential,Reproducible,canonical,native,canonical-pairwise-v1-leaf1024,ThreadPool,8,1
1,1.6.0,1.6.0,MSVC 1944,Windows,x86_64,unreported,axpy,double,1024,contiguous,1,stable,3,0.0407,0,0,0,0,1,1,1,1,Sequential,Reproducible,canonical,native,canonical-pairwise-v1-leaf1024,ThreadPool,8,1
1,1.6.0,1.6.0,MSVC 1944,Windows,x86_64,unreported,axpy,double,1024,contiguous,1,stable,4,0.040000000000000001,0,0,0,0,1,1,1,1,Sequential,Reproducible,canonical,native,canonical-pairwise-v1-leaf1024,ThreadPool,8,1
1,1.6.0,1.6.0,MSVC 1944,Windows,x86_64,unreported,axpy,double,1024,contiguous,1,stable,5,0.039899999999999998,0,0,0,0,1,1,1,1,Sequential,Reproducible,canonical,native,canonical-pairwise-v1-leaf1024,ThreadPool,8,1
1,1.6.0,1.6.0,MSVC 1944,Windows,x86_64,unreported,axpy,double,1024,contiguous,1,stable,6,0.0402,0,0,0,0,1,1,1,1,Sequential,Reproducible,canonical,native,canonical-pairwise-v1-leaf1024,ThreadPool,8,1
1,1.6.0,1.6.0,MSVC 1944,Windows,x86_64,unreported,axpy,double,1024,contiguous,1,stable,7,0.040099999999999997,0,0,0,0,1,1,1,1,Sequential,Reproducible,canonical,native,canonical-pairwise-v1-leaf1024,ThreadPool,8,1
1,1.6.0,1.6.0,MSVC 1944,Windows,x86_64,unreported,axpy,double,1024,contiguous,1,stable,8,0.039800000000000002,0,0,0,0,1,1,1,1,Sequential,Reproducible,canonical,native,canonical-pairwise-v1-leaf1024,ThreadPool,8,1
1,1.6.0,1.6.0,MSVC 1944,Windows,x86_64,unreported,axpy,double,1024,contiguous,1,stable,9,0.039800000000000002,0,0,0,0,1,1,1,1,Sequential,Reproducible,canonical,native,canonical-pairwise-v1-leaf1024,ThreadPool,8,1
1,1.6.0,1.6.0,MSVC 1944,Windows,x86_64,unreported,axpy,double,1024,contiguous,1,stable,10,0.040000000000000001,0,0,0,0,1,1,1,1,Sequential,Reproducible,canonical,native,canonical-pairwise-v1-leaf1024,ThreadPool,8,1
1,1.6.0,1.6.0,MSVC 1944,Windows,x86_64,unreported,axpy,double,1024,contiguous,1,stable,11,0.039600000000000003,0,0,0,0,1,1,1,1,Sequential,Reproducible,canonical,native,canonical-pairwise-v1-leaf1024,ThreadPool,8,1
1,1.6.0,1.6.0,MSVC 1944,Windows,x86_64,unreported,axpy,double,1024,contiguous,1,stable,12,0.040000000000000001,0,0,0,0,1,1,1,1,Sequential,Reproducible,canonical,native,canonical-pairwise-v1-leaf1024,ThreadPool,8,1
1,1.6.0,1.6.0,MSVC 1944,Windows,x86_64,unreported,axpy,double,1024,contiguous,1,stable,13,0.039800000000000002,0,0,0,0,1,1,1,1,Sequential,Reproducible,canonical,native,canonical-pairwise-v1-leaf1024,ThreadPool,8,1
1,1.6.0,1.6.0,MSVC 1944,Windows,x86_64,unreported,axpy,double,1024,contiguous,1,stable,14,0.039800000000000002,0,0,0,0,1,1,1,1,Sequential,Reproducible,canonical,native,canonical-pairwise-v1-leaf1024,ThreadPool,8,1
1,1.6.0,1.6.0,MSVC 1944,Windows,x86_64,unreported,axpy,double,1024,contiguous,1,stable,15,0.039800000000000002,0,0,0,0,1,1,1,1,Sequential,Reproducible,canonical,native,canonical-pairwise-v1-leaf1024,ThreadPool,8,1
1,1.6.0,1.6.0,MSVC 1944,Windows,x86_64,unreported,axpy,double,1024,contiguous,1,stable,16,0.039800000000000002,0,0,0,0,1,1,1,1,Sequential,Reproducible,canonical,native,canonical-pairwise-v1-leaf1024,ThreadPool,8,1
1,1.6.0,1.6.0,MSVC 1944,Windows,x86_64,unreported,axpy,double,1024,contiguous,1,stable,17,0.041300000000000003,0,0,0,0,1,1,1,1,Sequential,Reproducible,canonical,native,canonical-pairwise-v1-leaf1024,ThreadPool,8,1
1,1.6.0,1.6.0,MSVC 1944,Windows,x86_64,unreported,axpy,double,1024,contiguous,1,stable,18,0.039899999999999998,0,0,0,0,1,1,1,1,Sequential,Reproducible,canonical,native,canonical-pairwise-v1-leaf1024,ThreadPool,8,1
1,1.6.0,1.6.0,MSVC 1944,Windows,x86_64,unreported,axpy,double,1024,contiguous,1,stable,19,0.039800000000000002,0,0,0,0,1,1,1,1,Sequential,Reproducible,canonical,native,canonical-pairwise-v1-leaf1024,ThreadPool,8,1
1,1.6.0,1.6.0,MSVC 1944,Windows,x86_64,unreported,axpy,double,1024,contiguous,1,stable,20,0.039800000000000002,0,0,0,0,1,1,1,1,Sequential,Reproducible,canonical,native,canonical-pairwise-v1-leaf1024,ThreadPool,8,1
1,1.6.0,1.6.0,MSVC 1944,Windows,x86_64,unreported,axpy,double,1024,contiguous,1,stable,21,0.040099999999999997,0,0,0,0,1,1,1,1,Sequential,Reproducible,canonical,native,canonical-pairwise-v1-leaf1024,ThreadPool,8,1
1,1.6.0,1.6.0,MSVC 1944,Windows,x86_64,unreported,axpy,double,1024,contiguous,1,stable,22,0.040500000000000001,0,0,0,0,1,1,1,1,Sequential,Reproducible,canonical,native,canonical-pairwise-v1-leaf1024,ThreadPool,8,1
1,1.6.0,1.6.0,MSVC 1944,Windows,x86_64,unreported,axpy,double,1024,contiguous,1,stable,23,0.039699999999999999,0,0,0,0,1,1,1,1,Sequential,Reproducible,canonical,native,canonical-pairwise-v1-leaf1024,ThreadPool,8,1
1,1.6.0,1.6.0,MSVC 1944,Windows,x86_64,unreported,axpy,double,1024,contiguous,1,stable,24,0.039600000000000003,0,0,0,0,1,1,1,1,Sequential,Reproducible,canonical,native,canonical-pairwise-v1-leaf1024,ThreadPool,8,1
1,1.6.0,1.6.0,MSVC 1944,Windows,x86_64,unreported,axpy,double,1024,contiguous,1,stable,25,0.039600000000000003,0,0,0,0,1,1,1,1,Sequential,Reproducible,canonical,native,canonical-pairwise-v1-leaf1024,ThreadPool,8,1
1,1.6.0,1.6.0,MSVC 1944,Windows,x86_64,unreported,axpy,double,1024,contiguous,1,stable,26,0.039800000000000002,0,0,0,0,1,1,1,1,Sequential,Reproducible,canonical,native,canonical-pairwise-v1-leaf1024,ThreadPool,8,1
1,1.6.0,1.6.0,MSVC 1944,Windows,x86_64,unreported,axpy,double,1024,contiguous,1,stable,27,0.039600000000000003,0,0,0,0,1,1,1,1,Sequential,Reproducible,canonical,native,canonical-pairwise-v1-leaf1024,ThreadPool,8,1
1,1.6.0,1.6.0,MSVC 1944,Windows,x86_64,unreported,axpy,double,1024,contiguous,1,stable,28,0.039699999999999999,0,0,0,0,1,1,1,1,Sequential,Reproducible,canonical,native,canonical-pairwise-v1-leaf1024,ThreadPool,8,1
1,1.6.0,1.6.0,MSVC 1944,Windows,x86_64,unreported,axpy,double,1024,contiguous,1,stable,29,0.039699999999999999,0,0,0,0,1,1,1,1,Sequential,Reproducible,canonical,native,canonical-pairwise-v1-leaf1024,ThreadPool,8,1
1,1.6.0,1.6.0,MSVC 1944,Windows,x86_64,unreported,axpy,double,1024,contiguous,1,stable,30,0.039600000000000003,0,0,0,0,1,1,1,1,Sequential,Reproducible,canonical,native,canonical-pairwise-v1-leaf1024,ThreadPool,8,1
1,1.6.0,1.6.0,MSVC 1944,Windows,x86_64,unreported,axpy,double,1024,contiguous,1,stable,31,0.0395,0,0,0,0,1,1,1,1,Sequential,Reproducible,canonical,native,canonical-pairwise-v1-leaf1024,ThreadPool,8,1
1,1.6.0,1.6.0,MSVC 1944,Windows,x86_64,unreported,axpy,double,1024,contiguous,1,first_call,0,0.040300000000000002,0,0,0,0,1,1,1,1,Sequential,Accurate,canonical,native,canonical-pairwise-v1-leaf1024,ThreadPool,8,1
1,1.6.0,1.6.0,MSVC 1944,Windows,x86_64,unreported,axpy,double,1024,contiguous,1,stable,1,0.039699999999999999,0,0,0,0,1,1,1,1,Sequential,Accurate,canonical,native,canonical-pairwise-v1-leaf1024,ThreadPool,8,1
1,1.6.0,1.6.0,MSVC 1944,Windows,x86_64,unreported,axpy,double,1024,contiguous,1,stable,2,0.039600000000000003,0,0,0,0,1,1,1,1,Sequential,Accurate,canonical,native,canonical-pairwise-v1-leaf1024,ThreadPool,8,1
1,1.6.0,1.6.0,MSVC 1944,Windows,x86_64,unreported,axpy,double,1024,contiguous,1,stable,3,0.039699999999999999,0,0,0,0,1,1,1,1,Sequential,Accurate,canonical,native,canonical-pairwise-v1-leaf1024,ThreadPool,8,1
1,1.6.0,1.6.0,MSVC 1944,Windows,x86_64,unreported,axpy,double,1024,contiguous,1,stable,4,0.040899999999999999,0,0,0,0,1,1,1,1,Sequential,Accurate,canonical,native,canonical-pairwise-v1-leaf1024,ThreadPool,8,1
1,1.6.0,1.6.0,MSVC 1944,Windows,x86_64,unreported,axpy,double,1024,contiguous,1,stable,5,0.039699999999999999,0,0,0,0,1,1,1,1,Sequential,Accurate,canonical,native,canonical-pairwise-v1-leaf1024,ThreadPool,8,1
1,1.6.0,1.6.0,MSVC 1944,Windows,x86_64,unreported,axpy,double,1024,contiguous,1,stable,6,0.039800000000000002,0,0,0,0,1,1,1,1,Sequential,Accurate,canonical,native,canonical-pairwise-v1-leaf1024,ThreadPool,8,1
1,1.6.0,1.6.0,MSVC 1944,Windows,x86_64,unreported,axpy,double,1024,contiguous,1,stable,7,0.039699999999999999,0,0,0,0,1,1,1,1,Sequential,Accurate,canonical,native,canonical-pairwise-v1-leaf1024,ThreadPool,8,1
1,1.6.0,1.6.0,MSVC 1944,Windows,x86_64,unreported,axpy,double,1024,contiguous,1,stable,8,0.039699999999999999,0,0,0,0,1,1,1,1,Sequential,Accurate,canonical,native,canonical-pairwise-v1-leaf1024,ThreadPool,8,1
1,1.6.0,1.6.0,MSVC 1944,Windows,x86_64,unreported,axpy,double,1024,contiguous,1,stable,9,0.043099999999999999,0,0,0,0,1,1,1,1,Sequential,Accurate,canonical,native,canonical-pairwise-v1-leaf1024,ThreadPool,8,1
1,1.6.0,1.6.0,MSVC 1944,Windows,x86_64,unreported,axpy,double,1024,contiguous,1,stable,10,0.040300000000000002,0,0,0,0,1,1,1,1,Sequential,Accurate,canonical,native,canonical-pairwise-v1-leaf1024,ThreadPool,8,1
1,1.6.0,1.6.0,MSVC 1944,Windows,x86_64,unreported,axpy,double,1024,contiguous,1,stable,11,0.039800000000000002,0,0,0,0,1,1,1,1,Sequential,Accurate,canonical,native,canonical-pairwise-v1-leaf1024,ThreadPool,8,1
1,1.6.0,1.6.0,MSVC 1944,Windows,x86_64,unreported,axpy,double,1024,contiguous,1,stable,12,0.045699999999999998,0,0,0,0,1,1,1,1,Sequential,Accurate,canonical,native,canonical-pairwise-v1-leaf1024,ThreadPool,8,1
1,1.6.0,1.6.0,MSVC 1944,Windows,x86_64,unreported,axpy,double,1024,contiguous,1,stable,13,0.039399999999999998,0,0,0,0,1,1,1,1,Sequential,Accurate,canonical,native,canonical-pairwise-v1-leaf1024,ThreadPool,8,1
1,1.6.0,1.6.0,MSVC 1944,Windows,x86_64,unreported,axpy,double,1024,contiguous,1,stable,14,0.039399999999999998,0,0,0,0,1,1,1,1,Sequential,Accurate,canonical,native,canonical-pairwise-v1-leaf1024,ThreadPool,8,1
1,1.6.0,1.6.0,MSVC 1944,Windows,x86_64,unreported,axpy,double,1024,contiguous,1,stable,15,0.039399999999999998,0,0,0,0,1,1,1,1,Sequential,Accurate,canonical,native,canonical-pairwise-v1-leaf1024,ThreadPool,8,1
1,1.6.0,1.6.0,MSVC 1944,Windows,x86_64,unreported,axpy,double,1024,contiguous,1,stable,16,0.039399999999999998,0,0,0,0,1,1,1,1,Sequential,Accurate,canonical,native,canonical-pairwise-v1-leaf1024,ThreadPool,8,1
1,1.6.0,1.6.0,MSVC 1944,Windows,x86_64,unreported,axpy,double,1024,contiguous,1,stable,17,0.039399999999999998,0,0,0,0,1,1,1,1,Sequential,Accurate,canonical,native,canonical-pairwise-v1-leaf1024,ThreadPool,8,1
1,1.6.0,1.6.0,MSVC 1944,Windows,x86_64,unreported,axpy,double,1024,contiguous,1,stable,18,0.039300000000000002,0,0,0,0,1,1,1,1,Sequential,Accurate,canonical,native,canonical-pairwise-v1-leaf1024,ThreadPool,8,1
1,1.6.0,1.6.0,MSVC 1944,Windows,x86_64,unreported,axpy,double,1024,contiguous,1,stable,19,0.039399999999999998,0,0,0,0,1,1,1,1,Sequential,Accurate,canonical,native,canonical-pairwise-v1-leaf1024,ThreadPool,8,1
1,1.6.0,1.6.0,MSVC 1944,Windows,x86_64,unreported,axpy,double,1024,contiguous,1,stable,20,0.039600000000000003,0,0,0,0,1,1,1,1,Sequential,Accurate,canonical,native,canonical-pairwise-v1-leaf1024,ThreadPool,8,1
1,1.6.0,1.6.0,MSVC 1944,Windows,x86_64,unreported,axpy,double,1024,contiguous,1,stable,21,0.0395,0,0,0,0,1,1,1,1,Sequential,Accurate,canonical,native,canonical-pairwise-v1-leaf1024,ThreadPool,8,1
1,1.6.0,1.6.0,MSVC 1944,Windows,x86_64,unreported,axpy,double,1024,contiguous,1,stable,22,0.039399999999999998,0,0,0,0,1,1,1,1,Sequential,Accurate,canonical,native,canonical-pairwise-v1-leaf1024,ThreadPool,8,1
1,1.6.0,1.6.0,MSVC 1944,Windows,x86_64,unreported,axpy,double,1024,contiguous,1,stable,23,0.039300000000000002,0,0,0,0,1,1,1,1,Sequential,Accurate,canonical,native,canonical-pairwise-v1-leaf1024,ThreadPool,8,1
1,1.6.0,1.6.0,MSVC 1944,Windows,x86_64,unreported,axpy,double,1024,contiguous,1,stable,24,0.040599999999999997,0,0,0,0,1,1,1,1,Sequential,Accurate,canonical,native,canonical-pairwise-v1-leaf1024,ThreadPool,8,1
1,1.6.0,1.6.0,MSVC 1944,Windows,x86_64,unreported,axpy,double,1024,contiguous,1,stable,25,0.039600000000000003,0,0,0,0,1,1,1,1,Sequential,Accurate,canonical,native,canonical-pairwise-v1-leaf1024,ThreadPool,8,1
1,1.6.0,1.6.0,MSVC 1944,Windows,x86_64,unreported,axpy,double,1024,contiguous,1,stable,26,0.039399999999999998,0,0,0,0,1,1,1,1,Sequential,Accurate,canonical,native,canonical-pairwise-v1-leaf1024,ThreadPool,8,1
1,1.6.0,1.6.0,MSVC 1944,Windows,x86_64,unreported,axpy,double,1024,contiguous,1,stable,27,0.039399999999999998,0,0,0,0,1,1,1,1,Sequential,Accurate,canonical,native,canonical-pairwise-v1-leaf1024,ThreadPool,8,1
1,1.6.0,1.6.0,MSVC 1944,Windows,x86_64,unreported,axpy,double,1024,contiguous,1,stable,28,0.039399999999999998,0,0,0,0,1,1,1,1,Sequential,Accurate,canonical,native,canonical-pairwise-v1-leaf1024,ThreadPool,8,1
1,1.6.0,1.6.0,MSVC 1944,Windows,x86_64,unreported,axpy,double,1024,contiguous,1,stable,29,0.0424,0,0,0,0,1,1,1,1,Sequential,Accurate,canonical,native,canonical-pairwise-v1-leaf1024,ThreadPool,8,1
1,1.6.0,1.6.0,MSVC 1944,Windows,x86_64,unreported,axpy,double,1024,contiguous,1,stable,30,0.039699999999999999,0,0,0,0,1,1,1,1,Sequential,Accurate,canonical,native,canonical-pairwise-v1-leaf1024,ThreadPool,8,1
1,1.6.0,1.6.0,MSVC 1944,Windows,x86_64,unreported,axpy,double,1024,contiguous,1,stable,31,0.040000000000000001,0,0,0,0,1,1,1,1,Sequential,Accurate,canonical,native,canonical-pairwise-v1-leaf1024,ThreadPool,8,1
1,1.6.0,1.6.0,MSVC 1944,Windows,x86_64,unreported,axpy_direct_sequential,double,1024,contiguous,1,first_call,0,0.00089999999999999998,0,0,0,0,1,1,1,1,DirectSequential,Fast,adaptive,native,none,Auto,1,1
1,1.6.0,1.6.0,MSVC 1944,Windows,x86_64,unreported,axpy_direct_sequential,double,1024,contiguous,1,stable,1,0.00080000000000000004,0,0,0,0,1,1,1,1,DirectSequential,Fast,adaptive,native,none,Auto,1,1
1,1.6.0,1.6.0,MSVC 1944,Windows,x86_64,unreported,axpy_direct_sequential,double,1024,contiguous,1,stable,2,0.00069999999999999999,0,0,0,0,1,1,1,1,DirectSequential,Fast,adaptive,native,none,Auto,1,1
1,1.6.0,1.6.0,MSVC 1944,Windows,x86_64,unreported,axpy_direct_sequential,double,1024,contiguous,1,stable,3,0.00080000000000000004,0,0,0,0,1,1,1,1,DirectSequential,Fast,adaptive,native,none,Auto,1,1
1,1.6.0,1.6.0,MSVC 1944,Windows,x86_64,unreported,axpy_direct_sequential,double,1024,contiguous,1,stable,4,0.00069999999999999999,0,0,0,0,1,1,1,1,DirectSequential,Fast,adaptive,native,none,Auto,1,1
1,1.6.0,1.6.0,MSVC 1944,Windows,x86_64,unreported,axpy_direct_sequential,double,1024,contiguous,1,stable,5,0.00069999999999999999,0,0,0,0,1,1,1,1,DirectSequential,Fast,adaptive,native,none,Auto,1,1
1,1.6.0,1.6.0,MSVC 1944,Windows,x86_64,unreported,axpy_direct_sequential,double,1024,contiguous,1,stable,6,0.00069999999999999999,0,0,0,0,1,1,1,1,DirectSequential,Fast,adaptive,native,none,Auto,1,1
1,1.6.0,1.6.0,MSVC 1944,Windows,x86_64,unreported,axpy_direct_sequential,double,1024,contiguous,1,stable,7,0.00069999999999999999,0,0,0,0,1,1,1,1,DirectSequential,Fast,adaptive,native,none,Auto,1,1
1,1.6.0,1.6.0,MSVC 1944,Windows,x86_64,unreported,axpy_direct_sequential,double,1024,contiguous,1,stable,8,0.00069999999999999999,0,0,0,0,1,1,1,1,DirectSequential,Fast,adaptive,native,none,Auto,1,1
1,1.6.0,1.6.0,MSVC 1944,Windows,x86_64,unreported,axpy_direct_sequential,double,1024,contiguous,1,stable,9,0.00069999999999999999,0,0,0,0,1,1,1,1,DirectSequential,Fast,adaptive,native,none,Auto,1,1
1,1.6.0,1.6.0,MSVC 1944,Windows,x86_64,unreported,axpy_direct_sequential,double,1024,contiguous,1,stable,10,0.00080000000000000004,0,0,0,0,1,1,1,1,DirectSequential,Fast,adaptive,native,none,Auto,1,1
1,1.6.0,1.6.0,MSVC 1944,Windows,x86_64,unreported,axpy_direct_sequential,double,1024,contiguous,1,stable,11,0.00069999999999999999,0,0,0,0,1,1,1,1,DirectSequential,Fast,adaptive,native,none,Auto,1,1
1,1.6.0,1.6.0,MSVC 1944,Windows,x86_64,unreported,axpy_direct_sequential,double,1024,contiguous,1,stable,12,0.00080000000000000004,0,0,0,0,1,1,1,1,DirectSequential,Fast,adaptive,native,none,Auto,1,1
1,1.6.0,1.6.0,MSVC 1944,Windows,x86_64,unreported,axpy_direct_sequential,double,1024,contiguous,1,stable,13,0.00080000000000000004,0,0,0,0,1,1,1,1,DirectSequential,Fast,adaptive,native,none,Auto,1,1
1,1.6.0,1.6.0,MSVC 1944,Windows,x86_64,unreported,axpy_direct_sequential,double,1024,contiguous,1,stable,14,0.00069999999999999999,0,0,0,0,1,1,1,1,DirectSequential,Fast,adaptive,native,none,Auto,1,1
1,1.6.0,1.6.0,MSVC 1944,Windows,x86_64,unreported,axpy_direct_sequential,double,1024,contiguous,1,stable,15,0.00069999999999999999,0,0,0,0,1,1,1,1,DirectSequential,Fast,adaptive,native,none,Auto,1,1
1,1.6.0,1.6.0,MSVC 1944,Windows,x86_64,unreported,axpy_direct_sequential,double,1024,contiguous,1,stable,16,0.00080000000000000004,0,0,0,0,1,1,1,1,DirectSequential,Fast,adaptive,native,none,Auto,1,1
1,1.6.0,1.6.0,MSVC 1944,Windows,x86_64,unreported,axpy_direct_sequential,double,1024,contiguous,1,stable,17,0.00069999999999999999,0,0,0,0,1,1,1,1,DirectSequential,Fast,adaptive,native,none,Auto,1,1
1,1.6.0,1.6.0,MSVC 1944,Windows,x86_64,unreported,axpy_direct_sequential,double,1024,contiguous,1,stable,18,0.00069999999999999999,0,0,0,0,1,1,1,1,DirectSequential,Fast,adaptive,native,none,Auto,1,1
1,1.6.0,1.6.0,MSVC 1944,Windows,x86_64,unreported,axpy_direct_sequential,double,1024,contiguous,1,stable,19,0.00080000000000000004,0,0,0,0,1,1,1,1,DirectSequential,Fast,adaptive,native,none,Auto,1,1
1,1.6.0,1.6.0,MSVC 1944,Windows,x86_64,unreported,axpy_direct_sequential,double,1024,contiguous,1,stable,20,0.00069999999999999999,0,0,0,0,1,1,1,1,DirectSequential,Fast,adaptive,native,none,Auto,1,1
1,1.6.0,1.6.0,MSVC 1944,Windows,x86_64,unreported,axpy_direct_sequential,double,1024,contiguous,1,stable,21,0.00069999999999999999,0,0,0,0,1,1,1,1,DirectSequential,Fast,adaptive,native,none,Auto,1,1
1,1.6.0,1.6.0,MSVC 1944,Windows,x86_64,unreported,axpy_direct_sequential,double,1024,contiguous,1,stable,22,0.00069999999999999999,0,0,0,0,1,1,1,1,DirectSequential,Fast,adaptive,native,none,Auto,1,1
1,1.6.0,1.6.0,MSVC 1944,Windows,x86_64,unreported,axpy_direct_sequential,double,1024,contiguous,1,stable,23,0.00069999999999999999,0,0,0,0,1,1,1,1,DirectSequential,Fast,adaptive,native,none,Auto,1,1
1,1.6.0,1.6.0,MSVC 1944,Windows,x86_64,unreported,axpy_direct_sequential,double,1024,contiguous,1,stable,24,0.00069999999999999999,0,0,0,0,1,1,1,1,DirectSequential,Fast,adaptive,native,none,Auto,1,1
1,1.6.0,1.6.0,MSVC 1944,Windows,x86_64,unreported,axpy_direct_sequential,double,1024,contiguous,1,stable,25,0.00069999999999999999,0,0,0,0,1,1,1,1,DirectSequential,Fast,adaptive,native,none,Auto,1,1
1,1.6.0,1.6.0,MSVC 1944,Windows,x86_64,unreported,axpy_direct_sequential,double,1024,contiguous,1,stable,26,0.00069999999999999999,0,0,0,0,1,1,1,1,DirectSequential,Fast,adaptive,native,none,Auto,1,1
1,1.6.0,1.6.0,MSVC 1944,Windows,x86_64,unreported,axpy_direct_sequential,double,1024,contiguous,1,stable,27,0.00069999999999999999,0,0,0,0,1,1,1,1,DirectSequential,Fast,adaptive,native,none,Auto,1,1
1,1.6.0,1.6.0,MSVC 1944,Windows,x86_64,unreported,axpy_direct_sequential,double,1024,contiguous,1,stable,28,0.00069999999999999999,0,0,0,0,1,1,1,1,DirectSequential,Fast,adaptive,native,none,Auto,1,1
1,1.6.0,1.6.0,MSVC 1944,Windows,x86_64,unreported,axpy_direct_sequential,double,1024,contiguous,1,stable,29,0.00069999999999999999,0,0,0,0,1,1,1,1,DirectSequential,Fast,adaptive,native,none,Auto,1,1
1,1.6.0,1.6.0,MSVC 1944,Windows,x86_64,unreported,axpy_direct_sequential,double,1024,contiguous,1,stable,30,0.00080000000000000004,0,0,0,0,1,1,1,1,DirectSequential,Fast,adaptive,native,none,Auto,1,1
1,1.6.0,1.6.0,MSVC 1944,Windows,x86_64,unreported,axpy_direct_sequential,double,1024,contiguous,1,stable,31,0.00069999999999999999,0,0,0,0,1,1,1,1,DirectSequential,Fast,adaptive,native,none,Auto,1,1
1,1.6.0,1.6.0,MSVC 1944,Windows,x86_64,unreported,sum,double,65536,contiguous,1,first_call,0,0.058200000000000002,4651591538215037810,952.73235229528314,9.0949470177292824e-12,9.5461721183479429e-15,1,1,1,1,ThreadPool,Fast,adaptive,native,none,ThreadPool,8,8
1,1.6.0,1.6.0,MSVC 1944,Windows,x86_64,unreported,sum,double,65536,contiguous,1,stable,1,0.051999999999999998,4651591538215037810,952.73235229528314,9.0949470177292824e-12,9.5461721183479429e-15,1,1,1,1,ThreadPool,Fast,adaptive,native,none,ThreadPool,8,8
1,1.6.0,1.6.0,MSVC 1944,Windows,x86_64,unreported,sum,double,65536,contiguous,1,stable,2,0.046800000000000001,4651591538215037810,952.73235229528314,9.0949470177292824e-12,9.5461721183479429e-15,1,1,1,1,ThreadPool,Fast,adaptive,native,none,ThreadPool,8,8
1,1.6.0,1.6.0,MSVC 1944,Windows,x86_64,unreported,sum,double,65536,contiguous,1,stable,3,0.047199999999999999,4651591538215037810,952.73235229528314,9.0949470177292824e-12,9.5461721183479429e-15,1,1,1,1,ThreadPool,Fast,adaptive,native,none,ThreadPool,8,8
1,1.6.0,1.6.0,MSVC 1944,Windows,x86_64,unreported,sum,double,65536,contiguous,1,stable,4,0.063200000000000006,4651591538215037810,952.73235229528314,9.0949470177292824e-12,9.5461721183479429e-15,1,1,1,1,ThreadPool,Fast,adaptive,native,none,ThreadPool,8,8
1,1.6.0,1.6.0,MSVC 1944,Windows,x86_64,unreported,sum,double,65536,contiguous,1,stable,5,0.041799999999999997,4651591538215037810,952.73235229528314,9.0949470177292824e-12,9.5461721183479429e-15,1,1,1,1,ThreadPool,Fast,adaptive,native,none,ThreadPool,8,8
1,1.6.0,1.6.0,MSVC 1944,Windows,x86_64,unreported,sum,double,65536,contiguous,1,stable,6,0.041700000000000001,4651591538215037810,952.73235229528314,9.0949470177292824e-12,9.5461721183479429e-15,1,1,1,1,ThreadPool,Fast,adaptive,native,none,ThreadPool,8,8
1,1.6.0,1.6.0,MSVC 1944,Windows,x86_64,unreported,sum,double,65536,contiguous,1,stable,7,0.055599999999999997,4651591538215037810,952.73235229528314,9.0949470177292824e-12,9.5461721183479429e-15,1,1,1,1,ThreadPool,Fast,adaptive,native,none,ThreadPool,8,8
1,1.6.0,1.6.0,MSVC 1944,Windows,x86_64,unreported,sum,double,65536,contiguous,1,stable,8,0.039899999999999998,4651591538215037810,952.73235229528314,9.0949470177292824e-12,9.5461721183479429e-15,1,1,1,1,ThreadPool,Fast,adaptive,native,none,ThreadPool,8,8
1,1.6.0,1.6.0,MSVC 1944,Windows,x86_64,unreported,sum,double,65536,contiguous,1,stable,9,0.041500000000000002,4651591538215037810,952.73235229528314,9.0949470177292824e-12,9.5461721183479429e-15,1,1,1,1,ThreadPool,Fast,adaptive,native,none,ThreadPool,8,8
1,1.6.0,1.6.0,MSVC 1944,Windows,x86_64,unreported,sum,double,65536,contiguous,1,stable,10,0.038800000000000001,4651591538215037810,952.73235229528314,9.0949470177292824e-12,9.5461721183479429e-15,1,1,1,1,ThreadPool,Fast,adaptive,native,none,ThreadPool,8,8
1,1.6.0,1.6.0,MSVC 1944,Windows,x86_64,unreported,sum,double,65536,contiguous,1,stable,11,0.063799999999999996,4651591538215037810,952.73235229528314,9.0949470177292824e-12,9.5461721183479429e-15,1,1,1,1,ThreadPool,Fast,adaptive,native,none,ThreadPool,8,8
1,1.6.0,1.6.0,MSVC 1944,Windows,x86_64,unreported,sum,double,65536,contiguous,1,stable,12,0.040899999999999999,4651591538215037810,952.73235229528314,9.0949470177292824e-12,9.5461721183479429e-15,1,1,1,1,ThreadPool,Fast,adaptive,native,none,ThreadPool,8,8
1,1.6.0,1.6.0,MSVC 1944,Windows,x86_64,unreported,sum,double,65536,contiguous,1,stable,13,0.039699999999999999,4651591538215037810,952.73235229528314,9.0949470177292824e-12,9.5461721183479429e-15,1,1,1,1,ThreadPool,Fast,adaptive,native,none,ThreadPool,8,8
1,1.6.0,1.6.0,MSVC 1944,Windows,x86_64,unreported,sum,double,65536,contiguous,1,stable,14,0.040399999999999998,4651591538215037810,952.73235229528314,9.0949470177292824e-12,9.5461721183479429e-15,1,1,1,1,ThreadPool,Fast,adaptive,native,none,ThreadPool,8,8
1,1.6.0,1.6.0,MSVC 1944,Windows,x86_64,unreported,sum,double,65536,contiguous,1,stable,15,0.050700000000000002,4651591538215037810,952.73235229528314,9.0949470177292824e-12,9.5461721183479429e-15,1,1,1,1,ThreadPool,Fast,adaptive,native,none,ThreadPool,8,8
1,1.6.0,1.6.0,MSVC 1944,Windows,x86_64,unreported,sum,double,65536,contiguous,1,stable,16,0.037199999999999997,4651591538215037810,952.73235229528314,9.0949470177292824e-12,9.5461721183479429e-15,1,1,1,1,ThreadPool,Fast,adaptive,native,none,ThreadPool,8,8
1,1.6.0,1.6.0,MSVC 1944,Windows,x86_64,unreported,sum,double,65536,contiguous,1,stable,17,0.040800000000000003,4651591538215037810,952.73235229528314,9.0949470177292824e-12,9.5461721183479429e-15,1,1,1,1,ThreadPool,Fast,adaptive,native,none,ThreadPool,8,8
1,1.6.0,1.6.0,MSVC 1944,Windows,x86_64,unreported,sum,double,65536,contiguous,1,stable,18,0.041000000000000002,4651591538215037810,952.73235229528314,9.0949470177292824e-12,9.5461721183479429e-15,1,1,1,1,ThreadPool,Fast,adaptive,native,none,ThreadPool,8,8
1,1.6.0,1.6.0,MSVC 1944,Windows,x86_64,unreported,sum,double,65536,contiguous,1,stable,19,0.041399999999999999,4651591538215037810,952.73235229528314,9.0949470177292824e-12,9.5461721183479429e-15,1,1,1,1,ThreadPool,Fast,adaptive,native,none,ThreadPool,8,8
1,1.6.0,1.6.0,MSVC 1944,Windows,x86_64,unreported,sum,double,65536,contiguous,1,stable,20,0.040899999999999999,4651591538215037810,952.73235229528314,9.0949470177292824e-12,9.5461721183479429e-15,1,1,1,1,ThreadPool,Fast,adaptive,native,none,ThreadPool,8,8
1,1.6.0,1.6.0,MSVC 1944,Windows,x86_64,unreported,sum,double,65536,contiguous,1,stable,21,0.070800000000000002,4651591538215037810,952.73235229528314,9.0949470177292824e-12,9.5461721183479429e-15,1,1,1,1,ThreadPool,Fast,adaptive,native,none,ThreadPool,8,8
1,1.6.0,1.6.0,MSVC 1944,Windows,x86_64,unreported,sum,double,65536,contiguous,1,stable,22,0.042000000000000003,4651591538215037810,952.73235229528314,9.0949470177292824e-12,9.5461721183479429e-15,1,1,1,1,ThreadPool,Fast,adaptive,native,none,ThreadPool,8,8
1,1.6.0,1.6.0,MSVC 1944,Windows,x86_64,unreported,sum,double,65536,contiguous,1,stable,23,0.042799999999999998,4651591538215037810,952.73235229528314,9.0949470177292824e-12,9.5461721183479429e-15,1,1,1,1,ThreadPool,Fast,adaptive,native,none,ThreadPool,8,8
1,1.6.0,1.6.0,MSVC 1944,Windows,x86_64,unreported,sum,double,65536,contiguous,1,stable,24,0.063899999999999998,4651591538215037810,952.73235229528314,9.0949470177292824e-12,9.5461721183479429e-15,1,1,1,1,ThreadPool,Fast,adaptive,native,none,ThreadPool,8,8
1,1.6.0,1.6.0,MSVC 1944,Windows,x86_64,unreported,sum,double,65536,contiguous,1,stable,25,0.042700000000000002,4651591538215037810,952.73235229528314,9.0949470177292824e-12,9.5461721183479429e-15,1,1,1,1,ThreadPool,Fast,adaptive,native,none,ThreadPool,8,8
1,1.6.0,1.6.0,MSVC 1944,Windows,x86_64,unreported,sum,double,65536,contiguous,1,stable,26,0.036499999999999998,4651591538215037810,952.73235229528314,9.0949470177292824e-12,9.5461721183479429e-15,1,1,1,1,ThreadPool,Fast,adaptive,native,none,ThreadPool,8,8
1,1.6.0,1.6.0,MSVC 1944,Windows,x86_64,unreported,sum,double,65536,contiguous,1,stable,27,0.085800000000000001,4651591538215037810,952.73235229528314,9.0949470177292824e-12,9.5461721183479429e-15,1,1,1,1,ThreadPool,Fast,adaptive,native,none,ThreadPool,8,8
1,1.6.0,1.6.0,MSVC 1944,Windows,x86_64,unreported,sum,double,65536,contiguous,1,stable,28,0.0441,4651591538215037810,952.73235229528314,9.0949470177292824e-12,9.5461721183479429e-15,1,1,1,1,ThreadPool,Fast,adaptive,native,none,ThreadPool,8,8
1,1.6.0,1.6.0,MSVC 1944,Windows,x86_64,unreported,sum,double,65536,contiguous,1,stable,29,0.037900000000000003,4651591538215037810,952.73235229528314,9.0949470177292824e-12,9.5461721183479429e-15,1,1,1,1,ThreadPool,Fast,adaptive,native,none,ThreadPool,8,8
1,1.6.0,1.6.0,MSVC 1944,Windows,x86_64,unreported,sum,double,65536,contiguous,1,stable,30,0.040800000000000003,4651591538215037810,952.73235229528314,9.0949470177292824e-12,9.5461721183479429e-15,1,1,1,1,ThreadPool,Fast,adaptive,native,none,ThreadPool,8,8
1,1.6.0,1.6.0,MSVC 1944,Windows,x86_64,unreported,sum,double,65536,contiguous,1,stable,31,0.044699999999999997,4651591538215037810,952.73235229528314,9.0949470177292824e-12,9.5461721183479429e-15,1,1,1,1,ThreadPool,Fast,adaptive,native,none,ThreadPool,8,8
1,1.6.0,1.6.0,MSVC 1944,Windows,x86_64,unreported,dot,double,65536,contiguous,1,first_call,0,0.32079999999999997,4664820074113941794,7365.142130628521,2.9103830456733704e-11,3.9515639943597478e-15,1,1,1,1,ThreadPool,Fast,adaptive,native,none,ThreadPool,8,8
1,1.6.0,1.6.0,MSVC 1944,Windows,x86_64,unreported,dot,double,65536,contiguous,1,stable,1,0.26029999999999998,4664820074113941794,7365.142130628521,2.9103830456733704e-11,3.9515639943597478e-15,1,1,1,1,ThreadPool,Fast,adaptive,native,none,ThreadPool,8,8
1,1.6.0,1.6.0,MSVC 1944,Windows,x86_64,unreported,dot,double,65536,contiguous,1,stable,2,0.32079999999999997,4664820074113941794,7365.142130628521,2.9103830456733704e-11,3.9515639943597478e-15,1,1,1,1,ThreadPool,Fast,adaptive,native,none,ThreadPool,8,8
1,1.6.0,1.6.0,MSVC 1944,Windows,x86_64,unreported,dot,double,65536,contiguous,1,stable,3,0.31190000000000001,4664820074113941794,7365.142130628521,2.9103830456733704e-11,3.9515639943597478e-15,1,1,1,1,ThreadPool,Fast,adaptive,native,none,ThreadPool,8,8
1,1.6.0,1.6.0,MSVC 1944,Windows,x86_64,unreported,dot,double,65536,contiguous,1,stable,4,0.31330000000000002,4664820074113941794,7365.142130628521,2.9103830456733704e-11,3.9515639943597478e-15,1,1,1,1,ThreadPool,Fast,adaptive,native,none,ThreadPool,8,8
1,1.6.0,1.6.0,MSVC 1944,Windows,x86_64,unreported,dot,double,65536,contiguous,1,stable,5,0.31979999999999997,4664820074113941794,7365.142130628521,2.9103830456733704e-11,3.9515639943597478e-15,1,1,1,1,ThreadPool,Fast,adaptive,native,none,ThreadPool,8,8
1,1.6.0,1.6.0,MSVC 1944,Windows,x86_64,unreported,dot,double,65536,contiguous,1,stable,6,0.2399,4664820074113941794,7365.142130628521,2.9103830456733704e-11,3.9515639943597478e-15,1,1,1,1,ThreadPool,Fast,adaptive,native,none,ThreadPool,8,8
1,1.6.0,1.6.0,MSVC 1944,Windows,x86_64,unreported,dot,double,65536,contiguous,1,stable,7,0.31419999999999998,4664820074113941794,7365.142130628521,2.9103830456733704e-11,3.9515639943597478e-15,1,1,1,1,ThreadPool,Fast,adaptive,native,none,ThreadPool,8,8
1,1.6.0,1.6.0,MSVC 1944,Windows,x86_64,unreported,dot,double,65536,contiguous,1,stable,8,0.32700000000000001,4664820074113941794,7365.142130628521,2.9103830456733704e-11,3.9515639943597478e-15,1,1,1,1,ThreadPool,Fast,adaptive,native,none,ThreadPool,8,8
1,1.6.0,1.6.0,MSVC 1944,Windows,x86_64,unreported,dot,double,65536,contiguous,1,stable,9,0.31759999999999999,4664820074113941794,7365.142130628521,2.9103830456733704e-11,3.9515639943597478e-15,1,1,1,1,ThreadPool,Fast,adaptive,native,none,ThreadPool,8,8
1,1.6.0,1.6.0,MSVC 1944,Windows,x86_64,unreported,dot,double,65536,contiguous,1,stable,10,0.31640000000000001,4664820074113941794,7365.142130628521,2.9103830456733704e-11,3.9515639943597478e-15,1,1,1,1,ThreadPool,Fast,adaptive,native,none,ThreadPool,8,8
1,1.6.0,1.6.0,MSVC 1944,Windows,x86_64,unreported,dot,double,65536,contiguous,1,stable,11,0.31869999999999998,4664820074113941794,7365.142130628521,2.9103830456733704e-11,3.9515639943597478e-15,1,1,1,1,ThreadPool,Fast,adaptive,native,none,ThreadPool,8,8
1,1.6.0,1.6.0,MSVC 1944,Windows,x86_64,unreported,dot,double,65536,contiguous,1,stable,12,0.31330000000000002,4664820074113941794,7365.142130628521,2.9103830456733704e-11,3.9515639943597478e-15,1,1,1,1,ThreadPool,Fast,adaptive,native,none,ThreadPool,8,8
1,1.6.0,1.6.0,MSVC 1944,Windows,x86_64,unreported,dot,double,65536,contiguous,1,stable,13,0.3165,4664820074113941794,7365.142130628521,2.9103830456733704e-11,3.9515639943597478e-15,1,1,1,1,ThreadPool,Fast,adaptive,native,none,ThreadPool,8,8
1,1.6.0,1.6.0,MSVC 1944,Windows,x86_64,unreported,dot,double,65536,contiguous,1,stable,14,0.31909999999999999,4664820074113941794,7365.142130628521,2.9103830456733704e-11,3.9515639943597478e-15,1,1,1,1,ThreadPool,Fast,adaptive,native,none,ThreadPool,8,8
1,1.6.0,1.6.0,MSVC 1944,Windows,x86_64,unreported,dot,double,65536,contiguous,1,stable,15,0.31369999999999998,4664820074113941794,7365.142130628521,2.9103830456733704e-11,3.9515639943597478e-15,1,1,1,1,ThreadPool,Fast,adaptive,native,none,ThreadPool,8,8
1,1.6.0,1.6.0,MSVC 1944,Windows,x86_64,unreported,dot,double,65536,contiguous,1,stable,16,0.31630000000000003,4664820074113941794,7365.142130628521,2.9103830456733704e-11,3.9515639943597478e-15,1,1,1,1,ThreadPool,Fast,adaptive,native,none,ThreadPool,8,8
1,1.6.0,1.6.0,MSVC 1944,Windows,x86_64,unreported,dot,double,65536,contiguous,1,stable,17,0.32579999999999998,4664820074113941794,7365.142130628521,2.9103830456733704e-11,3.9515639943597478e-15,1,1,1,1,ThreadPool,Fast,adaptive,native,none,ThreadPool,8,8
1,1.6.0,1.6.0,MSVC 1944,Windows,x86_64,unreported,dot,double,65536,contiguous,1,stable,18,0.3175,4664820074113941794,7365.142130628521,2.9103830456733704e-11,3.9515639943597478e-15,1,1,1,1,ThreadPool,Fast,adaptive,native,none,ThreadPool,8,8
1,1.6.0,1.6.0,MSVC 1944,Windows,x86_64,unreported,dot,double,65536,contiguous,1,stable,19,0.31630000000000003,4664820074113941794,7365.142130628521,2.9103830456733704e-11,3.9515639943597478e-15,1,1,1,1,ThreadPool,Fast,adaptive,native,none,ThreadPool,8,8
1,1.6.0,1.6.0,MSVC 1944,Windows,x86_64,unreported,dot,double,65536,contiguous,1,stable,20,0.3196,4664820074113941794,7365.142130628521,2.9103830456733704e-11,3.9515639943597478e-15,1,1,1,1,ThreadPool,Fast,adaptive,native,none,ThreadPool,8,8
1,1.6.0,1.6.0,MSVC 1944,Windows,x86_64,unreported,dot,double,65536,contiguous,1,stable,21,0.313,4664820074113941794,7365.142130628521,2.9103830456733704e-11,3.9515639943597478e-15,1,1,1,1,ThreadPool,Fast,adaptive,native,none,ThreadPool,8,8
1,1.6.0,1.6.0,MSVC 1944,Windows,x86_64,unreported,dot,double,65536,contiguous,1,stable,22,0.32250000000000001,4664820074113941794,7365.142130628521,2.9103830456733704e-11,3.9515639943597478e-15,1,1,1,1,ThreadPool,Fast,adaptive,native,none,ThreadPool,8,8
1,1.6.0,1.6.0,MSVC 1944,Windows,x86_64,unreported,dot,double,65536,contiguous,1,stable,23,0.32300000000000001,4664820074113941794,7365.142130628521,2.9103830456733704e-11,3.9515639943597478e-15,1,1,1,1,ThreadPool,Fast,adaptive,native,none,ThreadPool,8,8
1,1.6.0,1.6.0,MSVC 1944,Windows,x86_64,unreported,dot,double,65536,contiguous,1,stable,24,0.31469999999999998,4664820074113941794,7365.142130628521,2.9103830456733704e-11,3.9515639943597478e-15,1,1,1,1,ThreadPool,Fast,adaptive,native,none,ThreadPool,8,8
1,1.6.0,1.6.0,MSVC 1944,Windows,x86_64,unreported,dot,double,65536,contiguous,1,stable,25,0.32019999999999998,4664820074113941794,7365.142130628521,2.9103830456733704e-11,3.9515639943597478e-15,1,1,1,1,ThreadPool,Fast,adaptive,native,none,ThreadPool,8,8
1,1.6.0,1.6.0,MSVC 1944,Windows,x86_64,unreported,dot,double,65536,contiguous,1,stable,26,0.32300000000000001,4664820074113941794,7365.142130628521,2.9103830456733704e-11,3.9515639943597478e-15,1,1,1,1,ThreadPool,Fast,adaptive,native,none,ThreadPool,8,8
1,1.6.0,1.6.0,MSVC 1944,Windows,x86_64,unreported,dot,double,65536,contiguous,1,stable,27,0.314,4664820074113941794,7365.142130628521,2.9103830456733704e-11,3.9515639943597478e-15,1,1,1,1,ThreadPool,Fast,adaptive,native,none,ThreadPool,8,8
1,1.6.0,1.6.0,MSVC 1944,Windows,x86_64,unreported,dot,double,65536,contiguous,1,stable,28,0.31680000000000003,4664820074113941794,7365.142130628521,2.9103830456733704e-11,3.9515639943597478e-15,1,1,1,1,ThreadPool,Fast,adaptive,native,none,ThreadPool,8,8
1,1.6.0,1.6.0,MSVC 1944,Windows,x86_64,unreported,dot,double,65536,contiguous,1,stable,29,0.32240000000000002,4664820074113941794,7365.142130628521,2.9103830456733704e-11,3.9515639943597478e-15,1,1,1,1,ThreadPool,Fast,adaptive,native,none,ThreadPool,8,8
1,1.6.0,1.6.0,MSVC 1944,Windows,x86_64,unreported,dot,double,65536,contiguous,1,stable,30,0.31590000000000001,4664820074113941794,7365.142130628521,2.9103830456733704e-11,3.9515639943597478e-15,1,1,1,1,ThreadPool,Fast,adaptive,native,none,ThreadPool,8,8
1,1.6.0,1.6.0,MSVC 1944,Windows,x86_64,unreported,dot,double,65536,contiguous,1,stable,31,0.31559999999999999,4664820074113941794,7365.142130628521,2.9103830456733704e-11,3.9515639943597478e-15,1,1,1,1,ThreadPool,Fast,adaptive,native,none,ThreadPool,8,8
1,1.6.0,1.6.0,MSVC 1944,Windows,x86_64,unreported,norm,double,65536,contiguous,1,first_call,0,0.31609999999999999,4636148783516150634,91.636800608523231,4.2632564145606011e-13,4.6523409659111028e-15,1,1,1,1,ThreadPool,Fast,adaptive,native,none,ThreadPool,8,8
1,1.6.0,1.6.0,MSVC 1944,Windows,x86_64,unreported,norm,double,65536,contiguous,1,stable,1,0.3145,4636148783516150634,91.636800608523231,4.2632564145606011e-13,4.6523409659111028e-15,1,1,1,1,ThreadPool,Fast,adaptive,native,none,ThreadPool,8,8
1,1.6.0,1.6.0,MSVC 1944,Windows,x86_64,unreported,norm,double,65536,contiguous,1,stable,2,0.3145,4636148783516150634,91.636800608523231,4.2632564145606011e-13,4.6523409659111028e-15,1,1,1,1,ThreadPool,Fast,adaptive,native,none,ThreadPool,8,8
1,1.6.0,1.6.0,MSVC 1944,Windows,x86_64,unreported,norm,double,65536,contiguous,1,stable,3,0.32140000000000002,4636148783516150634,91.636800608523231,4.2632564145606011e-13,4.6523409659111028e-15,1,1,1,1,ThreadPool,Fast,adaptive,native,none,ThreadPool,8,8
1,1.6.0,1.6.0,MSVC 1944,Windows,x86_64,unreported,norm,double,65536,contiguous,1,stable,4,0.31559999999999999,4636148783516150634,91.636800608523231,4.2632564145606011e-13,4.6523409659111028e-15,1,1,1,1,ThreadPool,Fast,adaptive,native,none,ThreadPool,8,8
1,1.6.0,1.6.0,MSVC 1944,Windows,x86_64,unreported,norm,double,65536,contiguous,1,stable,5,0.31369999999999998,4636148783516150634,91.636800608523231,4.2632564145606011e-13,4.6523409659111028e-15,1,1,1,1,ThreadPool,Fast,adaptive,native,none,ThreadPool,8,8
1,1.6.0,1.6.0,MSVC 1944,Windows,x86_64,unreported,norm,double,65536,contiguous,1,stable,6,0.3332,4636148783516150634,91.636800608523231,4.2632564145606011e-13,4.6523409659111028e-15,1,1,1,1,ThreadPool,Fast,adaptive,native,none,ThreadPool,8,8
1,1.6.0,1.6.0,MSVC 1944,Windows,x86_64,unreported,norm,double,65536,contiguous,1,stable,7,0.31359999999999999,4636148783516150634,91.636800608523231,4.2632564145606011e-13,4.6523409659111028e-15,1,1,1,1,ThreadPool,Fast,adaptive,native,none,ThreadPool,8,8
1,1.6.0,1.6.0,MSVC 1944,Windows,x86_64,unreported,norm,double,65536,contiguous,1,stable,8,0.31309999999999999,4636148783516150634,91.636800608523231,4.2632564145606011e-13,4.6523409659111028e-15,1,1,1,1,ThreadPool,Fast,adaptive,native,none,ThreadPool,8,8
1,1.6.0,1.6.0,MSVC 1944,Windows,x86_64,unreported,norm,double,65536,contiguous,1,stable,9,0.32129999999999997,4636148783516150634,91.636800608523231,4.2632564145606011e-13,4.6523409659111028e-15,1,1,1,1,ThreadPool,Fast,adaptive,native,none,ThreadPool,8,8
1,1.6.0,1.6.0,MSVC 1944,Windows,x86_64,unreported,norm,double,65536,contiguous,1,stable,10,0.3165,4636148783516150634,91.636800608523231,4.2632564145606011e-13,4.6523409659111028e-15,1,1,1,1,ThreadPool,Fast,adaptive,native,none,ThreadPool,8,8
1,1.6.0,1.6.0,MSVC 1944,Windows,x86_64,unreported,norm,double,65536,contiguous,1,stable,11,0.32050000000000001,4636148783516150634,91.636800608523231,4.2632564145606011e-13,4.6523409659111028e-15,1,1,1,1,ThreadPool,Fast,adaptive,native,none,ThreadPool,8,8
1,1.6.0,1.6.0,MSVC 1944,Windows,x86_64,unreported,norm,double,65536,contiguous,1,stable,12,0.32440000000000002,4636148783516150634,91.636800608523231,4.2632564145606011e-13,4.6523409659111028e-15,1,1,1,1,ThreadPool,Fast,adaptive,native,none,ThreadPool,8,8
1,1.6.0,1.6.0,MSVC 1944,Windows,x86_64,unreported,norm,double,65536,contiguous,1,stable,13,0.31169999999999998,4636148783516150634,91.636800608523231,4.2632564145606011e-13,4.6523409659111028e-15,1,1,1,1,ThreadPool,Fast,adaptive,native,none,ThreadPool,8,8
1,1.6.0,1.6.0,MSVC 1944,Windows,x86_64,unreported,norm,double,65536,contiguous,1,stable,14,0.314,4636148783516150634,91.636800608523231,4.2632564145606011e-13,4.6523409659111028e-15,1,1,1,1,ThreadPool,Fast,adaptive,native,none,ThreadPool,8,8
1,1.6.0,1.6.0,MSVC 1944,Windows,x86_64,unreported,norm,double,65536,contiguous,1,stable,15,0.31659999999999999,4636148783516150634,91.636800608523231,4.2632564145606011e-13,4.6523409659111028e-15,1,1,1,1,ThreadPool,Fast,adaptive,native,none,ThreadPool,8,8
1,1.6.0,1.6.0,MSVC 1944,Windows,x86_64,unreported,norm,double,65536,contiguous,1,stable,16,0.3145,4636148783516150634,91.636800608523231,4.2632564145606011e-13,4.6523409659111028e-15,1,1,1,1,ThreadPool,Fast,adaptive,native,none,ThreadPool,8,8
1,1.6.0,1.6.0,MSVC 1944,Windows,x86_64,unreported,norm,double,65536,contiguous,1,stable,17,0.31509999999999999,4636148783516150634,91.636800608523231,4.2632564145606011e-13,4.6523409659111028e-15,1,1,1,1,ThreadPool,Fast,adaptive,native,none,ThreadPool,8,8
1,1.6.0,1.6.0,MSVC 1944,Windows,x86_64,unreported,norm,double,65536,contiguous,1,stable,18,0.31719999999999998,4636148783516150634,91.636800608523231,4.2632564145606011e-13,4.6523409659111028e-15,1,1,1,1,ThreadPool,Fast,adaptive,native,none,ThreadPool,8,8
1,1.6.0,1.6.0,MSVC 1944,Windows,x86_64,unreported,norm,double,65536,contiguous,1,stable,19,0.31419999999999998,4636148783516150634,91.636800608523231,4.2632564145606011e-13,4.6523409659111028e-15,1,1,1,1,ThreadPool,Fast,adaptive,native,none,ThreadPool,8,8
1,1.6.0,1.6.0,MSVC 1944,Windows,x86_64,unreported,norm,double,65536,contiguous,1,stable,20,0.3165,4636148783516150634,91.636800608523231,4.2632564145606011e-13,4.6523409659111028e-15,1,1,1,1,ThreadPool,Fast,adaptive,native,none,ThreadPool,8,8
1,1.6.0,1.6.0,MSVC 1944,Windows,x86_64,unreported,norm,double,65536,contiguous,1,stable,21,0.31540000000000001,4636148783516150634,91.636800608523231,4.2632564145606011e-13,4.6523409659111028e-15,1,1,1,1,ThreadPool,Fast,adaptive,native,none,ThreadPool,8,8
1,1.6.0,1.6.0,MSVC 1944,Windows,x86_64,unreported,norm,double,65536,contiguous,1,stable,22,0.3135,4636148783516150634,91.636800608523231,4.2632564145606011e-13,4.6523409659111028e-15,1,1,1,1,ThreadPool,Fast,adaptive,native,none,ThreadPool,8,8
1,1.6.0,1.6.0,MSVC 1944,Windows,x86_64,unreported,norm,double,65536,contiguous,1,stable,23,0.31830000000000003,4636148783516150634,91.636800608523231,4.2632564145606011e-13,4.6523409659111028e-15,1,1,1,1,ThreadPool,Fast,adaptive,native,none,ThreadPool,8,8
1,1.6.0,1.6.0,MSVC 1944,Windows,x86_64,unreported,norm,double,65536,contiguous,1,stable,24,0.31540000000000001,4636148783516150634,91.636800608523231,4.2632564145606011e-13,4.6523409659111028e-15,1,1,1,1,ThreadPool,Fast,adaptive,native,none,ThreadPool,8,8
1,1.6.0,1.6.0,MSVC 1944,Windows,x86_64,unreported,norm,double,65536,contiguous,1,stable,25,0.31380000000000002,4636148783516150634,91.636800608523231,4.2632564145606011e-13,4.6523409659111028e-15,1,1,1,1,ThreadPool,Fast,adaptive,native,none,ThreadPool,8,8
1,1.6.0,1.6.0,MSVC 1944,Windows,x86_64,unreported,norm,double,65536,contiguous,1,stable,26,0.315,4636148783516150634,91.636800608523231,4.2632564145606011e-13,4.6523409659111028e-15,1,1,1,1,ThreadPool,Fast,adaptive,native,none,ThreadPool,8,8
1,1.6.0,1.6.0,MSVC 1944,Windows,x86_64,unreported,norm,double,65536,contiguous,1,stable,27,0.31559999999999999,4636148783516150634,91.636800608523231,4.2632564145606011e-13,4.6523409659111028e-15,1,1,1,1,ThreadPool,Fast,adaptive,native,none,ThreadPool,8,8
1,1.6.0,1.6.0,MSVC 1944,Windows,x86_64,unreported,norm,double,65536,contiguous,1,stable,28,0.313,4636148783516150634,91.636800608523231,4.2632564145606011e-13,4.6523409659111028e-15,1,1,1,1,ThreadPool,Fast,adaptive,native,none,ThreadPool,8,8
1,1.6.0,1.6.0,MSVC 1944,Windows,x86_64,unreported,norm,double,65536,contiguous,1,stable,29,0.31540000000000001,4636148783516150634,91.636800608523231,4.2632564145606011e-13,4.6523409659111028e-15,1,1,1,1,ThreadPool,Fast,adaptive,native,none,ThreadPool,8,8
1,1.6.0,1.6.0,MSVC 1944,Windows,x86_64,unreported,norm,double,65536,contiguous,1,stable,30,0.31940000000000002,4636148783516150634,91.636800608523231,4.2632564145606011e-13,4.6523409659111028e-15,1,1,1,1,ThreadPool,Fast,adaptive,native,none,ThreadPool,8,8
1,1.6.0,1.6.0,MSVC 1944,Windows,x86_64,unreported,norm,double,65536,contiguous,1,stable,31,0.31369999999999998,4636148783516150634,91.636800608523231,4.2632564145606011e-13,4.6523409659111028e-15,1,1,1,1,ThreadPool,Fast,adaptive,native,none,ThreadPool,8,8
1,1.6.0,1.6.0,MSVC 1944,Windows,x86_64,unreported,sum,double,65536,contiguous,1,first_call,0,0.042099999999999999,4651591538215037814,952.73235229528314,9.5496943686157465e-12,1.002348072426534e-14,1,1,1,1,ThreadPool,Reproducible,canonical,pairwise,canonical-pairwise-v1-leaf1024,ThreadPool,8,8
1,1.6.0,1.6.0,MSVC 1944,Windows,x86_64,unreported,sum,double,65536,contiguous,1,stable,1,0.042000000000000003,4651591538215037814,952.73235229528314,9.5496943686157465e-12,1.002348072426534e-14,1,1,1,1,ThreadPool,Reproducible,canonical,pairwise,canonical-pairwise-v1-leaf1024,ThreadPool,8,8
1,1.6.0,1.6.0,MSVC 1944,Windows,x86_64,unreported,sum,double,65536,contiguous,1,stable,2,0.042599999999999999,4651591538215037814,952.73235229528314,9.5496943686157465e-12,1.002348072426534e-14,1,1,1,1,ThreadPool,Reproducible,canonical,pairwise,canonical-pairwise-v1-leaf1024,ThreadPool,8,8
1,1.6.0,1.6.0,MSVC 1944,Windows,x86_64,unreported,sum,double,65536,contiguous,1,stable,3,0.043499999999999997,4651591538215037814,952.73235229528314,9.5496943686157465e-12,1.002348072426534e-14,1,1,1,1,ThreadPool,Reproducible,canonical,pairwise,canonical-pairwise-v1-leaf1024,ThreadPool,8,8
1,1.6.0,1.6.0,MSVC 1944,Windows,x86_64,unreported,sum,double,65536,contiguous,1,stable,4,0.0528,4651591538215037814,952.73235229528314,9.5496943686157465e-12,1.002348072426534e-14,1,1,1,1,ThreadPool,Reproducible,canonical,pairwise,canonical-pairwise-v1-leaf1024,ThreadPool,8,8
1,1.6.0,1.6.0,MSVC 1944,Windows,x86_64,unreported,sum,double,65536,contiguous,1,stable,5,0.043900000000000002,4651591538215037814,952.73235229528314,9.5496943686157465e-12,1.002348072426534e-14,1,1,1,1,ThreadPool,Reproducible,canonical,pairwise,canonical-pairwise-v1-leaf1024,ThreadPool,8,8
1,1.6.0,1.6.0,MSVC 1944,Windows,x86_64,unreported,sum,double,65536,contiguous,1,stable,6,0.043400000000000001,4651591538215037814,952.73235229528314,9.5496943686157465e-12,1.002348072426534e-14,1,1,1,1,ThreadPool,Reproducible,canonical,pairwise,canonical-pairwise-v1-leaf1024,ThreadPool,8,8
1,1.6.0,1.6.0,MSVC 1944,Windows,x86_64,unreported,sum,double,65536,contiguous,1,stable,7,0.048399999999999999,4651591538215037814,952.73235229528314,9.5496943686157465e-12,1.002348072426534e-14,1,1,1,1,ThreadPool,Reproducible,canonical,pairwise,canonical-pairwise-v1-leaf1024,ThreadPool,8,8
1,1.6.0,1.6.0,MSVC 1944,Windows,x86_64,unreported,sum,double,65536,contiguous,1,stable,8,0.065000000000000002,4651591538215037814,952.73235229528314,9.5496943686157465e-12,1.002348072426534e-14,1,1,1,1,ThreadPool,Reproducible,canonical,pairwise,canonical-pairwise-v1-leaf1024,ThreadPool,8,8
1,1.6.0,1.6.0,MSVC 1944,Windows,x86_64,unreported,sum,double,65536,contiguous,1,stable,9,0.0504,4651591538215037814,952.73235229528314,9.5496943686157465e-12,1.002348072426534e-14,1,1,1,1,ThreadPool,Reproducible,canonical,pairwise,canonical-pairwise-v1-leaf1024,ThreadPool,8,8
1,1.6.0,1.6.0,MSVC 1944,Windows,x86_64,unreported,sum,double,65536,contiguous,1,stable,10,0.044600000000000001,4651591538215037814,952.73235229528314,9.5496943686157465e-12,1.002348072426534e-14,1,1,1,1,ThreadPool,Reproducible,canonical,pairwise,canonical-pairwise-v1-leaf1024,ThreadPool,8,8
1,1.6.0,1.6.0,MSVC 1944,Windows,x86_64,unreported,sum,double,65536,contiguous,1,stable,11,0.045600000000000002,4651591538215037814,952.73235229528314,9.5496943686157465e-12,1.002348072426534e-14,1,1,1,1,ThreadPool,Reproducible,canonical,pairwise,canonical-pairwise-v1-leaf1024,ThreadPool,8,8
1,1.6.0,1.6.0,MSVC 1944,Windows,x86_64,unreported,sum,double,65536,contiguous,1,stable,12,0.043499999999999997,4651591538215037814,952.73235229528314,9.5496943686157465e-12,1.002348072426534e-14,1,1,1,1,ThreadPool,Reproducible,canonical,pairwise,canonical-pairwise-v1-leaf1024,ThreadPool,8,8
1,1.6.0,1.6.0,MSVC 1944,Windows,x86_64,unreported,sum,double,65536,contiguous,1,stable,13,0.041500000000000002,4651591538215037814,952.73235229528314,9.5496943686157465e-12,1.002348072426534e-14,1,1,1,1,ThreadPool,Reproducible,canonical,pairwise,canonical-pairwise-v1-leaf1024,ThreadPool,8,8
1,1.6.0,1.6.0,MSVC 1944,Windows,x86_64,unreported,sum,double,65536,contiguous,1,stable,14,0.047100000000000003,4651591538215037814,952.73235229528314,9.5496943686157465e-12,1.002348072426534e-14,1,1,1,1,ThreadPool,Reproducible,canonical,pairwise,canonical-pairwise-v1-leaf1024,ThreadPool,8,8
1,1.6.0,1.6.0,MSVC 1944,Windows,x86_64,unreported,sum,double,65536,contiguous,1,stable,15,0.044299999999999999,4651591538215037814,952.73235229528314,9.5496943686157465e-12,1.002348072426534e-14,1,1,1,1,ThreadPool,Reproducible,canonical,pairwise,canonical-pairwise-v1-leaf1024,ThreadPool,8,8
1,1.6.0,1.6.0,MSVC 1944,Windows,x86_64,unreported,sum,double,65536,contiguous,1,stable,16,0.0436,4651591538215037814,952.73235229528314,9.5496943686157465e-12,1.002348072426534e-14,1,1,1,1,ThreadPool,Reproducible,canonical,pairwise,canonical-pairwise-v1-leaf1024,ThreadPool,8,8
1,1.6.0,1.6.0,MSVC 1944,Windows,x86_64,unreported,sum,double,65536,contiguous,1,stable,17,0.047800000000000002,4651591538215037814,952.73235229528314,9.5496943686157465e-12,1.002348072426534e-14,1,1,1,1,ThreadPool,Reproducible,canonical,pairwise,canonical-pairwise-v1-leaf1024,ThreadPool,8,8
1,1.6.0,1.6.0,MSVC 1944,Windows,x86_64,unreported,sum,double,65536,contiguous,1,stable,18,0.045600000000000002,4651591538215037814,952.73235229528314,9.5496943686157465e-12,1.002348072426534e-14,1,1,1,1,ThreadPool,Reproducible,canonical,pairwise,canonical-pairwise-v1-leaf1024,ThreadPool,8,8
1,1.6.0,1.6.0,MSVC 1944,Windows,x86_64,unreported,sum,double,65536,contiguous,1,stable,19,0.043200000000000002,4651591538215037814,952.73235229528314,9.5496943686157465e-12,1.002348072426534e-14,1,1,1,1,ThreadPool,Reproducible,canonical,pairwise,canonical-pairwise-v1-leaf1024,ThreadPool,8,8
1,1.6.0,1.6.0,MSVC 1944,Windows,x86_64,unreported,sum,double,65536,contiguous,1,stable,20,0.050700000000000002,4651591538215037814,952.73235229528314,9.5496943686157465e-12,1.002348072426534e-14,1,1,1,1,ThreadPool,Reproducible,canonical,pairwise,canonical-pairwise-v1-leaf1024,ThreadPool,8,8
1,1.6.0,1.6.0,MSVC 1944,Windows,x86_64,unreported,sum,double,65536,contiguous,1,stable,21,0.0419,4651591538215037814,952.73235229528314,9.5496943686157465e-12,1.002348072426534e-14,1,1,1,1,ThreadPool,Reproducible,canonical,pairwise,canonical-pairwise-v1-leaf1024,ThreadPool,8,8
1,1.6.0,1.6.0,MSVC 1944,Windows,x86_64,unreported,sum,double,65536,contiguous,1,stable,22,0.0465,4651591538215037814,952.73235229528314,9.5496943686157465e-12,1.002348072426534e-14,1,1,1,1,ThreadPool,Reproducible,canonical,pairwise,canonical-pairwise-v1-leaf1024,ThreadPool,8,8
1,1.6.0,1.6.0,MSVC 1944,Windows,x86_64,unreported,sum,double,65536,contiguous,1,stable,23,0.050299999999999997,4651591538215037814,952.73235229528314,9.5496943686157465e-12,1.002348072426534e-14,1,1,1,1,ThreadPool,Reproducible,canonical,pairwise,canonical-pairwise-v1-leaf1024,ThreadPool,8,8
1,1.6.0,1.6.0,MSVC 1944,Windows,x86_64,unreported,sum,double,65536,contiguous,1,stable,24,0.044999999999999998,4651591538215037814,952.73235229528314,9.5496943686157465e-12,1.002348072426534e-14,1,1,1,1,ThreadPool,Reproducible,canonical,pairwise,canonical-pairwise-v1-leaf1024,ThreadPool,8,8
1,1.6.0,1.6.0,MSVC 1944,Windows,x86_64,unreported,sum,double,65536,contiguous,1,stable,25,0.044600000000000001,4651591538215037814,952.73235229528314,9.5496943686157465e-12,1.002348072426534e-14,1,1,1,1,ThreadPool,Reproducible,canonical,pairwise,canonical-pairwise-v1-leaf1024,ThreadPool,8,8
1,1.6.0,1.6.0,MSVC 1944,Windows,x86_64,unreported,sum,double,65536,contiguous,1,stable,26,0.0424,4651591538215037814,952.73235229528314,9.5496943686157465e-12,1.002348072426534e-14,1,1,1,1,ThreadPool,Reproducible,canonical,pairwise,canonical-pairwise-v1-leaf1024,ThreadPool,8,8
1,1.6.0,1.6.0,MSVC 1944,Windows,x86_64,unreported,sum,double,65536,contiguous,1,stable,27,0.044200000000000003,4651591538215037814,952.73235229528314,9.5496943686157465e-12,1.002348072426534e-14,1,1,1,1,ThreadPool,Reproducible,canonical,pairwise,canonical-pairwise-v1-leaf1024,ThreadPool,8,8
1,1.6.0,1.6.0,MSVC 1944,Windows,x86_64,unreported,sum,double,65536,contiguous,1,stable,28,0.0419,4651591538215037814,952.73235229528314,9.5496943686157465e-12,1.002348072426534e-14,1,1,1,1,ThreadPool,Reproducible,canonical,pairwise,canonical-pairwise-v1-leaf1024,ThreadPool,8,8
1,1.6.0,1.6.0,MSVC 1944,Windows,x86_64,unreported,sum,double,65536,contiguous,1,stable,29,0.042000000000000003,4651591538215037814,952.73235229528314,9.5496943686157465e-12,1.002348072426534e-14,1,1,1,1,ThreadPool,Reproducible,canonical,pairwise,canonical-pairwise-v1-leaf1024,ThreadPool,8,8
1,1.6.0,1.6.0,MSVC 1944,Windows,x86_64,unreported,sum,double,65536,contiguous,1,stable,30,0.043200000000000002,4651591538215037814,952.73235229528314,9.5496943686157465e-12,1.002348072426534e-14,1,1,1,1,ThreadPool,Reproducible,canonical,pairwise,canonical-pairwise-v1-leaf1024,ThreadPool,8,8
1,1.6.0,1.6.0,MSVC 1944,Windows,x86_64,unreported,sum,double,65536,contiguous,1,stable,31,0.049299999999999997,4651591538215037814,952.73235229528314,9.5496943686157465e-12,1.002348072426534e-14,1,1,1,1,ThreadPool,Reproducible,canonical,pairwise,canonical-pairwise-v1-leaf1024,ThreadPool,8,8
1,1.6.0,1.6.0,MSVC 1944,Windows,x86_64,unreported,dot,double,65536,contiguous,1,first_call,0,0.3196,4664820074113941792,7365.142130628521,3.092281986027956e-11,4.1985367440072323e-15,1,1,1,1,ThreadPool,Reproducible,canonical,pairwise,canonical-pairwise-v1-leaf1024,ThreadPool,8,8
1,1.6.0,1.6.0,MSVC 1944,Windows,x86_64,unreported,dot,double,65536,contiguous,1,stable,1,0.32640000000000002,4664820074113941792,7365.142130628521,3.092281986027956e-11,4.1985367440072323e-15,1,1,1,1,ThreadPool,Reproducible,canonical,pairwise,canonical-pairwise-v1-leaf1024,ThreadPool,8,8
1,1.6.0,1.6.0,MSVC 1944,Windows,x86_64,unreported,dot,double,65536,contiguous,1,stable,2,0.31969999999999998,4664820074113941792,7365.142130628521,3.092281986027956e-11,4.1985367440072323e-15,1,1,1,1,ThreadPool,Reproducible,canonical,pairwise,canonical-pairwise-v1-leaf1024,ThreadPool,8,8
1,1.6.0,1.6.0,MSVC 1944,Windows,x86_64,unreported,dot,double,65536,contiguous,1,stable,3,0.31669999999999998,4664820074113941792,7365.142130628521,3.092281986027956e-11,4.1985367440072323e-15,1,1,1,1,ThreadPool,Reproducible,canonical,pairwise,canonical-pairwise-v1-leaf1024,ThreadPool,8,8
1,1.6.0,1.6.0,MSVC 1944,Windows,x86_64,unreported,dot,double,65536,contiguous,1,stable,4,0.32419999999999999,4664820074113941792,7365.142130628521,3.092281986027956e-11,4.1985367440072323e-15,1,1,1,1,ThreadPool,Reproducible,canonical,pairwise,canonical-pairwise-v1-leaf1024,ThreadPool,8,8
1,1.6.0,1.6.0,MSVC 1944,Windows,x86_64,unreported,dot,double,65536,contiguous,1,stable,5,0.31919999999999998,4664820074113941792,7365.142130628521,3.092281986027956e-11,4.1985367440072323e-15,1,1,1,1,ThreadPool,Reproducible,canonical,pairwise,canonical-pairwise-v1-leaf1024,ThreadPool,8,8
1,1.6.0,1.6.0,MSVC 1944,Windows,x86_64,unreported,dot,double,65536,contiguous,1,stable,6,0.31830000000000003,4664820074113941792,7365.142130628521,3.092281986027956e-11,4.1985367440072323e-15,1,1,1,1,ThreadPool,Reproducible,canonical,pairwise,canonical-pairwise-v1-leaf1024,ThreadPool,8,8
1,1.6.0,1.6.0,MSVC 1944,Windows,x86_64,unreported,dot,double,65536,contiguous,1,stable,7,0.31879999999999997,4664820074113941792,7365.142130628521,3.092281986027956e-11,4.1985367440072323e-15,1,1,1,1,ThreadPool,Reproducible,canonical,pairwise,canonical-pairwise-v1-leaf1024,ThreadPool,8,8
1,1.6.0,1.6.0,MSVC 1944,Windows,x86_64,unreported,dot,double,65536,contiguous,1,stable,8,0.3196,4664820074113941792,7365.142130628521,3.092281986027956e-11,4.1985367440072323e-15,1,1,1,1,ThreadPool,Reproducible,canonical,pairwise,canonical-pairwise-v1-leaf1024,ThreadPool,8,8
1,1.6.0,1.6.0,MSVC 1944,Windows,x86_64,unreported,dot,double,65536,contiguous,1,stable,9,0.32229999999999998,4664820074113941792,7365.142130628521,3.092281986027956e-11,4.1985367440072323e-15,1,1,1,1,ThreadPool,Reproducible,canonical,pairwise,canonical-pairwise-v1-leaf1024,ThreadPool,8,8
1,1.6.0,1.6.0,MSVC 1944,Windows,x86_64,unreported,dot,double,65536,contiguous,1,stable,10,0.3251,4664820074113941792,7365.142130628521,3.092281986027956e-11,4.1985367440072323e-15,1,1,1,1,ThreadPool,Reproducible,canonical,pairwise,canonical-pairwise-v1-leaf1024,ThreadPool,8,8
1,1.6.0,1.6.0,MSVC 1944,Windows,x86_64,unreported,dot,double,65536,contiguous,1,stable,11,0.32019999999999998,4664820074113941792,7365.142130628521,3.092281986027956e-11,4.1985367440072323e-15,1,1,1,1,ThreadPool,Reproducible,canonical,pairwise,canonical-pairwise-v1-leaf1024,ThreadPool,8,8
1,1.6.0,1.6.0,MSVC 1944,Windows,x86_64,unreported,dot,double,65536,contiguous,1,stable,12,0.31890000000000002,4664820074113941792,7365.142130628521,3.092281986027956e-11,4.1985367440072323e-15,1,1,1,1,ThreadPool,Reproducible,canonical,pairwise,canonical-pairwise-v1-leaf1024,ThreadPool,8,8
1,1.6.0,1.6.0,MSVC 1944,Windows,x86_64,unreported,dot,double,65536,contiguous,1,stable,13,0.33260000000000001,4664820074113941792,7365.142130628521,3.092281986027956e-11,4.1985367440072323e-15,1,1,1,1,ThreadPool,Reproducible,canonical,pairwise,canonical-pairwise-v1-leaf1024,ThreadPool,8,8
1,1.6.0,1.6.0,MSVC 1944,Windows,x86_64,unreported,dot,double,65536,contiguous,1,stable,14,0.25629999999999997,4664820074113941792,7365.142130628521,3.092281986027956e-11,4.1985367440072323e-15,1,1,1,1,ThreadPool,Reproducible,canonical,pairwise,canonical-pairwise-v1-leaf1024,ThreadPool,8,8
1,1.6.0,1.6.0,MSVC 1944,Windows,x86_64,unreported,dot,double,65536,contiguous,1,stable,15,0.31740000000000002,4664820074113941792,7365.142130628521,3.092281986027956e-11,4.1985367440072323e-15,1,1,1,1,ThreadPool,Reproducible,canonical,pairwise,canonical-pairwise-v1-leaf1024,ThreadPool,8,8
1,1.6.0,1.6.0,MSVC 1944,Windows,x86_64,unreported,dot,double,65536,contiguous,1,stable,16,0.32300000000000001,4664820074113941792,7365.142130628521,3.092281986027956e-11,4.1985367440072323e-15,1,1,1,1,ThreadPool,Reproducible,canonical,pairwise,canonical-pairwise-v1-leaf1024,ThreadPool,8,8
1,1.6.0,1.6.0,MSVC 1944,Windows,x86_64,unreported,dot,double,65536,contiguous,1,stable,17,0.31590000000000001,4664820074113941792,7365.142130628521,3.092281986027956e-11,4.1985367440072323e-15,1,1,1,1,ThreadPool,Reproducible,canonical,pairwise,canonical-pairwise-v1-leaf1024,ThreadPool,8,8
1,1.6.0,1.6.0,MSVC 1944,Windows,x86_64,unreported,dot,double,65536,contiguous,1,stable,18,0.34029999999999999,4664820074113941792,7365.142130628521,3.092281986027956e-11,4.1985367440072323e-15,1,1,1,1,ThreadPool,Reproducible,canonical,pairwise,canonical-pairwise-v1-leaf1024,ThreadPool,8,8
1,1.6.0,1.6.0,MSVC 1944,Windows,x86_64,unreported,dot,double,65536,contiguous,1,stable,19,0.27160000000000001,4664820074113941792,7365.142130628521,3.092281986027956e-11,4.1985367440072323e-15,1,1,1,1,ThreadPool,Reproducible,canonical,pairwise,canonical-pairwise-v1-leaf1024,ThreadPool,8,8
1,1.6.0,1.6.0,MSVC 1944,Windows,x86_64,unreported,dot,double,65536,contiguous,1,stable,20,0.31979999999999997,4664820074113941792,7365.142130628521,3.092281986027956e-11,4.1985367440072323e-15,1,1,1,1,ThreadPool,Reproducible,canonical,pairwise,canonical-pairwise-v1-leaf1024,ThreadPool,8,8
1,1.6.0,1.6.0,MSVC 1944,Windows,x86_64,unreported,dot,double,65536,contiguous,1,stable,21,0.3291,4664820074113941792,7365.142130628521,3.092281986027956e-11,4.1985367440072323e-15,1,1,1,1,ThreadPool,Reproducible,canonical,pairwise,canonical-pairwise-v1-leaf1024,ThreadPool,8,8
1,1.6.0,1.6.0,MSVC 1944,Windows,x86_64,unreported,dot,double,65536,contiguous,1,stable,22,0.3226,4664820074113941792,7365.142130628521,3.092281986027956e-11,4.1985367440072323e-15,1,1,1,1,ThreadPool,Reproducible,canonical,pairwise,canonical-pairwise-v1-leaf1024,ThreadPool,8,8
1,1.6.0,1.6.0,MSVC 1944,Windows,x86_64,unreported,dot,double,65536,contiguous,1,stable,23,0.33169999999999999,4664820074113941792,7365.142130628521,3.092281986027956e-11,4.1985367440072323e-15,1,1,1,1,ThreadPool,Reproducible,canonical,pairwise,canonical-pairwise-v1-leaf1024,ThreadPool,8,8
1,1.6.0,1.6.0,MSVC 1944,Windows,x86_64,unreported,dot,double,65536,contiguous,1,stable,24,0.247,4664820074113941792,7365.142130628521,3.092281986027956e-11,4.1985367440072323e-15,1,1,1,1,ThreadPool,Reproducible,canonical,pairwise,canonical-pairwise-v1-leaf1024,ThreadPool,8,8
1,1.6.0,1.6.0,MSVC 1944,Windows,x86_64,unreported,dot,double,65536,contiguous,1,stable,25,0.2621,4664820074113941792,7365.142130628521,3.092281986027956e-11,4.1985367440072323e-15,1,1,1,1,ThreadPool,Reproducible,canonical,pairwise,canonical-pairwise-v1-leaf1024,ThreadPool,8,8
1,1.6.0,1.6.0,MSVC 1944,Windows,x86_64,unreported,dot,double,65536,contiguous,1,stable,26,0.32000000000000001,4664820074113941792,7365.142130628521,3.092281986027956e-11,4.1985367440072323e-15,1,1,1,1,ThreadPool,Reproducible,canonical,pairwise,canonical-pairwise-v1-leaf1024,ThreadPool,8,8
1,1.6.0,1.6.0,MSVC 1944,Windows,x86_64,unreported,dot,double,65536,contiguous,1,stable,27,0.32090000000000002,4664820074113941792,7365.142130628521,3.092281986027956e-11,4.1985367440072323e-15,1,1,1,1,ThreadPool,Reproducible,canonical,pairwise,canonical-pairwise-v1-leaf1024,ThreadPool,8,8
1,1.6.0,1.6.0,MSVC 1944,Windows,x86_64,unreported,dot,double,65536,contiguous,1,stable,28,0.31490000000000001,4664820074113941792,7365.142130628521,3.092281986027956e-11,4.1985367440072323e-15,1,1,1,1,ThreadPool,Reproducible,canonical,pairwise,canonical-pairwise-v1-leaf1024,ThreadPool,8,8
1,1.6.0,1.6.0,MSVC 1944,Windows,x86_64,unreported,dot,double,65536,contiguous,1,stable,29,0.31369999999999998,4664820074113941792,7365.142130628521,3.092281986027956e-11,4.1985367440072323e-15,1,1,1,1,ThreadPool,Reproducible,canonical,pairwise,canonical-pairwise-v1-leaf1024,ThreadPool,8,8
1,1.6.0,1.6.0,MSVC 1944,Windows,x86_64,unreported,dot,double,65536,contiguous,1,stable,30,0.31709999999999999,4664820074113941792,7365.142130628521,3.092281986027956e-11,4.1985367440072323e-15,1,1,1,1,ThreadPool,Reproducible,canonical,pairwise,canonical-pairwise-v1-leaf1024,ThreadPool,8,8
1,1.6.0,1.6.0,MSVC 1944,Windows,x86_64,unreported,dot,double,65536,contiguous,1,stable,31,0.3125,4664820074113941792,7365.142130628521,3.092281986027956e-11,4.1985367440072323e-15,1,1,1,1,ThreadPool,Reproducible,canonical,pairwise,canonical-pairwise-v1-leaf1024,ThreadPool,8,8
1,1.6.0,1.6.0,MSVC 1944,Windows,x86_64,unreported,norm,double,65536,contiguous,1,first_call,0,0.3125,4636148783516150635,91.636800608523231,4.1211478674085811e-13,4.4972629337140663e-15,1,1,1,1,ThreadPool,Reproducible,canonical,pairwise,canonical-pairwise-v1-leaf1024,ThreadPool,8,8
1,1.6.0,1.6.0,MSVC 1944,Windows,x86_64,unreported,norm,double,65536,contiguous,1,stable,1,0.31769999999999998,4636148783516150635,91.636800608523231,4.1211478674085811e-13,4.4972629337140663e-15,1,1,1,1,ThreadPool,Reproducible,canonical,pairwise,canonical-pairwise-v1-leaf1024,ThreadPool,8,8
1,1.6.0,1.6.0,MSVC 1944,Windows,x86_64,unreported,norm,double,65536,contiguous,1,stable,2,0.31480000000000002,4636148783516150635,91.636800608523231,4.1211478674085811e-13,4.4972629337140663e-15,1,1,1,1,ThreadPool,Reproducible,canonical,pairwise,canonical-pairwise-v1-leaf1024,ThreadPool,8,8
1,1.6.0,1.6.0,MSVC 1944,Windows,x86_64,unreported,norm,double,65536,contiguous,1,stable,3,0.31569999999999998,4636148783516150635,91.636800608523231,4.1211478674085811e-13,4.4972629337140663e-15,1,1,1,1,ThreadPool,Reproducible,canonical,pairwise,canonical-pairwise-v1-leaf1024,ThreadPool,8,8
1,1.6.0,1.6.0,MSVC 1944,Windows,x86_64,unreported,norm,double,65536,contiguous,1,stable,4,0.31640000000000001,4636148783516150635,91.636800608523231,4.1211478674085811e-13,4.4972629337140663e-15,1,1,1,1,ThreadPool,Reproducible,canonical,pairwise,canonical-pairwise-v1-leaf1024,ThreadPool,8,8
1,1.6.0,1.6.0,MSVC 1944,Windows,x86_64,unreported,norm,double,65536,contiguous,1,stable,5,0.31480000000000002,4636148783516150635,91.636800608523231,4.1211478674085811e-13,4.4972629337140663e-15,1,1,1,1,ThreadPool,Reproducible,canonical,pairwise,canonical-pairwise-v1-leaf1024,ThreadPool,8,8
1,1.6.0,1.6.0,MSVC 1944,Windows,x86_64,unreported,norm,double,65536,contiguous,1,stable,6,0.31240000000000001,4636148783516150635,91.636800608523231,4.1211478674085811e-13,4.4972629337140663e-15,1,1,1,1,ThreadPool,Reproducible,canonical,pairwise,canonical-pairwise-v1-leaf1024,ThreadPool,8,8
1,1.6.0,1.6.0,MSVC 1944,Windows,x86_64,unreported,norm,double,65536,contiguous,1,stable,7,0.31559999999999999,4636148783516150635,91.636800608523231,4.1211478674085811e-13,4.4972629337140663e-15,1,1,1,1,ThreadPool,Reproducible,canonical,pairwise,canonical-pairwise-v1-leaf1024,ThreadPool,8,8
1,1.6.0,1.6.0,MSVC 1944,Windows,x86_64,unreported,norm,double,65536,contiguous,1,stable,8,0.31530000000000002,4636148783516150635,91.636800608523231,4.1211478674085811e-13,4.4972629337140663e-15,1,1,1,1,ThreadPool,Reproducible,canonical,pairwise,canonical-pairwise-v1-leaf1024,ThreadPool,8,8
1,1.6.0,1.6.0,MSVC 1944,Windows,x86_64,unreported,norm,double,65536,contiguous,1,stable,9,0.31590000000000001,4636148783516150635,91.636800608523231,4.1211478674085811e-13,4.4972629337140663e-15,1,1,1,1,ThreadPool,Reproducible,canonical,pairwise,canonical-pairwise-v1-leaf1024,ThreadPool,8,8
1,1.6.0,1.6.0,MSVC 1944,Windows,x86_64,unreported,norm,double,65536,contiguous,1,stable,10,0.3226,4636148783516150635,91.636800608523231,4.1211478674085811e-13,4.4972629337140663e-15,1,1,1,1,ThreadPool,Reproducible,canonical,pairwise,canonical-pairwise-v1-leaf1024,ThreadPool,8,8
1,1.6.0,1.6.0,MSVC 1944,Windows,x86_64,unreported,norm,double,65536,contiguous,1,stable,11,0.31490000000000001,4636148783516150635,91.636800608523231,4.1211478674085811e-13,4.4972629337140663e-15,1,1,1,1,ThreadPool,Reproducible,canonical,pairwise,canonical-pairwise-v1-leaf1024,ThreadPool,8,8
1,1.6.0,1.6.0,MSVC 1944,Windows,x86_64,unreported,norm,double,65536,contiguous,1,stable,12,0.31259999999999999,4636148783516150635,91.636800608523231,4.1211478674085811e-13,4.4972629337140663e-15,1,1,1,1,ThreadPool,Reproducible,canonical,pairwise,canonical-pairwise-v1-leaf1024,ThreadPool,8,8
1,1.6.0,1.6.0,MSVC 1944,Windows,x86_64,unreported,norm,double,65536,contiguous,1,stable,13,0.32540000000000002,4636148783516150635,91.636800608523231,4.1211478674085811e-13,4.4972629337140663e-15,1,1,1,1,ThreadPool,Reproducible,canonical,pairwise,canonical-pairwise-v1-leaf1024,ThreadPool,8,8
1,1.6.0,1.6.0,MSVC 1944,Windows,x86_64,unreported,norm,double,65536,contiguous,1,stable,14,0.31909999999999999,4636148783516150635,91.636800608523231,4.1211478674085811e-13,4.4972629337140663e-15,1,1,1,1,ThreadPool,Reproducible,canonical,pairwise,canonical-pairwise-v1-leaf1024,ThreadPool,8,8
1,1.6.0,1.6.0,MSVC 1944,Windows,x86_64,unreported,norm,double,65536,contiguous,1,stable,15,0.254,4636148783516150635,91.636800608523231,4.1211478674085811e-13,4.4972629337140663e-15,1,1,1,1,ThreadPool,Reproducible,canonical,pairwise,canonical-pairwise-v1-leaf1024,ThreadPool,8,8
1,1.6.0,1.6.0,MSVC 1944,Windows,x86_64,unreported,norm,double,65536,contiguous,1,stable,16,0.3261,4636148783516150635,91.636800608523231,4.1211478674085811e-13,4.4972629337140663e-15,1,1,1,1,ThreadPool,Reproducible,canonical,pairwise,canonical-pairwise-v1-leaf1024,ThreadPool,8,8
1,1.6.0,1.6.0,MSVC 1944,Windows,x86_64,unreported,norm,double,65536,contiguous,1,stable,17,0.32190000000000002,4636148783516150635,91.636800608523231,4.1211478674085811e-13,4.4972629337140663e-15,1,1,1,1,ThreadPool,Reproducible,canonical,pairwise,canonical-pairwise-v1-leaf1024,ThreadPool,8,8
1,1.6.0,1.6.0,MSVC 1944,Windows,x86_64,unreported,norm,double,65536,contiguous,1,stable,18,0.31819999999999998,4636148783516150635,91.636800608523231,4.1211478674085811e-13,4.4972629337140663e-15,1,1,1,1,ThreadPool,Reproducible,canonical,pairwise,canonical-pairwise-v1-leaf1024,ThreadPool,8,8
1,1.6.0,1.6.0,MSVC 1944,Windows,x86_64,unreported,norm,double,65536,contiguous,1,stable,19,0.31950000000000001,4636148783516150635,91.636800608523231,4.1211478674085811e-13,4.4972629337140663e-15,1,1,1,1,ThreadPool,Reproducible,canonical,pairwise,canonical-pairwise-v1-leaf1024,ThreadPool,8,8
1,1.6.0,1.6.0,MSVC 1944,Windows,x86_64,unreported,norm,double,65536,contiguous,1,stable,20,0.31890000000000002,4636148783516150635,91.636800608523231,4.1211478674085811e-13,4.4972629337140663e-15,1,1,1,1,ThreadPool,Reproducible,canonical,pairwise,canonical-pairwise-v1-leaf1024,ThreadPool,8,8
1,1.6.0,1.6.0,MSVC 1944,Windows,x86_64,unreported,norm,double,65536,contiguous,1,stable,21,0.25390000000000001,4636148783516150635,91.636800608523231,4.1211478674085811e-13,4.4972629337140663e-15,1,1,1,1,ThreadPool,Reproducible,canonical,pairwise,canonical-pairwise-v1-leaf1024,ThreadPool,8,8
1,1.6.0,1.6.0,MSVC 1944,Windows,x86_64,unreported,norm,double,65536,contiguous,1,stable,22,0.36680000000000001,4636148783516150635,91.636800608523231,4.1211478674085811e-13,4.4972629337140663e-15,1,1,1,1,ThreadPool,Reproducible,canonical,pairwise,canonical-pairwise-v1-leaf1024,ThreadPool,8,8
1,1.6.0,1.6.0,MSVC 1944,Windows,x86_64,unreported,norm,double,65536,contiguous,1,stable,23,0.31869999999999998,4636148783516150635,91.636800608523231,4.1211478674085811e-13,4.4972629337140663e-15,1,1,1,1,ThreadPool,Reproducible,canonical,pairwise,canonical-pairwise-v1-leaf1024,ThreadPool,8,8
1,1.6.0,1.6.0,MSVC 1944,Windows,x86_64,unreported,norm,double,65536,contiguous,1,stable,24,0.31769999999999998,4636148783516150635,91.636800608523231,4.1211478674085811e-13,4.4972629337140663e-15,1,1,1,1,ThreadPool,Reproducible,canonical,pairwise,canonical-pairwise-v1-leaf1024,ThreadPool,8,8
1,1.6.0,1.6.0,MSVC 1944,Windows,x86_64,unreported,norm,double,65536,contiguous,1,stable,25,0.32269999999999999,4636148783516150635,91.636800608523231,4.1211478674085811e-13,4.4972629337140663e-15,1,1,1,1,ThreadPool,Reproducible,canonical,pairwise,canonical-pairwise-v1-leaf1024,ThreadPool,8,8
1,1.6.0,1.6.0,MSVC 1944,Windows,x86_64,unreported,norm,double,65536,contiguous,1,stable,26,0.31519999999999998,4636148783516150635,91.636800608523231,4.1211478674085811e-13,4.4972629337140663e-15,1,1,1,1,ThreadPool,Reproducible,canonical,pairwise,canonical-pairwise-v1-leaf1024,ThreadPool,8,8
1,1.6.0,1.6.0,MSVC 1944,Windows,x86_64,unreported,norm,double,65536,contiguous,1,stable,27,0.31719999999999998,4636148783516150635,91.636800608523231,4.1211478674085811e-13,4.4972629337140663e-15,1,1,1,1,ThreadPool,Reproducible,canonical,pairwise,canonical-pairwise-v1-leaf1024,ThreadPool,8,8
1,1.6.0,1.6.0,MSVC 1944,Windows,x86_64,unreported,norm,double,65536,contiguous,1,stable,28,0.31740000000000002,4636148783516150635,91.636800608523231,4.1211478674085811e-13,4.4972629337140663e-15,1,1,1,1,ThreadPool,Reproducible,canonical,pairwise,canonical-pairwise-v1-leaf1024,ThreadPool,8,8
1,1.6.0,1.6.0,MSVC 1944,Windows,x86_64,unreported,norm,double,65536,contiguous,1,stable,29,0.31469999999999998,4636148783516150635,91.636800608523231,4.1211478674085811e-13,4.4972629337140663e-15,1,1,1,1,ThreadPool,Reproducible,canonical,pairwise,canonical-pairwise-v1-leaf1024,ThreadPool,8,8
1,1.6.0,1.6.0,MSVC 1944,Windows,x86_64,unreported,norm,double,65536,contiguous,1,stable,30,0.31530000000000002,4636148783516150635,91.636800608523231,4.1211478674085811e-13,4.4972629337140663e-15,1,1,1,1,ThreadPool,Reproducible,canonical,pairwise,canonical-pairwise-v1-leaf1024,ThreadPool,8,8
1,1.6.0,1.6.0,MSVC 1944,Windows,x86_64,unreported,norm,double,65536,contiguous,1,stable,31,0.32179999999999997,4636148783516150635,91.636800608523231,4.1211478674085811e-13,4.4972629337140663e-15,1,1,1,1,ThreadPool,Reproducible,canonical,pairwise,canonical-pairwise-v1-leaf1024,ThreadPool,8,8
1,1.6.0,1.6.0,MSVC 1944,Windows,x86_64,unreported,sum,double,65536,contiguous,1,first_call,0,0.13639999999999999,4651591538215037776,952.73235229528314,5.2295945351943374e-12,5.4890489680500673e-15,1,1,1,1,ThreadPool,Accurate,canonical,compensated,canonical-neumaier-v1-leaf1024,ThreadPool,8,8
1,1.6.0,1.6.0,MSVC 1944,Windows,x86_64,unreported,sum,double,65536,contiguous,1,stable,1,0.13270000000000001,4651591538215037776,952.73235229528314,5.2295945351943374e-12,5.4890489680500673e-15,1,1,1,1,ThreadPool,Accurate,canonical,compensated,canonical-neumaier-v1-leaf1024,ThreadPool,8,8
1,1.6.0,1.6.0,MSVC 1944,Windows,x86_64,unreported,sum,double,65536,contiguous,1,stable,2,0.1293,4651591538215037776,952.73235229528314,5.2295945351943374e-12,5.4890489680500673e-15,1,1,1,1,ThreadPool,Accurate,canonical,compensated,canonical-neumaier-v1-leaf1024,ThreadPool,8,8
1,1.6.0,1.6.0,MSVC 1944,Windows,x86_64,unreported,sum,double,65536,contiguous,1,stable,3,0.13300000000000001,4651591538215037776,952.73235229528314,5.2295945351943374e-12,5.4890489680500673e-15,1,1,1,1,ThreadPool,Accurate,canonical,compensated,canonical-neumaier-v1-leaf1024,ThreadPool,8,8
1,1.6.0,1.6.0,MSVC 1944,Windows,x86_64,unreported,sum,double,65536,contiguous,1,stable,4,0.12989999999999999,4651591538215037776,952.73235229528314,5.2295945351943374e-12,5.4890489680500673e-15,1,1,1,1,ThreadPool,Accurate,canonical,compensated,canonical-neumaier-v1-leaf1024,ThreadPool,8,8
1,1.6.0,1.6.0,MSVC 1944,Windows,x86_64,unreported,sum,double,65536,contiguous,1,stable,5,0.17080000000000001,4651591538215037776,952.73235229528314,5.2295945351943374e-12,5.4890489680500673e-15,1,1,1,1,ThreadPool,Accurate,canonical,compensated,canonical-neumaier-v1-leaf1024,ThreadPool,8,8
1,1.6.0,1.6.0,MSVC 1944,Windows,x86_64,unreported,sum,double,65536,contiguous,1,stable,6,0.13450000000000001,4651591538215037776,952.73235229528314,5.2295945351943374e-12,5.4890489680500673e-15,1,1,1,1,ThreadPool,Accurate,canonical,compensated,canonical-neumaier-v1-leaf1024,ThreadPool,8,8
1,1.6.0,1.6.0,MSVC 1944,Windows,x86_64,unreported,sum,double,65536,contiguous,1,stable,7,0.13930000000000001,4651591538215037776,952.73235229528314,5.2295945351943374e-12,5.4890489680500673e-15,1,1,1,1,ThreadPool,Accurate,canonical,compensated,canonical-neumaier-v1-leaf1024,ThreadPool,8,8
1,1.6.0,1.6.0,MSVC 1944,Windows,x86_64,unreported,sum,double,65536,contiguous,1,stable,8,0.14779999999999999,4651591538215037776,952.73235229528314,5.2295945351943374e-12,5.4890489680500673e-15,1,1,1,1,ThreadPool,Accurate,canonical,compensated,canonical-neumaier-v1-leaf1024,ThreadPool,8,8
1,1.6.0,1.6.0,MSVC 1944,Windows,x86_64,unreported,sum,double,65536,contiguous,1,stable,9,0.1399,4651591538215037776,952.73235229528314,5.2295945351943374e-12,5.4890489680500673e-15,1,1,1,1,ThreadPool,Accurate,canonical,compensated,canonical-neumaier-v1-leaf1024,ThreadPool,8,8
1,1.6.0,1.6.0,MSVC 1944,Windows,x86_64,unreported,sum,double,65536,contiguous,1,stable,10,0.12529999999999999,4651591538215037776,952.73235229528314,5.2295945351943374e-12,5.4890489680500673e-15,1,1,1,1,ThreadPool,Accurate,canonical,compensated,canonical-neumaier-v1-leaf1024,ThreadPool,8,8
1,1.6.0,1.6.0,MSVC 1944,Windows,x86_64,unreported,sum,double,65536,contiguous,1,stable,11,0.12280000000000001,4651591538215037776,952.73235229528314,5.2295945351943374e-12,5.4890489680500673e-15,1,1,1,1,ThreadPool,Accurate,canonical,compensated,canonical-neumaier-v1-leaf1024,ThreadPool,8,8
1,1.6.0,1.6.0,MSVC 1944,Windows,x86_64,unreported,sum,double,65536,contiguous,1,stable,12,0.15609999999999999,4651591538215037776,952.73235229528314,5.2295945351943374e-12,5.4890489680500673e-15,1,1,1,1,ThreadPool,Accurate,canonical,compensated,canonical-neumaier-v1-leaf1024,ThreadPool,8,8
1,1.6.0,1.6.0,MSVC 1944,Windows,x86_64,unreported,sum,double,65536,contiguous,1,stable,13,0.1928,4651591538215037776,952.73235229528314,5.2295945351943374e-12,5.4890489680500673e-15,1,1,1,1,ThreadPool,Accurate,canonical,compensated,canonical-neumaier-v1-leaf1024,ThreadPool,8,8
1,1.6.0,1.6.0,MSVC 1944,Windows,x86_64,unreported,sum,double,65536,contiguous,1,stable,14,0.1323,4651591538215037776,952.73235229528314,5.2295945351943374e-12,5.4890489680500673e-15,1,1,1,1,ThreadPool,Accurate,canonical,compensated,canonical-neumaier-v1-leaf1024,ThreadPool,8,8
1,1.6.0,1.6.0,MSVC 1944,Windows,x86_64,unreported,sum,double,65536,contiguous,1,stable,15,0.13200000000000001,4651591538215037776,952.73235229528314,5.2295945351943374e-12,5.4890489680500673e-15,1,1,1,1,ThreadPool,Accurate,canonical,compensated,canonical-neumaier-v1-leaf1024,ThreadPool,8,8
1,1.6.0,1.6.0,MSVC 1944,Windows,x86_64,unreported,sum,double,65536,contiguous,1,stable,16,0.1245,4651591538215037776,952.73235229528314,5.2295945351943374e-12,5.4890489680500673e-15,1,1,1,1,ThreadPool,Accurate,canonical,compensated,canonical-neumaier-v1-leaf1024,ThreadPool,8,8
1,1.6.0,1.6.0,MSVC 1944,Windows,x86_64,unreported,sum,double,65536,contiguous,1,stable,17,0.14000000000000001,4651591538215037776,952.73235229528314,5.2295945351943374e-12,5.4890489680500673e-15,1,1,1,1,ThreadPool,Accurate,canonical,compensated,canonical-neumaier-v1-leaf1024,ThreadPool,8,8
1,1.6.0,1.6.0,MSVC 1944,Windows,x86_64,unreported,sum,double,65536,contiguous,1,stable,18,0.14560000000000001,4651591538215037776,952.73235229528314,5.2295945351943374e-12,5.4890489680500673e-15,1,1,1,1,ThreadPool,Accurate,canonical,compensated,canonical-neumaier-v1-leaf1024,ThreadPool,8,8
1,1.6.0,1.6.0,MSVC 1944,Windows,x86_64,unreported,sum,double,65536,contiguous,1,stable,19,0.1343,4651591538215037776,952.73235229528314,5.2295945351943374e-12,5.4890489680500673e-15,1,1,1,1,ThreadPool,Accurate,canonical,compensated,canonical-neumaier-v1-leaf1024,ThreadPool,8,8
1,1.6.0,1.6.0,MSVC 1944,Windows,x86_64,unreported,sum,double,65536,contiguous,1,stable,20,0.12379999999999999,4651591538215037776,952.73235229528314,5.2295945351943374e-12,5.4890489680500673e-15,1,1,1,1,ThreadPool,Accurate,canonical,compensated,canonical-neumaier-v1-leaf1024,ThreadPool,8,8
1,1.6.0,1.6.0,MSVC 1944,Windows,x86_64,unreported,sum,double,65536,contiguous,1,stable,21,0.1283,4651591538215037776,952.73235229528314,5.2295945351943374e-12,5.4890489680500673e-15,1,1,1,1,ThreadPool,Accurate,canonical,compensated,canonical-neumaier-v1-leaf1024,ThreadPool,8,8
1,1.6.0,1.6.0,MSVC 1944,Windows,x86_64,unreported,sum,double,65536,contiguous,1,stable,22,0.1236,4651591538215037776,952.73235229528314,5.2295945351943374e-12,5.4890489680500673e-15,1,1,1,1,ThreadPool,Accurate,canonical,compensated,canonical-neumaier-v1-leaf1024,ThreadPool,8,8
1,1.6.0,1.6.0,MSVC 1944,Windows,x86_64,unreported,sum,double,65536,contiguous,1,stable,23,0.12640000000000001,4651591538215037776,952.73235229528314,5.2295945351943374e-12,5.4890489680500673e-15,1,1,1,1,ThreadPool,Accurate,canonical,compensated,canonical-neumaier-v1-leaf1024,ThreadPool,8,8
1,1.6.0,1.6.0,MSVC 1944,Windows,x86_64,unreported,sum,double,65536,contiguous,1,stable,24,0.124,4651591538215037776,952.73235229528314,5.2295945351943374e-12,5.4890489680500673e-15,1,1,1,1,ThreadPool,Accurate,canonical,compensated,canonical-neumaier-v1-leaf1024,ThreadPool,8,8
1,1.6.0,1.6.0,MSVC 1944,Windows,x86_64,unreported,sum,double,65536,contiguous,1,stable,25,0.1293,4651591538215037776,952.73235229528314,5.2295945351943374e-12,5.4890489680500673e-15,1,1,1,1,ThreadPool,Accurate,canonical,compensated,canonical-neumaier-v1-leaf1024,ThreadPool,8,8
1,1.6.0,1.6.0,MSVC 1944,Windows,x86_64,unreported,sum,double,65536,contiguous,1,stable,26,0.12520000000000001,4651591538215037776,952.73235229528314,5.2295945351943374e-12,5.4890489680500673e-15,1,1,1,1,ThreadPool,Accurate,canonical,compensated,canonical-neumaier-v1-leaf1024,ThreadPool,8,8
1,1.6.0,1.6.0,MSVC 1944,Windows,x86_64,unreported,sum,double,65536,contiguous,1,stable,27,0.124,4651591538215037776,952.73235229528314,5.2295945351943374e-12,5.4890489680500673e-15,1,1,1,1,ThreadPool,Accurate,canonical,compensated,canonical-neumaier-v1-leaf1024,ThreadPool,8,8
1,1.6.0,1.6.0,MSVC 1944,Windows,x86_64,unreported,sum,double,65536,contiguous,1,stable,28,0.122,4651591538215037776,952.73235229528314,5.2295945351943374e-12,5.4890489680500673e-15,1,1,1,1,ThreadPool,Accurate,canonical,compensated,canonical-neumaier-v1-leaf1024,ThreadPool,8,8
1,1.6.0,1.6.0,MSVC 1944,Windows,x86_64,unreported,sum,double,65536,contiguous,1,stable,29,0.12670000000000001,4651591538215037776,952.73235229528314,5.2295945351943374e-12,5.4890489680500673e-15,1,1,1,1,ThreadPool,Accurate,canonical,compensated,canonical-neumaier-v1-leaf1024,ThreadPool,8,8
1,1.6.0,1.6.0,MSVC 1944,Windows,x86_64,unreported,sum,double,65536,contiguous,1,stable,30,0.1242,4651591538215037776,952.73235229528314,5.2295945351943374e-12,5.4890489680500673e-15,1,1,1,1,ThreadPool,Accurate,canonical,compensated,canonical-neumaier-v1-leaf1024,ThreadPool,8,8
1,1.6.0,1.6.0,MSVC 1944,Windows,x86_64,unreported,sum,double,65536,contiguous,1,stable,31,0.12540000000000001,4651591538215037776,952.73235229528314,5.2295945351943374e-12,5.4890489680500673e-15,1,1,1,1,ThreadPool,Accurate,canonical,compensated,canonical-neumaier-v1-leaf1024,ThreadPool,8,8
1,1.6.0,1.6.0,MSVC 1944,Windows,x86_64,unreported,dot,double,65536,contiguous,1,first_call,0,0.33650000000000002,4664820074113941790,7365.142130628521,3.2741809263825417e-11,4.4455094936547169e-15,1,1,1,1,ThreadPool,Accurate,canonical,compensated,canonical-neumaier-v1-leaf1024,ThreadPool,8,8
1,1.6.0,1.6.0,MSVC 1944,Windows,x86_64,unreported,dot,double,65536,contiguous,1,stable,1,0.31809999999999999,4664820074113941790,7365.142130628521,3.2741809263825417e-11,4.4455094936547169e-15,1,1,1,1,ThreadPool,Accurate,canonical,compensated,canonical-neumaier-v1-leaf1024,ThreadPool,8,8
1,1.6.0,1.6.0,MSVC 1944,Windows,x86_64,unreported,dot,double,65536,contiguous,1,stable,2,0.34760000000000002,4664820074113941790,7365.142130628521,3.2741809263825417e-11,4.4455094936547169e-15,1,1,1,1,ThreadPool,Accurate,canonical,compensated,canonical-neumaier-v1-leaf1024,ThreadPool,8,8
1,1.6.0,1.6.0,MSVC 1944,Windows,x86_64,unreported,dot,double,65536,contiguous,1,stable,3,0.3523,4664820074113941790,7365.142130628521,3.2741809263825417e-11,4.4455094936547169e-15,1,1,1,1,ThreadPool,Accurate,canonical,compensated,canonical-neumaier-v1-leaf1024,ThreadPool,8,8
1,1.6.0,1.6.0,MSVC 1944,Windows,x86_64,unreported,dot,double,65536,contiguous,1,stable,4,0.32019999999999998,4664820074113941790,7365.142130628521,3.2741809263825417e-11,4.4455094936547169e-15,1,1,1,1,ThreadPool,Accurate,canonical,compensated,canonical-neumaier-v1-leaf1024,ThreadPool,8,8
1,1.6.0,1.6.0,MSVC 1944,Windows,x86_64,unreported,dot,double,65536,contiguous,1,stable,5,0.33110000000000001,4664820074113941790,7365.142130628521,3.2741809263825417e-11,4.4455094936547169e-15,1,1,1,1,ThreadPool,Accurate,canonical,compensated,canonical-neumaier-v1-leaf1024,ThreadPool,8,8
1,1.6.0,1.6.0,MSVC 1944,Windows,x86_64,unreported,dot,double,65536,contiguous,1,stable,6,0.3211,4664820074113941790,7365.142130628521,3.2741809263825417e-11,4.4455094936547169e-15,1,1,1,1,ThreadPool,Accurate,canonical,compensated,canonical-neumaier-v1-leaf1024,ThreadPool,8,8
1,1.6.0,1.6.0,MSVC 1944,Windows,x86_64,unreported,dot,double,65536,contiguous,1,stable,7,0.33760000000000001,4664820074113941790,7365.142130628521,3.2741809263825417e-11,4.4455094936547169e-15,1,1,1,1,ThreadPool,Accurate,canonical,compensated,canonical-neumaier-v1-leaf1024,ThreadPool,8,8
1,1.6.0,1.6.0,MSVC 1944,Windows,x86_64,unreported,dot,double,65536,contiguous,1,stable,8,0.3407,4664820074113941790,7365.142130628521,3.2741809263825417e-11,4.4455094936547169e-15,1,1,1,1,ThreadPool,Accurate,canonical,compensated,canonical-neumaier-v1-leaf1024,ThreadPool,8,8
1,1.6.0,1.6.0,MSVC 1944,Windows,x86_64,unreported,dot,double,65536,contiguous,1,stable,9,0.32490000000000002,4664820074113941790,7365.142130628521,3.2741809263825417e-11,4.4455094936547169e-15,1,1,1,1,ThreadPool,Accurate,canonical,compensated,canonical-neumaier-v1-leaf1024,ThreadPool,8,8
1,1.6.0,1.6.0,MSVC 1944,Windows,x86_64,unreported,dot,double,65536,contiguous,1,stable,10,0.31719999999999998,4664820074113941790,7365.142130628521,3.2741809263825417e-11,4.4455094936547169e-15,1,1,1,1,ThreadPool,Accurate,canonical,compensated,canonical-neumaier-v1-leaf1024,ThreadPool,8,8
1,1.6.0,1.6.0,MSVC 1944,Windows,x86_64,unreported,dot,double,65536,contiguous,1,stable,11,0.34139999999999998,4664820074113941790,7365.142130628521,3.2741809263825417e-11,4.4455094936547169e-15,1,1,1,1,ThreadPool,Accurate,canonical,compensated,canonical-neumaier-v1-leaf1024,ThreadPool,8,8
1,1.6.0,1.6.0,MSVC 1944,Windows,x86_64,unreported,dot,double,65536,contiguous,1,stable,12,0.3407,4664820074113941790,7365.142130628521,3.2741809263825417e-11,4.4455094936547169e-15,1,1,1,1,ThreadPool,Accurate,canonical,compensated,canonical-neumaier-v1-leaf1024,ThreadPool,8,8
1,1.6.0,1.6.0,MSVC 1944,Windows,x86_64,unreported,dot,double,65536,contiguous,1,stable,13,0.3165,4664820074113941790,7365.142130628521,3.2741809263825417e-11,4.4455094936547169e-15,1,1,1,1,ThreadPool,Accurate,canonical,compensated,canonical-neumaier-v1-leaf1024,ThreadPool,8,8
1,1.6.0,1.6.0,MSVC 1944,Windows,x86_64,unreported,dot,double,65536,contiguous,1,stable,14,0.34300000000000003,4664820074113941790,7365.142130628521,3.2741809263825417e-11,4.4455094936547169e-15,1,1,1,1,ThreadPool,Accurate,canonical,compensated,canonical-neumaier-v1-leaf1024,ThreadPool,8,8
1,1.6.0,1.6.0,MSVC 1944,Windows,x86_64,unreported,dot,double,65536,contiguous,1,stable,15,0.33760000000000001,4664820074113941790,7365.142130628521,3.2741809263825417e-11,4.4455094936547169e-15,1,1,1,1,ThreadPool,Accurate,canonical,compensated,canonical-neumaier-v1-leaf1024,ThreadPool,8,8
1,1.6.0,1.6.0,MSVC 1944,Windows,x86_64,unreported,dot,double,65536,contiguous,1,stable,16,0.34760000000000002,4664820074113941790,7365.142130628521,3.2741809263825417e-11,4.4455094936547169e-15,1,1,1,1,ThreadPool,Accurate,canonical,compensated,canonical-neumaier-v1-leaf1024,ThreadPool,8,8
1,1.6.0,1.6.0,MSVC 1944,Windows,x86_64,unreported,dot,double,65536,contiguous,1,stable,17,0.33800000000000002,4664820074113941790,7365.142130628521,3.2741809263825417e-11,4.4455094936547169e-15,1,1,1,1,ThreadPool,Accurate,canonical,compensated,canonical-neumaier-v1-leaf1024,ThreadPool,8,8
1,1.6.0,1.6.0,MSVC 1944,Windows,x86_64,unreported,dot,double,65536,contiguous,1,stable,18,0.31490000000000001,4664820074113941790,7365.142130628521,3.2741809263825417e-11,4.4455094936547169e-15,1,1,1,1,ThreadPool,Accurate,canonical,compensated,canonical-neumaier-v1-leaf1024,ThreadPool,8,8
1,1.6.0,1.6.0,MSVC 1944,Windows,x86_64,unreported,dot,double,65536,contiguous,1,stable,19,0.3407,4664820074113941790,7365.142130628521,3.2741809263825417e-11,4.4455094936547169e-15,1,1,1,1,ThreadPool,Accurate,canonical,compensated,canonical-neumaier-v1-leaf1024,ThreadPool,8,8
1,1.6.0,1.6.0,MSVC 1944,Windows,x86_64,unreported,dot,double,65536,contiguous,1,stable,20,0.31929999999999997,4664820074113941790,7365.142130628521,3.2741809263825417e-11,4.4455094936547169e-15,1,1,1,1,ThreadPool,Accurate,canonical,compensated,canonical-neumaier-v1-leaf1024,ThreadPool,8,8
1,1.6.0,1.6.0,MSVC 1944,Windows,x86_64,unreported,dot,double,65536,contiguous,1,stable,21,0.29920000000000002,4664820074113941790,7365.142130628521,3.2741809263825417e-11,4.4455094936547169e-15,1,1,1,1,ThreadPool,Accurate,canonical,compensated,canonical-neumaier-v1-leaf1024,ThreadPool,8,8
1,1.6.0,1.6.0,MSVC 1944,Windows,x86_64,unreported,dot,double,65536,contiguous,1,stable,22,0.3503,4664820074113941790,7365.142130628521,3.2741809263825417e-11,4.4455094936547169e-15,1,1,1,1,ThreadPool,Accurate,canonical,compensated,canonical-neumaier-v1-leaf1024,ThreadPool,8,8
1,1.6.0,1.6.0,MSVC 1944,Windows,x86_64,unreported,dot,double,65536,contiguous,1,stable,23,0.3498,4664820074113941790,7365.142130628521,3.2741809263825417e-11,4.4455094936547169e-15,1,1,1,1,ThreadPool,Accurate,canonical,compensated,canonical-neumaier-v1-leaf1024,ThreadPool,8,8
1,1.6.0,1.6.0,MSVC 1944,Windows,x86_64,unreported,dot,double,65536,contiguous,1,stable,24,0.3276,4664820074113941790,7365.142130628521,3.2741809263825417e-11,4.4455094936547169e-15,1,1,1,1,ThreadPool,Accurate,canonical,compensated,canonical-neumaier-v1-leaf1024,ThreadPool,8,8
1,1.6.0,1.6.0,MSVC 1944,Windows,x86_64,unreported,dot,double,65536,contiguous,1,stable,25,0.29909999999999998,4664820074113941790,7365.142130628521,3.2741809263825417e-11,4.4455094936547169e-15,1,1,1,1,ThreadPool,Accurate,canonical,compensated,canonical-neumaier-v1-leaf1024,ThreadPool,8,8
1,1.6.0,1.6.0,MSVC 1944,Windows,x86_64,unreported,dot,double,65536,contiguous,1,stable,26,0.33479999999999999,4664820074113941790,7365.142130628521,3.2741809263825417e-11,4.4455094936547169e-15,1,1,1,1,ThreadPool,Accurate,canonical,compensated,canonical-neumaier-v1-leaf1024,ThreadPool,8,8
1,1.6.0,1.6.0,MSVC 1944,Windows,x86_64,unreported,dot,double,65536,contiguous,1,stable,27,0.33939999999999998,4664820074113941790,7365.142130628521,3.2741809263825417e-11,4.4455094936547169e-15,1,1,1,1,ThreadPool,Accurate,canonical,compensated,canonical-neumaier-v1-leaf1024,ThreadPool,8,8
1,1.6.0,1.6.0,MSVC 1944,Windows,x86_64,unreported,dot,double,65536,contiguous,1,stable,28,0.34250000000000003,4664820074113941790,7365.142130628521,3.2741809263825417e-11,4.4455094936547169e-15,1,1,1,1,ThreadPool,Accurate,canonical,compensated,canonical-neumaier-v1-leaf1024,ThreadPool,8,8
1,1.6.0,1.6.0,MSVC 1944,Windows,x86_64,unreported,dot,double,65536,contiguous,1,stable,29,0.32769999999999999,4664820074113941790,7365.142130628521,3.2741809263825417e-11,4.4455094936547169e-15,1,1,1,1,ThreadPool,Accurate,canonical,compensated,canonical-neumaier-v1-leaf1024,ThreadPool,8,8
1,1.6.0,1.6.0,MSVC 1944,Windows,x86_64,unreported,dot,double,65536,contiguous,1,stable,30,0.34089999999999998,4664820074113941790,7365.142130628521,3.2741809263825417e-11,4.4455094936547169e-15,1,1,1,1,ThreadPool,Accurate,canonical,compensated,canonical-neumaier-v1-leaf1024,ThreadPool,8,8
1,1.6.0,1.6.0,MSVC 1944,Windows,x86_64,unreported,dot,double,65536,contiguous,1,stable,31,0.35470000000000002,4664820074113941790,7365.142130628521,3.2741809263825417e-11,4.4455094936547169e-15,1,1,1,1,ThreadPool,Accurate,canonical,compensated,canonical-neumaier-v1-leaf1024,ThreadPool,8,8
1,1.6.0,1.6.0,MSVC 1944,Windows,x86_64,unreported,norm,double,65536,contiguous,1,first_call,0,0.18210000000000001,4636148783516150634,91.636800608523231,4.2632564145606011e-13,4.6523409659111028e-15,1,1,1,1,ThreadPool,Accurate,canonical,scaled_sumsq,canonical-scaled-sumsq-v1-leaf1024,ThreadPool,8,8
1,1.6.0,1.6.0,MSVC 1944,Windows,x86_64,unreported,norm,double,65536,contiguous,1,stable,1,0.1754,4636148783516150634,91.636800608523231,4.2632564145606011e-13,4.6523409659111028e-15,1,1,1,1,ThreadPool,Accurate,canonical,scaled_sumsq,canonical-scaled-sumsq-v1-leaf1024,ThreadPool,8,8
1,1.6.0,1.6.0,MSVC 1944,Windows,x86_64,unreported,norm,double,65536,contiguous,1,stable,2,0.17330000000000001,4636148783516150634,91.636800608523231,4.2632564145606011e-13,4.6523409659111028e-15,1,1,1,1,ThreadPool,Accurate,canonical,scaled_sumsq,canonical-scaled-sumsq-v1-leaf1024,ThreadPool,8,8
1,1.6.0,1.6.0,MSVC 1944,Windows,x86_64,unreported,norm,double,65536,contiguous,1,stable,3,0.1729,4636148783516150634,91.636800608523231,4.2632564145606011e-13,4.6523409659111028e-15,1,1,1,1,ThreadPool,Accurate,canonical,scaled_sumsq,canonical-scaled-sumsq-v1-leaf1024,ThreadPool,8,8
1,1.6.0,1.6.0,MSVC 1944,Windows,x86_64,unreported,norm,double,65536,contiguous,1,stable,4,0.18110000000000001,4636148783516150634,91.636800608523231,4.2632564145606011e-13,4.6523409659111028e-15,1,1,1,1,ThreadPool,Accurate,canonical,scaled_sumsq,canonical-scaled-sumsq-v1-leaf1024,ThreadPool,8,8
1,1.6.0,1.6.0,MSVC 1944,Windows,x86_64,unreported,norm,double,65536,contiguous,1,stable,5,0.1724,4636148783516150634,91.636800608523231,4.2632564145606011e-13,4.6523409659111028e-15,1,1,1,1,ThreadPool,Accurate,canonical,scaled_sumsq,canonical-scaled-sumsq-v1-leaf1024,ThreadPool,8,8
1,1.6.0,1.6.0,MSVC 1944,Windows,x86_64,unreported,norm,double,65536,contiguous,1,stable,6,0.1741,4636148783516150634,91.636800608523231,4.2632564145606011e-13,4.6523409659111028e-15,1,1,1,1,ThreadPool,Accurate,canonical,scaled_sumsq,canonical-scaled-sumsq-v1-leaf1024,ThreadPool,8,8
1,1.6.0,1.6.0,MSVC 1944,Windows,x86_64,unreported,norm,double,65536,contiguous,1,stable,7,0.1739,4636148783516150634,91.636800608523231,4.2632564145606011e-13,4.6523409659111028e-15,1,1,1,1,ThreadPool,Accurate,canonical,scaled_sumsq,canonical-scaled-sumsq-v1-leaf1024,ThreadPool,8,8
1,1.6.0,1.6.0,MSVC 1944,Windows,x86_64,unreported,norm,double,65536,contiguous,1,stable,8,0.17330000000000001,4636148783516150634,91.636800608523231,4.2632564145606011e-13,4.6523409659111028e-15,1,1,1,1,ThreadPool,Accurate,canonical,scaled_sumsq,canonical-scaled-sumsq-v1-leaf1024,ThreadPool,8,8
1,1.6.0,1.6.0,MSVC 1944,Windows,x86_64,unreported,norm,double,65536,contiguous,1,stable,9,0.18679999999999999,4636148783516150634,91.636800608523231,4.2632564145606011e-13,4.6523409659111028e-15,1,1,1,1,ThreadPool,Accurate,canonical,scaled_sumsq,canonical-scaled-sumsq-v1-leaf1024,ThreadPool,8,8
1,1.6.0,1.6.0,MSVC 1944,Windows,x86_64,unreported,norm,double,65536,contiguous,1,stable,10,0.17610000000000001,4636148783516150634,91.636800608523231,4.2632564145606011e-13,4.6523409659111028e-15,1,1,1,1,ThreadPool,Accurate,canonical,scaled_sumsq,canonical-scaled-sumsq-v1-leaf1024,ThreadPool,8,8
1,1.6.0,1.6.0,MSVC 1944,Windows,x86_64,unreported,norm,double,65536,contiguous,1,stable,11,0.1731,4636148783516150634,91.636800608523231,4.2632564145606011e-13,4.6523409659111028e-15,1,1,1,1,ThreadPool,Accurate,canonical,scaled_sumsq,canonical-scaled-sumsq-v1-leaf1024,ThreadPool,8,8
1,1.6.0,1.6.0,MSVC 1944,Windows,x86_64,unreported,norm,double,65536,contiguous,1,stable,12,0.1734,4636148783516150634,91.636800608523231,4.2632564145606011e-13,4.6523409659111028e-15,1,1,1,1,ThreadPool,Accurate,canonical,scaled_sumsq,canonical-scaled-sumsq-v1-leaf1024,ThreadPool,8,8
1,1.6.0,1.6.0,MSVC 1944,Windows,x86_64,unreported,norm,double,65536,contiguous,1,stable,13,0.17299999999999999,4636148783516150634,91.636800608523231,4.2632564145606011e-13,4.6523409659111028e-15,1,1,1,1,ThreadPool,Accurate,canonical,scaled_sumsq,canonical-scaled-sumsq-v1-leaf1024,ThreadPool,8,8
1,1.6.0,1.6.0,MSVC 1944,Windows,x86_64,unreported,norm,double,65536,contiguous,1,stable,14,0.18360000000000001,4636148783516150634,91.636800608523231,4.2632564145606011e-13,4.6523409659111028e-15,1,1,1,1,ThreadPool,Accurate,canonical,scaled_sumsq,canonical-scaled-sumsq-v1-leaf1024,ThreadPool,8,8
1,1.6.0,1.6.0,MSVC 1944,Windows,x86_64,unreported,norm,double,65536,contiguous,1,stable,15,0.18179999999999999,4636148783516150634,91.636800608523231,4.2632564145606011e-13,4.6523409659111028e-15,1,1,1,1,ThreadPool,Accurate,canonical,scaled_sumsq,canonical-scaled-sumsq-v1-leaf1024,ThreadPool,8,8
1,1.6.0,1.6.0,MSVC 1944,Windows,x86_64,unreported,norm,double,65536,contiguous,1,stable,16,0.17710000000000001,4636148783516150634,91.636800608523231,4.2632564145606011e-13,4.6523409659111028e-15,1,1,1,1,ThreadPool,Accurate,canonical,scaled_sumsq,canonical-scaled-sumsq-v1-leaf1024,ThreadPool,8,8
1,1.6.0,1.6.0,MSVC 1944,Windows,x86_64,unreported,norm,double,65536,contiguous,1,stable,17,0.15670000000000001,4636148783516150634,91.636800608523231,4.2632564145606011e-13,4.6523409659111028e-15,1,1,1,1,ThreadPool,Accurate,canonical,scaled_sumsq,canonical-scaled-sumsq-v1-leaf1024,ThreadPool,8,8
1,1.6.0,1.6.0,MSVC 1944,Windows,x86_64,unreported,norm,double,65536,contiguous,1,stable,18,0.17730000000000001,4636148783516150634,91.636800608523231,4.2632564145606011e-13,4.6523409659111028e-15,1,1,1,1,ThreadPool,Accurate,canonical,scaled_sumsq,canonical-scaled-sumsq-v1-leaf1024,ThreadPool,8,8
1,1.6.0,1.6.0,MSVC 1944,Windows,x86_64,unreported,norm,double,65536,contiguous,1,stable,19,0.18709999999999999,4636148783516150634,91.636800608523231,4.2632564145606011e-13,4.6523409659111028e-15,1,1,1,1,ThreadPool,Accurate,canonical,scaled_sumsq,canonical-scaled-sumsq-v1-leaf1024,ThreadPool,8,8
1,1.6.0,1.6.0,MSVC 1944,Windows,x86_64,unreported,norm,double,65536,contiguous,1,stable,20,0.2016,4636148783516150634,91.636800608523231,4.2632564145606011e-13,4.6523409659111028e-15,1,1,1,1,ThreadPool,Accurate,canonical,scaled_sumsq,canonical-scaled-sumsq-v1-leaf1024,ThreadPool,8,8
1,1.6.0,1.6.0,MSVC 1944,Windows,x86_64,unreported,norm,double,65536,contiguous,1,stable,21,0.18290000000000001,4636148783516150634,91.636800608523231,4.2632564145606011e-13,4.6523409659111028e-15,1,1,1,1,ThreadPool,Accurate,canonical,scaled_sumsq,canonical-scaled-sumsq-v1-leaf1024,ThreadPool,8,8
1,1.6.0,1.6.0,MSVC 1944,Windows,x86_64,unreported,norm,double,65536,contiguous,1,stable,22,0.1754,4636148783516150634,91.636800608523231,4.2632564145606011e-13,4.6523409659111028e-15,1,1,1,1,ThreadPool,Accurate,canonical,scaled_sumsq,canonical-scaled-sumsq-v1-leaf1024,ThreadPool,8,8
1,1.6.0,1.6.0,MSVC 1944,Windows,x86_64,unreported,norm,double,65536,contiguous,1,stable,23,0.18090000000000001,4636148783516150634,91.636800608523231,4.2632564145606011e-13,4.6523409659111028e-15,1,1,1,1,ThreadPool,Accurate,canonical,scaled_sumsq,canonical-scaled-sumsq-v1-leaf1024,ThreadPool,8,8
1,1.6.0,1.6.0,MSVC 1944,Windows,x86_64,unreported,norm,double,65536,contiguous,1,stable,24,0.1842,4636148783516150634,91.636800608523231,4.2632564145606011e-13,4.6523409659111028e-15,1,1,1,1,ThreadPool,Accurate,canonical,scaled_sumsq,canonical-scaled-sumsq-v1-leaf1024,ThreadPool,8,8
1,1.6.0,1.6.0,MSVC 1944,Windows,x86_64,unreported,norm,double,65536,contiguous,1,stable,25,0.1789,4636148783516150634,91.636800608523231,4.2632564145606011e-13,4.6523409659111028e-15,1,1,1,1,ThreadPool,Accurate,canonical,scaled_sumsq,canonical-scaled-sumsq-v1-leaf1024,ThreadPool,8,8
1,1.6.0,1.6.0,MSVC 1944,Windows,x86_64,unreported,norm,double,65536,contiguous,1,stable,26,0.1794,4636148783516150634,91.636800608523231,4.2632564145606011e-13,4.6523409659111028e-15,1,1,1,1,ThreadPool,Accurate,canonical,scaled_sumsq,canonical-scaled-sumsq-v1-leaf1024,ThreadPool,8,8
1,1.6.0,1.6.0,MSVC 1944,Windows,x86_64,unreported,norm,double,65536,contiguous,1,stable,27,0.17730000000000001,4636148783516150634,91.636800608523231,4.2632564145606011e-13,4.6523409659111028e-15,1,1,1,1,ThreadPool,Accurate,canonical,scaled_sumsq,canonical-scaled-sumsq-v1-leaf1024,ThreadPool,8,8
1,1.6.0,1.6.0,MSVC 1944,Windows,x86_64,unreported,norm,double,65536,contiguous,1,stable,28,0.17630000000000001,4636148783516150634,91.636800608523231,4.2632564145606011e-13,4.6523409659111028e-15,1,1,1,1,ThreadPool,Accurate,canonical,scaled_sumsq,canonical-scaled-sumsq-v1-leaf1024,ThreadPool,8,8
1,1.6.0,1.6.0,MSVC 1944,Windows,x86_64,unreported,norm,double,65536,contiguous,1,stable,29,0.1792,4636148783516150634,91.636800608523231,4.2632564145606011e-13,4.6523409659111028e-15,1,1,1,1,ThreadPool,Accurate,canonical,scaled_sumsq,canonical-scaled-sumsq-v1-leaf1024,ThreadPool,8,8
1,1.6.0,1.6.0,MSVC 1944,Windows,x86_64,unreported,norm,double,65536,contiguous,1,stable,30,0.1799,4636148783516150634,91.636800608523231,4.2632564145606011e-13,4.6523409659111028e-15,1,1,1,1,ThreadPool,Accurate,canonical,scaled_sumsq,canonical-scaled-sumsq-v1-leaf1024,ThreadPool,8,8
1,1.6.0,1.6.0,MSVC 1944,Windows,x86_64,unreported,norm,double,65536,contiguous,1,stable,31,0.1749,4636148783516150634,91.636800608523231,4.2632564145606011e-13,4.6523409659111028e-15,1,1,1,1,ThreadPool,Accurate,canonical,scaled_sumsq,canonical-scaled-sumsq-v1-leaf1024,ThreadPool,8,8
1,1.6.0,1.6.0,MSVC 1944,Windows,x86_64,unreported,sum_legacy_fast,double,65536,contiguous,1,first_call,0,0.043400000000000001,4651591538215037810,952.73235229528314,9.0949470177292824e-12,9.5461721183479429e-15,1,1,1,1,ThreadPool,Fast,adaptive,native,none,ThreadPool,8,8
1,1.6.0,1.6.0,MSVC 1944,Windows,x86_64,unreported,sum_legacy_fast,double,65536,contiguous,1,stable,1,0.042000000000000003,4651591538215037810,952.73235229528314,9.0949470177292824e-12,9.5461721183479429e-15,1,1,1,1,ThreadPool,Fast,adaptive,native,none,ThreadPool,8,8
1,1.6.0,1.6.0,MSVC 1944,Windows,x86_64,unreported,sum_legacy_fast,double,65536,contiguous,1,stable,2,0.042500000000000003,4651591538215037810,952.73235229528314,9.0949470177292824e-12,9.5461721183479429e-15,1,1,1,1,ThreadPool,Fast,adaptive,native,none,ThreadPool,8,8
1,1.6.0,1.6.0,MSVC 1944,Windows,x86_64,unreported,sum_legacy_fast,double,65536,contiguous,1,stable,3,0.046199999999999998,4651591538215037810,952.73235229528314,9.0949470177292824e-12,9.5461721183479429e-15,1,1,1,1,ThreadPool,Fast,adaptive,native,none,ThreadPool,8,8
1,1.6.0,1.6.0,MSVC 1944,Windows,x86_64,unreported,sum_legacy_fast,double,65536,contiguous,1,stable,4,0.040300000000000002,4651591538215037810,952.73235229528314,9.0949470177292824e-12,9.5461721183479429e-15,1,1,1,1,ThreadPool,Fast,adaptive,native,none,ThreadPool,8,8
1,1.6.0,1.6.0,MSVC 1944,Windows,x86_64,unreported,sum_legacy_fast,double,65536,contiguous,1,stable,5,0.041500000000000002,4651591538215037810,952.73235229528314,9.0949470177292824e-12,9.5461721183479429e-15,1,1,1,1,ThreadPool,Fast,adaptive,native,none,ThreadPool,8,8
1,1.6.0,1.6.0,MSVC 1944,Windows,x86_64,unreported,sum_legacy_fast,double,65536,contiguous,1,stable,6,0.043400000000000001,4651591538215037810,952.73235229528314,9.0949470177292824e-12,9.5461721183479429e-15,1,1,1,1,ThreadPool,Fast,adaptive,native,none,ThreadPool,8,8
1,1.6.0,1.6.0,MSVC 1944,Windows,x86_64,unreported,sum_legacy_fast,double,65536,contiguous,1,stable,7,0.050200000000000002,4651591538215037810,952.73235229528314,9.0949470177292824e-12,9.5461721183479429e-15,1,1,1,1,ThreadPool,Fast,adaptive,native,none,ThreadPool,8,8
1,1.6.0,1.6.0,MSVC 1944,Windows,x86_64,unreported,sum_legacy_fast,double,65536,contiguous,1,stable,8,0.043999999999999997,4651591538215037810,952.73235229528314,9.0949470177292824e-12,9.5461721183479429e-15,1,1,1,1,ThreadPool,Fast,adaptive,native,none,ThreadPool,8,8
1,1.6.0,1.6.0,MSVC 1944,Windows,x86_64,unreported,sum_legacy_fast,double,65536,contiguous,1,stable,9,0.066199999999999995,4651591538215037810,952.73235229528314,9.0949470177292824e-12,9.5461721183479429e-15,1,1,1,1,ThreadPool,Fast,adaptive,native,none,ThreadPool,8,8
1,1.6.0,1.6.0,MSVC 1944,Windows,x86_64,unreported,sum_legacy_fast,double,65536,contiguous,1,stable,10,0.044200000000000003,4651591538215037810,952.73235229528314,9.0949470177292824e-12,9.5461721183479429e-15,1,1,1,1,ThreadPool,Fast,adaptive,native,none,ThreadPool,8,8
1,1.6.0,1.6.0,MSVC 1944,Windows,x86_64,unreported,sum_legacy_fast,double,65536,contiguous,1,stable,11,0.047100000000000003,4651591538215037810,952.73235229528314,9.0949470177292824e-12,9.5461721183479429e-15,1,1,1,1,ThreadPool,Fast,adaptive,native,none,ThreadPool,8,8
1,1.6.0,1.6.0,MSVC 1944,Windows,x86_64,unreported,sum_legacy_fast,double,65536,contiguous,1,stable,12,0.0402,4651591538215037810,952.73235229528314,9.0949470177292824e-12,9.5461721183479429e-15,1,1,1,1,ThreadPool,Fast,adaptive,native,none,ThreadPool,8,8
1,1.6.0,1.6.0,MSVC 1944,Windows,x86_64,unreported,sum_legacy_fast,double,65536,contiguous,1,stable,13,0.043400000000000001,4651591538215037810,952.73235229528314,9.0949470177292824e-12,9.5461721183479429e-15,1,1,1,1,ThreadPool,Fast,adaptive,native,none,ThreadPool,8,8
1,1.6.0,1.6.0,MSVC 1944,Windows,x86_64,unreported,sum_legacy_fast,double,65536,contiguous,1,stable,14,0.041000000000000002,4651591538215037810,952.73235229528314,9.0949470177292824e-12,9.5461721183479429e-15,1,1,1,1,ThreadPool,Fast,adaptive,native,none,ThreadPool,8,8
1,1.6.0,1.6.0,MSVC 1944,Windows,x86_64,unreported,sum_legacy_fast,double,65536,contiguous,1,stable,15,0.043400000000000001,4651591538215037810,952.73235229528314,9.0949470177292824e-12,9.5461721183479429e-15,1,1,1,1,ThreadPool,Fast,adaptive,native,none,ThreadPool,8,8
1,1.6.0,1.6.0,MSVC 1944,Windows,x86_64,unreported,sum_legacy_fast,double,65536,contiguous,1,stable,16,0.041099999999999998,4651591538215037810,952.73235229528314,9.0949470177292824e-12,9.5461721183479429e-15,1,1,1,1,ThreadPool,Fast,adaptive,native,none,ThreadPool,8,8
1,1.6.0,1.6.0,MSVC 1944,Windows,x86_64,unreported,sum_legacy_fast,double,65536,contiguous,1,stable,17,0.0395,4651591538215037810,952.73235229528314,9.0949470177292824e-12,9.5461721183479429e-15,1,1,1,1,ThreadPool,Fast,adaptive,native,none,ThreadPool,8,8
1,1.6.0,1.6.0,MSVC 1944,Windows,x86_64,unreported,sum_legacy_fast,double,65536,contiguous,1,stable,18,0.041099999999999998,4651591538215037810,952.73235229528314,9.0949470177292824e-12,9.5461721183479429e-15,1,1,1,1,ThreadPool,Fast,adaptive,native,none,ThreadPool,8,8
1,1.6.0,1.6.0,MSVC 1944,Windows,x86_64,unreported,sum_legacy_fast,double,65536,contiguous,1,stable,19,0.041000000000000002,4651591538215037810,952.73235229528314,9.0949470177292824e-12,9.5461721183479429e-15,1,1,1,1,ThreadPool,Fast,adaptive,native,none,ThreadPool,8,8
1,1.6.0,1.6.0,MSVC 1944,Windows,x86_64,unreported,sum_legacy_fast,double,65536,contiguous,1,stable,20,0.042599999999999999,4651591538215037810,952.73235229528314,9.0949470177292824e-12,9.5461721183479429e-15,1,1,1,1,ThreadPool,Fast,adaptive,native,none,ThreadPool,8,8
1,1.6.0,1.6.0,MSVC 1944,Windows,x86_64,unreported,sum_legacy_fast,double,65536,contiguous,1,stable,21,0.043900000000000002,4651591538215037810,952.73235229528314,9.0949470177292824e-12,9.5461721183479429e-15,1,1,1,1,ThreadPool,Fast,adaptive,native,none,ThreadPool,8,8
1,1.6.0,1.6.0,MSVC 1944,Windows,x86_64,unreported,sum_legacy_fast,double,65536,contiguous,1,stable,22,0.043400000000000001,4651591538215037810,952.73235229528314,9.0949470177292824e-12,9.5461721183479429e-15,1,1,1,1,ThreadPool,Fast,adaptive,native,none,ThreadPool,8,8
1,1.6.0,1.6.0,MSVC 1944,Windows,x86_64,unreported,sum_legacy_fast,double,65536,contiguous,1,stable,23,0.041599999999999998,4651591538215037810,952.73235229528314,9.0949470177292824e-12,9.5461721183479429e-15,1,1,1,1,ThreadPool,Fast,adaptive,native,none,ThreadPool,8,8
1,1.6.0,1.6.0,MSVC 1944,Windows,x86_64,unreported,sum_legacy_fast,double,65536,contiguous,1,stable,24,0.040399999999999998,4651591538215037810,952.73235229528314,9.0949470177292824e-12,9.5461721183479429e-15,1,1,1,1,ThreadPool,Fast,adaptive,native,none,ThreadPool,8,8
1,1.6.0,1.6.0,MSVC 1944,Windows,x86_64,unreported,sum_legacy_fast,double,65536,contiguous,1,stable,25,0.051299999999999998,4651591538215037810,952.73235229528314,9.0949470177292824e-12,9.5461721183479429e-15,1,1,1,1,ThreadPool,Fast,adaptive,native,none,ThreadPool,8,8
1,1.6.0,1.6.0,MSVC 1944,Windows,x86_64,unreported,sum_legacy_fast,double,65536,contiguous,1,stable,26,0.043799999999999999,4651591538215037810,952.73235229528314,9.0949470177292824e-12,9.5461721183479429e-15,1,1,1,1,ThreadPool,Fast,adaptive,native,none,ThreadPool,8,8
1,1.6.0,1.6.0,MSVC 1944,Windows,x86_64,unreported,sum_legacy_fast,double,65536,contiguous,1,stable,27,0.042999999999999997,4651591538215037810,952.73235229528314,9.0949470177292824e-12,9.5461721183479429e-15,1,1,1,1,ThreadPool,Fast,adaptive,native,none,ThreadPool,8,8
1,1.6.0,1.6.0,MSVC 1944,Windows,x86_64,unreported,sum_legacy_fast,double,65536,contiguous,1,stable,28,0.040800000000000003,4651591538215037810,952.73235229528314,9.0949470177292824e-12,9.5461721183479429e-15,1,1,1,1,ThreadPool,Fast,adaptive,native,none,ThreadPool,8,8
1,1.6.0,1.6.0,MSVC 1944,Windows,x86_64,unreported,sum_legacy_fast,double,65536,contiguous,1,stable,29,0.042299999999999997,4651591538215037810,952.73235229528314,9.0949470177292824e-12,9.5461721183479429e-15,1,1,1,1,ThreadPool,Fast,adaptive,native,none,ThreadPool,8,8
1,1.6.0,1.6.0,MSVC 1944,Windows,x86_64,unreported,sum_legacy_fast,double,65536,contiguous,1,stable,30,0.042000000000000003,4651591538215037810,952.73235229528314,9.0949470177292824e-12,9.5461721183479429e-15,1,1,1,1,ThreadPool,Fast,adaptive,native,none,ThreadPool,8,8
1,1.6.0,1.6.0,MSVC 1944,Windows,x86_64,unreported,sum_legacy_fast,double,65536,contiguous,1,stable,31,0.040099999999999997,4651591538215037810,952.73235229528314,9.0949470177292824e-12,9.5461721183479429e-15,1,1,1,1,ThreadPool,Fast,adaptive,native,none,ThreadPool,8,8
1,1.6.0,1.6.0,MSVC 1944,Windows,x86_64,unreported,sum_direct_sequential,double,65536,contiguous,1,first_call,0,0.050599999999999999,4651591538215037730,952.73235229528314,0,0,1,1,1,1,DirectSequential,Fast,adaptive,native,none,Auto,1,1
1,1.6.0,1.6.0,MSVC 1944,Windows,x86_64,unreported,sum_direct_sequential,double,65536,contiguous,1,stable,1,0.050500000000000003,4651591538215037730,952.73235229528314,0,0,1,1,1,1,DirectSequential,Fast,adaptive,native,none,Auto,1,1
1,1.6.0,1.6.0,MSVC 1944,Windows,x86_64,unreported,sum_direct_sequential,double,65536,contiguous,1,stable,2,0.050500000000000003,4651591538215037730,952.73235229528314,0,0,1,1,1,1,DirectSequential,Fast,adaptive,native,none,Auto,1,1
1,1.6.0,1.6.0,MSVC 1944,Windows,x86_64,unreported,sum_direct_sequential,double,65536,contiguous,1,stable,3,0.050599999999999999,4651591538215037730,952.73235229528314,0,0,1,1,1,1,DirectSequential,Fast,adaptive,native,none,Auto,1,1
1,1.6.0,1.6.0,MSVC 1944,Windows,x86_64,unreported,sum_direct_sequential,double,65536,contiguous,1,stable,4,0.050599999999999999,4651591538215037730,952.73235229528314,0,0,1,1,1,1,DirectSequential,Fast,adaptive,native,none,Auto,1,1
1,1.6.0,1.6.0,MSVC 1944,Windows,x86_64,unreported,sum_direct_sequential,double,65536,contiguous,1,stable,5,0.050599999999999999,4651591538215037730,952.73235229528314,0,0,1,1,1,1,DirectSequential,Fast,adaptive,native,none,Auto,1,1
1,1.6.0,1.6.0,MSVC 1944,Windows,x86_64,unreported,sum_direct_sequential,double,65536,contiguous,1,stable,6,0.050500000000000003,4651591538215037730,952.73235229528314,0,0,1,1,1,1,DirectSequential,Fast,adaptive,native,none,Auto,1,1
1,1.6.0,1.6.0,MSVC 1944,Windows,x86_64,unreported,sum_direct_sequential,double,65536,contiguous,1,stable,7,0.050500000000000003,4651591538215037730,952.73235229528314,0,0,1,1,1,1,DirectSequential,Fast,adaptive,native,none,Auto,1,1
1,1.6.0,1.6.0,MSVC 1944,Windows,x86_64,unreported,sum_direct_sequential,double,65536,contiguous,1,stable,8,0.050599999999999999,4651591538215037730,952.73235229528314,0,0,1,1,1,1,DirectSequential,Fast,adaptive,native,none,Auto,1,1
1,1.6.0,1.6.0,MSVC 1944,Windows,x86_64,unreported,sum_direct_sequential,double,65536,contiguous,1,stable,9,0.054199999999999998,4651591538215037730,952.73235229528314,0,0,1,1,1,1,DirectSequential,Fast,adaptive,native,none,Auto,1,1
1,1.6.0,1.6.0,MSVC 1944,Windows,x86_64,unreported,sum_direct_sequential,double,65536,contiguous,1,stable,10,0.050500000000000003,4651591538215037730,952.73235229528314,0,0,1,1,1,1,DirectSequential,Fast,adaptive,native,none,Auto,1,1
1,1.6.0,1.6.0,MSVC 1944,Windows,x86_64,unreported,sum_direct_sequential,double,65536,contiguous,1,stable,11,0.050599999999999999,4651591538215037730,952.73235229528314,0,0,1,1,1,1,DirectSequential,Fast,adaptive,native,none,Auto,1,1
1,1.6.0,1.6.0,MSVC 1944,Windows,x86_64,unreported,sum_direct_sequential,double,65536,contiguous,1,stable,12,0.050500000000000003,4651591538215037730,952.73235229528314,0,0,1,1,1,1,DirectSequential,Fast,adaptive,native,none,Auto,1,1
1,1.6.0,1.6.0,MSVC 1944,Windows,x86_64,unreported,sum_direct_sequential,double,65536,contiguous,1,stable,13,0.050599999999999999,4651591538215037730,952.73235229528314,0,0,1,1,1,1,DirectSequential,Fast,adaptive,native,none,Auto,1,1
1,1.6.0,1.6.0,MSVC 1944,Windows,x86_64,unreported,sum_direct_sequential,double,65536,contiguous,1,stable,14,0.050500000000000003,4651591538215037730,952.73235229528314,0,0,1,1,1,1,DirectSequential,Fast,adaptive,native,none,Auto,1,1
1,1.6.0,1.6.0,MSVC 1944,Windows,x86_64,unreported,sum_direct_sequential,double,65536,contiguous,1,stable,15,0.050500000000000003,4651591538215037730,952.73235229528314,0,0,1,1,1,1,DirectSequential,Fast,adaptive,native,none,Auto,1,1
1,1.6.0,1.6.0,MSVC 1944,Windows,x86_64,unreported,sum_direct_sequential,double,65536,contiguous,1,stable,16,0.050599999999999999,4651591538215037730,952.73235229528314,0,0,1,1,1,1,DirectSequential,Fast,adaptive,native,none,Auto,1,1
1,1.6.0,1.6.0,MSVC 1944,Windows,x86_64,unreported,sum_direct_sequential,double,65536,contiguous,1,stable,17,0.050500000000000003,4651591538215037730,952.73235229528314,0,0,1,1,1,1,DirectSequential,Fast,adaptive,native,none,Auto,1,1
1,1.6.0,1.6.0,MSVC 1944,Windows,x86_64,unreported,sum_direct_sequential,double,65536,contiguous,1,stable,18,0.050599999999999999,4651591538215037730,952.73235229528314,0,0,1,1,1,1,DirectSequential,Fast,adaptive,native,none,Auto,1,1
1,1.6.0,1.6.0,MSVC 1944,Windows,x86_64,unreported,sum_direct_sequential,double,65536,contiguous,1,stable,19,0.050599999999999999,4651591538215037730,952.73235229528314,0,0,1,1,1,1,DirectSequential,Fast,adaptive,native,none,Auto,1,1
1,1.6.0,1.6.0,MSVC 1944,Windows,x86_64,unreported,sum_direct_sequential,double,65536,contiguous,1,stable,20,0.050500000000000003,4651591538215037730,952.73235229528314,0,0,1,1,1,1,DirectSequential,Fast,adaptive,native,none,Auto,1,1
1,1.6.0,1.6.0,MSVC 1944,Windows,x86_64,unreported,sum_direct_sequential,double,65536,contiguous,1,stable,21,0.050599999999999999,4651591538215037730,952.73235229528314,0,0,1,1,1,1,DirectSequential,Fast,adaptive,native,none,Auto,1,1
1,1.6.0,1.6.0,MSVC 1944,Windows,x86_64,unreported,sum_direct_sequential,double,65536,contiguous,1,stable,22,0.050599999999999999,4651591538215037730,952.73235229528314,0,0,1,1,1,1,DirectSequential,Fast,adaptive,native,none,Auto,1,1
1,1.6.0,1.6.0,MSVC 1944,Windows,x86_64,unreported,sum_direct_sequential,double,65536,contiguous,1,stable,23,0.050500000000000003,4651591538215037730,952.73235229528314,0,0,1,1,1,1,DirectSequential,Fast,adaptive,native,none,Auto,1,1
1,1.6.0,1.6.0,MSVC 1944,Windows,x86_64,unreported,sum_direct_sequential,double,65536,contiguous,1,stable,24,0.050500000000000003,4651591538215037730,952.73235229528314,0,0,1,1,1,1,DirectSequential,Fast,adaptive,native,none,Auto,1,1
1,1.6.0,1.6.0,MSVC 1944,Windows,x86_64,unreported,sum_direct_sequential,double,65536,contiguous,1,stable,25,0.053800000000000001,4651591538215037730,952.73235229528314,0,0,1,1,1,1,DirectSequential,Fast,adaptive,native,none,Auto,1,1
1,1.6.0,1.6.0,MSVC 1944,Windows,x86_64,unreported,sum_direct_sequential,double,65536,contiguous,1,stable,26,0.050700000000000002,4651591538215037730,952.73235229528314,0,0,1,1,1,1,DirectSequential,Fast,adaptive,native,none,Auto,1,1
1,1.6.0,1.6.0,MSVC 1944,Windows,x86_64,unreported,sum_direct_sequential,double,65536,contiguous,1,stable,27,0.050599999999999999,4651591538215037730,952.73235229528314,0,0,1,1,1,1,DirectSequential,Fast,adaptive,native,none,Auto,1,1
1,1.6.0,1.6.0,MSVC 1944,Windows,x86_64,unreported,sum_direct_sequential,double,65536,contiguous,1,stable,28,0.050599999999999999,4651591538215037730,952.73235229528314,0,0,1,1,1,1,DirectSequential,Fast,adaptive,native,none,Auto,1,1
1,1.6.0,1.6.0,MSVC 1944,Windows,x86_64,unreported,sum_direct_sequential,double,65536,contiguous,1,stable,29,0.050500000000000003,4651591538215037730,952.73235229528314,0,0,1,1,1,1,DirectSequential,Fast,adaptive,native,none,Auto,1,1
1,1.6.0,1.6.0,MSVC 1944,Windows,x86_64,unreported,sum_direct_sequential,double,65536,contiguous,1,stable,30,0.050599999999999999,4651591538215037730,952.73235229528314,0,0,1,1,1,1,DirectSequential,Fast,adaptive,native,none,Auto,1,1
1,1.6.0,1.6.0,MSVC 1944,Windows,x86_64,unreported,sum_direct_sequential,double,65536,contiguous,1,stable,31,0.050500000000000003,4651591538215037730,952.73235229528314,0,0,1,1,1,1,DirectSequential,Fast,adaptive,native,none,Auto,1,1
1,1.6.0,1.6.0,MSVC 1944,Windows,x86_64,unreported,dot_direct_sequential,double,65536,contiguous,1,first_call,0,0.053199999999999997,4664820074113941826,7365.142130628521,0,0,1,1,1,1,DirectSequential,Fast,adaptive,native,none,Auto,1,1
1,1.6.0,1.6.0,MSVC 1944,Windows,x86_64,unreported,dot_direct_sequential,double,65536,contiguous,1,stable,1,0.050599999999999999,4664820074113941826,7365.142130628521,0,0,1,1,1,1,DirectSequential,Fast,adaptive,native,none,Auto,1,1
1,1.6.0,1.6.0,MSVC 1944,Windows,x86_64,unreported,dot_direct_sequential,double,65536,contiguous,1,stable,2,0.050599999999999999,4664820074113941826,7365.142130628521,0,0,1,1,1,1,DirectSequential,Fast,adaptive,native,none,Auto,1,1
1,1.6.0,1.6.0,MSVC 1944,Windows,x86_64,unreported,dot_direct_sequential,double,65536,contiguous,1,stable,3,0.050599999999999999,4664820074113941826,7365.142130628521,0,0,1,1,1,1,DirectSequential,Fast,adaptive,native,none,Auto,1,1
1,1.6.0,1.6.0,MSVC 1944,Windows,x86_64,unreported,dot_direct_sequential,double,65536,contiguous,1,stable,4,0.050599999999999999,4664820074113941826,7365.142130628521,0,0,1,1,1,1,DirectSequential,Fast,adaptive,native,none,Auto,1,1
1,1.6.0,1.6.0,MSVC 1944,Windows,x86_64,unreported,dot_direct_sequential,double,65536,contiguous,1,stable,5,0.050700000000000002,4664820074113941826,7365.142130628521,0,0,1,1,1,1,DirectSequential,Fast,adaptive,native,none,Auto,1,1
1,1.6.0,1.6.0,MSVC 1944,Windows,x86_64,unreported,dot_direct_sequential,double,65536,contiguous,1,stable,6,0.050599999999999999,4664820074113941826,7365.142130628521,0,0,1,1,1,1,DirectSequential,Fast,adaptive,native,none,Auto,1,1
1,1.6.0,1.6.0,MSVC 1944,Windows,x86_64,unreported,dot_direct_sequential,double,65536,contiguous,1,stable,7,0.050599999999999999,4664820074113941826,7365.142130628521,0,0,1,1,1,1,DirectSequential,Fast,adaptive,native,none,Auto,1,1
1,1.6.0,1.6.0,MSVC 1944,Windows,x86_64,unreported,dot_direct_sequential,double,65536,contiguous,1,stable,8,0.050599999999999999,4664820074113941826,7365.142130628521,0,0,1,1,1,1,DirectSequential,Fast,adaptive,native,none,Auto,1,1
1,1.6.0,1.6.0,MSVC 1944,Windows,x86_64,unreported,dot_direct_sequential,double,65536,contiguous,1,stable,9,0.053900000000000003,4664820074113941826,7365.142130628521,0,0,1,1,1,1,DirectSequential,Fast,adaptive,native,none,Auto,1,1
1,1.6.0,1.6.0,MSVC 1944,Windows,x86_64,unreported,dot_direct_sequential,double,65536,contiguous,1,stable,10,0.050700000000000002,4664820074113941826,7365.142130628521,0,0,1,1,1,1,DirectSequential,Fast,adaptive,native,none,Auto,1,1
1,1.6.0,1.6.0,MSVC 1944,Windows,x86_64,unreported,dot_direct_sequential,double,65536,contiguous,1,stable,11,0.050599999999999999,4664820074113941826,7365.142130628521,0,0,1,1,1,1,DirectSequential,Fast,adaptive,native,none,Auto,1,1
1,1.6.0,1.6.0,MSVC 1944,Windows,x86_64,unreported,dot_direct_sequential,double,65536,contiguous,1,stable,12,0.050599999999999999,4664820074113941826,7365.142130628521,0,0,1,1,1,1,DirectSequential,Fast,adaptive,native,none,Auto,1,1
1,1.6.0,1.6.0,MSVC 1944,Windows,x86_64,unreported,dot_direct_sequential,double,65536,contiguous,1,stable,13,0.050599999999999999,4664820074113941826,7365.142130628521,0,0,1,1,1,1,DirectSequential,Fast,adaptive,native,none,Auto,1,1
1,1.6.0,1.6.0,MSVC 1944,Windows,x86_64,unreported,dot_direct_sequential,double,65536,contiguous,1,stable,14,0.050599999999999999,4664820074113941826,7365.142130628521,0,0,1,1,1,1,DirectSequential,Fast,adaptive,native,none,Auto,1,1
1,1.6.0,1.6.0,MSVC 1944,Windows,x86_64,unreported,dot_direct_sequential,double,65536,contiguous,1,stable,15,0.050599999999999999,4664820074113941826,7365.142130628521,0,0,1,1,1,1,DirectSequential,Fast,adaptive,native,none,Auto,1,1
1,1.6.0,1.6.0,MSVC 1944,Windows,x86_64,unreported,dot_direct_sequential,double,65536,contiguous,1,stable,16,0.050599999999999999,4664820074113941826,7365.142130628521,0,0,1,1,1,1,DirectSequential,Fast,adaptive,native,none,Auto,1,1
1,1.6.0,1.6.0,MSVC 1944,Windows,x86_64,unreported,dot_direct_sequential,double,65536,contiguous,1,stable,17,0.050599999999999999,4664820074113941826,7365.142130628521,0,0,1,1,1,1,DirectSequential,Fast,adaptive,native,none,Auto,1,1
1,1.6.0,1.6.0,MSVC 1944,Windows,x86_64,unreported,dot_direct_sequential,double,65536,contiguous,1,stable,18,0.050599999999999999,4664820074113941826,7365.142130628521,0,0,1,1,1,1,DirectSequential,Fast,adaptive,native,none,Auto,1,1
1,1.6.0,1.6.0,MSVC 1944,Windows,x86_64,unreported,dot_direct_sequential,double,65536,contiguous,1,stable,19,0.050599999999999999,4664820074113941826,7365.142130628521,0,0,1,1,1,1,DirectSequential,Fast,adaptive,native,none,Auto,1,1
1,1.6.0,1.6.0,MSVC 1944,Windows,x86_64,unreported,dot_direct_sequential,double,65536,contiguous,1,stable,20,0.050599999999999999,4664820074113941826,7365.142130628521,0,0,1,1,1,1,DirectSequential,Fast,adaptive,native,none,Auto,1,1
1,1.6.0,1.6.0,MSVC 1944,Windows,x86_64,unreported,dot_direct_sequential,double,65536,contiguous,1,stable,21,0.050599999999999999,4664820074113941826,7365.142130628521,0,0,1,1,1,1,DirectSequential,Fast,adaptive,native,none,Auto,1,1
1,1.6.0,1.6.0,MSVC 1944,Windows,x86_64,unreported,dot_direct_sequential,double,65536,contiguous,1,stable,22,0.050599999999999999,4664820074113941826,7365.142130628521,0,0,1,1,1,1,DirectSequential,Fast,adaptive,native,none,Auto,1,1
1,1.6.0,1.6.0,MSVC 1944,Windows,x86_64,unreported,dot_direct_sequential,double,65536,contiguous,1,stable,23,0.050599999999999999,4664820074113941826,7365.142130628521,0,0,1,1,1,1,DirectSequential,Fast,adaptive,native,none,Auto,1,1
1,1.6.0,1.6.0,MSVC 1944,Windows,x86_64,unreported,dot_direct_sequential,double,65536,contiguous,1,stable,24,0.050599999999999999,4664820074113941826,7365.142130628521,0,0,1,1,1,1,DirectSequential,Fast,adaptive,native,none,Auto,1,1
1,1.6.0,1.6.0,MSVC 1944,Windows,x86_64,unreported,dot_direct_sequential,double,65536,contiguous,1,stable,25,0.054699999999999999,4664820074113941826,7365.142130628521,0,0,1,1,1,1,DirectSequential,Fast,adaptive,native,none,Auto,1,1
1,1.6.0,1.6.0,MSVC 1944,Windows,x86_64,unreported,dot_direct_sequential,double,65536,contiguous,1,stable,26,0.056399999999999999,4664820074113941826,7365.142130628521,0,0,1,1,1,1,DirectSequential,Fast,adaptive,native,none,Auto,1,1
1,1.6.0,1.6.0,MSVC 1944,Windows,x86_64,unreported,dot_direct_sequential,double,65536,contiguous,1,stable,27,0.050700000000000002,4664820074113941826,7365.142130628521,0,0,1,1,1,1,DirectSequential,Fast,adaptive,native,none,Auto,1,1
1,1.6.0,1.6.0,MSVC 1944,Windows,x86_64,unreported,dot_direct_sequential,double,65536,contiguous,1,stable,28,0.050700000000000002,4664820074113941826,7365.142130628521,0,0,1,1,1,1,DirectSequential,Fast,adaptive,native,none,Auto,1,1
1,1.6.0,1.6.0,MSVC 1944,Windows,x86_64,unreported,dot_direct_sequential,double,65536,contiguous,1,stable,29,0.050500000000000003,4664820074113941826,7365.142130628521,0,0,1,1,1,1,DirectSequential,Fast,adaptive,native,none,Auto,1,1
1,1.6.0,1.6.0,MSVC 1944,Windows,x86_64,unreported,dot_direct_sequential,double,65536,contiguous,1,stable,30,0.050500000000000003,4664820074113941826,7365.142130628521,0,0,1,1,1,1,DirectSequential,Fast,adaptive,native,none,Auto,1,1
1,1.6.0,1.6.0,MSVC 1944,Windows,x86_64,unreported,dot_direct_sequential,double,65536,contiguous,1,stable,31,0.050599999999999999,4664820074113941826,7365.142130628521,0,0,1,1,1,1,DirectSequential,Fast,adaptive,native,none,Auto,1,1
1,1.6.0,1.6.0,MSVC 1944,Windows,x86_64,unreported,norm_direct_sequential,double,65536,contiguous,1,first_call,0,0.050599999999999999,4636148783516150664,91.636800608523231,0,0,1,1,1,1,DirectSequential,Fast,adaptive,native,none,Auto,1,1
1,1.6.0,1.6.0,MSVC 1944,Windows,x86_64,unreported,norm_direct_sequential,double,65536,contiguous,1,stable,1,0.050599999999999999,4636148783516150664,91.636800608523231,0,0,1,1,1,1,DirectSequential,Fast,adaptive,native,none,Auto,1,1
1,1.6.0,1.6.0,MSVC 1944,Windows,x86_64,unreported,norm_direct_sequential,double,65536,contiguous,1,stable,2,0.050599999999999999,4636148783516150664,91.636800608523231,0,0,1,1,1,1,DirectSequential,Fast,adaptive,native,none,Auto,1,1
1,1.6.0,1.6.0,MSVC 1944,Windows,x86_64,unreported,norm_direct_sequential,double,65536,contiguous,1,stable,3,0.050599999999999999,4636148783516150664,91.636800608523231,0,0,1,1,1,1,DirectSequential,Fast,adaptive,native,none,Auto,1,1
1,1.6.0,1.6.0,MSVC 1944,Windows,x86_64,unreported,norm_direct_sequential,double,65536,contiguous,1,stable,4,0.050500000000000003,4636148783516150664,91.636800608523231,0,0,1,1,1,1,DirectSequential,Fast,adaptive,native,none,Auto,1,1
1,1.6.0,1.6.0,MSVC 1944,Windows,x86_64,unreported,norm_direct_sequential,double,65536,contiguous,1,stable,5,0.050599999999999999,4636148783516150664,91.636800608523231,0,0,1,1,1,1,DirectSequential,Fast,adaptive,native,none,Auto,1,1
1,1.6.0,1.6.0,MSVC 1944,Windows,x86_64,unreported,norm_direct_sequential,double,65536,contiguous,1,stable,6,0.050599999999999999,4636148783516150664,91.636800608523231,0,0,1,1,1,1,DirectSequential,Fast,adaptive,native,none,Auto,1,1
1,1.6.0,1.6.0,MSVC 1944,Windows,x86_64,unreported,norm_direct_sequential,double,65536,contiguous,1,stable,7,0.050599999999999999,4636148783516150664,91.636800608523231,0,0,1,1,1,1,DirectSequential,Fast,adaptive,native,none,Auto,1,1
1,1.6.0,1.6.0,MSVC 1944,Windows,x86_64,unreported,norm_direct_sequential,double,65536,contiguous,1,stable,8,0.050599999999999999,4636148783516150664,91.636800608523231,0,0,1,1,1,1,DirectSequential,Fast,adaptive,native,none,Auto,1,1
1,1.6.0,1.6.0,MSVC 1944,Windows,x86_64,unreported,norm_direct_sequential,double,65536,contiguous,1,stable,9,0.054100000000000002,4636148783516150664,91.636800608523231,0,0,1,1,1,1,DirectSequential,Fast,adaptive,native,none,Auto,1,1
1,1.6.0,1.6.0,MSVC 1944,Windows,x86_64,unreported,norm_direct_sequential,double,65536,contiguous,1,stable,10,0.050700000000000002,4636148783516150664,91.636800608523231,0,0,1,1,1,1,DirectSequential,Fast,adaptive,native,none,Auto,1,1
1,1.6.0,1.6.0,MSVC 1944,Windows,x86_64,unreported,norm_direct_sequential,double,65536,contiguous,1,stable,11,0.050599999999999999,4636148783516150664,91.636800608523231,0,0,1,1,1,1,DirectSequential,Fast,adaptive,native,none,Auto,1,1
1,1.6.0,1.6.0,MSVC 1944,Windows,x86_64,unreported,norm_direct_sequential,double,65536,contiguous,1,stable,12,0.050599999999999999,4636148783516150664,91.636800608523231,0,0,1,1,1,1,DirectSequential,Fast,adaptive,native,none,Auto,1,1
1,1.6.0,1.6.0,MSVC 1944,Windows,x86_64,unreported,norm_direct_sequential,double,65536,contiguous,1,stable,13,0.050599999999999999,4636148783516150664,91.636800608523231,0,0,1,1,1,1,DirectSequential,Fast,adaptive,native,none,Auto,1,1
1,1.6.0,1.6.0,MSVC 1944,Windows,x86_64,unreported,norm_direct_sequential,double,65536,contiguous,1,stable,14,0.050500000000000003,4636148783516150664,91.636800608523231,0,0,1,1,1,1,DirectSequential,Fast,adaptive,native,none,Auto,1,1
1,1.6.0,1.6.0,MSVC 1944,Windows,x86_64,unreported,norm_direct_sequential,double,65536,contiguous,1,stable,15,0.050500000000000003,4636148783516150664,91.636800608523231,0,0,1,1,1,1,DirectSequential,Fast,adaptive,native,none,Auto,1,1
1,1.6.0,1.6.0,MSVC 1944,Windows,x86_64,unreported,norm_direct_sequential,double,65536,contiguous,1,stable,16,0.050599999999999999,4636148783516150664,91.636800608523231,0,0,1,1,1,1,DirectSequential,Fast,adaptive,native,none,Auto,1,1
1,1.6.0,1.6.0,MSVC 1944,Windows,x86_64,unreported,norm_direct_sequential,double,65536,contiguous,1,stable,17,0.050599999999999999,4636148783516150664,91.636800608523231,0,0,1,1,1,1,DirectSequential,Fast,adaptive,native,none,Auto,1,1
1,1.6.0,1.6.0,MSVC 1944,Windows,x86_64,unreported,norm_direct_sequential,double,65536,contiguous,1,stable,18,0.050599999999999999,4636148783516150664,91.636800608523231,0,0,1,1,1,1,DirectSequential,Fast,adaptive,native,none,Auto,1,1
1,1.6.0,1.6.0,MSVC 1944,Windows,x86_64,unreported,norm_direct_sequential,double,65536,contiguous,1,stable,19,0.050500000000000003,4636148783516150664,91.636800608523231,0,0,1,1,1,1,DirectSequential,Fast,adaptive,native,none,Auto,1,1
1,1.6.0,1.6.0,MSVC 1944,Windows,x86_64,unreported,norm_direct_sequential,double,65536,contiguous,1,stable,20,0.050500000000000003,4636148783516150664,91.636800608523231,0,0,1,1,1,1,DirectSequential,Fast,adaptive,native,none,Auto,1,1
1,1.6.0,1.6.0,MSVC 1944,Windows,x86_64,unreported,norm_direct_sequential,double,65536,contiguous,1,stable,21,0.050500000000000003,4636148783516150664,91.636800608523231,0,0,1,1,1,1,DirectSequential,Fast,adaptive,native,none,Auto,1,1
1,1.6.0,1.6.0,MSVC 1944,Windows,x86_64,unreported,norm_direct_sequential,double,65536,contiguous,1,stable,22,0.050500000000000003,4636148783516150664,91.636800608523231,0,0,1,1,1,1,DirectSequential,Fast,adaptive,native,none,Auto,1,1
1,1.6.0,1.6.0,MSVC 1944,Windows,x86_64,unreported,norm_direct_sequential,double,65536,contiguous,1,stable,23,0.050500000000000003,4636148783516150664,91.636800608523231,0,0,1,1,1,1,DirectSequential,Fast,adaptive,native,none,Auto,1,1
1,1.6.0,1.6.0,MSVC 1944,Windows,x86_64,unreported,norm_direct_sequential,double,65536,contiguous,1,stable,24,0.050599999999999999,4636148783516150664,91.636800608523231,0,0,1,1,1,1,DirectSequential,Fast,adaptive,native,none,Auto,1,1
1,1.6.0,1.6.0,MSVC 1944,Windows,x86_64,unreported,norm_direct_sequential,double,65536,contiguous,1,stable,25,0.054199999999999998,4636148783516150664,91.636800608523231,0,0,1,1,1,1,DirectSequential,Fast,adaptive,native,none,Auto,1,1
1,1.6.0,1.6.0,MSVC 1944,Windows,x86_64,unreported,norm_direct_sequential,double,65536,contiguous,1,stable,26,0.050599999999999999,4636148783516150664,91.636800608523231,0,0,1,1,1,1,DirectSequential,Fast,adaptive,native,none,Auto,1,1
1,1.6.0,1.6.0,MSVC 1944,Windows,x86_64,unreported,norm_direct_sequential,double,65536,contiguous,1,stable,27,0.050500000000000003,4636148783516150664,91.636800608523231,0,0,1,1,1,1,DirectSequential,Fast,adaptive,native,none,Auto,1,1
1,1.6.0,1.6.0,MSVC 1944,Windows,x86_64,unreported,norm_direct_sequential,double,65536,contiguous,1,stable,28,0.050599999999999999,4636148783516150664,91.636800608523231,0,0,1,1,1,1,DirectSequential,Fast,adaptive,native,none,Auto,1,1
1,1.6.0,1.6.0,MSVC 1944,Windows,x86_64,unreported,norm_direct_sequential,double,65536,contiguous,1,stable,29,0.050599999999999999,4636148783516150664,91.636800608523231,0,0,1,1,1,1,DirectSequential,Fast,adaptive,native,none,Auto,1,1
1,1.6.0,1.6.0,MSVC 1944,Windows,x86_64,unreported,norm_direct_sequential,double,65536,contiguous,1,stable,30,0.050500000000000003,4636148783516150664,91.636800608523231,0,0,1,1,1,1,DirectSequential,Fast,adaptive,native,none,Auto,1,1
1,1.6.0,1.6.0,MSVC 1944,Windows,x86_64,unreported,norm_direct_sequential,double,65536,contiguous,1,stable,31,0.050500000000000003,4636148783516150664,91.636800608523231,0,0,1,1,1,1,DirectSequential,Fast,adaptive,native,none,Auto,1,1
1,1.6.0,1.6.0,MSVC 1944,Windows,x86_64,unreported,axpy,double,65536,contiguous,1,first_call,0,0.49969999999999998,0,0,0,0,1,1,1,1,ThreadPool,Fast,adaptive,native,none,ThreadPool,8,8
1,1.6.0,1.6.0,MSVC 1944,Windows,x86_64,unreported,axpy,double,65536,contiguous,1,stable,1,0.50770000000000004,0,0,0,0,1,1,1,1,ThreadPool,Fast,adaptive,native,none,ThreadPool,8,8
1,1.6.0,1.6.0,MSVC 1944,Windows,x86_64,unreported,axpy,double,65536,contiguous,1,stable,2,0.55659999999999998,0,0,0,0,1,1,1,1,ThreadPool,Fast,adaptive,native,none,ThreadPool,8,8
1,1.6.0,1.6.0,MSVC 1944,Windows,x86_64,unreported,axpy,double,65536,contiguous,1,stable,3,0.51849999999999996,0,0,0,0,1,1,1,1,ThreadPool,Fast,adaptive,native,none,ThreadPool,8,8
1,1.6.0,1.6.0,MSVC 1944,Windows,x86_64,unreported,axpy,double,65536,contiguous,1,stable,4,0.5292,0,0,0,0,1,1,1,1,ThreadPool,Fast,adaptive,native,none,ThreadPool,8,8
1,1.6.0,1.6.0,MSVC 1944,Windows,x86_64,unreported,axpy,double,65536,contiguous,1,stable,5,0.49080000000000001,0,0,0,0,1,1,1,1,ThreadPool,Fast,adaptive,native,none,ThreadPool,8,8
1,1.6.0,1.6.0,MSVC 1944,Windows,x86_64,unreported,axpy,double,65536,contiguous,1,stable,6,0.55779999999999996,0,0,0,0,1,1,1,1,ThreadPool,Fast,adaptive,native,none,ThreadPool,8,8
1,1.6.0,1.6.0,MSVC 1944,Windows,x86_64,unreported,axpy,double,65536,contiguous,1,stable,7,0.6492,0,0,0,0,1,1,1,1,ThreadPool,Fast,adaptive,native,none,ThreadPool,8,8
1,1.6.0,1.6.0,MSVC 1944,Windows,x86_64,unreported,axpy,double,65536,contiguous,1,stable,8,0.58230000000000004,0,0,0,0,1,1,1,1,ThreadPool,Fast,adaptive,native,none,ThreadPool,8,8
1,1.6.0,1.6.0,MSVC 1944,Windows,x86_64,unreported,axpy,double,65536,contiguous,1,stable,9,0.52139999999999997,0,0,0,0,1,1,1,1,ThreadPool,Fast,adaptive,native,none,ThreadPool,8,8
1,1.6.0,1.6.0,MSVC 1944,Windows,x86_64,unreported,axpy,double,65536,contiguous,1,stable,10,0.51880000000000004,0,0,0,0,1,1,1,1,ThreadPool,Fast,adaptive,native,none,ThreadPool,8,8
1,1.6.0,1.6.0,MSVC 1944,Windows,x86_64,unreported,axpy,double,65536,contiguous,1,stable,11,0.64539999999999997,0,0,0,0,1,1,1,1,ThreadPool,Fast,adaptive,native,none,ThreadPool,8,8
1,1.6.0,1.6.0,MSVC 1944,Windows,x86_64,unreported,axpy,double,65536,contiguous,1,stable,12,0.64149999999999996,0,0,0,0,1,1,1,1,ThreadPool,Fast,adaptive,native,none,ThreadPool,8,8
1,1.6.0,1.6.0,MSVC 1944,Windows,x86_64,unreported,axpy,double,65536,contiguous,1,stable,13,0.50419999999999998,0,0,0,0,1,1,1,1,ThreadPool,Fast,adaptive,native,none,ThreadPool,8,8
1,1.6.0,1.6.0,MSVC 1944,Windows,x86_64,unreported,axpy,double,65536,contiguous,1,stable,14,0.50529999999999997,0,0,0,0,1,1,1,1,ThreadPool,Fast,adaptive,native,none,ThreadPool,8,8
1,1.6.0,1.6.0,MSVC 1944,Windows,x86_64,unreported,axpy,double,65536,contiguous,1,stable,15,0.52759999999999996,0,0,0,0,1,1,1,1,ThreadPool,Fast,adaptive,native,none,ThreadPool,8,8
1,1.6.0,1.6.0,MSVC 1944,Windows,x86_64,unreported,axpy,double,65536,contiguous,1,stable,16,0.65100000000000002,0,0,0,0,1,1,1,1,ThreadPool,Fast,adaptive,native,none,ThreadPool,8,8
1,1.6.0,1.6.0,MSVC 1944,Windows,x86_64,unreported,axpy,double,65536,contiguous,1,stable,17,0.49059999999999998,0,0,0,0,1,1,1,1,ThreadPool,Fast,adaptive,native,none,ThreadPool,8,8
1,1.6.0,1.6.0,MSVC 1944,Windows,x86_64,unreported,axpy,double,65536,contiguous,1,stable,18,0.64959999999999996,0,0,0,0,1,1,1,1,ThreadPool,Fast,adaptive,native,none,ThreadPool,8,8
1,1.6.0,1.6.0,MSVC 1944,Windows,x86_64,unreported,axpy,double,65536,contiguous,1,stable,19,0.51970000000000005,0,0,0,0,1,1,1,1,ThreadPool,Fast,adaptive,native,none,ThreadPool,8,8
1,1.6.0,1.6.0,MSVC 1944,Windows,x86_64,unreported,axpy,double,65536,contiguous,1,stable,20,0.50180000000000002,0,0,0,0,1,1,1,1,ThreadPool,Fast,adaptive,native,none,ThreadPool,8,8
1,1.6.0,1.6.0,MSVC 1944,Windows,x86_64,unreported,axpy,double,65536,contiguous,1,stable,21,0.61699999999999999,0,0,0,0,1,1,1,1,ThreadPool,Fast,adaptive,native,none,ThreadPool,8,8
1,1.6.0,1.6.0,MSVC 1944,Windows,x86_64,unreported,axpy,double,65536,contiguous,1,stable,22,0.52249999999999996,0,0,0,0,1,1,1,1,ThreadPool,Fast,adaptive,native,none,ThreadPool,8,8
1,1.6.0,1.6.0,MSVC 1944,Windows,x86_64,unreported,axpy,double,65536,contiguous,1,stable,23,0.51819999999999999,0,0,0,0,1,1,1,1,ThreadPool,Fast,adaptive,native,none,ThreadPool,8,8
1,1.6.0,1.6.0,MSVC 1944,Windows,x86_64,unreported,axpy,double,65536,contiguous,1,stable,24,0.56910000000000005,0,0,0,0,1,1,1,1,ThreadPool,Fast,adaptive,native,none,ThreadPool,8,8
1,1.6.0,1.6.0,MSVC 1944,Windows,x86_64,unreported,axpy,double,65536,contiguous,1,stable,25,0.5353,0,0,0,0,1,1,1,1,ThreadPool,Fast,adaptive,native,none,ThreadPool,8,8
1,1.6.0,1.6.0,MSVC 1944,Windows,x86_64,unreported,axpy,double,65536,contiguous,1,stable,26,0.6492,0,0,0,0,1,1,1,1,ThreadPool,Fast,adaptive,native,none,ThreadPool,8,8
1,1.6.0,1.6.0,MSVC 1944,Windows,x86_64,unreported,axpy,double,65536,contiguous,1,stable,27,0.63800000000000001,0,0,0,0,1,1,1,1,ThreadPool,Fast,adaptive,native,none,ThreadPool,8,8
1,1.6.0,1.6.0,MSVC 1944,Windows,x86_64,unreported,axpy,double,65536,contiguous,1,stable,28,0.52749999999999997,0,0,0,0,1,1,1,1,ThreadPool,Fast,adaptive,native,none,ThreadPool,8,8
1,1.6.0,1.6.0,MSVC 1944,Windows,x86_64,unreported,axpy,double,65536,contiguous,1,stable,29,0.52780000000000005,0,0,0,0,1,1,1,1,ThreadPool,Fast,adaptive,native,none,ThreadPool,8,8
1,1.6.0,1.6.0,MSVC 1944,Windows,x86_64,unreported,axpy,double,65536,contiguous,1,stable,30,0.54859999999999998,0,0,0,0,1,1,1,1,ThreadPool,Fast,adaptive,native,none,ThreadPool,8,8
1,1.6.0,1.6.0,MSVC 1944,Windows,x86_64,unreported,axpy,double,65536,contiguous,1,stable,31,0.84350000000000003,0,0,0,0,1,1,1,1,ThreadPool,Fast,adaptive,native,none,ThreadPool,8,8
1,1.6.0,1.6.0,MSVC 1944,Windows,x86_64,unreported,axpy,double,65536,contiguous,1,first_call,0,0.47460000000000002,0,0,0,0,1,1,1,1,ThreadPool,Reproducible,canonical,native,canonical-pairwise-v1-leaf1024,ThreadPool,8,8
1,1.6.0,1.6.0,MSVC 1944,Windows,x86_64,unreported,axpy,double,65536,contiguous,1,stable,1,0.503,0,0,0,0,1,1,1,1,ThreadPool,Reproducible,canonical,native,canonical-pairwise-v1-leaf1024,ThreadPool,8,8
1,1.6.0,1.6.0,MSVC 1944,Windows,x86_64,unreported,axpy,double,65536,contiguous,1,stable,2,0.50009999999999999,0,0,0,0,1,1,1,1,ThreadPool,Reproducible,canonical,native,canonical-pairwise-v1-leaf1024,ThreadPool,8,8
1,1.6.0,1.6.0,MSVC 1944,Windows,x86_64,unreported,axpy,double,65536,contiguous,1,stable,3,0.50070000000000003,0,0,0,0,1,1,1,1,ThreadPool,Reproducible,canonical,native,canonical-pairwise-v1-leaf1024,ThreadPool,8,8
1,1.6.0,1.6.0,MSVC 1944,Windows,x86_64,unreported,axpy,double,65536,contiguous,1,stable,4,0.49769999999999998,0,0,0,0,1,1,1,1,ThreadPool,Reproducible,canonical,native,canonical-pairwise-v1-leaf1024,ThreadPool,8,8
1,1.6.0,1.6.0,MSVC 1944,Windows,x86_64,unreported,axpy,double,65536,contiguous,1,stable,5,0.50319999999999998,0,0,0,0,1,1,1,1,ThreadPool,Reproducible,canonical,native,canonical-pairwise-v1-leaf1024,ThreadPool,8,8
1,1.6.0,1.6.0,MSVC 1944,Windows,x86_64,unreported,axpy,double,65536,contiguous,1,stable,6,0.49890000000000001,0,0,0,0,1,1,1,1,ThreadPool,Reproducible,canonical,native,canonical-pairwise-v1-leaf1024,ThreadPool,8,8
1,1.6.0,1.6.0,MSVC 1944,Windows,x86_64,unreported,axpy,double,65536,contiguous,1,stable,7,0.50309999999999999,0,0,0,0,1,1,1,1,ThreadPool,Reproducible,canonical,native,canonical-pairwise-v1-leaf1024,ThreadPool,8,8
1,1.6.0,1.6.0,MSVC 1944,Windows,x86_64,unreported,axpy,double,65536,contiguous,1,stable,8,0.49790000000000001,0,0,0,0,1,1,1,1,ThreadPool,Reproducible,canonical,native,canonical-pairwise-v1-leaf1024,ThreadPool,8,8
1,1.6.0,1.6.0,MSVC 1944,Windows,x86_64,unreported,axpy,double,65536,contiguous,1,stable,9,0.37609999999999999,0,0,0,0,1,1,1,1,ThreadPool,Reproducible,canonical,native,canonical-pairwise-v1-leaf1024,ThreadPool,8,8
1,1.6.0,1.6.0,MSVC 1944,Windows,x86_64,unreported,axpy,double,65536,contiguous,1,stable,10,0.49530000000000002,0,0,0,0,1,1,1,1,ThreadPool,Reproducible,canonical,native,canonical-pairwise-v1-leaf1024,ThreadPool,8,8
1,1.6.0,1.6.0,MSVC 1944,Windows,x86_64,unreported,axpy,double,65536,contiguous,1,stable,11,0.49719999999999998,0,0,0,0,1,1,1,1,ThreadPool,Reproducible,canonical,native,canonical-pairwise-v1-leaf1024,ThreadPool,8,8
1,1.6.0,1.6.0,MSVC 1944,Windows,x86_64,unreported,axpy,double,65536,contiguous,1,stable,12,0.49530000000000002,0,0,0,0,1,1,1,1,ThreadPool,Reproducible,canonical,native,canonical-pairwise-v1-leaf1024,ThreadPool,8,8
1,1.6.0,1.6.0,MSVC 1944,Windows,x86_64,unreported,axpy,double,65536,contiguous,1,stable,13,0.50439999999999996,0,0,0,0,1,1,1,1,ThreadPool,Reproducible,canonical,native,canonical-pairwise-v1-leaf1024,ThreadPool,8,8
1,1.6.0,1.6.0,MSVC 1944,Windows,x86_64,unreported,axpy,double,65536,contiguous,1,stable,14,0.49819999999999998,0,0,0,0,1,1,1,1,ThreadPool,Reproducible,canonical,native,canonical-pairwise-v1-leaf1024,ThreadPool,8,8
1,1.6.0,1.6.0,MSVC 1944,Windows,x86_64,unreported,axpy,double,65536,contiguous,1,stable,15,0.40189999999999998,0,0,0,0,1,1,1,1,ThreadPool,Reproducible,canonical,native,canonical-pairwise-v1-leaf1024,ThreadPool,8,8
1,1.6.0,1.6.0,MSVC 1944,Windows,x86_64,unreported,axpy,double,65536,contiguous,1,stable,16,0.50190000000000001,0,0,0,0,1,1,1,1,ThreadPool,Reproducible,canonical,native,canonical-pairwise-v1-leaf1024,ThreadPool,8,8
1,1.6.0,1.6.0,MSVC 1944,Windows,x86_64,unreported,axpy,double,65536,contiguous,1,stable,17,0.51539999999999997,0,0,0,0,1,1,1,1,ThreadPool,Reproducible,canonical,native,canonical-pairwise-v1-leaf1024,ThreadPool,8,8
1,1.6.0,1.6.0,MSVC 1944,Windows,x86_64,unreported,axpy,double,65536,contiguous,1,stable,18,0.38279999999999997,0,0,0,0,1,1,1,1,ThreadPool,Reproducible,canonical,native,canonical-pairwise-v1-leaf1024,ThreadPool,8,8
1,1.6.0,1.6.0,MSVC 1944,Windows,x86_64,unreported,axpy,double,65536,contiguous,1,stable,19,0.50529999999999997,0,0,0,0,1,1,1,1,ThreadPool,Reproducible,canonical,native,canonical-pairwise-v1-leaf1024,ThreadPool,8,8
1,1.6.0,1.6.0,MSVC 1944,Windows,x86_64,unreported,axpy,double,65536,contiguous,1,stable,20,0.4945,0,0,0,0,1,1,1,1,ThreadPool,Reproducible,canonical,native,canonical-pairwise-v1-leaf1024,ThreadPool,8,8
1,1.6.0,1.6.0,MSVC 1944,Windows,x86_64,unreported,axpy,double,65536,contiguous,1,stable,21,0.499,0,0,0,0,1,1,1,1,ThreadPool,Reproducible,canonical,native,canonical-pairwise-v1-leaf1024,ThreadPool,8,8
1,1.6.0,1.6.0,MSVC 1944,Windows,x86_64,unreported,axpy,double,65536,contiguous,1,stable,22,0.50029999999999997,0,0,0,0,1,1,1,1,ThreadPool,Reproducible,canonical,native,canonical-pairwise-v1-leaf1024,ThreadPool,8,8
1,1.6.0,1.6.0,MSVC 1944,Windows,x86_64,unreported,axpy,double,65536,contiguous,1,stable,23,0.51639999999999997,0,0,0,0,1,1,1,1,ThreadPool,Reproducible,canonical,native,canonical-pairwise-v1-leaf1024,ThreadPool,8,8
1,1.6.0,1.6.0,MSVC 1944,Windows,x86_64,unreported,axpy,double,65536,contiguous,1,stable,24,0.51029999999999998,0,0,0,0,1,1,1,1,ThreadPool,Reproducible,canonical,native,canonical-pairwise-v1-leaf1024,ThreadPool,8,8
1,1.6.0,1.6.0,MSVC 1944,Windows,x86_64,unreported,axpy,double,65536,contiguous,1,stable,25,0.50460000000000005,0,0,0,0,1,1,1,1,ThreadPool,Reproducible,canonical,native,canonical-pairwise-v1-leaf1024,ThreadPool,8,8
1,1.6.0,1.6.0,MSVC 1944,Windows,x86_64,unreported,axpy,double,65536,contiguous,1,stable,26,0.4965,0,0,0,0,1,1,1,1,ThreadPool,Reproducible,canonical,native,canonical-pairwise-v1-leaf1024,ThreadPool,8,8
1,1.6.0,1.6.0,MSVC 1944,Windows,x86_64,unreported,axpy,double,65536,contiguous,1,stable,27,0.505,0,0,0,0,1,1,1,1,ThreadPool,Reproducible,canonical,native,canonical-pairwise-v1-leaf1024,ThreadPool,8,8
1,1.6.0,1.6.0,MSVC 1944,Windows,x86_64,unreported,axpy,double,65536,contiguous,1,stable,28,0.4919,0,0,0,0,1,1,1,1,ThreadPool,Reproducible,canonical,native,canonical-pairwise-v1-leaf1024,ThreadPool,8,8
1,1.6.0,1.6.0,MSVC 1944,Windows,x86_64,unreported,axpy,double,65536,contiguous,1,stable,29,0.50239999999999996,0,0,0,0,1,1,1,1,ThreadPool,Reproducible,canonical,native,canonical-pairwise-v1-leaf1024,ThreadPool,8,8
1,1.6.0,1.6.0,MSVC 1944,Windows,x86_64,unreported,axpy,double,65536,contiguous,1,stable,30,0.51190000000000002,0,0,0,0,1,1,1,1,ThreadPool,Reproducible,canonical,native,canonical-pairwise-v1-leaf1024,ThreadPool,8,8
1,1.6.0,1.6.0,MSVC 1944,Windows,x86_64,unreported,axpy,double,65536,contiguous,1,stable,31,0.45879999999999999,0,0,0,0,1,1,1,1,ThreadPool,Reproducible,canonical,native,canonical-pairwise-v1-leaf1024,ThreadPool,8,8
1,1.6.0,1.6.0,MSVC 1944,Windows,x86_64,unreported,axpy,double,65536,contiguous,1,first_call,0,0.39650000000000002,0,0,0,0,1,1,1,1,ThreadPool,Accurate,canonical,native,canonical-pairwise-v1-leaf1024,ThreadPool,8,8
1,1.6.0,1.6.0,MSVC 1944,Windows,x86_64,unreported,axpy,double,65536,contiguous,1,stable,1,0.50370000000000004,0,0,0,0,1,1,1,1,ThreadPool,Accurate,canonical,native,canonical-pairwise-v1-leaf1024,ThreadPool,8,8
1,1.6.0,1.6.0,MSVC 1944,Windows,x86_64,unreported,axpy,double,65536,contiguous,1,stable,2,0.50409999999999999,0,0,0,0,1,1,1,1,ThreadPool,Accurate,canonical,native,canonical-pairwise-v1-leaf1024,ThreadPool,8,8
1,1.6.0,1.6.0,MSVC 1944,Windows,x86_64,unreported,axpy,double,65536,contiguous,1,stable,3,0.50490000000000002,0,0,0,0,1,1,1,1,ThreadPool,Accurate,canonical,native,canonical-pairwise-v1-leaf1024,ThreadPool,8,8
1,1.6.0,1.6.0,MSVC 1944,Windows,x86_64,unreported,axpy,double,65536,contiguous,1,stable,4,0.50160000000000005,0,0,0,0,1,1,1,1,ThreadPool,Accurate,canonical,native,canonical-pairwise-v1-leaf1024,ThreadPool,8,8
1,1.6.0,1.6.0,MSVC 1944,Windows,x86_64,unreported,axpy,double,65536,contiguous,1,stable,5,0.50370000000000004,0,0,0,0,1,1,1,1,ThreadPool,Accurate,canonical,native,canonical-pairwise-v1-leaf1024,ThreadPool,8,8
1,1.6.0,1.6.0,MSVC 1944,Windows,x86_64,unreported,axpy,double,65536,contiguous,1,stable,6,0.501,0,0,0,0,1,1,1,1,ThreadPool,Accurate,canonical,native,canonical-pairwise-v1-leaf1024,ThreadPool,8,8
1,1.6.0,1.6.0,MSVC 1944,Windows,x86_64,unreported,axpy,double,65536,contiguous,1,stable,7,0.50990000000000002,0,0,0,0,1,1,1,1,ThreadPool,Accurate,canonical,native,canonical-pairwise-v1-leaf1024,ThreadPool,8,8
1,1.6.0,1.6.0,MSVC 1944,Windows,x86_64,unreported,axpy,double,65536,contiguous,1,stable,8,0.49809999999999999,0,0,0,0,1,1,1,1,ThreadPool,Accurate,canonical,native,canonical-pairwise-v1-leaf1024,ThreadPool,8,8
1,1.6.0,1.6.0,MSVC 1944,Windows,x86_64,unreported,axpy,double,65536,contiguous,1,stable,9,0.50680000000000003,0,0,0,0,1,1,1,1,ThreadPool,Accurate,canonical,native,canonical-pairwise-v1-leaf1024,ThreadPool,8,8
1,1.6.0,1.6.0,MSVC 1944,Windows,x86_64,unreported,axpy,double,65536,contiguous,1,stable,10,0.49399999999999999,0,0,0,0,1,1,1,1,ThreadPool,Accurate,canonical,native,canonical-pairwise-v1-leaf1024,ThreadPool,8,8
1,1.6.0,1.6.0,MSVC 1944,Windows,x86_64,unreported,axpy,double,65536,contiguous,1,stable,11,0.50319999999999998,0,0,0,0,1,1,1,1,ThreadPool,Accurate,canonical,native,canonical-pairwise-v1-leaf1024,ThreadPool,8,8
1,1.6.0,1.6.0,MSVC 1944,Windows,x86_64,unreported,axpy,double,65536,contiguous,1,stable,12,0.497,0,0,0,0,1,1,1,1,ThreadPool,Accurate,canonical,native,canonical-pairwise-v1-leaf1024,ThreadPool,8,8
1,1.6.0,1.6.0,MSVC 1944,Windows,x86_64,unreported,axpy,double,65536,contiguous,1,stable,13,0.49880000000000002,0,0,0,0,1,1,1,1,ThreadPool,Accurate,canonical,native,canonical-pairwise-v1-leaf1024,ThreadPool,8,8
1,1.6.0,1.6.0,MSVC 1944,Windows,x86_64,unreported,axpy,double,65536,contiguous,1,stable,14,0.49370000000000003,0,0,0,0,1,1,1,1,ThreadPool,Accurate,canonical,native,canonical-pairwise-v1-leaf1024,ThreadPool,8,8
1,1.6.0,1.6.0,MSVC 1944,Windows,x86_64,unreported,axpy,double,65536,contiguous,1,stable,15,0.50719999999999998,0,0,0,0,1,1,1,1,ThreadPool,Accurate,canonical,native,canonical-pairwise-v1-leaf1024,ThreadPool,8,8
1,1.6.0,1.6.0,MSVC 1944,Windows,x86_64,unreported,axpy,double,65536,contiguous,1,stable,16,0.49370000000000003,0,0,0,0,1,1,1,1,ThreadPool,Accurate,canonical,native,canonical-pairwise-v1-leaf1024,ThreadPool,8,8
1,1.6.0,1.6.0,MSVC 1944,Windows,x86_64,unreported,axpy,double,65536,contiguous,1,stable,17,0.49990000000000001,0,0,0,0,1,1,1,1,ThreadPool,Accurate,canonical,native,canonical-pairwise-v1-leaf1024,ThreadPool,8,8
1,1.6.0,1.6.0,MSVC 1944,Windows,x86_64,unreported,axpy,double,65536,contiguous,1,stable,18,0.5,0,0,0,0,1,1,1,1,ThreadPool,Accurate,canonical,native,canonical-pairwise-v1-leaf1024,ThreadPool,8,8
1,1.6.0,1.6.0,MSVC 1944,Windows,x86_64,unreported,axpy,double,65536,contiguous,1,stable,19,0.49619999999999997,0,0,0,0,1,1,1,1,ThreadPool,Accurate,canonical,native,canonical-pairwise-v1-leaf1024,ThreadPool,8,8
1,1.6.0,1.6.0,MSVC 1944,Windows,x86_64,unreported,axpy,double,65536,contiguous,1,stable,20,0.49690000000000001,0,0,0,0,1,1,1,1,ThreadPool,Accurate,canonical,native,canonical-pairwise-v1-leaf1024,ThreadPool,8,8
1,1.6.0,1.6.0,MSVC 1944,Windows,x86_64,unreported,axpy,double,65536,contiguous,1,stable,21,0.4985,0,0,0,0,1,1,1,1,ThreadPool,Accurate,canonical,native,canonical-pairwise-v1-leaf1024,ThreadPool,8,8
1,1.6.0,1.6.0,MSVC 1944,Windows,x86_64,unreported,axpy,double,65536,contiguous,1,stable,22,0.50329999999999997,0,0,0,0,1,1,1,1,ThreadPool,Accurate,canonical,native,canonical-pairwise-v1-leaf1024,ThreadPool,8,8
1,1.6.0,1.6.0,MSVC 1944,Windows,x86_64,unreported,axpy,double,65536,contiguous,1,stable,23,0.50109999999999999,0,0,0,0,1,1,1,1,ThreadPool,Accurate,canonical,native,canonical-pairwise-v1-leaf1024,ThreadPool,8,8
1,1.6.0,1.6.0,MSVC 1944,Windows,x86_64,unreported,axpy,double,65536,contiguous,1,stable,24,0.50870000000000004,0,0,0,0,1,1,1,1,ThreadPool,Accurate,canonical,native,canonical-pairwise-v1-leaf1024,ThreadPool,8,8
1,1.6.0,1.6.0,MSVC 1944,Windows,x86_64,unreported,axpy,double,65536,contiguous,1,stable,25,0.5,0,0,0,0,1,1,1,1,ThreadPool,Accurate,canonical,native,canonical-pairwise-v1-leaf1024,ThreadPool,8,8
1,1.6.0,1.6.0,MSVC 1944,Windows,x86_64,unreported,axpy,double,65536,contiguous,1,stable,26,0.49919999999999998,0,0,0,0,1,1,1,1,ThreadPool,Accurate,canonical,native,canonical-pairwise-v1-leaf1024,ThreadPool,8,8
1,1.6.0,1.6.0,MSVC 1944,Windows,x86_64,unreported,axpy,double,65536,contiguous,1,stable,27,0.50090000000000001,0,0,0,0,1,1,1,1,ThreadPool,Accurate,canonical,native,canonical-pairwise-v1-leaf1024,ThreadPool,8,8
1,1.6.0,1.6.0,MSVC 1944,Windows,x86_64,unreported,axpy,double,65536,contiguous,1,stable,28,0.50370000000000004,0,0,0,0,1,1,1,1,ThreadPool,Accurate,canonical,native,canonical-pairwise-v1-leaf1024,ThreadPool,8,8
1,1.6.0,1.6.0,MSVC 1944,Windows,x86_64,unreported,axpy,double,65536,contiguous,1,stable,29,0.49459999999999998,0,0,0,0,1,1,1,1,ThreadPool,Accurate,canonical,native,canonical-pairwise-v1-leaf1024,ThreadPool,8,8
1,1.6.0,1.6.0,MSVC 1944,Windows,x86_64,unreported,axpy,double,65536,contiguous,1,stable,30,0.50260000000000005,0,0,0,0,1,1,1,1,ThreadPool,Accurate,canonical,native,canonical-pairwise-v1-leaf1024,ThreadPool,8,8
1,1.6.0,1.6.0,MSVC 1944,Windows,x86_64,unreported,axpy,double,65536,contiguous,1,stable,31,0.50119999999999998,0,0,0,0,1,1,1,1,ThreadPool,Accurate,canonical,native,canonical-pairwise-v1-leaf1024,ThreadPool,8,8
1,1.6.0,1.6.0,MSVC 1944,Windows,x86_64,unreported,axpy_direct_sequential,double,65536,contiguous,1,first_call,0,0.044999999999999998,0,0,0,0,1,1,1,1,DirectSequential,Fast,adaptive,native,none,Auto,1,1
1,1.6.0,1.6.0,MSVC 1944,Windows,x86_64,unreported,axpy_direct_sequential,double,65536,contiguous,1,stable,1,0.043700000000000003,0,0,0,0,1,1,1,1,DirectSequential,Fast,adaptive,native,none,Auto,1,1
1,1.6.0,1.6.0,MSVC 1944,Windows,x86_64,unreported,axpy_direct_sequential,double,65536,contiguous,1,stable,2,0.0436,0,0,0,0,1,1,1,1,DirectSequential,Fast,adaptive,native,none,Auto,1,1
1,1.6.0,1.6.0,MSVC 1944,Windows,x86_64,unreported,axpy_direct_sequential,double,65536,contiguous,1,stable,3,0.043400000000000001,0,0,0,0,1,1,1,1,DirectSequential,Fast,adaptive,native,none,Auto,1,1
1,1.6.0,1.6.0,MSVC 1944,Windows,x86_64,unreported,axpy_direct_sequential,double,65536,contiguous,1,stable,4,0.052299999999999999,0,0,0,0,1,1,1,1,DirectSequential,Fast,adaptive,native,none,Auto,1,1
1,1.6.0,1.6.0,MSVC 1944,Windows,x86_64,unreported,axpy_direct_sequential,double,65536,contiguous,1,stable,5,0.043499999999999997,0,0,0,0,1,1,1,1,DirectSequential,Fast,adaptive,native,none,Auto,1,1
1,1.6.0,1.6.0,MSVC 1944,Windows,x86_64,unreported,axpy_direct_sequential,double,65536,contiguous,1,stable,6,0.0436,0,0,0,0,1,1,1,1,DirectSequential,Fast,adaptive,native,none,Auto,1,1
1,1.6.0,1.6.0,MSVC 1944,Windows,x86_64,unreported,axpy_direct_sequential,double,65536,contiguous,1,stable,7,0.0436,0,0,0,0,1,1,1,1,DirectSequential,Fast,adaptive,native,none,Auto,1,1
1,1.6.0,1.6.0,MSVC 1944,Windows,x86_64,unreported,axpy_direct_sequential,double,65536,contiguous,1,stable,8,0.0436,0,0,0,0,1,1,1,1,DirectSequential,Fast,adaptive,native,none,Auto,1,1
1,1.6.0,1.6.0,MSVC 1944,Windows,x86_64,unreported,axpy_direct_sequential,double,65536,contiguous,1,stable,9,0.043999999999999997,0,0,0,0,1,1,1,1,DirectSequential,Fast,adaptive,native,none,Auto,1,1
1,1.6.0,1.6.0,MSVC 1944,Windows,x86_64,unreported,axpy_direct_sequential,double,65536,contiguous,1,stable,10,0.043700000000000003,0,0,0,0,1,1,1,1,DirectSequential,Fast,adaptive,native,none,Auto,1,1
1,1.6.0,1.6.0,MSVC 1944,Windows,x86_64,unreported,axpy_direct_sequential,double,65536,contiguous,1,stable,11,0.0441,0,0,0,0,1,1,1,1,DirectSequential,Fast,adaptive,native,none,Auto,1,1
1,1.6.0,1.6.0,MSVC 1944,Windows,x86_64,unreported,axpy_direct_sequential,double,65536,contiguous,1,stable,12,0.043999999999999997,0,0,0,0,1,1,1,1,DirectSequential,Fast,adaptive,native,none,Auto,1,1
1,1.6.0,1.6.0,MSVC 1944,Windows,x86_64,unreported,axpy_direct_sequential,double,65536,contiguous,1,stable,13,0.043999999999999997,0,0,0,0,1,1,1,1,DirectSequential,Fast,adaptive,native,none,Auto,1,1
1,1.6.0,1.6.0,MSVC 1944,Windows,x86_64,unreported,axpy_direct_sequential,double,65536,contiguous,1,stable,14,0.043900000000000002,0,0,0,0,1,1,1,1,DirectSequential,Fast,adaptive,native,none,Auto,1,1
1,1.6.0,1.6.0,MSVC 1944,Windows,x86_64,unreported,axpy_direct_sequential,double,65536,contiguous,1,stable,15,0.043999999999999997,0,0,0,0,1,1,1,1,DirectSequential,Fast,adaptive,native,none,Auto,1,1
1,1.6.0,1.6.0,MSVC 1944,Windows,x86_64,unreported,axpy_direct_sequential,double,65536,contiguous,1,stable,16,0.043799999999999999,0,0,0,0,1,1,1,1,DirectSequential,Fast,adaptive,native,none,Auto,1,1
1,1.6.0,1.6.0,MSVC 1944,Windows,x86_64,unreported,axpy_direct_sequential,double,65536,contiguous,1,stable,17,0.0436,0,0,0,0,1,1,1,1,DirectSequential,Fast,adaptive,native,none,Auto,1,1
1,1.6.0,1.6.0,MSVC 1944,Windows,x86_64,unreported,axpy_direct_sequential,double,65536,contiguous,1,stable,18,0.043900000000000002,0,0,0,0,1,1,1,1,DirectSequential,Fast,adaptive,native,none,Auto,1,1
1,1.6.0,1.6.0,MSVC 1944,Windows,x86_64,unreported,axpy_direct_sequential,double,65536,contiguous,1,stable,19,0.0458,0,0,0,0,1,1,1,1,DirectSequential,Fast,adaptive,native,none,Auto,1,1
1,1.6.0,1.6.0,MSVC 1944,Windows,x86_64,unreported,axpy_direct_sequential,double,65536,contiguous,1,stable,20,0.050000000000000003,0,0,0,0,1,1,1,1,DirectSequential,Fast,adaptive,native,none,Auto,1,1
1,1.6.0,1.6.0,MSVC 1944,Windows,x86_64,unreported,axpy_direct_sequential,double,65536,contiguous,1,stable,21,0.043799999999999999,0,0,0,0,1,1,1,1,DirectSequential,Fast,adaptive,native,none,Auto,1,1
1,1.6.0,1.6.0,MSVC 1944,Windows,x86_64,unreported,axpy_direct_sequential,double,65536,contiguous,1,stable,22,0.043999999999999997,0,0,0,0,1,1,1,1,DirectSequential,Fast,adaptive,native,none,Auto,1,1
1,1.6.0,1.6.0,MSVC 1944,Windows,x86_64,unreported,axpy_direct_sequential,double,65536,contiguous,1,stable,23,0.043900000000000002,0,0,0,0,1,1,1,1,DirectSequential,Fast,adaptive,native,none,Auto,1,1
1,1.6.0,1.6.0,MSVC 1944,Windows,x86_64,unreported,axpy_direct_sequential,double,65536,contiguous,1,stable,24,0.050900000000000001,0,0,0,0,1,1,1,1,DirectSequential,Fast,adaptive,native,none,Auto,1,1
1,1.6.0,1.6.0,MSVC 1944,Windows,x86_64,unreported,axpy_direct_sequential,double,65536,contiguous,1,stable,25,0.043700000000000003,0,0,0,0,1,1,1,1,DirectSequential,Fast,adaptive,native,none,Auto,1,1
1,1.6.0,1.6.0,MSVC 1944,Windows,x86_64,unreported,axpy_direct_sequential,double,65536,contiguous,1,stable,26,0.043400000000000001,0,0,0,0,1,1,1,1,DirectSequential,Fast,adaptive,native,none,Auto,1,1
1,1.6.0,1.6.0,MSVC 1944,Windows,x86_64,unreported,axpy_direct_sequential,double,65536,contiguous,1,stable,27,0.043400000000000001,0,0,0,0,1,1,1,1,DirectSequential,Fast,adaptive,native,none,Auto,1,1
1,1.6.0,1.6.0,MSVC 1944,Windows,x86_64,unreported,axpy_direct_sequential,double,65536,contiguous,1,stable,28,0.043799999999999999,0,0,0,0,1,1,1,1,DirectSequential,Fast,adaptive,native,none,Auto,1,1
1,1.6.0,1.6.0,MSVC 1944,Windows,x86_64,unreported,axpy_direct_sequential,double,65536,contiguous,1,stable,29,0.043499999999999997,0,0,0,0,1,1,1,1,DirectSequential,Fast,adaptive,native,none,Auto,1,1
1,1.6.0,1.6.0,MSVC 1944,Windows,x86_64,unreported,axpy_direct_sequential,double,65536,contiguous,1,stable,30,0.043400000000000001,0,0,0,0,1,1,1,1,DirectSequential,Fast,adaptive,native,none,Auto,1,1
1,1.6.0,1.6.0,MSVC 1944,Windows,x86_64,unreported,axpy_direct_sequential,double,65536,contiguous,1,stable,31,0.043499999999999997,0,0,0,0,1,1,1,1,DirectSequential,Fast,adaptive,native,none,Auto,1,1
1,1.6.0,1.6.0,MSVC 1944,Windows,x86_64,unreported,sum,double,1048576,contiguous,1,first_call,0,0.38550000000000001,4638345064186406256,122.84782612735512,2.319211489520967e-11,1.8878734468745612e-13,1,1,1,1,ThreadPool,Fast,adaptive,native,none,ThreadPool,8,8
1,1.6.0,1.6.0,MSVC 1944,Windows,x86_64,unreported,sum,double,1048576,contiguous,1,stable,1,0.3931,4638345064186406256,122.84782612735512,2.319211489520967e-11,1.8878734468745612e-13,1,1,1,1,ThreadPool,Fast,adaptive,native,none,ThreadPool,8,8
1,1.6.0,1.6.0,MSVC 1944,Windows,x86_64,unreported,sum,double,1048576,contiguous,1,stable,2,0.19489999999999999,4638345064186406256,122.84782612735512,2.319211489520967e-11,1.8878734468745612e-13,1,1,1,1,ThreadPool,Fast,adaptive,native,none,ThreadPool,8,8
1,1.6.0,1.6.0,MSVC 1944,Windows,x86_64,unreported,sum,double,1048576,contiguous,1,stable,3,0.2094,4638345064186406256,122.84782612735512,2.319211489520967e-11,1.8878734468745612e-13,1,1,1,1,ThreadPool,Fast,adaptive,native,none,ThreadPool,8,8
1,1.6.0,1.6.0,MSVC 1944,Windows,x86_64,unreported,sum,double,1048576,contiguous,1,stable,4,0.15529999999999999,4638345064186406256,122.84782612735512,2.319211489520967e-11,1.8878734468745612e-13,1,1,1,1,ThreadPool,Fast,adaptive,native,none,ThreadPool,8,8
1,1.6.0,1.6.0,MSVC 1944,Windows,x86_64,unreported,sum,double,1048576,contiguous,1,stable,5,0.16589999999999999,4638345064186406256,122.84782612735512,2.319211489520967e-11,1.8878734468745612e-13,1,1,1,1,ThreadPool,Fast,adaptive,native,none,ThreadPool,8,8
1,1.6.0,1.6.0,MSVC 1944,Windows,x86_64,unreported,sum,double,1048576,contiguous,1,stable,6,0.16839999999999999,4638345064186406256,122.84782612735512,2.319211489520967e-11,1.8878734468745612e-13,1,1,1,1,ThreadPool,Fast,adaptive,native,none,ThreadPool,8,8
1,1.6.0,1.6.0,MSVC 1944,Windows,x86_64,unreported,sum,double,1048576,contiguous,1,stable,7,0.15440000000000001,4638345064186406256,122.84782612735512,2.319211489520967e-11,1.8878734468745612e-13,1,1,1,1,ThreadPool,Fast,adaptive,native,none,ThreadPool,8,8
1,1.6.0,1.6.0,MSVC 1944,Windows,x86_64,unreported,sum,double,1048576,contiguous,1,stable,8,0.14630000000000001,4638345064186406256,122.84782612735512,2.319211489520967e-11,1.8878734468745612e-13,1,1,1,1,ThreadPool,Fast,adaptive,native,none,ThreadPool,8,8
1,1.6.0,1.6.0,MSVC 1944,Windows,x86_64,unreported,sum,double,1048576,contiguous,1,stable,9,0.15559999999999999,4638345064186406256,122.84782612735512,2.319211489520967e-11,1.8878734468745612e-13,1,1,1,1,ThreadPool,Fast,adaptive,native,none,ThreadPool,8,8
1,1.6.0,1.6.0,MSVC 1944,Windows,x86_64,unreported,sum,double,1048576,contiguous,1,stable,10,0.2084,4638345064186406256,122.84782612735512,2.319211489520967e-11,1.8878734468745612e-13,1,1,1,1,ThreadPool,Fast,adaptive,native,none,ThreadPool,8,8
1,1.6.0,1.6.0,MSVC 1944,Windows,x86_64,unreported,sum,double,1048576,contiguous,1,stable,11,0.16700000000000001,4638345064186406256,122.84782612735512,2.319211489520967e-11,1.8878734468745612e-13,1,1,1,1,ThreadPool,Fast,adaptive,native,none,ThreadPool,8,8
1,1.6.0,1.6.0,MSVC 1944,Windows,x86_64,unreported,sum,double,1048576,contiguous,1,stable,12,0.1595,4638345064186406256,122.84782612735512,2.319211489520967e-11,1.8878734468745612e-13,1,1,1,1,ThreadPool,Fast,adaptive,native,none,ThreadPool,8,8
1,1.6.0,1.6.0,MSVC 1944,Windows,x86_64,unreported,sum,double,1048576,contiguous,1,stable,13,0.14599999999999999,4638345064186406256,122.84782612735512,2.319211489520967e-11,1.8878734468745612e-13,1,1,1,1,ThreadPool,Fast,adaptive,native,none,ThreadPool,8,8
1,1.6.0,1.6.0,MSVC 1944,Windows,x86_64,unreported,sum,double,1048576,contiguous,1,stable,14,0.14530000000000001,4638345064186406256,122.84782612735512,2.319211489520967e-11,1.8878734468745612e-13,1,1,1,1,ThreadPool,Fast,adaptive,native,none,ThreadPool,8,8
1,1.6.0,1.6.0,MSVC 1944,Windows,x86_64,unreported,sum,double,1048576,contiguous,1,stable,15,0.15529999999999999,4638345064186406256,122.84782612735512,2.319211489520967e-11,1.8878734468745612e-13,1,1,1,1,ThreadPool,Fast,adaptive,native,none,ThreadPool,8,8
1,1.6.0,1.6.0,MSVC 1944,Windows,x86_64,unreported,sum,double,1048576,contiguous,1,stable,16,0.15790000000000001,4638345064186406256,122.84782612735512,2.319211489520967e-11,1.8878734468745612e-13,1,1,1,1,ThreadPool,Fast,adaptive,native,none,ThreadPool,8,8
1,1.6.0,1.6.0,MSVC 1944,Windows,x86_64,unreported,sum,double,1048576,contiguous,1,stable,17,0.1484,4638345064186406256,122.84782612735512,2.319211489520967e-11,1.8878734468745612e-13,1,1,1,1,ThreadPool,Fast,adaptive,native,none,ThreadPool,8,8
1,1.6.0,1.6.0,MSVC 1944,Windows,x86_64,unreported,sum,double,1048576,contiguous,1,stable,18,0.16059999999999999,4638345064186406256,122.84782612735512,2.319211489520967e-11,1.8878734468745612e-13,1,1,1,1,ThreadPool,Fast,adaptive,native,none,ThreadPool,8,8
1,1.6.0,1.6.0,MSVC 1944,Windows,x86_64,unreported,sum,double,1048576,contiguous,1,stable,19,0.19789999999999999,4638345064186406256,122.84782612735512,2.319211489520967e-11,1.8878734468745612e-13,1,1,1,1,ThreadPool,Fast,adaptive,native,none,ThreadPool,8,8
1,1.6.0,1.6.0,MSVC 1944,Windows,x86_64,unreported,sum,double,1048576,contiguous,1,stable,20,0.15870000000000001,4638345064186406256,122.84782612735512,2.319211489520967e-11,1.8878734468745612e-13,1,1,1,1,ThreadPool,Fast,adaptive,native,none,ThreadPool,8,8
1,1.6.0,1.6.0,MSVC 1944,Windows,x86_64,unreported,sum,double,1048576,contiguous,1,stable,21,0.17299999999999999,4638345064186406256,122.84782612735512,2.319211489520967e-11,1.8878734468745612e-13,1,1,1,1,ThreadPool,Fast,adaptive,native,none,ThreadPool,8,8
1,1.6.0,1.6.0,MSVC 1944,Windows,x86_64,unreported,sum,double,1048576,contiguous,1,stable,22,0.1542,4638345064186406256,122.84782612735512,2.319211489520967e-11,1.8878734468745612e-13,1,1,1,1,ThreadPool,Fast,adaptive,native,none,ThreadPool,8,8
1,1.6.0,1.6.0,MSVC 1944,Windows,x86_64,unreported,sum,double,1048576,contiguous,1,stable,23,0.14119999999999999,4638345064186406256,122.84782612735512,2.319211489520967e-11,1.8878734468745612e-13,1,1,1,1,ThreadPool,Fast,adaptive,native,none,ThreadPool,8,8
1,1.6.0,1.6.0,MSVC 1944,Windows,x86_64,unreported,sum,double,1048576,contiguous,1,stable,24,0.2029,4638345064186406256,122.84782612735512,2.319211489520967e-11,1.8878734468745612e-13,1,1,1,1,ThreadPool,Fast,adaptive,native,none,ThreadPool,8,8
1,1.6.0,1.6.0,MSVC 1944,Windows,x86_64,unreported,sum,double,1048576,contiguous,1,stable,25,0.17949999999999999,4638345064186406256,122.84782612735512,2.319211489520967e-11,1.8878734468745612e-13,1,1,1,1,ThreadPool,Fast,adaptive,native,none,ThreadPool,8,8
1,1.6.0,1.6.0,MSVC 1944,Windows,x86_64,unreported,sum,double,1048576,contiguous,1,stable,26,0.17949999999999999,4638345064186406256,122.84782612735512,2.319211489520967e-11,1.8878734468745612e-13,1,1,1,1,ThreadPool,Fast,adaptive,native,none,ThreadPool,8,8
1,1.6.0,1.6.0,MSVC 1944,Windows,x86_64,unreported,sum,double,1048576,contiguous,1,stable,27,0.14860000000000001,4638345064186406256,122.84782612735512,2.319211489520967e-11,1.8878734468745612e-13,1,1,1,1,ThreadPool,Fast,adaptive,native,none,ThreadPool,8,8
1,1.6.0,1.6.0,MSVC 1944,Windows,x86_64,unreported,sum,double,1048576,contiguous,1,stable,28,0.18640000000000001,4638345064186406256,122.84782612735512,2.319211489520967e-11,1.8878734468745612e-13,1,1,1,1,ThreadPool,Fast,adaptive,native,none,ThreadPool,8,8
1,1.6.0,1.6.0,MSVC 1944,Windows,x86_64,unreported,sum,double,1048576,contiguous,1,stable,29,0.18759999999999999,4638345064186406256,122.84782612735512,2.319211489520967e-11,1.8878734468745612e-13,1,1,1,1,ThreadPool,Fast,adaptive,native,none,ThreadPool,8,8
1,1.6.0,1.6.0,MSVC 1944,Windows,x86_64,unreported,sum,double,1048576,contiguous,1,stable,30,0.17150000000000001,4638345064186406256,122.84782612735512,2.319211489520967e-11,1.8878734468745612e-13,1,1,1,1,ThreadPool,Fast,adaptive,native,none,ThreadPool,8,8
1,1.6.0,1.6.0,MSVC 1944,Windows,x86_64,unreported,sum,double,1048576,contiguous,1,stable,31,0.15479999999999999,4638345064186406256,122.84782612735512,2.319211489520967e-11,1.8878734468745612e-13,1,1,1,1,ThreadPool,Fast,adaptive,native,none,ThreadPool,8,8
1,1.6.0,1.6.0,MSVC 1944,Windows,x86_64,unreported,dot,double,1048576,contiguous,1,first_call,0,4.6227,13905019138771679481,-100563.75622412625,2.9976945370435715e-09,2.980889586465541e-14,1,1,1,1,ThreadPool,Fast,adaptive,native,none,ThreadPool,8,8
1,1.6.0,1.6.0,MSVC 1944,Windows,x86_64,unreported,dot,double,1048576,contiguous,1,stable,1,3.2597999999999998,13905019138771679481,-100563.75622412625,2.9976945370435715e-09,2.980889586465541e-14,1,1,1,1,ThreadPool,Fast,adaptive,native,none,ThreadPool,8,8
1,1.6.0,1.6.0,MSVC 1944,Windows,x86_64,unreported,dot,double,1048576,contiguous,1,stable,2,4.6280999999999999,13905019138771679481,-100563.75622412625,2.9976945370435715e-09,2.980889586465541e-14,1,1,1,1,ThreadPool,Fast,adaptive,native,none,ThreadPool,8,8
1,1.6.0,1.6.0,MSVC 1944,Windows,x86_64,unreported,dot,double,1048576,contiguous,1,stable,3,4.6246,13905019138771679481,-100563.75622412625,2.9976945370435715e-09,2.980889586465541e-14,1,1,1,1,ThreadPool,Fast,adaptive,native,none,ThreadPool,8,8
1,1.6.0,1.6.0,MSVC 1944,Windows,x86_64,unreported,dot,double,1048576,contiguous,1,stable,4,4.6317000000000004,13905019138771679481,-100563.75622412625,2.9976945370435715e-09,2.980889586465541e-14,1,1,1,1,ThreadPool,Fast,adaptive,native,none,ThreadPool,8,8
1,1.6.0,1.6.0,MSVC 1944,Windows,x86_64,unreported,dot,double,1048576,contiguous,1,stable,5,4.6237000000000004,13905019138771679481,-100563.75622412625,2.9976945370435715e-09,2.980889586465541e-14,1,1,1,1,ThreadPool,Fast,adaptive,native,none,ThreadPool,8,8
1,1.6.0,1.6.0,MSVC 1944,Windows,x86_64,unreported,dot,double,1048576,contiguous,1,stable,6,4.6264000000000003,13905019138771679481,-100563.75622412625,2.9976945370435715e-09,2.980889586465541e-14,1,1,1,1,ThreadPool,Fast,adaptive,native,none,ThreadPool,8,8
1,1.6.0,1.6.0,MSVC 1944,Windows,x86_64,unreported,dot,double,1048576,contiguous,1,stable,7,4.6459000000000001,13905019138771679481,-100563.75622412625,2.9976945370435715e-09,2.980889586465541e-14,1,1,1,1,ThreadPool,Fast,adaptive,native,none,ThreadPool,8,8
1,1.6.0,1.6.0,MSVC 1944,Windows,x86_64,unreported,dot,double,1048576,contiguous,1,stable,8,4.6402999999999999,13905019138771679481,-100563.75622412625,2.9976945370435715e-09,2.980889586465541e-14,1,1,1,1,ThreadPool,Fast,adaptive,native,none,ThreadPool,8,8
1,1.6.0,1.6.0,MSVC 1944,Windows,x86_64,unreported,dot,double,1048576,contiguous,1,stable,9,4.6203000000000003,13905019138771679481,-100563.75622412625,2.9976945370435715e-09,2.980889586465541e-14,1,1,1,1,ThreadPool,Fast,adaptive,native,none,ThreadPool,8,8
1,1.6.0,1.6.0,MSVC 1944,Windows,x86_64,unreported,dot,double,1048576,contiguous,1,stable,10,4.6332000000000004,13905019138771679481,-100563.75622412625,2.9976945370435715e-09,2.980889586465541e-14,1,1,1,1,ThreadPool,Fast,adaptive,native,none,ThreadPool,8,8
1,1.6.0,1.6.0,MSVC 1944,Windows,x86_64,unreported,dot,double,1048576,contiguous,1,stable,11,4.6220999999999997,13905019138771679481,-100563.75622412625,2.9976945370435715e-09,2.980889586465541e-14,1,1,1,1,ThreadPool,Fast,adaptive,native,none,ThreadPool,8,8
1,1.6.0,1.6.0,MSVC 1944,Windows,x86_64,unreported,dot,double,1048576,contiguous,1,stable,12,4.6166,13905019138771679481,-100563.75622412625,2.9976945370435715e-09,2.980889586465541e-14,1,1,1,1,ThreadPool,Fast,adaptive,native,none,ThreadPool,8,8
1,1.6.0,1.6.0,MSVC 1944,Windows,x86_64,unreported,dot,double,1048576,contiguous,1,stable,13,4.6363000000000003,13905019138771679481,-100563.75622412625,2.9976945370435715e-09,2.980889586465541e-14,1,1,1,1,ThreadPool,Fast,adaptive,native,none,ThreadPool,8,8
1,1.6.0,1.6.0,MSVC 1944,Windows,x86_64,unreported,dot,double,1048576,contiguous,1,stable,14,4.6269999999999998,13905019138771679481,-100563.75622412625,2.9976945370435715e-09,2.980889586465541e-14,1,1,1,1,ThreadPool,Fast,adaptive,native,none,ThreadPool,8,8
1,1.6.0,1.6.0,MSVC 1944,Windows,x86_64,unreported,dot,double,1048576,contiguous,1,stable,15,4.6163999999999996,13905019138771679481,-100563.75622412625,2.9976945370435715e-09,2.980889586465541e-14,1,1,1,1,ThreadPool,Fast,adaptive,native,none,ThreadPool,8,8
1,1.6.0,1.6.0,MSVC 1944,Windows,x86_64,unreported,dot,double,1048576,contiguous,1,stable,16,4.6249000000000002,13905019138771679481,-100563.75622412625,2.9976945370435715e-09,2.980889586465541e-14,1,1,1,1,ThreadPool,Fast,adaptive,native,none,ThreadPool,8,8
1,1.6.0,1.6.0,MSVC 1944,Windows,x86_64,unreported,dot,double,1048576,contiguous,1,stable,17,6.1475999999999997,13905019138771679481,-100563.75622412625,2.9976945370435715e-09,2.980889586465541e-14,1,1,1,1,ThreadPool,Fast,adaptive,native,none,ThreadPool,8,8
1,1.6.0,1.6.0,MSVC 1944,Windows,x86_64,unreported,dot,double,1048576,contiguous,1,stable,18,4.6889000000000003,13905019138771679481,-100563.75622412625,2.9976945370435715e-09,2.980889586465541e-14,1,1,1,1,ThreadPool,Fast,adaptive,native,none,ThreadPool,8,8
1,1.6.0,1.6.0,MSVC 1944,Windows,x86_64,unreported,dot,double,1048576,contiguous,1,stable,19,3.2692999999999999,13905019138771679481,-100563.75622412625,2.9976945370435715e-09,2.980889586465541e-14,1,1,1,1,ThreadPool,Fast,adaptive,native,none,ThreadPool,8,8
1,1.6.0,1.6.0,MSVC 1944,Windows,x86_64,unreported,dot,double,1048576,contiguous,1,stable,20,4.7257999999999996,13905019138771679481,-100563.75622412625,2.9976945370435715e-09,2.980889586465541e-14,1,1,1,1,ThreadPool,Fast,adaptive,native,none,ThreadPool,8,8
1,1.6.0,1.6.0,MSVC 1944,Windows,x86_64,unreported,dot,double,1048576,contiguous,1,stable,21,4.6266999999999996,13905019138771679481,-100563.75622412625,2.9976945370435715e-09,2.980889586465541e-14,1,1,1,1,ThreadPool,Fast,adaptive,native,none,ThreadPool,8,8
1,1.6.0,1.6.0,MSVC 1944,Windows,x86_64,unreported,dot,double,1048576,contiguous,1,stable,22,4.6337999999999999,13905019138771679481,-100563.75622412625,2.9976945370435715e-09,2.980889586465541e-14,1,1,1,1,ThreadPool,Fast,adaptive,native,none,ThreadPool,8,8
1,1.6.0,1.6.0,MSVC 1944,Windows,x86_64,unreported,dot,double,1048576,contiguous,1,stable,23,4.6544999999999996,13905019138771679481,-100563.75622412625,2.9976945370435715e-09,2.980889586465541e-14,1,1,1,1,ThreadPool,Fast,adaptive,native,none,ThreadPool,8,8
1,1.6.0,1.6.0,MSVC 1944,Windows,x86_64,unreported,dot,double,1048576,contiguous,1,stable,24,4.6528999999999998,13905019138771679481,-100563.75622412625,2.9976945370435715e-09,2.980889586465541e-14,1,1,1,1,ThreadPool,Fast,adaptive,native,none,ThreadPool,8,8
1,1.6.0,1.6.0,MSVC 1944,Windows,x86_64,unreported,dot,double,1048576,contiguous,1,stable,25,4.6436999999999999,13905019138771679481,-100563.75622412625,2.9976945370435715e-09,2.980889586465541e-14,1,1,1,1,ThreadPool,Fast,adaptive,native,none,ThreadPool,8,8
1,1.6.0,1.6.0,MSVC 1944,Windows,x86_64,unreported,dot,double,1048576,contiguous,1,stable,26,4.6345000000000001,13905019138771679481,-100563.75622412625,2.9976945370435715e-09,2.980889586465541e-14,1,1,1,1,ThreadPool,Fast,adaptive,native,none,ThreadPool,8,8
1,1.6.0,1.6.0,MSVC 1944,Windows,x86_64,unreported,dot,double,1048576,contiguous,1,stable,27,4.6341999999999999,13905019138771679481,-100563.75622412625,2.9976945370435715e-09,2.980889586465541e-14,1,1,1,1,ThreadPool,Fast,adaptive,native,none,ThreadPool,8,8
1,1.6.0,1.6.0,MSVC 1944,Windows,x86_64,unreported,dot,double,1048576,contiguous,1,stable,28,4.6688000000000001,13905019138771679481,-100563.75622412625,2.9976945370435715e-09,2.980889586465541e-14,1,1,1,1,ThreadPool,Fast,adaptive,native,none,ThreadPool,8,8
1,1.6.0,1.6.0,MSVC 1944,Windows,x86_64,unreported,dot,double,1048576,contiguous,1,stable,29,4.6262999999999996,13905019138771679481,-100563.75622412625,2.9976945370435715e-09,2.980889586465541e-14,1,1,1,1,ThreadPool,Fast,adaptive,native,none,ThreadPool,8,8
1,1.6.0,1.6.0,MSVC 1944,Windows,x86_64,unreported,dot,double,1048576,contiguous,1,stable,30,4.6155999999999997,13905019138771679481,-100563.75622412625,2.9976945370435715e-09,2.980889586465541e-14,1,1,1,1,ThreadPool,Fast,adaptive,native,none,ThreadPool,8,8
1,1.6.0,1.6.0,MSVC 1944,Windows,x86_64,unreported,dot,double,1048576,contiguous,1,stable,31,4.6348000000000003,13905019138771679481,-100563.75622412625,2.9976945370435715e-09,2.980889586465541e-14,1,1,1,1,ThreadPool,Fast,adaptive,native,none,ThreadPool,8,8
1,1.6.0,1.6.0,MSVC 1944,Windows,x86_64,unreported,norm,double,1048576,contiguous,1,first_call,0,3.2397999999999998,4645139005614007357,365.58216279425278,2.8421709430404007e-13,7.7743698470320491e-16,1,1,1,1,ThreadPool,Fast,adaptive,native,none,ThreadPool,8,8
1,1.6.0,1.6.0,MSVC 1944,Windows,x86_64,unreported,norm,double,1048576,contiguous,1,stable,1,4.6204000000000001,4645139005614007357,365.58216279425278,2.8421709430404007e-13,7.7743698470320491e-16,1,1,1,1,ThreadPool,Fast,adaptive,native,none,ThreadPool,8,8
1,1.6.0,1.6.0,MSVC 1944,Windows,x86_64,unreported,norm,double,1048576,contiguous,1,stable,2,3.2048999999999999,4645139005614007357,365.58216279425278,2.8421709430404007e-13,7.7743698470320491e-16,1,1,1,1,ThreadPool,Fast,adaptive,native,none,ThreadPool,8,8
1,1.6.0,1.6.0,MSVC 1944,Windows,x86_64,unreported,norm,double,1048576,contiguous,1,stable,3,4.6277999999999997,4645139005614007357,365.58216279425278,2.8421709430404007e-13,7.7743698470320491e-16,1,1,1,1,ThreadPool,Fast,adaptive,native,none,ThreadPool,8,8
1,1.6.0,1.6.0,MSVC 1944,Windows,x86_64,unreported,norm,double,1048576,contiguous,1,stable,4,4.6417000000000002,4645139005614007357,365.58216279425278,2.8421709430404007e-13,7.7743698470320491e-16,1,1,1,1,ThreadPool,Fast,adaptive,native,none,ThreadPool,8,8
1,1.6.0,1.6.0,MSVC 1944,Windows,x86_64,unreported,norm,double,1048576,contiguous,1,stable,5,4.6428000000000003,4645139005614007357,365.58216279425278,2.8421709430404007e-13,7.7743698470320491e-16,1,1,1,1,ThreadPool,Fast,adaptive,native,none,ThreadPool,8,8
1,1.6.0,1.6.0,MSVC 1944,Windows,x86_64,unreported,norm,double,1048576,contiguous,1,stable,6,4.6516999999999999,4645139005614007357,365.58216279425278,2.8421709430404007e-13,7.7743698470320491e-16,1,1,1,1,ThreadPool,Fast,adaptive,native,none,ThreadPool,8,8
1,1.6.0,1.6.0,MSVC 1944,Windows,x86_64,unreported,norm,double,1048576,contiguous,1,stable,7,4.6212999999999997,4645139005614007357,365.58216279425278,2.8421709430404007e-13,7.7743698470320491e-16,1,1,1,1,ThreadPool,Fast,adaptive,native,none,ThreadPool,8,8
1,1.6.0,1.6.0,MSVC 1944,Windows,x86_64,unreported,norm,double,1048576,contiguous,1,stable,8,4.6215000000000002,4645139005614007357,365.58216279425278,2.8421709430404007e-13,7.7743698470320491e-16,1,1,1,1,ThreadPool,Fast,adaptive,native,none,ThreadPool,8,8
1,1.6.0,1.6.0,MSVC 1944,Windows,x86_64,unreported,norm,double,1048576,contiguous,1,stable,9,4.6452999999999998,4645139005614007357,365.58216279425278,2.8421709430404007e-13,7.7743698470320491e-16,1,1,1,1,ThreadPool,Fast,adaptive,native,none,ThreadPool,8,8
1,1.6.0,1.6.0,MSVC 1944,Windows,x86_64,unreported,norm,double,1048576,contiguous,1,stable,10,4.6376999999999997,4645139005614007357,365.58216279425278,2.8421709430404007e-13,7.7743698470320491e-16,1,1,1,1,ThreadPool,Fast,adaptive,native,none,ThreadPool,8,8
1,1.6.0,1.6.0,MSVC 1944,Windows,x86_64,unreported,norm,double,1048576,contiguous,1,stable,11,4.6192000000000002,4645139005614007357,365.58216279425278,2.8421709430404007e-13,7.7743698470320491e-16,1,1,1,1,ThreadPool,Fast,adaptive,native,none,ThreadPool,8,8
1,1.6.0,1.6.0,MSVC 1944,Windows,x86_64,unreported,norm,double,1048576,contiguous,1,stable,12,4.6169000000000002,4645139005614007357,365.58216279425278,2.8421709430404007e-13,7.7743698470320491e-16,1,1,1,1,ThreadPool,Fast,adaptive,native,none,ThreadPool,8,8
1,1.6.0,1.6.0,MSVC 1944,Windows,x86_64,unreported,norm,double,1048576,contiguous,1,stable,13,4.6349999999999998,4645139005614007357,365.58216279425278,2.8421709430404007e-13,7.7743698470320491e-16,1,1,1,1,ThreadPool,Fast,adaptive,native,none,ThreadPool,8,8
1,1.6.0,1.6.0,MSVC 1944,Windows,x86_64,unreported,norm,double,1048576,contiguous,1,stable,14,4.6409000000000002,4645139005614007357,365.58216279425278,2.8421709430404007e-13,7.7743698470320491e-16,1,1,1,1,ThreadPool,Fast,adaptive,native,none,ThreadPool,8,8
1,1.6.0,1.6.0,MSVC 1944,Windows,x86_64,unreported,norm,double,1048576,contiguous,1,stable,15,3.2235,4645139005614007357,365.58216279425278,2.8421709430404007e-13,7.7743698470320491e-16,1,1,1,1,ThreadPool,Fast,adaptive,native,none,ThreadPool,8,8
1,1.6.0,1.6.0,MSVC 1944,Windows,x86_64,unreported,norm,double,1048576,contiguous,1,stable,16,4.6196000000000002,4645139005614007357,365.58216279425278,2.8421709430404007e-13,7.7743698470320491e-16,1,1,1,1,ThreadPool,Fast,adaptive,native,none,ThreadPool,8,8
1,1.6.0,1.6.0,MSVC 1944,Windows,x86_64,unreported,norm,double,1048576,contiguous,1,stable,17,4.6189999999999998,4645139005614007357,365.58216279425278,2.8421709430404007e-13,7.7743698470320491e-16,1,1,1,1,ThreadPool,Fast,adaptive,native,none,ThreadPool,8,8
1,1.6.0,1.6.0,MSVC 1944,Windows,x86_64,unreported,norm,double,1048576,contiguous,1,stable,18,4.6203000000000003,4645139005614007357,365.58216279425278,2.8421709430404007e-13,7.7743698470320491e-16,1,1,1,1,ThreadPool,Fast,adaptive,native,none,ThreadPool,8,8
1,1.6.0,1.6.0,MSVC 1944,Windows,x86_64,unreported,norm,double,1048576,contiguous,1,stable,19,4.6172000000000004,4645139005614007357,365.58216279425278,2.8421709430404007e-13,7.7743698470320491e-16,1,1,1,1,ThreadPool,Fast,adaptive,native,none,ThreadPool,8,8
1,1.6.0,1.6.0,MSVC 1944,Windows,x86_64,unreported,norm,double,1048576,contiguous,1,stable,20,4.6210000000000004,4645139005614007357,365.58216279425278,2.8421709430404007e-13,7.7743698470320491e-16,1,1,1,1,ThreadPool,Fast,adaptive,native,none,ThreadPool,8,8
1,1.6.0,1.6.0,MSVC 1944,Windows,x86_64,unreported,norm,double,1048576,contiguous,1,stable,21,4.6207000000000003,4645139005614007357,365.58216279425278,2.8421709430404007e-13,7.7743698470320491e-16,1,1,1,1,ThreadPool,Fast,adaptive,native,none,ThreadPool,8,8
1,1.6.0,1.6.0,MSVC 1944,Windows,x86_64,unreported,norm,double,1048576,contiguous,1,stable,22,4.6298000000000004,4645139005614007357,365.58216279425278,2.8421709430404007e-13,7.7743698470320491e-16,1,1,1,1,ThreadPool,Fast,adaptive,native,none,ThreadPool,8,8
1,1.6.0,1.6.0,MSVC 1944,Windows,x86_64,unreported,norm,double,1048576,contiguous,1,stable,23,4.6238000000000001,4645139005614007357,365.58216279425278,2.8421709430404007e-13,7.7743698470320491e-16,1,1,1,1,ThreadPool,Fast,adaptive,native,none,ThreadPool,8,8
1,1.6.0,1.6.0,MSVC 1944,Windows,x86_64,unreported,norm,double,1048576,contiguous,1,stable,24,4.6231999999999998,4645139005614007357,365.58216279425278,2.8421709430404007e-13,7.7743698470320491e-16,1,1,1,1,ThreadPool,Fast,adaptive,native,none,ThreadPool,8,8
1,1.6.0,1.6.0,MSVC 1944,Windows,x86_64,unreported,norm,double,1048576,contiguous,1,stable,25,4.6199000000000003,4645139005614007357,365.58216279425278,2.8421709430404007e-13,7.7743698470320491e-16,1,1,1,1,ThreadPool,Fast,adaptive,native,none,ThreadPool,8,8
1,1.6.0,1.6.0,MSVC 1944,Windows,x86_64,unreported,norm,double,1048576,contiguous,1,stable,26,4.6517999999999997,4645139005614007357,365.58216279425278,2.8421709430404007e-13,7.7743698470320491e-16,1,1,1,1,ThreadPool,Fast,adaptive,native,none,ThreadPool,8,8
1,1.6.0,1.6.0,MSVC 1944,Windows,x86_64,unreported,norm,double,1048576,contiguous,1,stable,27,4.6513999999999998,4645139005614007357,365.58216279425278,2.8421709430404007e-13,7.7743698470320491e-16,1,1,1,1,ThreadPool,Fast,adaptive,native,none,ThreadPool,8,8
1,1.6.0,1.6.0,MSVC 1944,Windows,x86_64,unreported,norm,double,1048576,contiguous,1,stable,28,4.6214000000000004,4645139005614007357,365.58216279425278,2.8421709430404007e-13,7.7743698470320491e-16,1,1,1,1,ThreadPool,Fast,adaptive,native,none,ThreadPool,8,8
1,1.6.0,1.6.0,MSVC 1944,Windows,x86_64,unreported,norm,double,1048576,contiguous,1,stable,29,4.6359000000000004,4645139005614007357,365.58216279425278,2.8421709430404007e-13,7.7743698470320491e-16,1,1,1,1,ThreadPool,Fast,adaptive,native,none,ThreadPool,8,8
1,1.6.0,1.6.0,MSVC 1944,Windows,x86_64,unreported,norm,double,1048576,contiguous,1,stable,30,4.6127000000000002,4645139005614007357,365.58216279425278,2.8421709430404007e-13,7.7743698470320491e-16,1,1,1,1,ThreadPool,Fast,adaptive,native,none,ThreadPool,8,8
1,1.6.0,1.6.0,MSVC 1944,Windows,x86_64,unreported,norm,double,1048576,contiguous,1,stable,31,4.6196999999999999,4645139005614007357,365.58216279425278,2.8421709430404007e-13,7.7743698470320491e-16,1,1,1,1,ThreadPool,Fast,adaptive,native,none,ThreadPool,8,8
1,1.6.0,1.6.0,MSVC 1944,Windows,x86_64,unreported,sum,double,1048576,contiguous,1,first_call,0,0.3014,4638345064186407456,122.84782612735512,6.1390892369672656e-12,4.9973120652561916e-14,1,1,1,1,ThreadPool,Reproducible,canonical,pairwise,canonical-pairwise-v1-leaf1024,ThreadPool,8,8
1,1.6.0,1.6.0,MSVC 1944,Windows,x86_64,unreported,sum,double,1048576,contiguous,1,stable,1,0.22420000000000001,4638345064186407456,122.84782612735512,6.1390892369672656e-12,4.9973120652561916e-14,1,1,1,1,ThreadPool,Reproducible,canonical,pairwise,canonical-pairwise-v1-leaf1024,ThreadPool,8,8
1,1.6.0,1.6.0,MSVC 1944,Windows,x86_64,unreported,sum,double,1048576,contiguous,1,stable,2,0.2094,4638345064186407456,122.84782612735512,6.1390892369672656e-12,4.9973120652561916e-14,1,1,1,1,ThreadPool,Reproducible,canonical,pairwise,canonical-pairwise-v1-leaf1024,ThreadPool,8,8
1,1.6.0,1.6.0,MSVC 1944,Windows,x86_64,unreported,sum,double,1048576,contiguous,1,stable,3,0.20100000000000001,4638345064186407456,122.84782612735512,6.1390892369672656e-12,4.9973120652561916e-14,1,1,1,1,ThreadPool,Reproducible,canonical,pairwise,canonical-pairwise-v1-leaf1024,ThreadPool,8,8
1,1.6.0,1.6.0,MSVC 1944,Windows,x86_64,unreported,sum,double,1048576,contiguous,1,stable,4,0.19869999999999999,4638345064186407456,122.84782612735512,6.1390892369672656e-12,4.9973120652561916e-14,1,1,1,1,ThreadPool,Reproducible,canonical,pairwise,canonical-pairwise-v1-leaf1024,ThreadPool,8,8
1,1.6.0,1.6.0,MSVC 1944,Windows,x86_64,unreported,sum,double,1048576,contiguous,1,stable,5,0.1988,4638345064186407456,122.84782612735512,6.1390892369672656e-12,4.9973120652561916e-14,1,1,1,1,ThreadPool,Reproducible,canonical,pairwise,canonical-pairwise-v1-leaf1024,ThreadPool,8,8
1,1.6.0,1.6.0,MSVC 1944,Windows,x86_64,unreported,sum,double,1048576,contiguous,1,stable,6,0.21659999999999999,4638345064186407456,122.84782612735512,6.1390892369672656e-12,4.9973120652561916e-14,1,1,1,1,ThreadPool,Reproducible,canonical,pairwise,canonical-pairwise-v1-leaf1024,ThreadPool,8,8
1,1.6.0,1.6.0,MSVC 1944,Windows,x86_64,unreported,sum,double,1048576,contiguous,1,stable,7,0.2122,4638345064186407456,122.84782612735512,6.1390892369672656e-12,4.9973120652561916e-14,1,1,1,1,ThreadPool,Reproducible,canonical,pairwise,canonical-pairwise-v1-leaf1024,ThreadPool,8,8
1,1.6.0,1.6.0,MSVC 1944,Windows,x86_64,unreported,sum,double,1048576,contiguous,1,stable,8,0.20569999999999999,4638345064186407456,122.84782612735512,6.1390892369672656e-12,4.9973120652561916e-14,1,1,1,1,ThreadPool,Reproducible,canonical,pairwise,canonical-pairwise-v1-leaf1024,ThreadPool,8,8
1,1.6.0,1.6.0,MSVC 1944,Windows,x86_64,unreported,sum,double,1048576,contiguous,1,stable,9,0.21079999999999999,4638345064186407456,122.84782612735512,6.1390892369672656e-12,4.9973120652561916e-14,1,1,1,1,ThreadPool,Reproducible,canonical,pairwise,canonical-pairwise-v1-leaf1024,ThreadPool,8,8
1,1.6.0,1.6.0,MSVC 1944,Windows,x86_64,unreported,sum,double,1048576,contiguous,1,stable,10,0.2127,4638345064186407456,122.84782612735512,6.1390892369672656e-12,4.9973120652561916e-14,1,1,1,1,ThreadPool,Reproducible,canonical,pairwise,canonical-pairwise-v1-leaf1024,ThreadPool,8,8
1,1.6.0,1.6.0,MSVC 1944,Windows,x86_64,unreported,sum,double,1048576,contiguous,1,stable,11,0.21010000000000001,4638345064186407456,122.84782612735512,6.1390892369672656e-12,4.9973120652561916e-14,1,1,1,1,ThreadPool,Reproducible,canonical,pairwise,canonical-pairwise-v1-leaf1024,ThreadPool,8,8
1,1.6.0,1.6.0,MSVC 1944,Windows,x86_64,unreported,sum,double,1048576,contiguous,1,stable,12,0.20150000000000001,4638345064186407456,122.84782612735512,6.1390892369672656e-12,4.9973120652561916e-14,1,1,1,1,ThreadPool,Reproducible,canonical,pairwise,canonical-pairwise-v1-leaf1024,ThreadPool,8,8
1,1.6.0,1.6.0,MSVC 1944,Windows,x86_64,unreported,sum,double,1048576,contiguous,1,stable,13,0.2414,4638345064186407456,122.84782612735512,6.1390892369672656e-12,4.9973120652561916e-14,1,1,1,1,ThreadPool,Reproducible,canonical,pairwise,canonical-pairwise-v1-leaf1024,ThreadPool,8,8
1,1.6.0,1.6.0,MSVC 1944,Windows,x86_64,unreported,sum,double,1048576,contiguous,1,stable,14,0.22270000000000001,4638345064186407456,122.84782612735512,6.1390892369672656e-12,4.9973120652561916e-14,1,1,1,1,ThreadPool,Reproducible,canonical,pairwise,canonical-pairwise-v1-leaf1024,ThreadPool,8,8
1,1.6.0,1.6.0,MSVC 1944,Windows,x86_64,unreported,sum,double,1048576,contiguous,1,stable,15,0.21010000000000001,4638345064186407456,122.84782612735512,6.1390892369672656e-12,4.9973120652561916e-14,1,1,1,1,ThreadPool,Reproducible,canonical,pairwise,canonical-pairwise-v1-leaf1024,ThreadPool,8,8
1,1.6.0,1.6.0,MSVC 1944,Windows,x86_64,unreported,sum,double,1048576,contiguous,1,stable,16,0.21029999999999999,4638345064186407456,122.84782612735512,6.1390892369672656e-12,4.9973120652561916e-14,1,1,1,1,ThreadPool,Reproducible,canonical,pairwise,canonical-pairwise-v1-leaf1024,ThreadPool,8,8
1,1.6.0,1.6.0,MSVC 1944,Windows,x86_64,unreported,sum,double,1048576,contiguous,1,stable,17,0.2104,4638345064186407456,122.84782612735512,6.1390892369672656e-12,4.9973120652561916e-14,1,1,1,1,ThreadPool,Reproducible,canonical,pairwise,canonical-pairwise-v1-leaf1024,ThreadPool,8,8
1,1.6.0,1.6.0,MSVC 1944,Windows,x86_64,unreported,sum,double,1048576,contiguous,1,stable,18,0.21329999999999999,4638345064186407456,122.84782612735512,6.1390892369672656e-12,4.9973120652561916e-14,1,1,1,1,ThreadPool,Reproducible,canonical,pairwise,canonical-pairwise-v1-leaf1024,ThreadPool,8,8
1,1.6.0,1.6.0,MSVC 1944,Windows,x86_64,unreported,sum,double,1048576,contiguous,1,stable,19,0.2044,4638345064186407456,122.84782612735512,6.1390892369672656e-12,4.9973120652561916e-14,1,1,1,1,ThreadPool,Reproducible,canonical,pairwise,canonical-pairwise-v1-leaf1024,ThreadPool,8,8
1,1.6.0,1.6.0,MSVC 1944,Windows,x86_64,unreported,sum,double,1048576,contiguous,1,stable,20,0.20760000000000001,4638345064186407456,122.84782612735512,6.1390892369672656e-12,4.9973120652561916e-14,1,1,1,1,ThreadPool,Reproducible,canonical,pairwise,canonical-pairwise-v1-leaf1024,ThreadPool,8,8
1,1.6.0,1.6.0,MSVC 1944,Windows,x86_64,unreported,sum,double,1048576,contiguous,1,stable,21,0.20030000000000001,4638345064186407456,122.84782612735512,6.1390892369672656e-12,4.9973120652561916e-14,1,1,1,1,ThreadPool,Reproducible,canonical,pairwise,canonical-pairwise-v1-leaf1024,ThreadPool,8,8
1,1.6.0,1.6.0,MSVC 1944,Windows,x86_64,unreported,sum,double,1048576,contiguous,1,stable,22,0.20660000000000001,4638345064186407456,122.84782612735512,6.1390892369672656e-12,4.9973120652561916e-14,1,1,1,1,ThreadPool,Reproducible,canonical,pairwise,canonical-pairwise-v1-leaf1024,ThreadPool,8,8
1,1.6.0,1.6.0,MSVC 1944,Windows,x86_64,unreported,sum,double,1048576,contiguous,1,stable,23,0.19620000000000001,4638345064186407456,122.84782612735512,6.1390892369672656e-12,4.9973120652561916e-14,1,1,1,1,ThreadPool,Reproducible,canonical,pairwise,canonical-pairwise-v1-leaf1024,ThreadPool,8,8
1,1.6.0,1.6.0,MSVC 1944,Windows,x86_64,unreported,sum,double,1048576,contiguous,1,stable,24,0.21299999999999999,4638345064186407456,122.84782612735512,6.1390892369672656e-12,4.9973120652561916e-14,1,1,1,1,ThreadPool,Reproducible,canonical,pairwise,canonical-pairwise-v1-leaf1024,ThreadPool,8,8
1,1.6.0,1.6.0,MSVC 1944,Windows,x86_64,unreported,sum,double,1048576,contiguous,1,stable,25,0.19650000000000001,4638345064186407456,122.84782612735512,6.1390892369672656e-12,4.9973120652561916e-14,1,1,1,1,ThreadPool,Reproducible,canonical,pairwise,canonical-pairwise-v1-leaf1024,ThreadPool,8,8
1,1.6.0,1.6.0,MSVC 1944,Windows,x86_64,unreported,sum,double,1048576,contiguous,1,stable,26,0.19989999999999999,4638345064186407456,122.84782612735512,6.1390892369672656e-12,4.9973120652561916e-14,1,1,1,1,ThreadPool,Reproducible,canonical,pairwise,canonical-pairwise-v1-leaf1024,ThreadPool,8,8
1,1.6.0,1.6.0,MSVC 1944,Windows,x86_64,unreported,sum,double,1048576,contiguous,1,stable,27,0.2016,4638345064186407456,122.84782612735512,6.1390892369672656e-12,4.9973120652561916e-14,1,1,1,1,ThreadPool,Reproducible,canonical,pairwise,canonical-pairwise-v1-leaf1024,ThreadPool,8,8
1,1.6.0,1.6.0,MSVC 1944,Windows,x86_64,unreported,sum,double,1048576,contiguous,1,stable,28,0.21679999999999999,4638345064186407456,122.84782612735512,6.1390892369672656e-12,4.9973120652561916e-14,1,1,1,1,ThreadPool,Reproducible,canonical,pairwise,canonical-pairwise-v1-leaf1024,ThreadPool,8,8
1,1.6.0,1.6.0,MSVC 1944,Windows,x86_64,unreported,sum,double,1048576,contiguous,1,stable,29,0.20069999999999999,4638345064186407456,122.84782612735512,6.1390892369672656e-12,4.9973120652561916e-14,1,1,1,1,ThreadPool,Reproducible,canonical,pairwise,canonical-pairwise-v1-leaf1024,ThreadPool,8,8
1,1.6.0,1.6.0,MSVC 1944,Windows,x86_64,unreported,sum,double,1048576,contiguous,1,stable,30,0.19839999999999999,4638345064186407456,122.84782612735512,6.1390892369672656e-12,4.9973120652561916e-14,1,1,1,1,ThreadPool,Reproducible,canonical,pairwise,canonical-pairwise-v1-leaf1024,ThreadPool,8,8
1,1.6.0,1.6.0,MSVC 1944,Windows,x86_64,unreported,sum,double,1048576,contiguous,1,stable,31,0.1958,4638345064186407456,122.84782612735512,6.1390892369672656e-12,4.9973120652561916e-14,1,1,1,1,ThreadPool,Reproducible,canonical,pairwise,canonical-pairwise-v1-leaf1024,ThreadPool,8,8
1,1.6.0,1.6.0,MSVC 1944,Windows,x86_64,unreported,dot,double,1048576,contiguous,1,first_call,0,4.6843000000000004,13905019138771679482,-100563.75622412625,3.0122464522719383e-09,2.9953599242639172e-14,1,1,1,1,ThreadPool,Reproducible,canonical,pairwise,canonical-pairwise-v1-leaf1024,ThreadPool,8,8
1,1.6.0,1.6.0,MSVC 1944,Windows,x86_64,unreported,dot,double,1048576,contiguous,1,stable,1,3.2982,13905019138771679482,-100563.75622412625,3.0122464522719383e-09,2.9953599242639172e-14,1,1,1,1,ThreadPool,Reproducible,canonical,pairwise,canonical-pairwise-v1-leaf1024,ThreadPool,8,8
1,1.6.0,1.6.0,MSVC 1944,Windows,x86_64,unreported,dot,double,1048576,contiguous,1,stable,2,4.6539999999999999,13905019138771679482,-100563.75622412625,3.0122464522719383e-09,2.9953599242639172e-14,1,1,1,1,ThreadPool,Reproducible,canonical,pairwise,canonical-pairwise-v1-leaf1024,ThreadPool,8,8
1,1.6.0,1.6.0,MSVC 1944,Windows,x86_64,unreported,dot,double,1048576,contiguous,1,stable,3,4.6769999999999996,13905019138771679482,-100563.75622412625,3.0122464522719383e-09,2.9953599242639172e-14,1,1,1,1,ThreadPool,Reproducible,canonical,pairwise,canonical-pairwise-v1-leaf1024,ThreadPool,8,8
1,1.6.0,1.6.0,MSVC 1944,Windows,x86_64,unreported,dot,double,1048576,contiguous,1,stable,4,4.6555,13905019138771679482,-100563.75622412625,3.0122464522719383e-09,2.9953599242639172e-14,1,1,1,1,ThreadPool,Reproducible,canonical,pairwise,canonical-pairwise-v1-leaf1024,ThreadPool,8,8
1,1.6.0,1.6.0,MSVC 1944,Windows,x86_64,unreported,dot,double,1048576,contiguous,1,stable,5,4.6603000000000003,13905019138771679482,-100563.75622412625,3.0122464522719383e-09,2.9953599242639172e-14,1,1,1,1,ThreadPool,Reproducible,canonical,pairwise,canonical-pairwise-v1-leaf1024,ThreadPool,8,8
1,1.6.0,1.6.0,MSVC 1944,Windows,x86_64,unreported,dot,double,1048576,contiguous,1,stable,6,3.3067000000000002,13905019138771679482,-100563.75622412625,3.0122464522719383e-09,2.9953599242639172e-14,1,1,1,1,ThreadPool,Reproducible,canonical,pairwise,canonical-pairwise-v1-leaf1024,ThreadPool,8,8
1,1.6.0,1.6.0,MSVC 1944,Windows,x86_64,unreported,dot,double,1048576,contiguous,1,stable,7,4.6805000000000003,13905019138771679482,-100563.75622412625,3.0122464522719383e-09,2.9953599242639172e-14,1,1,1,1,ThreadPool,Reproducible,canonical,pairwise,canonical-pairwise-v1-leaf1024,ThreadPool,8,8
1,1.6.0,1.6.0,MSVC 1944,Windows,x86_64,unreported,dot,double,1048576,contiguous,1,stable,8,3.2604000000000002,13905019138771679482,-100563.75622412625,3.0122464522719383e-09,2.9953599242639172e-14,1,1,1,1,ThreadPool,Reproducible,canonical,pairwise,canonical-pairwise-v1-leaf1024,ThreadPool,8,8
1,1.6.0,1.6.0,MSVC 1944,Windows,x86_64,unreported,dot,double,1048576,contiguous,1,stable,9,4.6717000000000004,13905019138771679482,-100563.75622412625,3.0122464522719383e-09,2.9953599242639172e-14,1,1,1,1,ThreadPool,Reproducible,canonical,pairwise,canonical-pairwise-v1-leaf1024,ThreadPool,8,8
1,1.6.0,1.6.0,MSVC 1944,Windows,x86_64,unreported,dot,double,1048576,contiguous,1,stable,10,4.6482000000000001,13905019138771679482,-100563.75622412625,3.0122464522719383e-09,2.9953599242639172e-14,1,1,1,1,ThreadPool,Reproducible,canonical,pairwise,canonical-pairwise-v1-leaf1024,ThreadPool,8,8
1,1.6.0,1.6.0,MSVC 1944,Windows,x86_64,unreported,dot,double,1048576,contiguous,1,stable,11,4.6981000000000002,13905019138771679482,-100563.75622412625,3.0122464522719383e-09,2.9953599242639172e-14,1,1,1,1,ThreadPool,Reproducible,canonical,pairwise,canonical-pairwise-v1-leaf1024,ThreadPool,8,8
1,1.6.0,1.6.0,MSVC 1944,Windows,x86_64,unreported,dot,double,1048576,contiguous,1,stable,12,4.6517999999999997,13905019138771679482,-100563.75622412625,3.0122464522719383e-09,2.9953599242639172e-14,1,1,1,1,ThreadPool,Reproducible,canonical,pairwise,canonical-pairwise-v1-leaf1024,ThreadPool,8,8
1,1.6.0,1.6.0,MSVC 1944,Windows,x86_64,unreported,dot,double,1048576,contiguous,1,stable,13,4.6692999999999998,13905019138771679482,-100563.75622412625,3.0122464522719383e-09,2.9953599242639172e-14,1,1,1,1,ThreadPool,Reproducible,canonical,pairwise,canonical-pairwise-v1-leaf1024,ThreadPool,8,8
1,1.6.0,1.6.0,MSVC 1944,Windows,x86_64,unreported,dot,double,1048576,contiguous,1,stable,14,4.6856999999999998,13905019138771679482,-100563.75622412625,3.0122464522719383e-09,2.9953599242639172e-14,1,1,1,1,ThreadPool,Reproducible,canonical,pairwise,canonical-pairwise-v1-leaf1024,ThreadPool,8,8
1,1.6.0,1.6.0,MSVC 1944,Windows,x86_64,unreported,dot,double,1048576,contiguous,1,stable,15,4.7007000000000003,13905019138771679482,-100563.75622412625,3.0122464522719383e-09,2.9953599242639172e-14,1,1,1,1,ThreadPool,Reproducible,canonical,pairwise,canonical-pairwise-v1-leaf1024,ThreadPool,8,8
1,1.6.0,1.6.0,MSVC 1944,Windows,x86_64,unreported,dot,double,1048576,contiguous,1,stable,16,4.6497999999999999,13905019138771679482,-100563.75622412625,3.0122464522719383e-09,2.9953599242639172e-14,1,1,1,1,ThreadPool,Reproducible,canonical,pairwise,canonical-pairwise-v1-leaf1024,ThreadPool,8,8
1,1.6.0,1.6.0,MSVC 1944,Windows,x86_64,unreported,dot,double,1048576,contiguous,1,stable,17,4.6673,13905019138771679482,-100563.75622412625,3.0122464522719383e-09,2.9953599242639172e-14,1,1,1,1,ThreadPool,Reproducible,canonical,pairwise,canonical-pairwise-v1-leaf1024,ThreadPool,8,8
1,1.6.0,1.6.0,MSVC 1944,Windows,x86_64,unreported,dot,double,1048576,contiguous,1,stable,18,4.6300999999999997,13905019138771679482,-100563.75622412625,3.0122464522719383e-09,2.9953599242639172e-14,1,1,1,1,ThreadPool,Reproducible,canonical,pairwise,canonical-pairwise-v1-leaf1024,ThreadPool,8,8
1,1.6.0,1.6.0,MSVC 1944,Windows,x86_64,unreported,dot,double,1048576,contiguous,1,stable,19,4.6558000000000002,13905019138771679482,-100563.75622412625,3.0122464522719383e-09,2.9953599242639172e-14,1,1,1,1,ThreadPool,Reproducible,canonical,pairwise,canonical-pairwise-v1-leaf1024,ThreadPool,8,8
1,1.6.0,1.6.0,MSVC 1944,Windows,x86_64,unreported,dot,double,1048576,contiguous,1,stable,20,4.6748000000000003,13905019138771679482,-100563.75622412625,3.0122464522719383e-09,2.9953599242639172e-14,1,1,1,1,ThreadPool,Reproducible,canonical,pairwise,canonical-pairwise-v1-leaf1024,ThreadPool,8,8
1,1.6.0,1.6.0,MSVC 1944,Windows,x86_64,unreported,dot,double,1048576,contiguous,1,stable,21,3.2766999999999999,13905019138771679482,-100563.75622412625,3.0122464522719383e-09,2.9953599242639172e-14,1,1,1,1,ThreadPool,Reproducible,canonical,pairwise,canonical-pairwise-v1-leaf1024,ThreadPool,8,8
1,1.6.0,1.6.0,MSVC 1944,Windows,x86_64,unreported,dot,double,1048576,contiguous,1,stable,22,4.6866000000000003,13905019138771679482,-100563.75622412625,3.0122464522719383e-09,2.9953599242639172e-14,1,1,1,1,ThreadPool,Reproducible,canonical,pairwise,canonical-pairwise-v1-leaf1024,ThreadPool,8,8
1,1.6.0,1.6.0,MSVC 1944,Windows,x86_64,unreported,dot,double,1048576,contiguous,1,stable,23,4.6391,13905019138771679482,-100563.75622412625,3.0122464522719383e-09,2.9953599242639172e-14,1,1,1,1,ThreadPool,Reproducible,canonical,pairwise,canonical-pairwise-v1-leaf1024,ThreadPool,8,8
1,1.6.0,1.6.0,MSVC 1944,Windows,x86_64,unreported,dot,double,1048576,contiguous,1,stable,24,4.6654,13905019138771679482,-100563.75622412625,3.0122464522719383e-09,2.9953599242639172e-14,1,1,1,1,ThreadPool,Reproducible,canonical,pairwise,canonical-pairwise-v1-leaf1024,ThreadPool,8,8
1,1.6.0,1.6.0,MSVC 1944,Windows,x86_64,unreported,dot,double,1048576,contiguous,1,stable,25,4.6691000000000003,13905019138771679482,-100563.75622412625,3.0122464522719383e-09,2.9953599242639172e-14,1,1,1,1,ThreadPool,Reproducible,canonical,pairwise,canonical-pairwise-v1-leaf1024,ThreadPool,8,8
1,1.6.0,1.6.0,MSVC 1944,Windows,x86_64,unreported,dot,double,1048576,contiguous,1,stable,26,4.6547000000000001,13905019138771679482,-100563.75622412625,3.0122464522719383e-09,2.9953599242639172e-14,1,1,1,1,ThreadPool,Reproducible,canonical,pairwise,canonical-pairwise-v1-leaf1024,ThreadPool,8,8
1,1.6.0,1.6.0,MSVC 1944,Windows,x86_64,unreported,dot,double,1048576,contiguous,1,stable,27,4.6506999999999996,13905019138771679482,-100563.75622412625,3.0122464522719383e-09,2.9953599242639172e-14,1,1,1,1,ThreadPool,Reproducible,canonical,pairwise,canonical-pairwise-v1-leaf1024,ThreadPool,8,8
1,1.6.0,1.6.0,MSVC 1944,Windows,x86_64,unreported,dot,double,1048576,contiguous,1,stable,28,4.6760000000000002,13905019138771679482,-100563.75622412625,3.0122464522719383e-09,2.9953599242639172e-14,1,1,1,1,ThreadPool,Reproducible,canonical,pairwise,canonical-pairwise-v1-leaf1024,ThreadPool,8,8
1,1.6.0,1.6.0,MSVC 1944,Windows,x86_64,unreported,dot,double,1048576,contiguous,1,stable,29,4.6500000000000004,13905019138771679482,-100563.75622412625,3.0122464522719383e-09,2.9953599242639172e-14,1,1,1,1,ThreadPool,Reproducible,canonical,pairwise,canonical-pairwise-v1-leaf1024,ThreadPool,8,8
1,1.6.0,1.6.0,MSVC 1944,Windows,x86_64,unreported,dot,double,1048576,contiguous,1,stable,30,4.6585000000000001,13905019138771679482,-100563.75622412625,3.0122464522719383e-09,2.9953599242639172e-14,1,1,1,1,ThreadPool,Reproducible,canonical,pairwise,canonical-pairwise-v1-leaf1024,ThreadPool,8,8
1,1.6.0,1.6.0,MSVC 1944,Windows,x86_64,unreported,dot,double,1048576,contiguous,1,stable,31,4.6542000000000003,13905019138771679482,-100563.75622412625,3.0122464522719383e-09,2.9953599242639172e-14,1,1,1,1,ThreadPool,Reproducible,canonical,pairwise,canonical-pairwise-v1-leaf1024,ThreadPool,8,8
1,1.6.0,1.6.0,MSVC 1944,Windows,x86_64,unreported,norm,double,1048576,contiguous,1,first_call,0,4.6909000000000001,4645139005614007356,365.58216279425278,2.2737367544323206e-13,6.2194958776256393e-16,1,1,1,1,ThreadPool,Reproducible,canonical,pairwise,canonical-pairwise-v1-leaf1024,ThreadPool,8,8
1,1.6.0,1.6.0,MSVC 1944,Windows,x86_64,unreported,norm,double,1048576,contiguous,1,stable,1,4.7065999999999999,4645139005614007356,365.58216279425278,2.2737367544323206e-13,6.2194958776256393e-16,1,1,1,1,ThreadPool,Reproducible,canonical,pairwise,canonical-pairwise-v1-leaf1024,ThreadPool,8,8
1,1.6.0,1.6.0,MSVC 1944,Windows,x86_64,unreported,norm,double,1048576,contiguous,1,stable,2,4.6889000000000003,4645139005614007356,365.58216279425278,2.2737367544323206e-13,6.2194958776256393e-16,1,1,1,1,ThreadPool,Reproducible,canonical,pairwise,canonical-pairwise-v1-leaf1024,ThreadPool,8,8
1,1.6.0,1.6.0,MSVC 1944,Windows,x86_64,unreported,norm,double,1048576,contiguous,1,stable,3,4.6684000000000001,4645139005614007356,365.58216279425278,2.2737367544323206e-13,6.2194958776256393e-16,1,1,1,1,ThreadPool,Reproducible,canonical,pairwise,canonical-pairwise-v1-leaf1024,ThreadPool,8,8
1,1.6.0,1.6.0,MSVC 1944,Windows,x86_64,unreported,norm,double,1048576,contiguous,1,stable,4,4.6478000000000002,4645139005614007356,365.58216279425278,2.2737367544323206e-13,6.2194958776256393e-16,1,1,1,1,ThreadPool,Reproducible,canonical,pairwise,canonical-pairwise-v1-leaf1024,ThreadPool,8,8
1,1.6.0,1.6.0,MSVC 1944,Windows,x86_64,unreported,norm,double,1048576,contiguous,1,stable,5,4.6623000000000001,4645139005614007356,365.58216279425278,2.2737367544323206e-13,6.2194958776256393e-16,1,1,1,1,ThreadPool,Reproducible,canonical,pairwise,canonical-pairwise-v1-leaf1024,ThreadPool,8,8
1,1.6.0,1.6.0,MSVC 1944,Windows,x86_64,unreported,norm,double,1048576,contiguous,1,stable,6,4.6726999999999999,4645139005614007356,365.58216279425278,2.2737367544323206e-13,6.2194958776256393e-16,1,1,1,1,ThreadPool,Reproducible,canonical,pairwise,canonical-pairwise-v1-leaf1024,ThreadPool,8,8
1,1.6.0,1.6.0,MSVC 1944,Windows,x86_64,unreported,norm,double,1048576,contiguous,1,stable,7,4.6609999999999996,4645139005614007356,365.58216279425278,2.2737367544323206e-13,6.2194958776256393e-16,1,1,1,1,ThreadPool,Reproducible,canonical,pairwise,canonical-pairwise-v1-leaf1024,ThreadPool,8,8
1,1.6.0,1.6.0,MSVC 1944,Windows,x86_64,unreported,norm,double,1048576,contiguous,1,stable,8,4.6573000000000002,4645139005614007356,365.58216279425278,2.2737367544323206e-13,6.2194958776256393e-16,1,1,1,1,ThreadPool,Reproducible,canonical,pairwise,canonical-pairwise-v1-leaf1024,ThreadPool,8,8
1,1.6.0,1.6.0,MSVC 1944,Windows,x86_64,unreported,norm,double,1048576,contiguous,1,stable,9,3.2583000000000002,4645139005614007356,365.58216279425278,2.2737367544323206e-13,6.2194958776256393e-16,1,1,1,1,ThreadPool,Reproducible,canonical,pairwise,canonical-pairwise-v1-leaf1024,ThreadPool,8,8
1,1.6.0,1.6.0,MSVC 1944,Windows,x86_64,unreported,norm,double,1048576,contiguous,1,stable,10,4.6551,4645139005614007356,365.58216279425278,2.2737367544323206e-13,6.2194958776256393e-16,1,1,1,1,ThreadPool,Reproducible,canonical,pairwise,canonical-pairwise-v1-leaf1024,ThreadPool,8,8
1,1.6.0,1.6.0,MSVC 1944,Windows,x86_64,unreported,norm,double,1048576,contiguous,1,stable,11,4.6741999999999999,4645139005614007356,365.58216279425278,2.2737367544323206e-13,6.2194958776256393e-16,1,1,1,1,ThreadPool,Reproducible,canonical,pairwise,canonical-pairwise-v1-leaf1024,ThreadPool,8,8
1,1.6.0,1.6.0,MSVC 1944,Windows,x86_64,unreported,norm,double,1048576,contiguous,1,stable,12,4.6924999999999999,4645139005614007356,365.58216279425278,2.2737367544323206e-13,6.2194958776256393e-16,1,1,1,1,ThreadPool,Reproducible,canonical,pairwise,canonical-pairwise-v1-leaf1024,ThreadPool,8,8
1,1.6.0,1.6.0,MSVC 1944,Windows,x86_64,unreported,norm,double,1048576,contiguous,1,stable,13,3.2700999999999998,4645139005614007356,365.58216279425278,2.2737367544323206e-13,6.2194958776256393e-16,1,1,1,1,ThreadPool,Reproducible,canonical,pairwise,canonical-pairwise-v1-leaf1024,ThreadPool,8,8
1,1.6.0,1.6.0,MSVC 1944,Windows,x86_64,unreported,norm,double,1048576,contiguous,1,stable,14,4.6628999999999996,4645139005614007356,365.58216279425278,2.2737367544323206e-13,6.2194958776256393e-16,1,1,1,1,ThreadPool,Reproducible,canonical,pairwise,canonical-pairwise-v1-leaf1024,ThreadPool,8,8
1,1.6.0,1.6.0,MSVC 1944,Windows,x86_64,unreported,norm,double,1048576,contiguous,1,stable,15,4.6650999999999998,4645139005614007356,365.58216279425278,2.2737367544323206e-13,6.2194958776256393e-16,1,1,1,1,ThreadPool,Reproducible,canonical,pairwise,canonical-pairwise-v1-leaf1024,ThreadPool,8,8
1,1.6.0,1.6.0,MSVC 1944,Windows,x86_64,unreported,norm,double,1048576,contiguous,1,stable,16,3.2582,4645139005614007356,365.58216279425278,2.2737367544323206e-13,6.2194958776256393e-16,1,1,1,1,ThreadPool,Reproducible,canonical,pairwise,canonical-pairwise-v1-leaf1024,ThreadPool,8,8
1,1.6.0,1.6.0,MSVC 1944,Windows,x86_64,unreported,norm,double,1048576,contiguous,1,stable,17,4.6570999999999998,4645139005614007356,365.58216279425278,2.2737367544323206e-13,6.2194958776256393e-16,1,1,1,1,ThreadPool,Reproducible,canonical,pairwise,canonical-pairwise-v1-leaf1024,ThreadPool,8,8
1,1.6.0,1.6.0,MSVC 1944,Windows,x86_64,unreported,norm,double,1048576,contiguous,1,stable,18,3.2909000000000002,4645139005614007356,365.58216279425278,2.2737367544323206e-13,6.2194958776256393e-16,1,1,1,1,ThreadPool,Reproducible,canonical,pairwise,canonical-pairwise-v1-leaf1024,ThreadPool,8,8
1,1.6.0,1.6.0,MSVC 1944,Windows,x86_64,unreported,norm,double,1048576,contiguous,1,stable,19,4.6740000000000004,4645139005614007356,365.58216279425278,2.2737367544323206e-13,6.2194958776256393e-16,1,1,1,1,ThreadPool,Reproducible,canonical,pairwise,canonical-pairwise-v1-leaf1024,ThreadPool,8,8
1,1.6.0,1.6.0,MSVC 1944,Windows,x86_64,unreported,norm,double,1048576,contiguous,1,stable,20,4.6603000000000003,4645139005614007356,365.58216279425278,2.2737367544323206e-13,6.2194958776256393e-16,1,1,1,1,ThreadPool,Reproducible,canonical,pairwise,canonical-pairwise-v1-leaf1024,ThreadPool,8,8
1,1.6.0,1.6.0,MSVC 1944,Windows,x86_64,unreported,norm,double,1048576,contiguous,1,stable,21,4.6608000000000001,4645139005614007356,365.58216279425278,2.2737367544323206e-13,6.2194958776256393e-16,1,1,1,1,ThreadPool,Reproducible,canonical,pairwise,canonical-pairwise-v1-leaf1024,ThreadPool,8,8
1,1.6.0,1.6.0,MSVC 1944,Windows,x86_64,unreported,norm,double,1048576,contiguous,1,stable,22,4.6802000000000001,4645139005614007356,365.58216279425278,2.2737367544323206e-13,6.2194958776256393e-16,1,1,1,1,ThreadPool,Reproducible,canonical,pairwise,canonical-pairwise-v1-leaf1024,ThreadPool,8,8
1,1.6.0,1.6.0,MSVC 1944,Windows,x86_64,unreported,norm,double,1048576,contiguous,1,stable,23,4.6536,4645139005614007356,365.58216279425278,2.2737367544323206e-13,6.2194958776256393e-16,1,1,1,1,ThreadPool,Reproducible,canonical,pairwise,canonical-pairwise-v1-leaf1024,ThreadPool,8,8
1,1.6.0,1.6.0,MSVC 1944,Windows,x86_64,unreported,norm,double,1048576,contiguous,1,stable,24,4.6578999999999997,4645139005614007356,365.58216279425278,2.2737367544323206e-13,6.2194958776256393e-16,1,1,1,1,ThreadPool,Reproducible,canonical,pairwise,canonical-pairwise-v1-leaf1024,ThreadPool,8,8
1,1.6.0,1.6.0,MSVC 1944,Windows,x86_64,unreported,norm,double,1048576,contiguous,1,stable,25,4.6622000000000003,4645139005614007356,365.58216279425278,2.2737367544323206e-13,6.2194958776256393e-16,1,1,1,1,ThreadPool,Reproducible,canonical,pairwise,canonical-pairwise-v1-leaf1024,ThreadPool,8,8
1,1.6.0,1.6.0,MSVC 1944,Windows,x86_64,unreported,norm,double,1048576,contiguous,1,stable,26,4.6580000000000004,4645139005614007356,365.58216279425278,2.2737367544323206e-13,6.2194958776256393e-16,1,1,1,1,ThreadPool,Reproducible,canonical,pairwise,canonical-pairwise-v1-leaf1024,ThreadPool,8,8
1,1.6.0,1.6.0,MSVC 1944,Windows,x86_64,unreported,norm,double,1048576,contiguous,1,stable,27,4.6542000000000003,4645139005614007356,365.58216279425278,2.2737367544323206e-13,6.2194958776256393e-16,1,1,1,1,ThreadPool,Reproducible,canonical,pairwise,canonical-pairwise-v1-leaf1024,ThreadPool,8,8
1,1.6.0,1.6.0,MSVC 1944,Windows,x86_64,unreported,norm,double,1048576,contiguous,1,stable,28,4.6807999999999996,4645139005614007356,365.58216279425278,2.2737367544323206e-13,6.2194958776256393e-16,1,1,1,1,ThreadPool,Reproducible,canonical,pairwise,canonical-pairwise-v1-leaf1024,ThreadPool,8,8
1,1.6.0,1.6.0,MSVC 1944,Windows,x86_64,unreported,norm,double,1048576,contiguous,1,stable,29,3.2469000000000001,4645139005614007356,365.58216279425278,2.2737367544323206e-13,6.2194958776256393e-16,1,1,1,1,ThreadPool,Reproducible,canonical,pairwise,canonical-pairwise-v1-leaf1024,ThreadPool,8,8
1,1.6.0,1.6.0,MSVC 1944,Windows,x86_64,unreported,norm,double,1048576,contiguous,1,stable,30,4.6753999999999998,4645139005614007356,365.58216279425278,2.2737367544323206e-13,6.2194958776256393e-16,1,1,1,1,ThreadPool,Reproducible,canonical,pairwise,canonical-pairwise-v1-leaf1024,ThreadPool,8,8
1,1.6.0,1.6.0,MSVC 1944,Windows,x86_64,unreported,norm,double,1048576,contiguous,1,stable,31,4.6860999999999997,4645139005614007356,365.58216279425278,2.2737367544323206e-13,6.2194958776256393e-16,1,1,1,1,ThreadPool,Reproducible,canonical,pairwise,canonical-pairwise-v1-leaf1024,ThreadPool,8,8
1,1.6.0,1.6.0,MSVC 1944,Windows,x86_64,unreported,sum,double,1048576,contiguous,1,first_call,0,1.5906,4638345064186407022,122.84782612735512,1.2306600183364935e-11,1.0017759834518199e-13,1,1,1,1,ThreadPool,Accurate,canonical,compensated,canonical-neumaier-v1-leaf1024,ThreadPool,8,8
1,1.6.0,1.6.0,MSVC 1944,Windows,x86_64,unreported,sum,double,1048576,contiguous,1,stable,1,1.5828,4638345064186407022,122.84782612735512,1.2306600183364935e-11,1.0017759834518199e-13,1,1,1,1,ThreadPool,Accurate,canonical,compensated,canonical-neumaier-v1-leaf1024,ThreadPool,8,8
1,1.6.0,1.6.0,MSVC 1944,Windows,x86_64,unreported,sum,double,1048576,contiguous,1,stable,2,1.5665,4638345064186407022,122.84782612735512,1.2306600183364935e-11,1.0017759834518199e-13,1,1,1,1,ThreadPool,Accurate,canonical,compensated,canonical-neumaier-v1-leaf1024,ThreadPool,8,8
1,1.6.0,1.6.0,MSVC 1944,Windows,x86_64,unreported,sum,double,1048576,contiguous,1,stable,3,1.5670999999999999,4638345064186407022,122.84782612735512,1.2306600183364935e-11,1.0017759834518199e-13,1,1,1,1,ThreadPool,Accurate,canonical,compensated,canonical-neumaier-v1-leaf1024,ThreadPool,8,8
1,1.6.0,1.6.0,MSVC 1944,Windows,x86_64,unreported,sum,double,1048576,contiguous,1,stable,4,1.5474000000000001,4638345064186407022,122.84782612735512,1.2306600183364935e-11,1.0017759834518199e-13,1,1,1,1,ThreadPool,Accurate,canonical,compensated,canonical-neumaier-v1-leaf1024,ThreadPool,8,8
1,1.6.0,1.6.0,MSVC 1944,Windows,x86_64,unreported,sum,double,1048576,contiguous,1,stable,5,1.5489999999999999,4638345064186407022,122.84782612735512,1.2306600183364935e-11,1.0017759834518199e-13,1,1,1,1,ThreadPool,Accurate,canonical,compensated,canonical-neumaier-v1-leaf1024,ThreadPool,8,8
1,1.6.0,1.6.0,MSVC 1944,Windows,x86_64,unreported,sum,double,1048576,contiguous,1,stable,6,1.5654999999999999,4638345064186407022,122.84782612735512,1.2306600183364935e-11,1.0017759834518199e-13,1,1,1,1,ThreadPool,Accurate,canonical,compensated,canonical-neumaier-v1-leaf1024,ThreadPool,8,8
1,1.6.0,1.6.0,MSVC 1944,Windows,x86_64,unreported,sum,double,1048576,contiguous,1,stable,7,1.5697000000000001,4638345064186407022,122.84782612735512,1.2306600183364935e-11,1.0017759834518199e-13,1,1,1,1,ThreadPool,Accurate,canonical,compensated,canonical-neumaier-v1-leaf1024,ThreadPool,8,8
1,1.6.0,1.6.0,MSVC 1944,Windows,x86_64,unreported,sum,double,1048576,contiguous,1,stable,8,1.5427,4638345064186407022,122.84782612735512,1.2306600183364935e-11,1.0017759834518199e-13,1,1,1,1,ThreadPool,Accurate,canonical,compensated,canonical-neumaier-v1-leaf1024,ThreadPool,8,8
1,1.6.0,1.6.0,MSVC 1944,Windows,x86_64,unreported,sum,double,1048576,contiguous,1,stable,9,1.5986,4638345064186407022,122.84782612735512,1.2306600183364935e-11,1.0017759834518199e-13,1,1,1,1,ThreadPool,Accurate,canonical,compensated,canonical-neumaier-v1-leaf1024,ThreadPool,8,8
1,1.6.0,1.6.0,MSVC 1944,Windows,x86_64,unreported,sum,double,1048576,contiguous,1,stable,10,1.6032,4638345064186407022,122.84782612735512,1.2306600183364935e-11,1.0017759834518199e-13,1,1,1,1,ThreadPool,Accurate,canonical,compensated,canonical-neumaier-v1-leaf1024,ThreadPool,8,8
1,1.6.0,1.6.0,MSVC 1944,Windows,x86_64,unreported,sum,double,1048576,contiguous,1,stable,11,1.5740000000000001,4638345064186407022,122.84782612735512,1.2306600183364935e-11,1.0017759834518199e-13,1,1,1,1,ThreadPool,Accurate,canonical,compensated,canonical-neumaier-v1-leaf1024,ThreadPool,8,8
1,1.6.0,1.6.0,MSVC 1944,Windows,x86_64,unreported,sum,double,1048576,contiguous,1,stable,12,1.5627,4638345064186407022,122.84782612735512,1.2306600183364935e-11,1.0017759834518199e-13,1,1,1,1,ThreadPool,Accurate,canonical,compensated,canonical-neumaier-v1-leaf1024,ThreadPool,8,8
1,1.6.0,1.6.0,MSVC 1944,Windows,x86_64,unreported,sum,double,1048576,contiguous,1,stable,13,1.5612999999999999,4638345064186407022,122.84782612735512,1.2306600183364935e-11,1.0017759834518199e-13,1,1,1,1,ThreadPool,Accurate,canonical,compensated,canonical-neumaier-v1-leaf1024,ThreadPool,8,8
1,1.6.0,1.6.0,MSVC 1944,Windows,x86_64,unreported,sum,double,1048576,contiguous,1,stable,14,1.5589,4638345064186407022,122.84782612735512,1.2306600183364935e-11,1.0017759834518199e-13,1,1,1,1,ThreadPool,Accurate,canonical,compensated,canonical-neumaier-v1-leaf1024,ThreadPool,8,8
1,1.6.0,1.6.0,MSVC 1944,Windows,x86_64,unreported,sum,double,1048576,contiguous,1,stable,15,1.5556000000000001,4638345064186407022,122.84782612735512,1.2306600183364935e-11,1.0017759834518199e-13,1,1,1,1,ThreadPool,Accurate,canonical,compensated,canonical-neumaier-v1-leaf1024,ThreadPool,8,8
1,1.6.0,1.6.0,MSVC 1944,Windows,x86_64,unreported,sum,double,1048576,contiguous,1,stable,16,1.5786,4638345064186407022,122.84782612735512,1.2306600183364935e-11,1.0017759834518199e-13,1,1,1,1,ThreadPool,Accurate,canonical,compensated,canonical-neumaier-v1-leaf1024,ThreadPool,8,8
1,1.6.0,1.6.0,MSVC 1944,Windows,x86_64,unreported,sum,double,1048576,contiguous,1,stable,17,1.5664,4638345064186407022,122.84782612735512,1.2306600183364935e-11,1.0017759834518199e-13,1,1,1,1,ThreadPool,Accurate,canonical,compensated,canonical-neumaier-v1-leaf1024,ThreadPool,8,8
1,1.6.0,1.6.0,MSVC 1944,Windows,x86_64,unreported,sum,double,1048576,contiguous,1,stable,18,1.5545,4638345064186407022,122.84782612735512,1.2306600183364935e-11,1.0017759834518199e-13,1,1,1,1,ThreadPool,Accurate,canonical,compensated,canonical-neumaier-v1-leaf1024,ThreadPool,8,8
1,1.6.0,1.6.0,MSVC 1944,Windows,x86_64,unreported,sum,double,1048576,contiguous,1,stable,19,1.5953999999999999,4638345064186407022,122.84782612735512,1.2306600183364935e-11,1.0017759834518199e-13,1,1,1,1,ThreadPool,Accurate,canonical,compensated,canonical-neumaier-v1-leaf1024,ThreadPool,8,8
1,1.6.0,1.6.0,MSVC 1944,Windows,x86_64,unreported,sum,double,1048576,contiguous,1,stable,20,1.5762,4638345064186407022,122.84782612735512,1.2306600183364935e-11,1.0017759834518199e-13,1,1,1,1,ThreadPool,Accurate,canonical,compensated,canonical-neumaier-v1-leaf1024,ThreadPool,8,8
1,1.6.0,1.6.0,MSVC 1944,Windows,x86_64,unreported,sum,double,1048576,contiguous,1,stable,21,1.5760000000000001,4638345064186407022,122.84782612735512,1.2306600183364935e-11,1.0017759834518199e-13,1,1,1,1,ThreadPool,Accurate,canonical,compensated,canonical-neumaier-v1-leaf1024,ThreadPool,8,8
1,1.6.0,1.6.0,MSVC 1944,Windows,x86_64,unreported,sum,double,1048576,contiguous,1,stable,22,1.5833999999999999,4638345064186407022,122.84782612735512,1.2306600183364935e-11,1.0017759834518199e-13,1,1,1,1,ThreadPool,Accurate,canonical,compensated,canonical-neumaier-v1-leaf1024,ThreadPool,8,8
1,1.6.0,1.6.0,MSVC 1944,Windows,x86_64,unreported,sum,double,1048576,contiguous,1,stable,23,1.5712999999999999,4638345064186407022,122.84782612735512,1.2306600183364935e-11,1.0017759834518199e-13,1,1,1,1,ThreadPool,Accurate,canonical,compensated,canonical-neumaier-v1-leaf1024,ThreadPool,8,8
1,1.6.0,1.6.0,MSVC 1944,Windows,x86_64,unreported,sum,double,1048576,contiguous,1,stable,24,1.5723,4638345064186407022,122.84782612735512,1.2306600183364935e-11,1.0017759834518199e-13,1,1,1,1,ThreadPool,Accurate,canonical,compensated,canonical-neumaier-v1-leaf1024,ThreadPool,8,8
1,1.6.0,1.6.0,MSVC 1944,Windows,x86_64,unreported,sum,double,1048576,contiguous,1,stable,25,1.5725,4638345064186407022,122.84782612735512,1.2306600183364935e-11,1.0017759834518199e-13,1,1,1,1,ThreadPool,Accurate,canonical,compensated,canonical-neumaier-v1-leaf1024,ThreadPool,8,8
1,1.6.0,1.6.0,MSVC 1944,Windows,x86_64,unreported,sum,double,1048576,contiguous,1,stable,26,1.5604,4638345064186407022,122.84782612735512,1.2306600183364935e-11,1.0017759834518199e-13,1,1,1,1,ThreadPool,Accurate,canonical,compensated,canonical-neumaier-v1-leaf1024,ThreadPool,8,8
1,1.6.0,1.6.0,MSVC 1944,Windows,x86_64,unreported,sum,double,1048576,contiguous,1,stable,27,1.5848,4638345064186407022,122.84782612735512,1.2306600183364935e-11,1.0017759834518199e-13,1,1,1,1,ThreadPool,Accurate,canonical,compensated,canonical-neumaier-v1-leaf1024,ThreadPool,8,8
1,1.6.0,1.6.0,MSVC 1944,Windows,x86_64,unreported,sum,double,1048576,contiguous,1,stable,28,1.5898000000000001,4638345064186407022,122.84782612735512,1.2306600183364935e-11,1.0017759834518199e-13,1,1,1,1,ThreadPool,Accurate,canonical,compensated,canonical-neumaier-v1-leaf1024,ThreadPool,8,8
1,1.6.0,1.6.0,MSVC 1944,Windows,x86_64,unreported,sum,double,1048576,contiguous,1,stable,29,1.5703,4638345064186407022,122.84782612735512,1.2306600183364935e-11,1.0017759834518199e-13,1,1,1,1,ThreadPool,Accurate,canonical,compensated,canonical-neumaier-v1-leaf1024,ThreadPool,8,8
1,1.6.0,1.6.0,MSVC 1944,Windows,x86_64,unreported,sum,double,1048576,contiguous,1,stable,30,1.5965,4638345064186407022,122.84782612735512,1.2306600183364935e-11,1.0017759834518199e-13,1,1,1,1,ThreadPool,Accurate,canonical,compensated,canonical-neumaier-v1-leaf1024,ThreadPool,8,8
1,1.6.0,1.6.0,MSVC 1944,Windows,x86_64,unreported,sum,double,1048576,contiguous,1,stable,31,1.5687,4638345064186407022,122.84782612735512,1.2306600183364935e-11,1.0017759834518199e-13,1,1,1,1,ThreadPool,Accurate,canonical,compensated,canonical-neumaier-v1-leaf1024,ThreadPool,8,8
1,1.6.0,1.6.0,MSVC 1944,Windows,x86_64,unreported,dot,double,1048576,contiguous,1,first_call,0,6.3273000000000001,13905019138771679483,-100563.75622412625,3.0267983675003052e-09,3.0098302620622934e-14,1,1,1,1,ThreadPool,Accurate,canonical,compensated,canonical-neumaier-v1-leaf1024,ThreadPool,8,8
1,1.6.0,1.6.0,MSVC 1944,Windows,x86_64,unreported,dot,double,1048576,contiguous,1,stable,1,4.8285,13905019138771679483,-100563.75622412625,3.0267983675003052e-09,3.0098302620622934e-14,1,1,1,1,ThreadPool,Accurate,canonical,compensated,canonical-neumaier-v1-leaf1024,ThreadPool,8,8
1,1.6.0,1.6.0,MSVC 1944,Windows,x86_64,unreported,dot,double,1048576,contiguous,1,stable,2,6.3098000000000001,13905019138771679483,-100563.75622412625,3.0267983675003052e-09,3.0098302620622934e-14,1,1,1,1,ThreadPool,Accurate,canonical,compensated,canonical-neumaier-v1-leaf1024,ThreadPool,8,8
1,1.6.0,1.6.0,MSVC 1944,Windows,x86_64,unreported,dot,double,1048576,contiguous,1,stable,3,6.3372000000000002,13905019138771679483,-100563.75622412625,3.0267983675003052e-09,3.0098302620622934e-14,1,1,1,1,ThreadPool,Accurate,canonical,compensated,canonical-neumaier-v1-leaf1024,ThreadPool,8,8
1,1.6.0,1.6.0,MSVC 1944,Windows,x86_64,unreported,dot,double,1048576,contiguous,1,stable,4,4.843,13905019138771679483,-100563.75622412625,3.0267983675003052e-09,3.0098302620622934e-14,1,1,1,1,ThreadPool,Accurate,canonical,compensated,canonical-neumaier-v1-leaf1024,ThreadPool,8,8
1,1.6.0,1.6.0,MSVC 1944,Windows,x86_64,unreported,dot,double,1048576,contiguous,1,stable,5,6.3074000000000003,13905019138771679483,-100563.75622412625,3.0267983675003052e-09,3.0098302620622934e-14,1,1,1,1,ThreadPool,Accurate,canonical,compensated,canonical-neumaier-v1-leaf1024,ThreadPool,8,8
1,1.6.0,1.6.0,MSVC 1944,Windows,x86_64,unreported,dot,double,1048576,contiguous,1,stable,6,6.3217999999999996,13905019138771679483,-100563.75622412625,3.0267983675003052e-09,3.0098302620622934e-14,1,1,1,1,ThreadPool,Accurate,canonical,compensated,canonical-neumaier-v1-leaf1024,ThreadPool,8,8
1,1.6.0,1.6.0,MSVC 1944,Windows,x86_64,unreported,dot,double,1048576,contiguous,1,stable,7,5.5656999999999996,13905019138771679483,-100563.75622412625,3.0267983675003052e-09,3.0098302620622934e-14,1,1,1,1,ThreadPool,Accurate,canonical,compensated,canonical-neumaier-v1-leaf1024,ThreadPool,8,8
1,1.6.0,1.6.0,MSVC 1944,Windows,x86_64,unreported,dot,double,1048576,contiguous,1,stable,8,4.7831000000000001,13905019138771679483,-100563.75622412625,3.0267983675003052e-09,3.0098302620622934e-14,1,1,1,1,ThreadPool,Accurate,canonical,compensated,canonical-neumaier-v1-leaf1024,ThreadPool,8,8
1,1.6.0,1.6.0,MSVC 1944,Windows,x86_64,unreported,dot,double,1048576,contiguous,1,stable,9,5.1989999999999998,13905019138771679483,-100563.75622412625,3.0267983675003052e-09,3.0098302620622934e-14,1,1,1,1,ThreadPool,Accurate,canonical,compensated,canonical-neumaier-v1-leaf1024,ThreadPool,8,8
1,1.6.0,1.6.0,MSVC 1944,Windows,x86_64,unreported,dot,double,1048576,contiguous,1,stable,10,4.4138999999999999,13905019138771679483,-100563.75622412625,3.0267983675003052e-09,3.0098302620622934e-14,1,1,1,1,ThreadPool,Accurate,canonical,compensated,canonical-neumaier-v1-leaf1024,ThreadPool,8,8
1,1.6.0,1.6.0,MSVC 1944,Windows,x86_64,unreported,dot,double,1048576,contiguous,1,stable,11,6.3193999999999999,13905019138771679483,-100563.75622412625,3.0267983675003052e-09,3.0098302620622934e-14,1,1,1,1,ThreadPool,Accurate,canonical,compensated,canonical-neumaier-v1-leaf1024,ThreadPool,8,8
1,1.6.0,1.6.0,MSVC 1944,Windows,x86_64,unreported,dot,double,1048576,contiguous,1,stable,12,5.1680000000000001,13905019138771679483,-100563.75622412625,3.0267983675003052e-09,3.0098302620622934e-14,1,1,1,1,ThreadPool,Accurate,canonical,compensated,canonical-neumaier-v1-leaf1024,ThreadPool,8,8
1,1.6.0,1.6.0,MSVC 1944,Windows,x86_64,unreported,dot,double,1048576,contiguous,1,stable,13,4.7981999999999996,13905019138771679483,-100563.75622412625,3.0267983675003052e-09,3.0098302620622934e-14,1,1,1,1,ThreadPool,Accurate,canonical,compensated,canonical-neumaier-v1-leaf1024,ThreadPool,8,8
1,1.6.0,1.6.0,MSVC 1944,Windows,x86_64,unreported,dot,double,1048576,contiguous,1,stable,14,4.8353999999999999,13905019138771679483,-100563.75622412625,3.0267983675003052e-09,3.0098302620622934e-14,1,1,1,1,ThreadPool,Accurate,canonical,compensated,canonical-neumaier-v1-leaf1024,ThreadPool,8,8
1,1.6.0,1.6.0,MSVC 1944,Windows,x86_64,unreported,dot,double,1048576,contiguous,1,stable,15,4.8067000000000002,13905019138771679483,-100563.75622412625,3.0267983675003052e-09,3.0098302620622934e-14,1,1,1,1,ThreadPool,Accurate,canonical,compensated,canonical-neumaier-v1-leaf1024,ThreadPool,8,8
1,1.6.0,1.6.0,MSVC 1944,Windows,x86_64,unreported,dot,double,1048576,contiguous,1,stable,16,4.8018000000000001,13905019138771679483,-100563.75622412625,3.0267983675003052e-09,3.0098302620622934e-14,1,1,1,1,ThreadPool,Accurate,canonical,compensated,canonical-neumaier-v1-leaf1024,ThreadPool,8,8
1,1.6.0,1.6.0,MSVC 1944,Windows,x86_64,unreported,dot,double,1048576,contiguous,1,stable,17,4.8052000000000001,13905019138771679483,-100563.75622412625,3.0267983675003052e-09,3.0098302620622934e-14,1,1,1,1,ThreadPool,Accurate,canonical,compensated,canonical-neumaier-v1-leaf1024,ThreadPool,8,8
1,1.6.0,1.6.0,MSVC 1944,Windows,x86_64,unreported,dot,double,1048576,contiguous,1,stable,18,6.3489000000000004,13905019138771679483,-100563.75622412625,3.0267983675003052e-09,3.0098302620622934e-14,1,1,1,1,ThreadPool,Accurate,canonical,compensated,canonical-neumaier-v1-leaf1024,ThreadPool,8,8
1,1.6.0,1.6.0,MSVC 1944,Windows,x86_64,unreported,dot,double,1048576,contiguous,1,stable,19,4.3144,13905019138771679483,-100563.75622412625,3.0267983675003052e-09,3.0098302620622934e-14,1,1,1,1,ThreadPool,Accurate,canonical,compensated,canonical-neumaier-v1-leaf1024,ThreadPool,8,8
1,1.6.0,1.6.0,MSVC 1944,Windows,x86_64,unreported,dot,double,1048576,contiguous,1,stable,20,4.8041,13905019138771679483,-100563.75622412625,3.0267983675003052e-09,3.0098302620622934e-14,1,1,1,1,ThreadPool,Accurate,canonical,compensated,canonical-neumaier-v1-leaf1024,ThreadPool,8,8
1,1.6.0,1.6.0,MSVC 1944,Windows,x86_64,unreported,dot,double,1048576,contiguous,1,stable,21,4.3388,13905019138771679483,-100563.75622412625,3.0267983675003052e-09,3.0098302620622934e-14,1,1,1,1,ThreadPool,Accurate,canonical,compensated,canonical-neumaier-v1-leaf1024,ThreadPool,8,8
1,1.6.0,1.6.0,MSVC 1944,Windows,x86_64,unreported,dot,double,1048576,contiguous,1,stable,22,4.7954999999999997,13905019138771679483,-100563.75622412625,3.0267983675003052e-09,3.0098302620622934e-14,1,1,1,1,ThreadPool,Accurate,canonical,compensated,canonical-neumaier-v1-leaf1024,ThreadPool,8,8
1,1.6.0,1.6.0,MSVC 1944,Windows,x86_64,unreported,dot,double,1048576,contiguous,1,stable,23,6.3066000000000004,13905019138771679483,-100563.75622412625,3.0267983675003052e-09,3.0098302620622934e-14,1,1,1,1,ThreadPool,Accurate,canonical,compensated,canonical-neumaier-v1-leaf1024,ThreadPool,8,8
1,1.6.0,1.6.0,MSVC 1944,Windows,x86_64,unreported,dot,double,1048576,contiguous,1,stable,24,4.8163999999999998,13905019138771679483,-100563.75622412625,3.0267983675003052e-09,3.0098302620622934e-14,1,1,1,1,ThreadPool,Accurate,canonical,compensated,canonical-neumaier-v1-leaf1024,ThreadPool,8,8
1,1.6.0,1.6.0,MSVC 1944,Windows,x86_64,unreported,dot,double,1048576,contiguous,1,stable,25,6.2984999999999998,13905019138771679483,-100563.75622412625,3.0267983675003052e-09,3.0098302620622934e-14,1,1,1,1,ThreadPool,Accurate,canonical,compensated,canonical-neumaier-v1-leaf1024,ThreadPool,8,8
1,1.6.0,1.6.0,MSVC 1944,Windows,x86_64,unreported,dot,double,1048576,contiguous,1,stable,26,4.8147000000000002,13905019138771679483,-100563.75622412625,3.0267983675003052e-09,3.0098302620622934e-14,1,1,1,1,ThreadPool,Accurate,canonical,compensated,canonical-neumaier-v1-leaf1024,ThreadPool,8,8
1,1.6.0,1.6.0,MSVC 1944,Windows,x86_64,unreported,dot,double,1048576,contiguous,1,stable,27,5.1487999999999996,13905019138771679483,-100563.75622412625,3.0267983675003052e-09,3.0098302620622934e-14,1,1,1,1,ThreadPool,Accurate,canonical,compensated,canonical-neumaier-v1-leaf1024,ThreadPool,8,8
1,1.6.0,1.6.0,MSVC 1944,Windows,x86_64,unreported,dot,double,1048576,contiguous,1,stable,28,5.2830000000000004,13905019138771679483,-100563.75622412625,3.0267983675003052e-09,3.0098302620622934e-14,1,1,1,1,ThreadPool,Accurate,canonical,compensated,canonical-neumaier-v1-leaf1024,ThreadPool,8,8
1,1.6.0,1.6.0,MSVC 1944,Windows,x86_64,unreported,dot,double,1048576,contiguous,1,stable,29,4.8246000000000002,13905019138771679483,-100563.75622412625,3.0267983675003052e-09,3.0098302620622934e-14,1,1,1,1,ThreadPool,Accurate,canonical,compensated,canonical-neumaier-v1-leaf1024,ThreadPool,8,8
1,1.6.0,1.6.0,MSVC 1944,Windows,x86_64,unreported,dot,double,1048576,contiguous,1,stable,30,4.7941000000000003,13905019138771679483,-100563.75622412625,3.0267983675003052e-09,3.0098302620622934e-14,1,1,1,1,ThreadPool,Accurate,canonical,compensated,canonical-neumaier-v1-leaf1024,ThreadPool,8,8
1,1.6.0,1.6.0,MSVC 1944,Windows,x86_64,unreported,dot,double,1048576,contiguous,1,stable,31,6.2956000000000003,13905019138771679483,-100563.75622412625,3.0267983675003052e-09,3.0098302620622934e-14,1,1,1,1,ThreadPool,Accurate,canonical,compensated,canonical-neumaier-v1-leaf1024,ThreadPool,8,8
1,1.6.0,1.6.0,MSVC 1944,Windows,x86_64,unreported,norm,double,1048576,contiguous,1,first_call,0,2.4182999999999999,4645139005614007355,365.58216279425278,1.7053025658242404e-13,4.6646219082192294e-16,1,1,1,1,ThreadPool,Accurate,canonical,scaled_sumsq,canonical-scaled-sumsq-v1-leaf1024,ThreadPool,8,8
1,1.6.0,1.6.0,MSVC 1944,Windows,x86_64,unreported,norm,double,1048576,contiguous,1,stable,1,1.7444,4645139005614007355,365.58216279425278,1.7053025658242404e-13,4.6646219082192294e-16,1,1,1,1,ThreadPool,Accurate,canonical,scaled_sumsq,canonical-scaled-sumsq-v1-leaf1024,ThreadPool,8,8
1,1.6.0,1.6.0,MSVC 1944,Windows,x86_64,unreported,norm,double,1048576,contiguous,1,stable,2,2.4289999999999998,4645139005614007355,365.58216279425278,1.7053025658242404e-13,4.6646219082192294e-16,1,1,1,1,ThreadPool,Accurate,canonical,scaled_sumsq,canonical-scaled-sumsq-v1-leaf1024,ThreadPool,8,8
1,1.6.0,1.6.0,MSVC 1944,Windows,x86_64,unreported,norm,double,1048576,contiguous,1,stable,3,2.4125000000000001,4645139005614007355,365.58216279425278,1.7053025658242404e-13,4.6646219082192294e-16,1,1,1,1,ThreadPool,Accurate,canonical,scaled_sumsq,canonical-scaled-sumsq-v1-leaf1024,ThreadPool,8,8
1,1.6.0,1.6.0,MSVC 1944,Windows,x86_64,unreported,norm,double,1048576,contiguous,1,stable,4,2.4371,4645139005614007355,365.58216279425278,1.7053025658242404e-13,4.6646219082192294e-16,1,1,1,1,ThreadPool,Accurate,canonical,scaled_sumsq,canonical-scaled-sumsq-v1-leaf1024,ThreadPool,8,8
1,1.6.0,1.6.0,MSVC 1944,Windows,x86_64,unreported,norm,double,1048576,contiguous,1,stable,5,2.4165000000000001,4645139005614007355,365.58216279425278,1.7053025658242404e-13,4.6646219082192294e-16,1,1,1,1,ThreadPool,Accurate,canonical,scaled_sumsq,canonical-scaled-sumsq-v1-leaf1024,ThreadPool,8,8
1,1.6.0,1.6.0,MSVC 1944,Windows,x86_64,unreported,norm,double,1048576,contiguous,1,stable,6,2.4161000000000001,4645139005614007355,365.58216279425278,1.7053025658242404e-13,4.6646219082192294e-16,1,1,1,1,ThreadPool,Accurate,canonical,scaled_sumsq,canonical-scaled-sumsq-v1-leaf1024,ThreadPool,8,8
1,1.6.0,1.6.0,MSVC 1944,Windows,x86_64,unreported,norm,double,1048576,contiguous,1,stable,7,2.4186000000000001,4645139005614007355,365.58216279425278,1.7053025658242404e-13,4.6646219082192294e-16,1,1,1,1,ThreadPool,Accurate,canonical,scaled_sumsq,canonical-scaled-sumsq-v1-leaf1024,ThreadPool,8,8
1,1.6.0,1.6.0,MSVC 1944,Windows,x86_64,unreported,norm,double,1048576,contiguous,1,stable,8,2.4215,4645139005614007355,365.58216279425278,1.7053025658242404e-13,4.6646219082192294e-16,1,1,1,1,ThreadPool,Accurate,canonical,scaled_sumsq,canonical-scaled-sumsq-v1-leaf1024,ThreadPool,8,8
1,1.6.0,1.6.0,MSVC 1944,Windows,x86_64,unreported,norm,double,1048576,contiguous,1,stable,9,2.4176000000000002,4645139005614007355,365.58216279425278,1.7053025658242404e-13,4.6646219082192294e-16,1,1,1,1,ThreadPool,Accurate,canonical,scaled_sumsq,canonical-scaled-sumsq-v1-leaf1024,ThreadPool,8,8
1,1.6.0,1.6.0,MSVC 1944,Windows,x86_64,unreported,norm,double,1048576,contiguous,1,stable,10,1.7325999999999999,4645139005614007355,365.58216279425278,1.7053025658242404e-13,4.6646219082192294e-16,1,1,1,1,ThreadPool,Accurate,canonical,scaled_sumsq,canonical-scaled-sumsq-v1-leaf1024,ThreadPool,8,8
1,1.6.0,1.6.0,MSVC 1944,Windows,x86_64,unreported,norm,double,1048576,contiguous,1,stable,11,2.4134000000000002,4645139005614007355,365.58216279425278,1.7053025658242404e-13,4.6646219082192294e-16,1,1,1,1,ThreadPool,Accurate,canonical,scaled_sumsq,canonical-scaled-sumsq-v1-leaf1024,ThreadPool,8,8
1,1.6.0,1.6.0,MSVC 1944,Windows,x86_64,unreported,norm,double,1048576,contiguous,1,stable,12,1.7744,4645139005614007355,365.58216279425278,1.7053025658242404e-13,4.6646219082192294e-16,1,1,1,1,ThreadPool,Accurate,canonical,scaled_sumsq,canonical-scaled-sumsq-v1-leaf1024,ThreadPool,8,8
1,1.6.0,1.6.0,MSVC 1944,Windows,x86_64,unreported,norm,double,1048576,contiguous,1,stable,13,2.4104999999999999,4645139005614007355,365.58216279425278,1.7053025658242404e-13,4.6646219082192294e-16,1,1,1,1,ThreadPool,Accurate,canonical,scaled_sumsq,canonical-scaled-sumsq-v1-leaf1024,ThreadPool,8,8
1,1.6.0,1.6.0,MSVC 1944,Windows,x86_64,unreported,norm,double,1048576,contiguous,1,stable,14,2.4256000000000002,4645139005614007355,365.58216279425278,1.7053025658242404e-13,4.6646219082192294e-16,1,1,1,1,ThreadPool,Accurate,canonical,scaled_sumsq,canonical-scaled-sumsq-v1-leaf1024,ThreadPool,8,8
1,1.6.0,1.6.0,MSVC 1944,Windows,x86_64,unreported,norm,double,1048576,contiguous,1,stable,15,2.4056999999999999,4645139005614007355,365.58216279425278,1.7053025658242404e-13,4.6646219082192294e-16,1,1,1,1,ThreadPool,Accurate,canonical,scaled_sumsq,canonical-scaled-sumsq-v1-leaf1024,ThreadPool,8,8
1,1.6.0,1.6.0,MSVC 1944,Windows,x86_64,unreported,norm,double,1048576,contiguous,1,stable,16,2.4184000000000001,4645139005614007355,365.58216279425278,1.7053025658242404e-13,4.6646219082192294e-16,1,1,1,1,ThreadPool,Accurate,canonical,scaled_sumsq,canonical-scaled-sumsq-v1-leaf1024,ThreadPool,8,8
1,1.6.0,1.6.0,MSVC 1944,Windows,x86_64,unreported,norm,double,1048576,contiguous,1,stable,17,1.7483,4645139005614007355,365.58216279425278,1.7053025658242404e-13,4.6646219082192294e-16,1,1,1,1,ThreadPool,Accurate,canonical,scaled_sumsq,canonical-scaled-sumsq-v1-leaf1024,ThreadPool,8,8
1,1.6.0,1.6.0,MSVC 1944,Windows,x86_64,unreported,norm,double,1048576,contiguous,1,stable,18,2.4015,4645139005614007355,365.58216279425278,1.7053025658242404e-13,4.6646219082192294e-16,1,1,1,1,ThreadPool,Accurate,canonical,scaled_sumsq,canonical-scaled-sumsq-v1-leaf1024,ThreadPool,8,8
1,1.6.0,1.6.0,MSVC 1944,Windows,x86_64,unreported,norm,double,1048576,contiguous,1,stable,19,2.4113000000000002,4645139005614007355,365.58216279425278,1.7053025658242404e-13,4.6646219082192294e-16,1,1,1,1,ThreadPool,Accurate,canonical,scaled_sumsq,canonical-scaled-sumsq-v1-leaf1024,ThreadPool,8,8
1,1.6.0,1.6.0,MSVC 1944,Windows,x86_64,unreported,norm,double,1048576,contiguous,1,stable,20,2.395,4645139005614007355,365.58216279425278,1.7053025658242404e-13,4.6646219082192294e-16,1,1,1,1,ThreadPool,Accurate,canonical,scaled_sumsq,canonical-scaled-sumsq-v1-leaf1024,ThreadPool,8,8
1,1.6.0,1.6.0,MSVC 1944,Windows,x86_64,unreported,norm,double,1048576,contiguous,1,stable,21,2.3942999999999999,4645139005614007355,365.58216279425278,1.7053025658242404e-13,4.6646219082192294e-16,1,1,1,1,ThreadPool,Accurate,canonical,scaled_sumsq,canonical-scaled-sumsq-v1-leaf1024,ThreadPool,8,8
1,1.6.0,1.6.0,MSVC 1944,Windows,x86_64,unreported,norm,double,1048576,contiguous,1,stable,22,2.4163000000000001,4645139005614007355,365.58216279425278,1.7053025658242404e-13,4.6646219082192294e-16,1,1,1,1,ThreadPool,Accurate,canonical,scaled_sumsq,canonical-scaled-sumsq-v1-leaf1024,ThreadPool,8,8
1,1.6.0,1.6.0,MSVC 1944,Windows,x86_64,unreported,norm,double,1048576,contiguous,1,stable,23,2.4041999999999999,4645139005614007355,365.58216279425278,1.7053025658242404e-13,4.6646219082192294e-16,1,1,1,1,ThreadPool,Accurate,canonical,scaled_sumsq,canonical-scaled-sumsq-v1-leaf1024,ThreadPool,8,8
1,1.6.0,1.6.0,MSVC 1944,Windows,x86_64,unreported,norm,double,1048576,contiguous,1,stable,24,2.4134000000000002,4645139005614007355,365.58216279425278,1.7053025658242404e-13,4.6646219082192294e-16,1,1,1,1,ThreadPool,Accurate,canonical,scaled_sumsq,canonical-scaled-sumsq-v1-leaf1024,ThreadPool,8,8
1,1.6.0,1.6.0,MSVC 1944,Windows,x86_64,unreported,norm,double,1048576,contiguous,1,stable,25,2.4116,4645139005614007355,365.58216279425278,1.7053025658242404e-13,4.6646219082192294e-16,1,1,1,1,ThreadPool,Accurate,canonical,scaled_sumsq,canonical-scaled-sumsq-v1-leaf1024,ThreadPool,8,8
1,1.6.0,1.6.0,MSVC 1944,Windows,x86_64,unreported,norm,double,1048576,contiguous,1,stable,26,2.4014000000000002,4645139005614007355,365.58216279425278,1.7053025658242404e-13,4.6646219082192294e-16,1,1,1,1,ThreadPool,Accurate,canonical,scaled_sumsq,canonical-scaled-sumsq-v1-leaf1024,ThreadPool,8,8
1,1.6.0,1.6.0,MSVC 1944,Windows,x86_64,unreported,norm,double,1048576,contiguous,1,stable,27,2.4144999999999999,4645139005614007355,365.58216279425278,1.7053025658242404e-13,4.6646219082192294e-16,1,1,1,1,ThreadPool,Accurate,canonical,scaled_sumsq,canonical-scaled-sumsq-v1-leaf1024,ThreadPool,8,8
1,1.6.0,1.6.0,MSVC 1944,Windows,x86_64,unreported,norm,double,1048576,contiguous,1,stable,28,2.4081000000000001,4645139005614007355,365.58216279425278,1.7053025658242404e-13,4.6646219082192294e-16,1,1,1,1,ThreadPool,Accurate,canonical,scaled_sumsq,canonical-scaled-sumsq-v1-leaf1024,ThreadPool,8,8
1,1.6.0,1.6.0,MSVC 1944,Windows,x86_64,unreported,norm,double,1048576,contiguous,1,stable,29,2.4140000000000001,4645139005614007355,365.58216279425278,1.7053025658242404e-13,4.6646219082192294e-16,1,1,1,1,ThreadPool,Accurate,canonical,scaled_sumsq,canonical-scaled-sumsq-v1-leaf1024,ThreadPool,8,8
1,1.6.0,1.6.0,MSVC 1944,Windows,x86_64,unreported,norm,double,1048576,contiguous,1,stable,30,2.4188000000000001,4645139005614007355,365.58216279425278,1.7053025658242404e-13,4.6646219082192294e-16,1,1,1,1,ThreadPool,Accurate,canonical,scaled_sumsq,canonical-scaled-sumsq-v1-leaf1024,ThreadPool,8,8
1,1.6.0,1.6.0,MSVC 1944,Windows,x86_64,unreported,norm,double,1048576,contiguous,1,stable,31,2.4163999999999999,4645139005614007355,365.58216279425278,1.7053025658242404e-13,4.6646219082192294e-16,1,1,1,1,ThreadPool,Accurate,canonical,scaled_sumsq,canonical-scaled-sumsq-v1-leaf1024,ThreadPool,8,8
1,1.6.0,1.6.0,MSVC 1944,Windows,x86_64,unreported,sum_legacy_fast,double,1048576,contiguous,1,first_call,0,0.21790000000000001,4638345064186406256,122.84782612735512,2.319211489520967e-11,1.8878734468745612e-13,1,1,1,1,ThreadPool,Fast,adaptive,native,none,ThreadPool,8,8
1,1.6.0,1.6.0,MSVC 1944,Windows,x86_64,unreported,sum_legacy_fast,double,1048576,contiguous,1,stable,1,0.18060000000000001,4638345064186406256,122.84782612735512,2.319211489520967e-11,1.8878734468745612e-13,1,1,1,1,ThreadPool,Fast,adaptive,native,none,ThreadPool,8,8
1,1.6.0,1.6.0,MSVC 1944,Windows,x86_64,unreported,sum_legacy_fast,double,1048576,contiguous,1,stable,2,0.1699,4638345064186406256,122.84782612735512,2.319211489520967e-11,1.8878734468745612e-13,1,1,1,1,ThreadPool,Fast,adaptive,native,none,ThreadPool,8,8
1,1.6.0,1.6.0,MSVC 1944,Windows,x86_64,unreported,sum_legacy_fast,double,1048576,contiguous,1,stable,3,0.15129999999999999,4638345064186406256,122.84782612735512,2.319211489520967e-11,1.8878734468745612e-13,1,1,1,1,ThreadPool,Fast,adaptive,native,none,ThreadPool,8,8
1,1.6.0,1.6.0,MSVC 1944,Windows,x86_64,unreported,sum_legacy_fast,double,1048576,contiguous,1,stable,4,0.16039999999999999,4638345064186406256,122.84782612735512,2.319211489520967e-11,1.8878734468745612e-13,1,1,1,1,ThreadPool,Fast,adaptive,native,none,ThreadPool,8,8
1,1.6.0,1.6.0,MSVC 1944,Windows,x86_64,unreported,sum_legacy_fast,double,1048576,contiguous,1,stable,5,0.16009999999999999,4638345064186406256,122.84782612735512,2.319211489520967e-11,1.8878734468745612e-13,1,1,1,1,ThreadPool,Fast,adaptive,native,none,ThreadPool,8,8
1,1.6.0,1.6.0,MSVC 1944,Windows,x86_64,unreported,sum_legacy_fast,double,1048576,contiguous,1,stable,6,0.1507,4638345064186406256,122.84782612735512,2.319211489520967e-11,1.8878734468745612e-13,1,1,1,1,ThreadPool,Fast,adaptive,native,none,ThreadPool,8,8
1,1.6.0,1.6.0,MSVC 1944,Windows,x86_64,unreported,sum_legacy_fast,double,1048576,contiguous,1,stable,7,0.20419999999999999,4638345064186406256,122.84782612735512,2.319211489520967e-11,1.8878734468745612e-13,1,1,1,1,ThreadPool,Fast,adaptive,native,none,ThreadPool,8,8
1,1.6.0,1.6.0,MSVC 1944,Windows,x86_64,unreported,sum_legacy_fast,double,1048576,contiguous,1,stable,8,0.15529999999999999,4638345064186406256,122.84782612735512,2.319211489520967e-11,1.8878734468745612e-13,1,1,1,1,ThreadPool,Fast,adaptive,native,none,ThreadPool,8,8
1,1.6.0,1.6.0,MSVC 1944,Windows,x86_64,unreported,sum_legacy_fast,double,1048576,contiguous,1,stable,9,0.1434,4638345064186406256,122.84782612735512,2.319211489520967e-11,1.8878734468745612e-13,1,1,1,1,ThreadPool,Fast,adaptive,native,none,ThreadPool,8,8
1,1.6.0,1.6.0,MSVC 1944,Windows,x86_64,unreported,sum_legacy_fast,double,1048576,contiguous,1,stable,10,0.1706,4638345064186406256,122.84782612735512,2.319211489520967e-11,1.8878734468745612e-13,1,1,1,1,ThreadPool,Fast,adaptive,native,none,ThreadPool,8,8
1,1.6.0,1.6.0,MSVC 1944,Windows,x86_64,unreported,sum_legacy_fast,double,1048576,contiguous,1,stable,11,0.2283,4638345064186406256,122.84782612735512,2.319211489520967e-11,1.8878734468745612e-13,1,1,1,1,ThreadPool,Fast,adaptive,native,none,ThreadPool,8,8
1,1.6.0,1.6.0,MSVC 1944,Windows,x86_64,unreported,sum_legacy_fast,double,1048576,contiguous,1,stable,12,0.18940000000000001,4638345064186406256,122.84782612735512,2.319211489520967e-11,1.8878734468745612e-13,1,1,1,1,ThreadPool,Fast,adaptive,native,none,ThreadPool,8,8
1,1.6.0,1.6.0,MSVC 1944,Windows,x86_64,unreported,sum_legacy_fast,double,1048576,contiguous,1,stable,13,0.161,4638345064186406256,122.84782612735512,2.319211489520967e-11,1.8878734468745612e-13,1,1,1,1,ThreadPool,Fast,adaptive,native,none,ThreadPool,8,8
1,1.6.0,1.6.0,MSVC 1944,Windows,x86_64,unreported,sum_legacy_fast,double,1048576,contiguous,1,stable,14,0.19259999999999999,4638345064186406256,122.84782612735512,2.319211489520967e-11,1.8878734468745612e-13,1,1,1,1,ThreadPool,Fast,adaptive,native,none,ThreadPool,8,8
1,1.6.0,1.6.0,MSVC 1944,Windows,x86_64,unreported,sum_legacy_fast,double,1048576,contiguous,1,stable,15,0.16309999999999999,4638345064186406256,122.84782612735512,2.319211489520967e-11,1.8878734468745612e-13,1,1,1,1,ThreadPool,Fast,adaptive,native,none,ThreadPool,8,8
1,1.6.0,1.6.0,MSVC 1944,Windows,x86_64,unreported,sum_legacy_fast,double,1048576,contiguous,1,stable,16,0.14729999999999999,4638345064186406256,122.84782612735512,2.319211489520967e-11,1.8878734468745612e-13,1,1,1,1,ThreadPool,Fast,adaptive,native,none,ThreadPool,8,8
1,1.6.0,1.6.0,MSVC 1944,Windows,x86_64,unreported,sum_legacy_fast,double,1048576,contiguous,1,stable,17,0.14660000000000001,4638345064186406256,122.84782612735512,2.319211489520967e-11,1.8878734468745612e-13,1,1,1,1,ThreadPool,Fast,adaptive,native,none,ThreadPool,8,8
1,1.6.0,1.6.0,MSVC 1944,Windows,x86_64,unreported,sum_legacy_fast,double,1048576,contiguous,1,stable,18,0.1573,4638345064186406256,122.84782612735512,2.319211489520967e-11,1.8878734468745612e-13,1,1,1,1,ThreadPool,Fast,adaptive,native,none,ThreadPool,8,8
1,1.6.0,1.6.0,MSVC 1944,Windows,x86_64,unreported,sum_legacy_fast,double,1048576,contiguous,1,stable,19,0.1462,4638345064186406256,122.84782612735512,2.319211489520967e-11,1.8878734468745612e-13,1,1,1,1,ThreadPool,Fast,adaptive,native,none,ThreadPool,8,8
1,1.6.0,1.6.0,MSVC 1944,Windows,x86_64,unreported,sum_legacy_fast,double,1048576,contiguous,1,stable,20,0.17979999999999999,4638345064186406256,122.84782612735512,2.319211489520967e-11,1.8878734468745612e-13,1,1,1,1,ThreadPool,Fast,adaptive,native,none,ThreadPool,8,8
1,1.6.0,1.6.0,MSVC 1944,Windows,x86_64,unreported,sum_legacy_fast,double,1048576,contiguous,1,stable,21,0.1479,4638345064186406256,122.84782612735512,2.319211489520967e-11,1.8878734468745612e-13,1,1,1,1,ThreadPool,Fast,adaptive,native,none,ThreadPool,8,8
1,1.6.0,1.6.0,MSVC 1944,Windows,x86_64,unreported,sum_legacy_fast,double,1048576,contiguous,1,stable,22,0.1444,4638345064186406256,122.84782612735512,2.319211489520967e-11,1.8878734468745612e-13,1,1,1,1,ThreadPool,Fast,adaptive,native,none,ThreadPool,8,8
1,1.6.0,1.6.0,MSVC 1944,Windows,x86_64,unreported,sum_legacy_fast,double,1048576,contiguous,1,stable,23,0.1447,4638345064186406256,122.84782612735512,2.319211489520967e-11,1.8878734468745612e-13,1,1,1,1,ThreadPool,Fast,adaptive,native,none,ThreadPool,8,8
1,1.6.0,1.6.0,MSVC 1944,Windows,x86_64,unreported,sum_legacy_fast,double,1048576,contiguous,1,stable,24,0.14480000000000001,4638345064186406256,122.84782612735512,2.319211489520967e-11,1.8878734468745612e-13,1,1,1,1,ThreadPool,Fast,adaptive,native,none,ThreadPool,8,8
1,1.6.0,1.6.0,MSVC 1944,Windows,x86_64,unreported,sum_legacy_fast,double,1048576,contiguous,1,stable,25,0.14580000000000001,4638345064186406256,122.84782612735512,2.319211489520967e-11,1.8878734468745612e-13,1,1,1,1,ThreadPool,Fast,adaptive,native,none,ThreadPool,8,8
1,1.6.0,1.6.0,MSVC 1944,Windows,x86_64,unreported,sum_legacy_fast,double,1048576,contiguous,1,stable,26,0.1583,4638345064186406256,122.84782612735512,2.319211489520967e-11,1.8878734468745612e-13,1,1,1,1,ThreadPool,Fast,adaptive,native,none,ThreadPool,8,8
1,1.6.0,1.6.0,MSVC 1944,Windows,x86_64,unreported,sum_legacy_fast,double,1048576,contiguous,1,stable,27,0.18709999999999999,4638345064186406256,122.84782612735512,2.319211489520967e-11,1.8878734468745612e-13,1,1,1,1,ThreadPool,Fast,adaptive,native,none,ThreadPool,8,8
1,1.6.0,1.6.0,MSVC 1944,Windows,x86_64,unreported,sum_legacy_fast,double,1048576,contiguous,1,stable,28,0.15540000000000001,4638345064186406256,122.84782612735512,2.319211489520967e-11,1.8878734468745612e-13,1,1,1,1,ThreadPool,Fast,adaptive,native,none,ThreadPool,8,8
1,1.6.0,1.6.0,MSVC 1944,Windows,x86_64,unreported,sum_legacy_fast,double,1048576,contiguous,1,stable,29,0.1547,4638345064186406256,122.84782612735512,2.319211489520967e-11,1.8878734468745612e-13,1,1,1,1,ThreadPool,Fast,adaptive,native,none,ThreadPool,8,8
1,1.6.0,1.6.0,MSVC 1944,Windows,x86_64,unreported,sum_legacy_fast,double,1048576,contiguous,1,stable,30,0.15440000000000001,4638345064186406256,122.84782612735512,2.319211489520967e-11,1.8878734468745612e-13,1,1,1,1,ThreadPool,Fast,adaptive,native,none,ThreadPool,8,8
1,1.6.0,1.6.0,MSVC 1944,Windows,x86_64,unreported,sum_legacy_fast,double,1048576,contiguous,1,stable,31,0.15540000000000001,4638345064186406256,122.84782612735512,2.319211489520967e-11,1.8878734468745612e-13,1,1,1,1,ThreadPool,Fast,adaptive,native,none,ThreadPool,8,8
1,1.6.0,1.6.0,MSVC 1944,Windows,x86_64,unreported,sum_direct_sequential,double,1048576,contiguous,1,first_call,0,0.85429999999999995,4638345064186407888,122.84782612735512,0,0,1,1,1,1,DirectSequential,Fast,adaptive,native,none,Auto,1,1
1,1.6.0,1.6.0,MSVC 1944,Windows,x86_64,unreported,sum_direct_sequential,double,1048576,contiguous,1,stable,1,0.86129999999999995,4638345064186407888,122.84782612735512,0,0,1,1,1,1,DirectSequential,Fast,adaptive,native,none,Auto,1,1
1,1.6.0,1.6.0,MSVC 1944,Windows,x86_64,unreported,sum_direct_sequential,double,1048576,contiguous,1,stable,2,0.86229999999999996,4638345064186407888,122.84782612735512,0,0,1,1,1,1,DirectSequential,Fast,adaptive,native,none,Auto,1,1
1,1.6.0,1.6.0,MSVC 1944,Windows,x86_64,unreported,sum_direct_sequential,double,1048576,contiguous,1,stable,3,0.86560000000000004,4638345064186407888,122.84782612735512,0,0,1,1,1,1,DirectSequential,Fast,adaptive,native,none,Auto,1,1
1,1.6.0,1.6.0,MSVC 1944,Windows,x86_64,unreported,sum_direct_sequential,double,1048576,contiguous,1,stable,4,0.85460000000000003,4638345064186407888,122.84782612735512,0,0,1,1,1,1,DirectSequential,Fast,adaptive,native,none,Auto,1,1
1,1.6.0,1.6.0,MSVC 1944,Windows,x86_64,unreported,sum_direct_sequential,double,1048576,contiguous,1,stable,5,0.85680000000000001,4638345064186407888,122.84782612735512,0,0,1,1,1,1,DirectSequential,Fast,adaptive,native,none,Auto,1,1
1,1.6.0,1.6.0,MSVC 1944,Windows,x86_64,unreported,sum_direct_sequential,double,1048576,contiguous,1,stable,6,0.85519999999999996,4638345064186407888,122.84782612735512,0,0,1,1,1,1,DirectSequential,Fast,adaptive,native,none,Auto,1,1
1,1.6.0,1.6.0,MSVC 1944,Windows,x86_64,unreported,sum_direct_sequential,double,1048576,contiguous,1,stable,7,0.84370000000000001,4638345064186407888,122.84782612735512,0,0,1,1,1,1,DirectSequential,Fast,adaptive,native,none,Auto,1,1
1,1.6.0,1.6.0,MSVC 1944,Windows,x86_64,unreported,sum_direct_sequential,double,1048576,contiguous,1,stable,8,0.85270000000000001,4638345064186407888,122.84782612735512,0,0,1,1,1,1,DirectSequential,Fast,adaptive,native,none,Auto,1,1
1,1.6.0,1.6.0,MSVC 1944,Windows,x86_64,unreported,sum_direct_sequential,double,1048576,contiguous,1,stable,9,0.84889999999999999,4638345064186407888,122.84782612735512,0,0,1,1,1,1,DirectSequential,Fast,adaptive,native,none,Auto,1,1
1,1.6.0,1.6.0,MSVC 1944,Windows,x86_64,unreported,sum_direct_sequential,double,1048576,contiguous,1,stable,10,0.85029999999999994,4638345064186407888,122.84782612735512,0,0,1,1,1,1,DirectSequential,Fast,adaptive,native,none,Auto,1,1
1,1.6.0,1.6.0,MSVC 1944,Windows,x86_64,unreported,sum_direct_sequential,double,1048576,contiguous,1,stable,11,0.84830000000000005,4638345064186407888,122.84782612735512,0,0,1,1,1,1,DirectSequential,Fast,adaptive,native,none,Auto,1,1
1,1.6.0,1.6.0,MSVC 1944,Windows,x86_64,unreported,sum_direct_sequential,double,1048576,contiguous,1,stable,12,0.85089999999999999,4638345064186407888,122.84782612735512,0,0,1,1,1,1,DirectSequential,Fast,adaptive,native,none,Auto,1,1
1,1.6.0,1.6.0,MSVC 1944,Windows,x86_64,unreported,sum_direct_sequential,double,1048576,contiguous,1,stable,13,0.85750000000000004,4638345064186407888,122.84782612735512,0,0,1,1,1,1,DirectSequential,Fast,adaptive,native,none,Auto,1,1
1,1.6.0,1.6.0,MSVC 1944,Windows,x86_64,unreported,sum_direct_sequential,double,1048576,contiguous,1,stable,14,0.85350000000000004,4638345064186407888,122.84782612735512,0,0,1,1,1,1,DirectSequential,Fast,adaptive,native,none,Auto,1,1
1,1.6.0,1.6.0,MSVC 1944,Windows,x86_64,unreported,sum_direct_sequential,double,1048576,contiguous,1,stable,15,0.84489999999999998,4638345064186407888,122.84782612735512,0,0,1,1,1,1,DirectSequential,Fast,adaptive,native,none,Auto,1,1
1,1.6.0,1.6.0,MSVC 1944,Windows,x86_64,unreported,sum_direct_sequential,double,1048576,contiguous,1,stable,16,0.85350000000000004,4638345064186407888,122.84782612735512,0,0,1,1,1,1,DirectSequential,Fast,adaptive,native,none,Auto,1,1
1,1.6.0,1.6.0,MSVC 1944,Windows,x86_64,unreported,sum_direct_sequential,double,1048576,contiguous,1,stable,17,0.85229999999999995,4638345064186407888,122.84782612735512,0,0,1,1,1,1,DirectSequential,Fast,adaptive,native,none,Auto,1,1
1,1.6.0,1.6.0,MSVC 1944,Windows,x86_64,unreported,sum_direct_sequential,double,1048576,contiguous,1,stable,18,0.85129999999999995,4638345064186407888,122.84782612735512,0,0,1,1,1,1,DirectSequential,Fast,adaptive,native,none,Auto,1,1
1,1.6.0,1.6.0,MSVC 1944,Windows,x86_64,unreported,sum_direct_sequential,double,1048576,contiguous,1,stable,19,0.85450000000000004,4638345064186407888,122.84782612735512,0,0,1,1,1,1,DirectSequential,Fast,adaptive,native,none,Auto,1,1
1,1.6.0,1.6.0,MSVC 1944,Windows,x86_64,unreported,sum_direct_sequential,double,1048576,contiguous,1,stable,20,0.85829999999999995,4638345064186407888,122.84782612735512,0,0,1,1,1,1,DirectSequential,Fast,adaptive,native,none,Auto,1,1
1,1.6.0,1.6.0,MSVC 1944,Windows,x86_64,unreported,sum_direct_sequential,double,1048576,contiguous,1,stable,21,0.85640000000000005,4638345064186407888,122.84782612735512,0,0,1,1,1,1,DirectSequential,Fast,adaptive,native,none,Auto,1,1
1,1.6.0,1.6.0,MSVC 1944,Windows,x86_64,unreported,sum_direct_sequential,double,1048576,contiguous,1,stable,22,0.85289999999999999,4638345064186407888,122.84782612735512,0,0,1,1,1,1,DirectSequential,Fast,adaptive,native,none,Auto,1,1
1,1.6.0,1.6.0,MSVC 1944,Windows,x86_64,unreported,sum_direct_sequential,double,1048576,contiguous,1,stable,23,0.84470000000000001,4638345064186407888,122.84782612735512,0,0,1,1,1,1,DirectSequential,Fast,adaptive,native,none,Auto,1,1
1,1.6.0,1.6.0,MSVC 1944,Windows,x86_64,unreported,sum_direct_sequential,double,1048576,contiguous,1,stable,24,0.85570000000000002,4638345064186407888,122.84782612735512,0,0,1,1,1,1,DirectSequential,Fast,adaptive,native,none,Auto,1,1
1,1.6.0,1.6.0,MSVC 1944,Windows,x86_64,unreported,sum_direct_sequential,double,1048576,contiguous,1,stable,25,0.85850000000000004,4638345064186407888,122.84782612735512,0,0,1,1,1,1,DirectSequential,Fast,adaptive,native,none,Auto,1,1
1,1.6.0,1.6.0,MSVC 1944,Windows,x86_64,unreported,sum_direct_sequential,double,1048576,contiguous,1,stable,26,0.85580000000000001,4638345064186407888,122.84782612735512,0,0,1,1,1,1,DirectSequential,Fast,adaptive,native,none,Auto,1,1
1,1.6.0,1.6.0,MSVC 1944,Windows,x86_64,unreported,sum_direct_sequential,double,1048576,contiguous,1,stable,27,0.85550000000000004,4638345064186407888,122.84782612735512,0,0,1,1,1,1,DirectSequential,Fast,adaptive,native,none,Auto,1,1
1,1.6.0,1.6.0,MSVC 1944,Windows,x86_64,unreported,sum_direct_sequential,double,1048576,contiguous,1,stable,28,0.85119999999999996,4638345064186407888,122.84782612735512,0,0,1,1,1,1,DirectSequential,Fast,adaptive,native,none,Auto,1,1
1,1.6.0,1.6.0,MSVC 1944,Windows,x86_64,unreported,sum_direct_sequential,double,1048576,contiguous,1,stable,29,0.85270000000000001,4638345064186407888,122.84782612735512,0,0,1,1,1,1,DirectSequential,Fast,adaptive,native,none,Auto,1,1
1,1.6.0,1.6.0,MSVC 1944,Windows,x86_64,unreported,sum_direct_sequential,double,1048576,contiguous,1,stable,30,0.85240000000000005,4638345064186407888,122.84782612735512,0,0,1,1,1,1,DirectSequential,Fast,adaptive,native,none,Auto,1,1
1,1.6.0,1.6.0,MSVC 1944,Windows,x86_64,unreported,sum_direct_sequential,double,1048576,contiguous,1,stable,31,0.85340000000000005,4638345064186407888,122.84782612735512,0,0,1,1,1,1,DirectSequential,Fast,adaptive,native,none,Auto,1,1
1,1.6.0,1.6.0,MSVC 1944,Windows,x86_64,unreported,dot_direct_sequential,double,1048576,contiguous,1,first_call,0,0.94340000000000002,13905019138771679275,-100563.75622412625,0,0,1,1,1,1,DirectSequential,Fast,adaptive,native,none,Auto,1,1
1,1.6.0,1.6.0,MSVC 1944,Windows,x86_64,unreported,dot_direct_sequential,double,1048576,contiguous,1,stable,1,0.94420000000000004,13905019138771679275,-100563.75622412625,0,0,1,1,1,1,DirectSequential,Fast,adaptive,native,none,Auto,1,1
1,1.6.0,1.6.0,MSVC 1944,Windows,x86_64,unreported,dot_direct_sequential,double,1048576,contiguous,1,stable,2,0.93879999999999997,13905019138771679275,-100563.75622412625,0,0,1,1,1,1,DirectSequential,Fast,adaptive,native,none,Auto,1,1
1,1.6.0,1.6.0,MSVC 1944,Windows,x86_64,unreported,dot_direct_sequential,double,1048576,contiguous,1,stable,3,0.92989999999999995,13905019138771679275,-100563.75622412625,0,0,1,1,1,1,DirectSequential,Fast,adaptive,native,none,Auto,1,1
1,1.6.0,1.6.0,MSVC 1944,Windows,x86_64,unreported,dot_direct_sequential,double,1048576,contiguous,1,stable,4,0.93149999999999999,13905019138771679275,-100563.75622412625,0,0,1,1,1,1,DirectSequential,Fast,adaptive,native,none,Auto,1,1
1,1.6.0,1.6.0,MSVC 1944,Windows,x86_64,unreported,dot_direct_sequential,double,1048576,contiguous,1,stable,5,0.92949999999999999,13905019138771679275,-100563.75622412625,0,0,1,1,1,1,DirectSequential,Fast,adaptive,native,none,Auto,1,1
1,1.6.0,1.6.0,MSVC 1944,Windows,x86_64,unreported,dot_direct_sequential,double,1048576,contiguous,1,stable,6,0.95020000000000004,13905019138771679275,-100563.75622412625,0,0,1,1,1,1,DirectSequential,Fast,adaptive,native,none,Auto,1,1
1,1.6.0,1.6.0,MSVC 1944,Windows,x86_64,unreported,dot_direct_sequential,double,1048576,contiguous,1,stable,7,0.93830000000000002,13905019138771679275,-100563.75622412625,0,0,1,1,1,1,DirectSequential,Fast,adaptive,native,none,Auto,1,1
1,1.6.0,1.6.0,MSVC 1944,Windows,x86_64,unreported,dot_direct_sequential,double,1048576,contiguous,1,stable,8,0.92889999999999995,13905019138771679275,-100563.75622412625,0,0,1,1,1,1,DirectSequential,Fast,adaptive,native,none,Auto,1,1
1,1.6.0,1.6.0,MSVC 1944,Windows,x86_64,unreported,dot_direct_sequential,double,1048576,contiguous,1,stable,9,0.92810000000000004,13905019138771679275,-100563.75622412625,0,0,1,1,1,1,DirectSequential,Fast,adaptive,native,none,Auto,1,1
1,1.6.0,1.6.0,MSVC 1944,Windows,x86_64,unreported,dot_direct_sequential,double,1048576,contiguous,1,stable,10,0.95120000000000005,13905019138771679275,-100563.75622412625,0,0,1,1,1,1,DirectSequential,Fast,adaptive,native,none,Auto,1,1
1,1.6.0,1.6.0,MSVC 1944,Windows,x86_64,unreported,dot_direct_sequential,double,1048576,contiguous,1,stable,11,0.93130000000000002,13905019138771679275,-100563.75622412625,0,0,1,1,1,1,DirectSequential,Fast,adaptive,native,none,Auto,1,1
1,1.6.0,1.6.0,MSVC 1944,Windows,x86_64,unreported,dot_direct_sequential,double,1048576,contiguous,1,stable,12,0.92910000000000004,13905019138771679275,-100563.75622412625,0,0,1,1,1,1,DirectSequential,Fast,adaptive,native,none,Auto,1,1
1,1.6.0,1.6.0,MSVC 1944,Windows,x86_64,unreported,dot_direct_sequential,double,1048576,contiguous,1,stable,13,0.93320000000000003,13905019138771679275,-100563.75622412625,0,0,1,1,1,1,DirectSequential,Fast,adaptive,native,none,Auto,1,1
1,1.6.0,1.6.0,MSVC 1944,Windows,x86_64,unreported,dot_direct_sequential,double,1048576,contiguous,1,stable,14,0.94020000000000004,13905019138771679275,-100563.75622412625,0,0,1,1,1,1,DirectSequential,Fast,adaptive,native,none,Auto,1,1
1,1.6.0,1.6.0,MSVC 1944,Windows,x86_64,unreported,dot_direct_sequential,double,1048576,contiguous,1,stable,15,0.94640000000000002,13905019138771679275,-100563.75622412625,0,0,1,1,1,1,DirectSequential,Fast,adaptive,native,none,Auto,1,1
1,1.6.0,1.6.0,MSVC 1944,Windows,x86_64,unreported,dot_direct_sequential,double,1048576,contiguous,1,stable,16,0.94179999999999997,13905019138771679275,-100563.75622412625,0,0,1,1,1,1,DirectSequential,Fast,adaptive,native,none,Auto,1,1
1,1.6.0,1.6.0,MSVC 1944,Windows,x86_64,unreported,dot_direct_sequential,double,1048576,contiguous,1,stable,17,0.94589999999999996,13905019138771679275,-100563.75622412625,0,0,1,1,1,1,DirectSequential,Fast,adaptive,native,none,Auto,1,1
1,1.6.0,1.6.0,MSVC 1944,Windows,x86_64,unreported,dot_direct_sequential,double,1048576,contiguous,1,stable,18,0.93710000000000004,13905019138771679275,-100563.75622412625,0,0,1,1,1,1,DirectSequential,Fast,adaptive,native,none,Auto,1,1
1,1.6.0,1.6.0,MSVC 1944,Windows,x86_64,unreported,dot_direct_sequential,double,1048576,contiguous,1,stable,19,0.96779999999999999,13905019138771679275,-100563.75622412625,0,0,1,1,1,1,DirectSequential,Fast,adaptive,native,none,Auto,1,1
1,1.6.0,1.6.0,MSVC 1944,Windows,x86_64,unreported,dot_direct_sequential,double,1048576,contiguous,1,stable,20,0.95030000000000003,13905019138771679275,-100563.75622412625,0,0,1,1,1,1,DirectSequential,Fast,adaptive,native,none,Auto,1,1
1,1.6.0,1.6.0,MSVC 1944,Windows,x86_64,unreported,dot_direct_sequential,double,1048576,contiguous,1,stable,21,0.92169999999999996,13905019138771679275,-100563.75622412625,0,0,1,1,1,1,DirectSequential,Fast,adaptive,native,none,Auto,1,1
1,1.6.0,1.6.0,MSVC 1944,Windows,x86_64,unreported,dot_direct_sequential,double,1048576,contiguous,1,stable,22,0.91790000000000005,13905019138771679275,-100563.75622412625,0,0,1,1,1,1,DirectSequential,Fast,adaptive,native,none,Auto,1,1
1,1.6.0,1.6.0,MSVC 1944,Windows,x86_64,unreported,dot_direct_sequential,double,1048576,contiguous,1,stable,23,0.92720000000000002,13905019138771679275,-100563.75622412625,0,0,1,1,1,1,DirectSequential,Fast,adaptive,native,none,Auto,1,1
1,1.6.0,1.6.0,MSVC 1944,Windows,x86_64,unreported,dot_direct_sequential,double,1048576,contiguous,1,stable,24,0.90610000000000002,13905019138771679275,-100563.75622412625,0,0,1,1,1,1,DirectSequential,Fast,adaptive,native,none,Auto,1,1
1,1.6.0,1.6.0,MSVC 1944,Windows,x86_64,unreported,dot_direct_sequential,double,1048576,contiguous,1,stable,25,0.92320000000000002,13905019138771679275,-100563.75622412625,0,0,1,1,1,1,DirectSequential,Fast,adaptive,native,none,Auto,1,1
1,1.6.0,1.6.0,MSVC 1944,Windows,x86_64,unreported,dot_direct_sequential,double,1048576,contiguous,1,stable,26,0.93069999999999997,13905019138771679275,-100563.75622412625,0,0,1,1,1,1,DirectSequential,Fast,adaptive,native,none,Auto,1,1
1,1.6.0,1.6.0,MSVC 1944,Windows,x86_64,unreported,dot_direct_sequential,double,1048576,contiguous,1,stable,27,0.93810000000000004,13905019138771679275,-100563.75622412625,0,0,1,1,1,1,DirectSequential,Fast,adaptive,native,none,Auto,1,1
1,1.6.0,1.6.0,MSVC 1944,Windows,x86_64,unreported,dot_direct_sequential,double,1048576,contiguous,1,stable,28,0.93210000000000004,13905019138771679275,-100563.75622412625,0,0,1,1,1,1,DirectSequential,Fast,adaptive,native,none,Auto,1,1
1,1.6.0,1.6.0,MSVC 1944,Windows,x86_64,unreported,dot_direct_sequential,double,1048576,contiguous,1,stable,29,0.92169999999999996,13905019138771679275,-100563.75622412625,0,0,1,1,1,1,DirectSequential,Fast,adaptive,native,none,Auto,1,1
1,1.6.0,1.6.0,MSVC 1944,Windows,x86_64,unreported,dot_direct_sequential,double,1048576,contiguous,1,stable,30,0.93799999999999994,13905019138771679275,-100563.75622412625,0,0,1,1,1,1,DirectSequential,Fast,adaptive,native,none,Auto,1,1
1,1.6.0,1.6.0,MSVC 1944,Windows,x86_64,unreported,dot_direct_sequential,double,1048576,contiguous,1,stable,31,0.92630000000000001,13905019138771679275,-100563.75622412625,0,0,1,1,1,1,DirectSequential,Fast,adaptive,native,none,Auto,1,1
1,1.6.0,1.6.0,MSVC 1944,Windows,x86_64,unreported,norm_direct_sequential,double,1048576,contiguous,1,first_call,0,0.85940000000000005,4645139005614007352,365.58216279425278,0,0,1,1,1,1,DirectSequential,Fast,adaptive,native,none,Auto,1,1
1,1.6.0,1.6.0,MSVC 1944,Windows,x86_64,unreported,norm_direct_sequential,double,1048576,contiguous,1,stable,1,0.85129999999999995,4645139005614007352,365.58216279425278,0,0,1,1,1,1,DirectSequential,Fast,adaptive,native,none,Auto,1,1
1,1.6.0,1.6.0,MSVC 1944,Windows,x86_64,unreported,norm_direct_sequential,double,1048576,contiguous,1,stable,2,0.85099999999999998,4645139005614007352,365.58216279425278,0,0,1,1,1,1,DirectSequential,Fast,adaptive,native,none,Auto,1,1
1,1.6.0,1.6.0,MSVC 1944,Windows,x86_64,unreported,norm_direct_sequential,double,1048576,contiguous,1,stable,3,0.85370000000000001,4645139005614007352,365.58216279425278,0,0,1,1,1,1,DirectSequential,Fast,adaptive,native,none,Auto,1,1
1,1.6.0,1.6.0,MSVC 1944,Windows,x86_64,unreported,norm_direct_sequential,double,1048576,contiguous,1,stable,4,0.85770000000000002,4645139005614007352,365.58216279425278,0,0,1,1,1,1,DirectSequential,Fast,adaptive,native,none,Auto,1,1
1,1.6.0,1.6.0,MSVC 1944,Windows,x86_64,unreported,norm_direct_sequential,double,1048576,contiguous,1,stable,5,0.85409999999999997,4645139005614007352,365.58216279425278,0,0,1,1,1,1,DirectSequential,Fast,adaptive,native,none,Auto,1,1
1,1.6.0,1.6.0,MSVC 1944,Windows,x86_64,unreported,norm_direct_sequential,double,1048576,contiguous,1,stable,6,0.85289999999999999,4645139005614007352,365.58216279425278,0,0,1,1,1,1,DirectSequential,Fast,adaptive,native,none,Auto,1,1
1,1.6.0,1.6.0,MSVC 1944,Windows,x86_64,unreported,norm_direct_sequential,double,1048576,contiguous,1,stable,7,0.84970000000000001,4645139005614007352,365.58216279425278,0,0,1,1,1,1,DirectSequential,Fast,adaptive,native,none,Auto,1,1
1,1.6.0,1.6.0,MSVC 1944,Windows,x86_64,unreported,norm_direct_sequential,double,1048576,contiguous,1,stable,8,0.85799999999999998,4645139005614007352,365.58216279425278,0,0,1,1,1,1,DirectSequential,Fast,adaptive,native,none,Auto,1,1
1,1.6.0,1.6.0,MSVC 1944,Windows,x86_64,unreported,norm_direct_sequential,double,1048576,contiguous,1,stable,9,0.85519999999999996,4645139005614007352,365.58216279425278,0,0,1,1,1,1,DirectSequential,Fast,adaptive,native,none,Auto,1,1
1,1.6.0,1.6.0,MSVC 1944,Windows,x86_64,unreported,norm_direct_sequential,double,1048576,contiguous,1,stable,10,0.85770000000000002,4645139005614007352,365.58216279425278,0,0,1,1,1,1,DirectSequential,Fast,adaptive,native,none,Auto,1,1
1,1.6.0,1.6.0,MSVC 1944,Windows,x86_64,unreported,norm_direct_sequential,double,1048576,contiguous,1,stable,11,0.8599,4645139005614007352,365.58216279425278,0,0,1,1,1,1,DirectSequential,Fast,adaptive,native,none,Auto,1,1
1,1.6.0,1.6.0,MSVC 1944,Windows,x86_64,unreported,norm_direct_sequential,double,1048576,contiguous,1,stable,12,0.8538,4645139005614007352,365.58216279425278,0,0,1,1,1,1,DirectSequential,Fast,adaptive,native,none,Auto,1,1
1,1.6.0,1.6.0,MSVC 1944,Windows,x86_64,unreported,norm_direct_sequential,double,1048576,contiguous,1,stable,13,0.84160000000000001,4645139005614007352,365.58216279425278,0,0,1,1,1,1,DirectSequential,Fast,adaptive,native,none,Auto,1,1
1,1.6.0,1.6.0,MSVC 1944,Windows,x86_64,unreported,norm_direct_sequential,double,1048576,contiguous,1,stable,14,0.85370000000000001,4645139005614007352,365.58216279425278,0,0,1,1,1,1,DirectSequential,Fast,adaptive,native,none,Auto,1,1
1,1.6.0,1.6.0,MSVC 1944,Windows,x86_64,unreported,norm_direct_sequential,double,1048576,contiguous,1,stable,15,0.85970000000000002,4645139005614007352,365.58216279425278,0,0,1,1,1,1,DirectSequential,Fast,adaptive,native,none,Auto,1,1
1,1.6.0,1.6.0,MSVC 1944,Windows,x86_64,unreported,norm_direct_sequential,double,1048576,contiguous,1,stable,16,0.84950000000000003,4645139005614007352,365.58216279425278,0,0,1,1,1,1,DirectSequential,Fast,adaptive,native,none,Auto,1,1
1,1.6.0,1.6.0,MSVC 1944,Windows,x86_64,unreported,norm_direct_sequential,double,1048576,contiguous,1,stable,17,0.85329999999999995,4645139005614007352,365.58216279425278,0,0,1,1,1,1,DirectSequential,Fast,adaptive,native,none,Auto,1,1
1,1.6.0,1.6.0,MSVC 1944,Windows,x86_64,unreported,norm_direct_sequential,double,1048576,contiguous,1,stable,18,0.85219999999999996,4645139005614007352,365.58216279425278,0,0,1,1,1,1,DirectSequential,Fast,adaptive,native,none,Auto,1,1
1,1.6.0,1.6.0,MSVC 1944,Windows,x86_64,unreported,norm_direct_sequential,double,1048576,contiguous,1,stable,19,0.85329999999999995,4645139005614007352,365.58216279425278,0,0,1,1,1,1,DirectSequential,Fast,adaptive,native,none,Auto,1,1
1,1.6.0,1.6.0,MSVC 1944,Windows,x86_64,unreported,norm_direct_sequential,double,1048576,contiguous,1,stable,20,0.84319999999999995,4645139005614007352,365.58216279425278,0,0,1,1,1,1,DirectSequential,Fast,adaptive,native,none,Auto,1,1
1,1.6.0,1.6.0,MSVC 1944,Windows,x86_64,unreported,norm_direct_sequential,double,1048576,contiguous,1,stable,21,0.84999999999999998,4645139005614007352,365.58216279425278,0,0,1,1,1,1,DirectSequential,Fast,adaptive,native,none,Auto,1,1
1,1.6.0,1.6.0,MSVC 1944,Windows,x86_64,unreported,norm_direct_sequential,double,1048576,contiguous,1,stable,22,0.85029999999999994,4645139005614007352,365.58216279425278,0,0,1,1,1,1,DirectSequential,Fast,adaptive,native,none,Auto,1,1
1,1.6.0,1.6.0,MSVC 1944,Windows,x86_64,unreported,norm_direct_sequential,double,1048576,contiguous,1,stable,23,0.84799999999999998,4645139005614007352,365.58216279425278,0,0,1,1,1,1,DirectSequential,Fast,adaptive,native,none,Auto,1,1
1,1.6.0,1.6.0,MSVC 1944,Windows,x86_64,unreported,norm_direct_sequential,double,1048576,contiguous,1,stable,24,0.85929999999999995,4645139005614007352,365.58216279425278,0,0,1,1,1,1,DirectSequential,Fast,adaptive,native,none,Auto,1,1
1,1.6.0,1.6.0,MSVC 1944,Windows,x86_64,unreported,norm_direct_sequential,double,1048576,contiguous,1,stable,25,0.85470000000000002,4645139005614007352,365.58216279425278,0,0,1,1,1,1,DirectSequential,Fast,adaptive,native,none,Auto,1,1
1,1.6.0,1.6.0,MSVC 1944,Windows,x86_64,unreported,norm_direct_sequential,double,1048576,contiguous,1,stable,26,0.85260000000000002,4645139005614007352,365.58216279425278,0,0,1,1,1,1,DirectSequential,Fast,adaptive,native,none,Auto,1,1
1,1.6.0,1.6.0,MSVC 1944,Windows,x86_64,unreported,norm_direct_sequential,double,1048576,contiguous,1,stable,27,0.85299999999999998,4645139005614007352,365.58216279425278,0,0,1,1,1,1,DirectSequential,Fast,adaptive,native,none,Auto,1,1
1,1.6.0,1.6.0,MSVC 1944,Windows,x86_64,unreported,norm_direct_sequential,double,1048576,contiguous,1,stable,28,0.84309999999999996,4645139005614007352,365.58216279425278,0,0,1,1,1,1,DirectSequential,Fast,adaptive,native,none,Auto,1,1
1,1.6.0,1.6.0,MSVC 1944,Windows,x86_64,unreported,norm_direct_sequential,double,1048576,contiguous,1,stable,29,0.85150000000000003,4645139005614007352,365.58216279425278,0,0,1,1,1,1,DirectSequential,Fast,adaptive,native,none,Auto,1,1
1,1.6.0,1.6.0,MSVC 1944,Windows,x86_64,unreported,norm_direct_sequential,double,1048576,contiguous,1,stable,30,0.84899999999999998,4645139005614007352,365.58216279425278,0,0,1,1,1,1,DirectSequential,Fast,adaptive,native,none,Auto,1,1
1,1.6.0,1.6.0,MSVC 1944,Windows,x86_64,unreported,norm_direct_sequential,double,1048576,contiguous,1,stable,31,0.84970000000000001,4645139005614007352,365.58216279425278,0,0,1,1,1,1,DirectSequential,Fast,adaptive,native,none,Auto,1,1
1,1.6.0,1.6.0,MSVC 1944,Windows,x86_64,unreported,axpy,double,1048576,contiguous,1,first_call,0,9.5869,0,0,0,0,1,1,1,1,ThreadPool,Fast,adaptive,native,none,ThreadPool,8,8
1,1.6.0,1.6.0,MSVC 1944,Windows,x86_64,unreported,axpy,double,1048576,contiguous,1,stable,1,7.8300999999999998,0,0,0,0,1,1,1,1,ThreadPool,Fast,adaptive,native,none,ThreadPool,8,8
1,1.6.0,1.6.0,MSVC 1944,Windows,x86_64,unreported,axpy,double,1048576,contiguous,1,stable,2,7.8230000000000004,0,0,0,0,1,1,1,1,ThreadPool,Fast,adaptive,native,none,ThreadPool,8,8
1,1.6.0,1.6.0,MSVC 1944,Windows,x86_64,unreported,axpy,double,1048576,contiguous,1,stable,3,10.6418,0,0,0,0,1,1,1,1,ThreadPool,Fast,adaptive,native,none,ThreadPool,8,8
1,1.6.0,1.6.0,MSVC 1944,Windows,x86_64,unreported,axpy,double,1048576,contiguous,1,stable,4,8.2955000000000005,0,0,0,0,1,1,1,1,ThreadPool,Fast,adaptive,native,none,ThreadPool,8,8
1,1.6.0,1.6.0,MSVC 1944,Windows,x86_64,unreported,axpy,double,1048576,contiguous,1,stable,5,8.5187000000000008,0,0,0,0,1,1,1,1,ThreadPool,Fast,adaptive,native,none,ThreadPool,8,8
1,1.6.0,1.6.0,MSVC 1944,Windows,x86_64,unreported,axpy,double,1048576,contiguous,1,stable,6,7.7725,0,0,0,0,1,1,1,1,ThreadPool,Fast,adaptive,native,none,ThreadPool,8,8
1,1.6.0,1.6.0,MSVC 1944,Windows,x86_64,unreported,axpy,double,1048576,contiguous,1,stable,7,10.005100000000001,0,0,0,0,1,1,1,1,ThreadPool,Fast,adaptive,native,none,ThreadPool,8,8
1,1.6.0,1.6.0,MSVC 1944,Windows,x86_64,unreported,axpy,double,1048576,contiguous,1,stable,8,10.0594,0,0,0,0,1,1,1,1,ThreadPool,Fast,adaptive,native,none,ThreadPool,8,8
1,1.6.0,1.6.0,MSVC 1944,Windows,x86_64,unreported,axpy,double,1048576,contiguous,1,stable,9,8.2180999999999997,0,0,0,0,1,1,1,1,ThreadPool,Fast,adaptive,native,none,ThreadPool,8,8
1,1.6.0,1.6.0,MSVC 1944,Windows,x86_64,unreported,axpy,double,1048576,contiguous,1,stable,10,9.7984000000000009,0,0,0,0,1,1,1,1,ThreadPool,Fast,adaptive,native,none,ThreadPool,8,8
1,1.6.0,1.6.0,MSVC 1944,Windows,x86_64,unreported,axpy,double,1048576,contiguous,1,stable,11,9.9894999999999996,0,0,0,0,1,1,1,1,ThreadPool,Fast,adaptive,native,none,ThreadPool,8,8
1,1.6.0,1.6.0,MSVC 1944,Windows,x86_64,unreported,axpy,double,1048576,contiguous,1,stable,12,7.8448000000000002,0,0,0,0,1,1,1,1,ThreadPool,Fast,adaptive,native,none,ThreadPool,8,8
1,1.6.0,1.6.0,MSVC 1944,Windows,x86_64,unreported,axpy,double,1048576,contiguous,1,stable,13,7.8285,0,0,0,0,1,1,1,1,ThreadPool,Fast,adaptive,native,none,ThreadPool,8,8
1,1.6.0,1.6.0,MSVC 1944,Windows,x86_64,unreported,axpy,double,1048576,contiguous,1,stable,14,10.1408,0,0,0,0,1,1,1,1,ThreadPool,Fast,adaptive,native,none,ThreadPool,8,8
1,1.6.0,1.6.0,MSVC 1944,Windows,x86_64,unreported,axpy,double,1048576,contiguous,1,stable,15,7.8291000000000004,0,0,0,0,1,1,1,1,ThreadPool,Fast,adaptive,native,none,ThreadPool,8,8
1,1.6.0,1.6.0,MSVC 1944,Windows,x86_64,unreported,axpy,double,1048576,contiguous,1,stable,16,10.077,0,0,0,0,1,1,1,1,ThreadPool,Fast,adaptive,native,none,ThreadPool,8,8
1,1.6.0,1.6.0,MSVC 1944,Windows,x86_64,unreported,axpy,double,1048576,contiguous,1,stable,17,10.1465,0,0,0,0,1,1,1,1,ThreadPool,Fast,adaptive,native,none,ThreadPool,8,8
1,1.6.0,1.6.0,MSVC 1944,Windows,x86_64,unreported,axpy,double,1048576,contiguous,1,stable,18,9.2682000000000002,0,0,0,0,1,1,1,1,ThreadPool,Fast,adaptive,native,none,ThreadPool,8,8
1,1.6.0,1.6.0,MSVC 1944,Windows,x86_64,unreported,axpy,double,1048576,contiguous,1,stable,19,10.056100000000001,0,0,0,0,1,1,1,1,ThreadPool,Fast,adaptive,native,none,ThreadPool,8,8
1,1.6.0,1.6.0,MSVC 1944,Windows,x86_64,unreported,axpy,double,1048576,contiguous,1,stable,20,10.0672,0,0,0,0,1,1,1,1,ThreadPool,Fast,adaptive,native,none,ThreadPool,8,8
1,1.6.0,1.6.0,MSVC 1944,Windows,x86_64,unreported,axpy,double,1048576,contiguous,1,stable,21,10.1175,0,0,0,0,1,1,1,1,ThreadPool,Fast,adaptive,native,none,ThreadPool,8,8
1,1.6.0,1.6.0,MSVC 1944,Windows,x86_64,unreported,axpy,double,1048576,contiguous,1,stable,22,8.6736000000000004,0,0,0,0,1,1,1,1,ThreadPool,Fast,adaptive,native,none,ThreadPool,8,8
1,1.6.0,1.6.0,MSVC 1944,Windows,x86_64,unreported,axpy,double,1048576,contiguous,1,stable,23,8.9923999999999999,0,0,0,0,1,1,1,1,ThreadPool,Fast,adaptive,native,none,ThreadPool,8,8
1,1.6.0,1.6.0,MSVC 1944,Windows,x86_64,unreported,axpy,double,1048576,contiguous,1,stable,24,9.1750000000000007,0,0,0,0,1,1,1,1,ThreadPool,Fast,adaptive,native,none,ThreadPool,8,8
1,1.6.0,1.6.0,MSVC 1944,Windows,x86_64,unreported,axpy,double,1048576,contiguous,1,stable,25,13.0326,0,0,0,0,1,1,1,1,ThreadPool,Fast,adaptive,native,none,ThreadPool,8,8
1,1.6.0,1.6.0,MSVC 1944,Windows,x86_64,unreported,axpy,double,1048576,contiguous,1,stable,26,7.8270999999999997,0,0,0,0,1,1,1,1,ThreadPool,Fast,adaptive,native,none,ThreadPool,8,8
1,1.6.0,1.6.0,MSVC 1944,Windows,x86_64,unreported,axpy,double,1048576,contiguous,1,stable,27,8.6896000000000004,0,0,0,0,1,1,1,1,ThreadPool,Fast,adaptive,native,none,ThreadPool,8,8
1,1.6.0,1.6.0,MSVC 1944,Windows,x86_64,unreported,axpy,double,1048576,contiguous,1,stable,28,9.9146000000000001,0,0,0,0,1,1,1,1,ThreadPool,Fast,adaptive,native,none,ThreadPool,8,8
1,1.6.0,1.6.0,MSVC 1944,Windows,x86_64,unreported,axpy,double,1048576,contiguous,1,stable,29,9.9467999999999996,0,0,0,0,1,1,1,1,ThreadPool,Fast,adaptive,native,none,ThreadPool,8,8
1,1.6.0,1.6.0,MSVC 1944,Windows,x86_64,unreported,axpy,double,1048576,contiguous,1,stable,30,9.9674999999999994,0,0,0,0,1,1,1,1,ThreadPool,Fast,adaptive,native,none,ThreadPool,8,8
1,1.6.0,1.6.0,MSVC 1944,Windows,x86_64,unreported,axpy,double,1048576,contiguous,1,stable,31,9.9082000000000008,0,0,0,0,1,1,1,1,ThreadPool,Fast,adaptive,native,none,ThreadPool,8,8
1,1.6.0,1.6.0,MSVC 1944,Windows,x86_64,unreported,axpy,double,1048576,contiguous,1,first_call,0,7.7024999999999997,0,0,0,0,1,1,1,1,ThreadPool,Reproducible,canonical,native,canonical-pairwise-v1-leaf1024,ThreadPool,8,8
1,1.6.0,1.6.0,MSVC 1944,Windows,x86_64,unreported,axpy,double,1048576,contiguous,1,stable,1,7.6897000000000002,0,0,0,0,1,1,1,1,ThreadPool,Reproducible,canonical,native,canonical-pairwise-v1-leaf1024,ThreadPool,8,8
1,1.6.0,1.6.0,MSVC 1944,Windows,x86_64,unreported,axpy,double,1048576,contiguous,1,stable,2,7.5979000000000001,0,0,0,0,1,1,1,1,ThreadPool,Reproducible,canonical,native,canonical-pairwise-v1-leaf1024,ThreadPool,8,8
1,1.6.0,1.6.0,MSVC 1944,Windows,x86_64,unreported,axpy,double,1048576,contiguous,1,stable,3,7.5884999999999998,0,0,0,0,1,1,1,1,ThreadPool,Reproducible,canonical,native,canonical-pairwise-v1-leaf1024,ThreadPool,8,8
1,1.6.0,1.6.0,MSVC 1944,Windows,x86_64,unreported,axpy,double,1048576,contiguous,1,stable,4,7.6235999999999997,0,0,0,0,1,1,1,1,ThreadPool,Reproducible,canonical,native,canonical-pairwise-v1-leaf1024,ThreadPool,8,8
1,1.6.0,1.6.0,MSVC 1944,Windows,x86_64,unreported,axpy,double,1048576,contiguous,1,stable,5,7.5785,0,0,0,0,1,1,1,1,ThreadPool,Reproducible,canonical,native,canonical-pairwise-v1-leaf1024,ThreadPool,8,8
1,1.6.0,1.6.0,MSVC 1944,Windows,x86_64,unreported,axpy,double,1048576,contiguous,1,stable,6,7.5944000000000003,0,0,0,0,1,1,1,1,ThreadPool,Reproducible,canonical,native,canonical-pairwise-v1-leaf1024,ThreadPool,8,8
1,1.6.0,1.6.0,MSVC 1944,Windows,x86_64,unreported,axpy,double,1048576,contiguous,1,stable,7,7.5651999999999999,0,0,0,0,1,1,1,1,ThreadPool,Reproducible,canonical,native,canonical-pairwise-v1-leaf1024,ThreadPool,8,8
1,1.6.0,1.6.0,MSVC 1944,Windows,x86_64,unreported,axpy,double,1048576,contiguous,1,stable,8,7.7328999999999999,0,0,0,0,1,1,1,1,ThreadPool,Reproducible,canonical,native,canonical-pairwise-v1-leaf1024,ThreadPool,8,8
1,1.6.0,1.6.0,MSVC 1944,Windows,x86_64,unreported,axpy,double,1048576,contiguous,1,stable,9,7.7336999999999998,0,0,0,0,1,1,1,1,ThreadPool,Reproducible,canonical,native,canonical-pairwise-v1-leaf1024,ThreadPool,8,8
1,1.6.0,1.6.0,MSVC 1944,Windows,x86_64,unreported,axpy,double,1048576,contiguous,1,stable,10,7.8028000000000004,0,0,0,0,1,1,1,1,ThreadPool,Reproducible,canonical,native,canonical-pairwise-v1-leaf1024,ThreadPool,8,8
1,1.6.0,1.6.0,MSVC 1944,Windows,x86_64,unreported,axpy,double,1048576,contiguous,1,stable,11,7.8489000000000004,0,0,0,0,1,1,1,1,ThreadPool,Reproducible,canonical,native,canonical-pairwise-v1-leaf1024,ThreadPool,8,8
1,1.6.0,1.6.0,MSVC 1944,Windows,x86_64,unreported,axpy,double,1048576,contiguous,1,stable,12,7.7469999999999999,0,0,0,0,1,1,1,1,ThreadPool,Reproducible,canonical,native,canonical-pairwise-v1-leaf1024,ThreadPool,8,8
1,1.6.0,1.6.0,MSVC 1944,Windows,x86_64,unreported,axpy,double,1048576,contiguous,1,stable,13,7.7887000000000004,0,0,0,0,1,1,1,1,ThreadPool,Reproducible,canonical,native,canonical-pairwise-v1-leaf1024,ThreadPool,8,8
1,1.6.0,1.6.0,MSVC 1944,Windows,x86_64,unreported,axpy,double,1048576,contiguous,1,stable,14,5.8150000000000004,0,0,0,0,1,1,1,1,ThreadPool,Reproducible,canonical,native,canonical-pairwise-v1-leaf1024,ThreadPool,8,8
1,1.6.0,1.6.0,MSVC 1944,Windows,x86_64,unreported,axpy,double,1048576,contiguous,1,stable,15,7.7489999999999997,0,0,0,0,1,1,1,1,ThreadPool,Reproducible,canonical,native,canonical-pairwise-v1-leaf1024,ThreadPool,8,8
1,1.6.0,1.6.0,MSVC 1944,Windows,x86_64,unreported,axpy,double,1048576,contiguous,1,stable,16,7.7960000000000003,0,0,0,0,1,1,1,1,ThreadPool,Reproducible,canonical,native,canonical-pairwise-v1-leaf1024,ThreadPool,8,8
1,1.6.0,1.6.0,MSVC 1944,Windows,x86_64,unreported,axpy,double,1048576,contiguous,1,stable,17,7.7336999999999998,0,0,0,0,1,1,1,1,ThreadPool,Reproducible,canonical,native,canonical-pairwise-v1-leaf1024,ThreadPool,8,8
1,1.6.0,1.6.0,MSVC 1944,Windows,x86_64,unreported,axpy,double,1048576,contiguous,1,stable,18,7.8060999999999998,0,0,0,0,1,1,1,1,ThreadPool,Reproducible,canonical,native,canonical-pairwise-v1-leaf1024,ThreadPool,8,8
1,1.6.0,1.6.0,MSVC 1944,Windows,x86_64,unreported,axpy,double,1048576,contiguous,1,stable,19,7.6246,0,0,0,0,1,1,1,1,ThreadPool,Reproducible,canonical,native,canonical-pairwise-v1-leaf1024,ThreadPool,8,8
1,1.6.0,1.6.0,MSVC 1944,Windows,x86_64,unreported,axpy,double,1048576,contiguous,1,stable,20,7.5716999999999999,0,0,0,0,1,1,1,1,ThreadPool,Reproducible,canonical,native,canonical-pairwise-v1-leaf1024,ThreadPool,8,8
1,1.6.0,1.6.0,MSVC 1944,Windows,x86_64,unreported,axpy,double,1048576,contiguous,1,stable,21,7.6108000000000002,0,0,0,0,1,1,1,1,ThreadPool,Reproducible,canonical,native,canonical-pairwise-v1-leaf1024,ThreadPool,8,8
1,1.6.0,1.6.0,MSVC 1944,Windows,x86_64,unreported,axpy,double,1048576,contiguous,1,stable,22,7.5909000000000004,0,0,0,0,1,1,1,1,ThreadPool,Reproducible,canonical,native,canonical-pairwise-v1-leaf1024,ThreadPool,8,8
1,1.6.0,1.6.0,MSVC 1944,Windows,x86_64,unreported,axpy,double,1048576,contiguous,1,stable,23,7.6295999999999999,0,0,0,0,1,1,1,1,ThreadPool,Reproducible,canonical,native,canonical-pairwise-v1-leaf1024,ThreadPool,8,8
1,1.6.0,1.6.0,MSVC 1944,Windows,x86_64,unreported,axpy,double,1048576,contiguous,1,stable,24,7.641,0,0,0,0,1,1,1,1,ThreadPool,Reproducible,canonical,native,canonical-pairwise-v1-leaf1024,ThreadPool,8,8
1,1.6.0,1.6.0,MSVC 1944,Windows,x86_64,unreported,axpy,double,1048576,contiguous,1,stable,25,7.7182000000000004,0,0,0,0,1,1,1,1,ThreadPool,Reproducible,canonical,native,canonical-pairwise-v1-leaf1024,ThreadPool,8,8
1,1.6.0,1.6.0,MSVC 1944,Windows,x86_64,unreported,axpy,double,1048576,contiguous,1,stable,26,7.6059999999999999,0,0,0,0,1,1,1,1,ThreadPool,Reproducible,canonical,native,canonical-pairwise-v1-leaf1024,ThreadPool,8,8
1,1.6.0,1.6.0,MSVC 1944,Windows,x86_64,unreported,axpy,double,1048576,contiguous,1,stable,27,7.6310000000000002,0,0,0,0,1,1,1,1,ThreadPool,Reproducible,canonical,native,canonical-pairwise-v1-leaf1024,ThreadPool,8,8
1,1.6.0,1.6.0,MSVC 1944,Windows,x86_64,unreported,axpy,double,1048576,contiguous,1,stable,28,7.6296999999999997,0,0,0,0,1,1,1,1,ThreadPool,Reproducible,canonical,native,canonical-pairwise-v1-leaf1024,ThreadPool,8,8
1,1.6.0,1.6.0,MSVC 1944,Windows,x86_64,unreported,axpy,double,1048576,contiguous,1,stable,29,7.6321000000000003,0,0,0,0,1,1,1,1,ThreadPool,Reproducible,canonical,native,canonical-pairwise-v1-leaf1024,ThreadPool,8,8
1,1.6.0,1.6.0,MSVC 1944,Windows,x86_64,unreported,axpy,double,1048576,contiguous,1,stable,30,7.6253000000000002,0,0,0,0,1,1,1,1,ThreadPool,Reproducible,canonical,native,canonical-pairwise-v1-leaf1024,ThreadPool,8,8
1,1.6.0,1.6.0,MSVC 1944,Windows,x86_64,unreported,axpy,double,1048576,contiguous,1,stable,31,7.6157000000000004,0,0,0,0,1,1,1,1,ThreadPool,Reproducible,canonical,native,canonical-pairwise-v1-leaf1024,ThreadPool,8,8
1,1.6.0,1.6.0,MSVC 1944,Windows,x86_64,unreported,axpy,double,1048576,contiguous,1,first_call,0,7.6688000000000001,0,0,0,0,1,1,1,1,ThreadPool,Accurate,canonical,native,canonical-pairwise-v1-leaf1024,ThreadPool,8,8
1,1.6.0,1.6.0,MSVC 1944,Windows,x86_64,unreported,axpy,double,1048576,contiguous,1,stable,1,7.7553000000000001,0,0,0,0,1,1,1,1,ThreadPool,Accurate,canonical,native,canonical-pairwise-v1-leaf1024,ThreadPool,8,8
1,1.6.0,1.6.0,MSVC 1944,Windows,x86_64,unreported,axpy,double,1048576,contiguous,1,stable,2,7.7077,0,0,0,0,1,1,1,1,ThreadPool,Accurate,canonical,native,canonical-pairwise-v1-leaf1024,ThreadPool,8,8
1,1.6.0,1.6.0,MSVC 1944,Windows,x86_64,unreported,axpy,double,1048576,contiguous,1,stable,3,7.6184000000000003,0,0,0,0,1,1,1,1,ThreadPool,Accurate,canonical,native,canonical-pairwise-v1-leaf1024,ThreadPool,8,8
1,1.6.0,1.6.0,MSVC 1944,Windows,x86_64,unreported,axpy,double,1048576,contiguous,1,stable,4,7.5998000000000001,0,0,0,0,1,1,1,1,ThreadPool,Accurate,canonical,native,canonical-pairwise-v1-leaf1024,ThreadPool,8,8
1,1.6.0,1.6.0,MSVC 1944,Windows,x86_64,unreported,axpy,double,1048576,contiguous,1,stable,5,7.7770000000000001,0,0,0,0,1,1,1,1,ThreadPool,Accurate,canonical,native,canonical-pairwise-v1-leaf1024,ThreadPool,8,8
1,1.6.0,1.6.0,MSVC 1944,Windows,x86_64,unreported,axpy,double,1048576,contiguous,1,stable,6,7.7893999999999997,0,0,0,0,1,1,1,1,ThreadPool,Accurate,canonical,native,canonical-pairwise-v1-leaf1024,ThreadPool,8,8
1,1.6.0,1.6.0,MSVC 1944,Windows,x86_64,unreported,axpy,double,1048576,contiguous,1,stable,7,7.6470000000000002,0,0,0,0,1,1,1,1,ThreadPool,Accurate,canonical,native,canonical-pairwise-v1-leaf1024,ThreadPool,8,8
1,1.6.0,1.6.0,MSVC 1944,Windows,x86_64,unreported,axpy,double,1048576,contiguous,1,stable,8,7.5640999999999998,0,0,0,0,1,1,1,1,ThreadPool,Accurate,canonical,native,canonical-pairwise-v1-leaf1024,ThreadPool,8,8
1,1.6.0,1.6.0,MSVC 1944,Windows,x86_64,unreported,axpy,double,1048576,contiguous,1,stable,9,7.6543000000000001,0,0,0,0,1,1,1,1,ThreadPool,Accurate,canonical,native,canonical-pairwise-v1-leaf1024,ThreadPool,8,8
1,1.6.0,1.6.0,MSVC 1944,Windows,x86_64,unreported,axpy,double,1048576,contiguous,1,stable,10,7.6189,0,0,0,0,1,1,1,1,ThreadPool,Accurate,canonical,native,canonical-pairwise-v1-leaf1024,ThreadPool,8,8
1,1.6.0,1.6.0,MSVC 1944,Windows,x86_64,unreported,axpy,double,1048576,contiguous,1,stable,11,7.5857999999999999,0,0,0,0,1,1,1,1,ThreadPool,Accurate,canonical,native,canonical-pairwise-v1-leaf1024,ThreadPool,8,8
1,1.6.0,1.6.0,MSVC 1944,Windows,x86_64,unreported,axpy,double,1048576,contiguous,1,stable,12,7.6299000000000001,0,0,0,0,1,1,1,1,ThreadPool,Accurate,canonical,native,canonical-pairwise-v1-leaf1024,ThreadPool,8,8
1,1.6.0,1.6.0,MSVC 1944,Windows,x86_64,unreported,axpy,double,1048576,contiguous,1,stable,13,7.5702999999999996,0,0,0,0,1,1,1,1,ThreadPool,Accurate,canonical,native,canonical-pairwise-v1-leaf1024,ThreadPool,8,8
1,1.6.0,1.6.0,MSVC 1944,Windows,x86_64,unreported,axpy,double,1048576,contiguous,1,stable,14,7.6196000000000002,0,0,0,0,1,1,1,1,ThreadPool,Accurate,canonical,native,canonical-pairwise-v1-leaf1024,ThreadPool,8,8
1,1.6.0,1.6.0,MSVC 1944,Windows,x86_64,unreported,axpy,double,1048576,contiguous,1,stable,15,7.5677000000000003,0,0,0,0,1,1,1,1,ThreadPool,Accurate,canonical,native,canonical-pairwise-v1-leaf1024,ThreadPool,8,8
1,1.6.0,1.6.0,MSVC 1944,Windows,x86_64,unreported,axpy,double,1048576,contiguous,1,stable,16,7.5990000000000002,0,0,0,0,1,1,1,1,ThreadPool,Accurate,canonical,native,canonical-pairwise-v1-leaf1024,ThreadPool,8,8
1,1.6.0,1.6.0,MSVC 1944,Windows,x86_64,unreported,axpy,double,1048576,contiguous,1,stable,17,7.6151999999999997,0,0,0,0,1,1,1,1,ThreadPool,Accurate,canonical,native,canonical-pairwise-v1-leaf1024,ThreadPool,8,8
1,1.6.0,1.6.0,MSVC 1944,Windows,x86_64,unreported,axpy,double,1048576,contiguous,1,stable,18,7.5957999999999997,0,0,0,0,1,1,1,1,ThreadPool,Accurate,canonical,native,canonical-pairwise-v1-leaf1024,ThreadPool,8,8
1,1.6.0,1.6.0,MSVC 1944,Windows,x86_64,unreported,axpy,double,1048576,contiguous,1,stable,19,7.7184999999999997,0,0,0,0,1,1,1,1,ThreadPool,Accurate,canonical,native,canonical-pairwise-v1-leaf1024,ThreadPool,8,8
1,1.6.0,1.6.0,MSVC 1944,Windows,x86_64,unreported,axpy,double,1048576,contiguous,1,stable,20,7.6433999999999997,0,0,0,0,1,1,1,1,ThreadPool,Accurate,canonical,native,canonical-pairwise-v1-leaf1024,ThreadPool,8,8
1,1.6.0,1.6.0,MSVC 1944,Windows,x86_64,unreported,axpy,double,1048576,contiguous,1,stable,21,7.6792999999999996,0,0,0,0,1,1,1,1,ThreadPool,Accurate,canonical,native,canonical-pairwise-v1-leaf1024,ThreadPool,8,8
1,1.6.0,1.6.0,MSVC 1944,Windows,x86_64,unreported,axpy,double,1048576,contiguous,1,stable,22,7.7313000000000001,0,0,0,0,1,1,1,1,ThreadPool,Accurate,canonical,native,canonical-pairwise-v1-leaf1024,ThreadPool,8,8
1,1.6.0,1.6.0,MSVC 1944,Windows,x86_64,unreported,axpy,double,1048576,contiguous,1,stable,23,7.6067999999999998,0,0,0,0,1,1,1,1,ThreadPool,Accurate,canonical,native,canonical-pairwise-v1-leaf1024,ThreadPool,8,8
1,1.6.0,1.6.0,MSVC 1944,Windows,x86_64,unreported,axpy,double,1048576,contiguous,1,stable,24,7.5921000000000003,0,0,0,0,1,1,1,1,ThreadPool,Accurate,canonical,native,canonical-pairwise-v1-leaf1024,ThreadPool,8,8
1,1.6.0,1.6.0,MSVC 1944,Windows,x86_64,unreported,axpy,double,1048576,contiguous,1,stable,25,7.5869,0,0,0,0,1,1,1,1,ThreadPool,Accurate,canonical,native,canonical-pairwise-v1-leaf1024,ThreadPool,8,8
1,1.6.0,1.6.0,MSVC 1944,Windows,x86_64,unreported,axpy,double,1048576,contiguous,1,stable,26,7.5704000000000002,0,0,0,0,1,1,1,1,ThreadPool,Accurate,canonical,native,canonical-pairwise-v1-leaf1024,ThreadPool,8,8
1,1.6.0,1.6.0,MSVC 1944,Windows,x86_64,unreported,axpy,double,1048576,contiguous,1,stable,27,7.5617999999999999,0,0,0,0,1,1,1,1,ThreadPool,Accurate,canonical,native,canonical-pairwise-v1-leaf1024,ThreadPool,8,8
1,1.6.0,1.6.0,MSVC 1944,Windows,x86_64,unreported,axpy,double,1048576,contiguous,1,stable,28,7.6005000000000003,0,0,0,0,1,1,1,1,ThreadPool,Accurate,canonical,native,canonical-pairwise-v1-leaf1024,ThreadPool,8,8
1,1.6.0,1.6.0,MSVC 1944,Windows,x86_64,unreported,axpy,double,1048576,contiguous,1,stable,29,7.6840999999999999,0,0,0,0,1,1,1,1,ThreadPool,Accurate,canonical,native,canonical-pairwise-v1-leaf1024,ThreadPool,8,8
1,1.6.0,1.6.0,MSVC 1944,Windows,x86_64,unreported,axpy,double,1048576,contiguous,1,stable,30,7.8151999999999999,0,0,0,0,1,1,1,1,ThreadPool,Accurate,canonical,native,canonical-pairwise-v1-leaf1024,ThreadPool,8,8
1,1.6.0,1.6.0,MSVC 1944,Windows,x86_64,unreported,axpy,double,1048576,contiguous,1,stable,31,7.8258000000000001,0,0,0,0,1,1,1,1,ThreadPool,Accurate,canonical,native,canonical-pairwise-v1-leaf1024,ThreadPool,8,8
1,1.6.0,1.6.0,MSVC 1944,Windows,x86_64,unreported,axpy_direct_sequential,double,1048576,contiguous,1,first_call,0,2.2803,0,0,0,0,1,1,1,1,DirectSequential,Fast,adaptive,native,none,Auto,1,1
1,1.6.0,1.6.0,MSVC 1944,Windows,x86_64,unreported,axpy_direct_sequential,double,1048576,contiguous,1,stable,1,2.2195,0,0,0,0,1,1,1,1,DirectSequential,Fast,adaptive,native,none,Auto,1,1
1,1.6.0,1.6.0,MSVC 1944,Windows,x86_64,unreported,axpy_direct_sequential,double,1048576,contiguous,1,stable,2,2.2433000000000001,0,0,0,0,1,1,1,1,DirectSequential,Fast,adaptive,native,none,Auto,1,1
1,1.6.0,1.6.0,MSVC 1944,Windows,x86_64,unreported,axpy_direct_sequential,double,1048576,contiguous,1,stable,3,2.2126999999999999,0,0,0,0,1,1,1,1,DirectSequential,Fast,adaptive,native,none,Auto,1,1
1,1.6.0,1.6.0,MSVC 1944,Windows,x86_64,unreported,axpy_direct_sequential,double,1048576,contiguous,1,stable,4,2.1695000000000002,0,0,0,0,1,1,1,1,DirectSequential,Fast,adaptive,native,none,Auto,1,1
1,1.6.0,1.6.0,MSVC 1944,Windows,x86_64,unreported,axpy_direct_sequential,double,1048576,contiguous,1,stable,5,2.1859000000000002,0,0,0,0,1,1,1,1,DirectSequential,Fast,adaptive,native,none,Auto,1,1
1,1.6.0,1.6.0,MSVC 1944,Windows,x86_64,unreported,axpy_direct_sequential,double,1048576,contiguous,1,stable,6,2.25,0,0,0,0,1,1,1,1,DirectSequential,Fast,adaptive,native,none,Auto,1,1
1,1.6.0,1.6.0,MSVC 1944,Windows,x86_64,unreported,axpy_direct_sequential,double,1048576,contiguous,1,stable,7,2.1505999999999998,0,0,0,0,1,1,1,1,DirectSequential,Fast,adaptive,native,none,Auto,1,1
1,1.6.0,1.6.0,MSVC 1944,Windows,x86_64,unreported,axpy_direct_sequential,double,1048576,contiguous,1,stable,8,2.1598000000000002,0,0,0,0,1,1,1,1,DirectSequential,Fast,adaptive,native,none,Auto,1,1
1,1.6.0,1.6.0,MSVC 1944,Windows,x86_64,unreported,axpy_direct_sequential,double,1048576,contiguous,1,stable,9,2.2349999999999999,0,0,0,0,1,1,1,1,DirectSequential,Fast,adaptive,native,none,Auto,1,1
1,1.6.0,1.6.0,MSVC 1944,Windows,x86_64,unreported,axpy_direct_sequential,double,1048576,contiguous,1,stable,10,2.1478000000000002,0,0,0,0,1,1,1,1,DirectSequential,Fast,adaptive,native,none,Auto,1,1
1,1.6.0,1.6.0,MSVC 1944,Windows,x86_64,unreported,axpy_direct_sequential,double,1048576,contiguous,1,stable,11,2.1909999999999998,0,0,0,0,1,1,1,1,DirectSequential,Fast,adaptive,native,none,Auto,1,1
1,1.6.0,1.6.0,MSVC 1944,Windows,x86_64,unreported,axpy_direct_sequential,double,1048576,contiguous,1,stable,12,2.1656,0,0,0,0,1,1,1,1,DirectSequential,Fast,adaptive,native,none,Auto,1,1
1,1.6.0,1.6.0,MSVC 1944,Windows,x86_64,unreported,axpy_direct_sequential,double,1048576,contiguous,1,stable,13,2.3048000000000002,0,0,0,0,1,1,1,1,DirectSequential,Fast,adaptive,native,none,Auto,1,1
1,1.6.0,1.6.0,MSVC 1944,Windows,x86_64,unreported,axpy_direct_sequential,double,1048576,contiguous,1,stable,14,2.1482000000000001,0,0,0,0,1,1,1,1,DirectSequential,Fast,adaptive,native,none,Auto,1,1
1,1.6.0,1.6.0,MSVC 1944,Windows,x86_64,unreported,axpy_direct_sequential,double,1048576,contiguous,1,stable,15,2.1642000000000001,0,0,0,0,1,1,1,1,DirectSequential,Fast,adaptive,native,none,Auto,1,1
1,1.6.0,1.6.0,MSVC 1944,Windows,x86_64,unreported,axpy_direct_sequential,double,1048576,contiguous,1,stable,16,2.2033999999999998,0,0,0,0,1,1,1,1,DirectSequential,Fast,adaptive,native,none,Auto,1,1
1,1.6.0,1.6.0,MSVC 1944,Windows,x86_64,unreported,axpy_direct_sequential,double,1048576,contiguous,1,stable,17,2.2061999999999999,0,0,0,0,1,1,1,1,DirectSequential,Fast,adaptive,native,none,Auto,1,1
1,1.6.0,1.6.0,MSVC 1944,Windows,x86_64,unreported,axpy_direct_sequential,double,1048576,contiguous,1,stable,18,2.2132000000000001,0,0,0,0,1,1,1,1,DirectSequential,Fast,adaptive,native,none,Auto,1,1
1,1.6.0,1.6.0,MSVC 1944,Windows,x86_64,unreported,axpy_direct_sequential,double,1048576,contiguous,1,stable,19,2.1848999999999998,0,0,0,0,1,1,1,1,DirectSequential,Fast,adaptive,native,none,Auto,1,1
1,1.6.0,1.6.0,MSVC 1944,Windows,x86_64,unreported,axpy_direct_sequential,double,1048576,contiguous,1,stable,20,2.2416,0,0,0,0,1,1,1,1,DirectSequential,Fast,adaptive,native,none,Auto,1,1
1,1.6.0,1.6.0,MSVC 1944,Windows,x86_64,unreported,axpy_direct_sequential,double,1048576,contiguous,1,stable,21,2.2361,0,0,0,0,1,1,1,1,DirectSequential,Fast,adaptive,native,none,Auto,1,1
1,1.6.0,1.6.0,MSVC 1944,Windows,x86_64,unreported,axpy_direct_sequential,double,1048576,contiguous,1,stable,22,2.2315999999999998,0,0,0,0,1,1,1,1,DirectSequential,Fast,adaptive,native,none,Auto,1,1
1,1.6.0,1.6.0,MSVC 1944,Windows,x86_64,unreported,axpy_direct_sequential,double,1048576,contiguous,1,stable,23,2.1787000000000001,0,0,0,0,1,1,1,1,DirectSequential,Fast,adaptive,native,none,Auto,1,1
1,1.6.0,1.6.0,MSVC 1944,Windows,x86_64,unreported,axpy_direct_sequential,double,1048576,contiguous,1,stable,24,2.2273999999999998,0,0,0,0,1,1,1,1,DirectSequential,Fast,adaptive,native,none,Auto,1,1
1,1.6.0,1.6.0,MSVC 1944,Windows,x86_64,unreported,axpy_direct_sequential,double,1048576,contiguous,1,stable,25,2.2747999999999999,0,0,0,0,1,1,1,1,DirectSequential,Fast,adaptive,native,none,Auto,1,1
1,1.6.0,1.6.0,MSVC 1944,Windows,x86_64,unreported,axpy_direct_sequential,double,1048576,contiguous,1,stable,26,2.2229999999999999,0,0,0,0,1,1,1,1,DirectSequential,Fast,adaptive,native,none,Auto,1,1
1,1.6.0,1.6.0,MSVC 1944,Windows,x86_64,unreported,axpy_direct_sequential,double,1048576,contiguous,1,stable,27,2.1993999999999998,0,0,0,0,1,1,1,1,DirectSequential,Fast,adaptive,native,none,Auto,1,1
1,1.6.0,1.6.0,MSVC 1944,Windows,x86_64,unreported,axpy_direct_sequential,double,1048576,contiguous,1,stable,28,2.1846000000000001,0,0,0,0,1,1,1,1,DirectSequential,Fast,adaptive,native,none,Auto,1,1
1,1.6.0,1.6.0,MSVC 1944,Windows,x86_64,unreported,axpy_direct_sequential,double,1048576,contiguous,1,stable,29,2.1255999999999999,0,0,0,0,1,1,1,1,DirectSequential,Fast,adaptive,native,none,Auto,1,1
1,1.6.0,1.6.0,MSVC 1944,Windows,x86_64,unreported,axpy_direct_sequential,double,1048576,contiguous,1,stable,30,2.1214,0,0,0,0,1,1,1,1,DirectSequential,Fast,adaptive,native,none,Auto,1,1
1,1.6.0,1.6.0,MSVC 1944,Windows,x86_64,unreported,axpy_direct_sequential,double,1048576,contiguous,1,stable,31,2.1587999999999998,0,0,0,0,1,1,1,1,DirectSequential,Fast,adaptive,native,none,Auto,1,1
1,1.6.0,1.6.0,MSVC 1944,Windows,x86_64,unreported,dot_strided,double,65536,strided,2,first_call,0,0.34870000000000001,4636028100789189176,89.92179590904216,3.0269120543380268e-12,3.3661605884738044e-14,1,1,1,1,ThreadPool,Fast,adaptive,native,none,ThreadPool,8,8
1,1.6.0,1.6.0,MSVC 1944,Windows,x86_64,unreported,dot_strided,double,65536,strided,2,stable,1,0.26450000000000001,4636028100789189176,89.92179590904216,3.0269120543380268e-12,3.3661605884738044e-14,1,1,1,1,ThreadPool,Fast,adaptive,native,none,ThreadPool,8,8
1,1.6.0,1.6.0,MSVC 1944,Windows,x86_64,unreported,dot_strided,double,65536,strided,2,stable,2,0.32140000000000002,4636028100789189176,89.92179590904216,3.0269120543380268e-12,3.3661605884738044e-14,1,1,1,1,ThreadPool,Fast,adaptive,native,none,ThreadPool,8,8
1,1.6.0,1.6.0,MSVC 1944,Windows,x86_64,unreported,dot_strided,double,65536,strided,2,stable,3,0.32629999999999998,4636028100789189176,89.92179590904216,3.0269120543380268e-12,3.3661605884738044e-14,1,1,1,1,ThreadPool,Fast,adaptive,native,none,ThreadPool,8,8
1,1.6.0,1.6.0,MSVC 1944,Windows,x86_64,unreported,dot_strided,double,65536,strided,2,stable,4,0.31869999999999998,4636028100789189176,89.92179590904216,3.0269120543380268e-12,3.3661605884738044e-14,1,1,1,1,ThreadPool,Fast,adaptive,native,none,ThreadPool,8,8
1,1.6.0,1.6.0,MSVC 1944,Windows,x86_64,unreported,dot_strided,double,65536,strided,2,stable,5,0.32119999999999999,4636028100789189176,89.92179590904216,3.0269120543380268e-12,3.3661605884738044e-14,1,1,1,1,ThreadPool,Fast,adaptive,native,none,ThreadPool,8,8
1,1.6.0,1.6.0,MSVC 1944,Windows,x86_64,unreported,dot_strided,double,65536,strided,2,stable,6,0.314,4636028100789189176,89.92179590904216,3.0269120543380268e-12,3.3661605884738044e-14,1,1,1,1,ThreadPool,Fast,adaptive,native,none,ThreadPool,8,8
1,1.6.0,1.6.0,MSVC 1944,Windows,x86_64,unreported,dot_strided,double,65536,strided,2,stable,7,0.31669999999999998,4636028100789189176,89.92179590904216,3.0269120543380268e-12,3.3661605884738044e-14,1,1,1,1,ThreadPool,Fast,adaptive,native,none,ThreadPool,8,8
1,1.6.0,1.6.0,MSVC 1944,Windows,x86_64,unreported,dot_strided,double,65536,strided,2,stable,8,0.31619999999999998,4636028100789189176,89.92179590904216,3.0269120543380268e-12,3.3661605884738044e-14,1,1,1,1,ThreadPool,Fast,adaptive,native,none,ThreadPool,8,8
1,1.6.0,1.6.0,MSVC 1944,Windows,x86_64,unreported,dot_strided,double,65536,strided,2,stable,9,0.31480000000000002,4636028100789189176,89.92179590904216,3.0269120543380268e-12,3.3661605884738044e-14,1,1,1,1,ThreadPool,Fast,adaptive,native,none,ThreadPool,8,8
1,1.6.0,1.6.0,MSVC 1944,Windows,x86_64,unreported,dot_strided,double,65536,strided,2,stable,10,0.3291,4636028100789189176,89.92179590904216,3.0269120543380268e-12,3.3661605884738044e-14,1,1,1,1,ThreadPool,Fast,adaptive,native,none,ThreadPool,8,8
1,1.6.0,1.6.0,MSVC 1944,Windows,x86_64,unreported,dot_strided,double,65536,strided,2,stable,11,0.31830000000000003,4636028100789189176,89.92179590904216,3.0269120543380268e-12,3.3661605884738044e-14,1,1,1,1,ThreadPool,Fast,adaptive,native,none,ThreadPool,8,8
1,1.6.0,1.6.0,MSVC 1944,Windows,x86_64,unreported,dot_strided,double,65536,strided,2,stable,12,0.31740000000000002,4636028100789189176,89.92179590904216,3.0269120543380268e-12,3.3661605884738044e-14,1,1,1,1,ThreadPool,Fast,adaptive,native,none,ThreadPool,8,8
1,1.6.0,1.6.0,MSVC 1944,Windows,x86_64,unreported,dot_strided,double,65536,strided,2,stable,13,0.31759999999999999,4636028100789189176,89.92179590904216,3.0269120543380268e-12,3.3661605884738044e-14,1,1,1,1,ThreadPool,Fast,adaptive,native,none,ThreadPool,8,8
1,1.6.0,1.6.0,MSVC 1944,Windows,x86_64,unreported,dot_strided,double,65536,strided,2,stable,14,0.31540000000000001,4636028100789189176,89.92179590904216,3.0269120543380268e-12,3.3661605884738044e-14,1,1,1,1,ThreadPool,Fast,adaptive,native,none,ThreadPool,8,8
1,1.6.0,1.6.0,MSVC 1944,Windows,x86_64,unreported,dot_strided,double,65536,strided,2,stable,15,0.31419999999999998,4636028100789189176,89.92179590904216,3.0269120543380268e-12,3.3661605884738044e-14,1,1,1,1,ThreadPool,Fast,adaptive,native,none,ThreadPool,8,8
1,1.6.0,1.6.0,MSVC 1944,Windows,x86_64,unreported,dot_strided,double,65536,strided,2,stable,16,0.32000000000000001,4636028100789189176,89.92179590904216,3.0269120543380268e-12,3.3661605884738044e-14,1,1,1,1,ThreadPool,Fast,adaptive,native,none,ThreadPool,8,8
1,1.6.0,1.6.0,MSVC 1944,Windows,x86_64,unreported,dot_strided,double,65536,strided,2,stable,17,0.31680000000000003,4636028100789189176,89.92179590904216,3.0269120543380268e-12,3.3661605884738044e-14,1,1,1,1,ThreadPool,Fast,adaptive,native,none,ThreadPool,8,8
1,1.6.0,1.6.0,MSVC 1944,Windows,x86_64,unreported,dot_strided,double,65536,strided,2,stable,18,0.3125,4636028100789189176,89.92179590904216,3.0269120543380268e-12,3.3661605884738044e-14,1,1,1,1,ThreadPool,Fast,adaptive,native,none,ThreadPool,8,8
1,1.6.0,1.6.0,MSVC 1944,Windows,x86_64,unreported,dot_strided,double,65536,strided,2,stable,19,0.32740000000000002,4636028100789189176,89.92179590904216,3.0269120543380268e-12,3.3661605884738044e-14,1,1,1,1,ThreadPool,Fast,adaptive,native,none,ThreadPool,8,8
1,1.6.0,1.6.0,MSVC 1944,Windows,x86_64,unreported,dot_strided,double,65536,strided,2,stable,20,0.31730000000000003,4636028100789189176,89.92179590904216,3.0269120543380268e-12,3.3661605884738044e-14,1,1,1,1,ThreadPool,Fast,adaptive,native,none,ThreadPool,8,8
1,1.6.0,1.6.0,MSVC 1944,Windows,x86_64,unreported,dot_strided,double,65536,strided,2,stable,21,0.31490000000000001,4636028100789189176,89.92179590904216,3.0269120543380268e-12,3.3661605884738044e-14,1,1,1,1,ThreadPool,Fast,adaptive,native,none,ThreadPool,8,8
1,1.6.0,1.6.0,MSVC 1944,Windows,x86_64,unreported,dot_strided,double,65536,strided,2,stable,22,0.32129999999999997,4636028100789189176,89.92179590904216,3.0269120543380268e-12,3.3661605884738044e-14,1,1,1,1,ThreadPool,Fast,adaptive,native,none,ThreadPool,8,8
1,1.6.0,1.6.0,MSVC 1944,Windows,x86_64,unreported,dot_strided,double,65536,strided,2,stable,23,0.31609999999999999,4636028100789189176,89.92179590904216,3.0269120543380268e-12,3.3661605884738044e-14,1,1,1,1,ThreadPool,Fast,adaptive,native,none,ThreadPool,8,8
1,1.6.0,1.6.0,MSVC 1944,Windows,x86_64,unreported,dot_strided,double,65536,strided,2,stable,24,0.31409999999999999,4636028100789189176,89.92179590904216,3.0269120543380268e-12,3.3661605884738044e-14,1,1,1,1,ThreadPool,Fast,adaptive,native,none,ThreadPool,8,8
1,1.6.0,1.6.0,MSVC 1944,Windows,x86_64,unreported,dot_strided,double,65536,strided,2,stable,25,0.32319999999999999,4636028100789189176,89.92179590904216,3.0269120543380268e-12,3.3661605884738044e-14,1,1,1,1,ThreadPool,Fast,adaptive,native,none,ThreadPool,8,8
1,1.6.0,1.6.0,MSVC 1944,Windows,x86_64,unreported,dot_strided,double,65536,strided,2,stable,26,0.24490000000000001,4636028100789189176,89.92179590904216,3.0269120543380268e-12,3.3661605884738044e-14,1,1,1,1,ThreadPool,Fast,adaptive,native,none,ThreadPool,8,8
1,1.6.0,1.6.0,MSVC 1944,Windows,x86_64,unreported,dot_strided,double,65536,strided,2,stable,27,0.31230000000000002,4636028100789189176,89.92179590904216,3.0269120543380268e-12,3.3661605884738044e-14,1,1,1,1,ThreadPool,Fast,adaptive,native,none,ThreadPool,8,8
1,1.6.0,1.6.0,MSVC 1944,Windows,x86_64,unreported,dot_strided,double,65536,strided,2,stable,28,0.3231,4636028100789189176,89.92179590904216,3.0269120543380268e-12,3.3661605884738044e-14,1,1,1,1,ThreadPool,Fast,adaptive,native,none,ThreadPool,8,8
1,1.6.0,1.6.0,MSVC 1944,Windows,x86_64,unreported,dot_strided,double,65536,strided,2,stable,29,0.31340000000000001,4636028100789189176,89.92179590904216,3.0269120543380268e-12,3.3661605884738044e-14,1,1,1,1,ThreadPool,Fast,adaptive,native,none,ThreadPool,8,8
1,1.6.0,1.6.0,MSVC 1944,Windows,x86_64,unreported,dot_strided,double,65536,strided,2,stable,30,0.3165,4636028100789189176,89.92179590904216,3.0269120543380268e-12,3.3661605884738044e-14,1,1,1,1,ThreadPool,Fast,adaptive,native,none,ThreadPool,8,8
1,1.6.0,1.6.0,MSVC 1944,Windows,x86_64,unreported,dot_strided,double,65536,strided,2,stable,31,0.3221,4636028100789189176,89.92179590904216,3.0269120543380268e-12,3.3661605884738044e-14,1,1,1,1,ThreadPool,Fast,adaptive,native,none,ThreadPool,8,8
1,1.6.0,1.6.0,MSVC 1944,Windows,x86_64,unreported,norm_strided,double,65536,strided,2,first_call,0,0.3155,4640591678869095915,181.5482819681491,4.5474735088646412e-13,2.5048287208041174e-15,1,1,1,1,ThreadPool,Fast,adaptive,native,none,ThreadPool,8,8
1,1.6.0,1.6.0,MSVC 1944,Windows,x86_64,unreported,norm_strided,double,65536,strided,2,stable,1,0.31209999999999999,4640591678869095915,181.5482819681491,4.5474735088646412e-13,2.5048287208041174e-15,1,1,1,1,ThreadPool,Fast,adaptive,native,none,ThreadPool,8,8
1,1.6.0,1.6.0,MSVC 1944,Windows,x86_64,unreported,norm_strided,double,65536,strided,2,stable,2,0.31830000000000003,4640591678869095915,181.5482819681491,4.5474735088646412e-13,2.5048287208041174e-15,1,1,1,1,ThreadPool,Fast,adaptive,native,none,ThreadPool,8,8
1,1.6.0,1.6.0,MSVC 1944,Windows,x86_64,unreported,norm_strided,double,65536,strided,2,stable,3,0.31319999999999998,4640591678869095915,181.5482819681491,4.5474735088646412e-13,2.5048287208041174e-15,1,1,1,1,ThreadPool,Fast,adaptive,native,none,ThreadPool,8,8
1,1.6.0,1.6.0,MSVC 1944,Windows,x86_64,unreported,norm_strided,double,65536,strided,2,stable,4,0.31559999999999999,4640591678869095915,181.5482819681491,4.5474735088646412e-13,2.5048287208041174e-15,1,1,1,1,ThreadPool,Fast,adaptive,native,none,ThreadPool,8,8
1,1.6.0,1.6.0,MSVC 1944,Windows,x86_64,unreported,norm_strided,double,65536,strided,2,stable,5,0.31690000000000002,4640591678869095915,181.5482819681491,4.5474735088646412e-13,2.5048287208041174e-15,1,1,1,1,ThreadPool,Fast,adaptive,native,none,ThreadPool,8,8
1,1.6.0,1.6.0,MSVC 1944,Windows,x86_64,unreported,norm_strided,double,65536,strided,2,stable,6,0.31519999999999998,4640591678869095915,181.5482819681491,4.5474735088646412e-13,2.5048287208041174e-15,1,1,1,1,ThreadPool,Fast,adaptive,native,none,ThreadPool,8,8
1,1.6.0,1.6.0,MSVC 1944,Windows,x86_64,unreported,norm_strided,double,65536,strided,2,stable,7,0.31190000000000001,4640591678869095915,181.5482819681491,4.5474735088646412e-13,2.5048287208041174e-15,1,1,1,1,ThreadPool,Fast,adaptive,native,none,ThreadPool,8,8
1,1.6.0,1.6.0,MSVC 1944,Windows,x86_64,unreported,norm_strided,double,65536,strided,2,stable,8,0.31709999999999999,4640591678869095915,181.5482819681491,4.5474735088646412e-13,2.5048287208041174e-15,1,1,1,1,ThreadPool,Fast,adaptive,native,none,ThreadPool,8,8
1,1.6.0,1.6.0,MSVC 1944,Windows,x86_64,unreported,norm_strided,double,65536,strided,2,stable,9,0.31569999999999998,4640591678869095915,181.5482819681491,4.5474735088646412e-13,2.5048287208041174e-15,1,1,1,1,ThreadPool,Fast,adaptive,native,none,ThreadPool,8,8
1,1.6.0,1.6.0,MSVC 1944,Windows,x86_64,unreported,norm_strided,double,65536,strided,2,stable,10,0.31530000000000002,4640591678869095915,181.5482819681491,4.5474735088646412e-13,2.5048287208041174e-15,1,1,1,1,ThreadPool,Fast,adaptive,native,none,ThreadPool,8,8
1,1.6.0,1.6.0,MSVC 1944,Windows,x86_64,unreported,norm_strided,double,65536,strided,2,stable,11,0.32040000000000002,4640591678869095915,181.5482819681491,4.5474735088646412e-13,2.5048287208041174e-15,1,1,1,1,ThreadPool,Fast,adaptive,native,none,ThreadPool,8,8
1,1.6.0,1.6.0,MSVC 1944,Windows,x86_64,unreported,norm_strided,double,65536,strided,2,stable,12,0.32050000000000001,4640591678869095915,181.5482819681491,4.5474735088646412e-13,2.5048287208041174e-15,1,1,1,1,ThreadPool,Fast,adaptive,native,none,ThreadPool,8,8
1,1.6.0,1.6.0,MSVC 1944,Windows,x86_64,unreported,norm_strided,double,65536,strided,2,stable,13,0.31969999999999998,4640591678869095915,181.5482819681491,4.5474735088646412e-13,2.5048287208041174e-15,1,1,1,1,ThreadPool,Fast,adaptive,native,none,ThreadPool,8,8
1,1.6.0,1.6.0,MSVC 1944,Windows,x86_64,unreported,norm_strided,double,65536,strided,2,stable,14,0.32829999999999998,4640591678869095915,181.5482819681491,4.5474735088646412e-13,2.5048287208041174e-15,1,1,1,1,ThreadPool,Fast,adaptive,native,none,ThreadPool,8,8
1,1.6.0,1.6.0,MSVC 1944,Windows,x86_64,unreported,norm_strided,double,65536,strided,2,stable,15,0.31830000000000003,4640591678869095915,181.5482819681491,4.5474735088646412e-13,2.5048287208041174e-15,1,1,1,1,ThreadPool,Fast,adaptive,native,none,ThreadPool,8,8
1,1.6.0,1.6.0,MSVC 1944,Windows,x86_64,unreported,norm_strided,double,65536,strided,2,stable,16,0.31369999999999998,4640591678869095915,181.5482819681491,4.5474735088646412e-13,2.5048287208041174e-15,1,1,1,1,ThreadPool,Fast,adaptive,native,none,ThreadPool,8,8
1,1.6.0,1.6.0,MSVC 1944,Windows,x86_64,unreported,norm_strided,double,65536,strided,2,stable,17,0.31619999999999998,4640591678869095915,181.5482819681491,4.5474735088646412e-13,2.5048287208041174e-15,1,1,1,1,ThreadPool,Fast,adaptive,native,none,ThreadPool,8,8
1,1.6.0,1.6.0,MSVC 1944,Windows,x86_64,unreported,norm_strided,double,65536,strided,2,stable,18,0.31809999999999999,4640591678869095915,181.5482819681491,4.5474735088646412e-13,2.5048287208041174e-15,1,1,1,1,ThreadPool,Fast,adaptive,native,none,ThreadPool,8,8
1,1.6.0,1.6.0,MSVC 1944,Windows,x86_64,unreported,norm_strided,double,65536,strided,2,stable,19,0.31380000000000002,4640591678869095915,181.5482819681491,4.5474735088646412e-13,2.5048287208041174e-15,1,1,1,1,ThreadPool,Fast,adaptive,native,none,ThreadPool,8,8
1,1.6.0,1.6.0,MSVC 1944,Windows,x86_64,unreported,norm_strided,double,65536,strided,2,stable,20,0.32350000000000001,4640591678869095915,181.5482819681491,4.5474735088646412e-13,2.5048287208041174e-15,1,1,1,1,ThreadPool,Fast,adaptive,native,none,ThreadPool,8,8
1,1.6.0,1.6.0,MSVC 1944,Windows,x86_64,unreported,norm_strided,double,65536,strided,2,stable,21,0.31840000000000002,4640591678869095915,181.5482819681491,4.5474735088646412e-13,2.5048287208041174e-15,1,1,1,1,ThreadPool,Fast,adaptive,native,none,ThreadPool,8,8
1,1.6.0,1.6.0,MSVC 1944,Windows,x86_64,unreported,norm_strided,double,65536,strided,2,stable,22,0.31319999999999998,4640591678869095915,181.5482819681491,4.5474735088646412e-13,2.5048287208041174e-15,1,1,1,1,ThreadPool,Fast,adaptive,native,none,ThreadPool,8,8
1,1.6.0,1.6.0,MSVC 1944,Windows,x86_64,unreported,norm_strided,double,65536,strided,2,stable,23,0.32190000000000002,4640591678869095915,181.5482819681491,4.5474735088646412e-13,2.5048287208041174e-15,1,1,1,1,ThreadPool,Fast,adaptive,native,none,ThreadPool,8,8
1,1.6.0,1.6.0,MSVC 1944,Windows,x86_64,unreported,norm_strided,double,65536,strided,2,stable,24,0.31719999999999998,4640591678869095915,181.5482819681491,4.5474735088646412e-13,2.5048287208041174e-15,1,1,1,1,ThreadPool,Fast,adaptive,native,none,ThreadPool,8,8
1,1.6.0,1.6.0,MSVC 1944,Windows,x86_64,unreported,norm_strided,double,65536,strided,2,stable,25,0.31459999999999999,4640591678869095915,181.5482819681491,4.5474735088646412e-13,2.5048287208041174e-15,1,1,1,1,ThreadPool,Fast,adaptive,native,none,ThreadPool,8,8
1,1.6.0,1.6.0,MSVC 1944,Windows,x86_64,unreported,norm_strided,double,65536,strided,2,stable,26,0.32590000000000002,4640591678869095915,181.5482819681491,4.5474735088646412e-13,2.5048287208041174e-15,1,1,1,1,ThreadPool,Fast,adaptive,native,none,ThreadPool,8,8
1,1.6.0,1.6.0,MSVC 1944,Windows,x86_64,unreported,norm_strided,double,65536,strided,2,stable,27,0.32119999999999999,4640591678869095915,181.5482819681491,4.5474735088646412e-13,2.5048287208041174e-15,1,1,1,1,ThreadPool,Fast,adaptive,native,none,ThreadPool,8,8
1,1.6.0,1.6.0,MSVC 1944,Windows,x86_64,unreported,norm_strided,double,65536,strided,2,stable,28,0.31979999999999997,4640591678869095915,181.5482819681491,4.5474735088646412e-13,2.5048287208041174e-15,1,1,1,1,ThreadPool,Fast,adaptive,native,none,ThreadPool,8,8
1,1.6.0,1.6.0,MSVC 1944,Windows,x86_64,unreported,norm_strided,double,65536,strided,2,stable,29,0.32229999999999998,4640591678869095915,181.5482819681491,4.5474735088646412e-13,2.5048287208041174e-15,1,1,1,1,ThreadPool,Fast,adaptive,native,none,ThreadPool,8,8
1,1.6.0,1.6.0,MSVC 1944,Windows,x86_64,unreported,norm_strided,double,65536,strided,2,stable,30,0.32040000000000002,4640591678869095915,181.5482819681491,4.5474735088646412e-13,2.5048287208041174e-15,1,1,1,1,ThreadPool,Fast,adaptive,native,none,ThreadPool,8,8
1,1.6.0,1.6.0,MSVC 1944,Windows,x86_64,unreported,norm_strided,double,65536,strided,2,stable,31,0.31419999999999998,4640591678869095915,181.5482819681491,4.5474735088646412e-13,2.5048287208041174e-15,1,1,1,1,ThreadPool,Fast,adaptive,native,none,ThreadPool,8,8
1,1.6.0,1.6.0,MSVC 1944,Windows,x86_64,unreported,axpy_strided,double,65536,strided,3,first_call,0,0.85419999999999996,0,0,0,0,1,1,1,1,ThreadPool,Fast,adaptive,native,none,ThreadPool,8,8
1,1.6.0,1.6.0,MSVC 1944,Windows,x86_64,unreported,axpy_strided,double,65536,strided,3,stable,1,0.59740000000000004,0,0,0,0,1,1,1,1,ThreadPool,Fast,adaptive,native,none,ThreadPool,8,8
1,1.6.0,1.6.0,MSVC 1944,Windows,x86_64,unreported,axpy_strided,double,65536,strided,3,stable,2,0.71399999999999997,0,0,0,0,1,1,1,1,ThreadPool,Fast,adaptive,native,none,ThreadPool,8,8
1,1.6.0,1.6.0,MSVC 1944,Windows,x86_64,unreported,axpy_strided,double,65536,strided,3,stable,3,0.6946,0,0,0,0,1,1,1,1,ThreadPool,Fast,adaptive,native,none,ThreadPool,8,8
1,1.6.0,1.6.0,MSVC 1944,Windows,x86_64,unreported,axpy_strided,double,65536,strided,3,stable,4,0.58150000000000002,0,0,0,0,1,1,1,1,ThreadPool,Fast,adaptive,native,none,ThreadPool,8,8
1,1.6.0,1.6.0,MSVC 1944,Windows,x86_64,unreported,axpy_strided,double,65536,strided,3,stable,5,0.5696,0,0,0,0,1,1,1,1,ThreadPool,Fast,adaptive,native,none,ThreadPool,8,8
1,1.6.0,1.6.0,MSVC 1944,Windows,x86_64,unreported,axpy_strided,double,65536,strided,3,stable,6,0.57220000000000004,0,0,0,0,1,1,1,1,ThreadPool,Fast,adaptive,native,none,ThreadPool,8,8
1,1.6.0,1.6.0,MSVC 1944,Windows,x86_64,unreported,axpy_strided,double,65536,strided,3,stable,7,0.58230000000000004,0,0,0,0,1,1,1,1,ThreadPool,Fast,adaptive,native,none,ThreadPool,8,8
1,1.6.0,1.6.0,MSVC 1944,Windows,x86_64,unreported,axpy_strided,double,65536,strided,3,stable,8,0.59130000000000005,0,0,0,0,1,1,1,1,ThreadPool,Fast,adaptive,native,none,ThreadPool,8,8
1,1.6.0,1.6.0,MSVC 1944,Windows,x86_64,unreported,axpy_strided,double,65536,strided,3,stable,9,0.56110000000000004,0,0,0,0,1,1,1,1,ThreadPool,Fast,adaptive,native,none,ThreadPool,8,8
1,1.6.0,1.6.0,MSVC 1944,Windows,x86_64,unreported,axpy_strided,double,65536,strided,3,stable,10,0.62709999999999999,0,0,0,0,1,1,1,1,ThreadPool,Fast,adaptive,native,none,ThreadPool,8,8
1,1.6.0,1.6.0,MSVC 1944,Windows,x86_64,unreported,axpy_strided,double,65536,strided,3,stable,11,0.59699999999999998,0,0,0,0,1,1,1,1,ThreadPool,Fast,adaptive,native,none,ThreadPool,8,8
1,1.6.0,1.6.0,MSVC 1944,Windows,x86_64,unreported,axpy_strided,double,65536,strided,3,stable,12,0.58299999999999996,0,0,0,0,1,1,1,1,ThreadPool,Fast,adaptive,native,none,ThreadPool,8,8
1,1.6.0,1.6.0,MSVC 1944,Windows,x86_64,unreported,axpy_strided,double,65536,strided,3,stable,13,0.62639999999999996,0,0,0,0,1,1,1,1,ThreadPool,Fast,adaptive,native,none,ThreadPool,8,8
1,1.6.0,1.6.0,MSVC 1944,Windows,x86_64,unreported,axpy_strided,double,65536,strided,3,stable,14,0.57089999999999996,0,0,0,0,1,1,1,1,ThreadPool,Fast,adaptive,native,none,ThreadPool,8,8
1,1.6.0,1.6.0,MSVC 1944,Windows,x86_64,unreported,axpy_strided,double,65536,strided,3,stable,15,0.61550000000000005,0,0,0,0,1,1,1,1,ThreadPool,Fast,adaptive,native,none,ThreadPool,8,8
1,1.6.0,1.6.0,MSVC 1944,Windows,x86_64,unreported,axpy_strided,double,65536,strided,3,stable,16,0.64400000000000002,0,0,0,0,1,1,1,1,ThreadPool,Fast,adaptive,native,none,ThreadPool,8,8
1,1.6.0,1.6.0,MSVC 1944,Windows,x86_64,unreported,axpy_strided,double,65536,strided,3,stable,17,0.59079999999999999,0,0,0,0,1,1,1,1,ThreadPool,Fast,adaptive,native,none,ThreadPool,8,8
1,1.6.0,1.6.0,MSVC 1944,Windows,x86_64,unreported,axpy_strided,double,65536,strided,3,stable,18,0.59519999999999995,0,0,0,0,1,1,1,1,ThreadPool,Fast,adaptive,native,none,ThreadPool,8,8
1,1.6.0,1.6.0,MSVC 1944,Windows,x86_64,unreported,axpy_strided,double,65536,strided,3,stable,19,0.57530000000000003,0,0,0,0,1,1,1,1,ThreadPool,Fast,adaptive,native,none,ThreadPool,8,8
1,1.6.0,1.6.0,MSVC 1944,Windows,x86_64,unreported,axpy_strided,double,65536,strided,3,stable,20,0.61419999999999997,0,0,0,0,1,1,1,1,ThreadPool,Fast,adaptive,native,none,ThreadPool,8,8
1,1.6.0,1.6.0,MSVC 1944,Windows,x86_64,unreported,axpy_strided,double,65536,strided,3,stable,21,0.60770000000000002,0,0,0,0,1,1,1,1,ThreadPool,Fast,adaptive,native,none,ThreadPool,8,8
1,1.6.0,1.6.0,MSVC 1944,Windows,x86_64,unreported,axpy_strided,double,65536,strided,3,stable,22,0.59509999999999996,0,0,0,0,1,1,1,1,ThreadPool,Fast,adaptive,native,none,ThreadPool,8,8
1,1.6.0,1.6.0,MSVC 1944,Windows,x86_64,unreported,axpy_strided,double,65536,strided,3,stable,23,0.71850000000000003,0,0,0,0,1,1,1,1,ThreadPool,Fast,adaptive,native,none,ThreadPool,8,8
1,1.6.0,1.6.0,MSVC 1944,Windows,x86_64,unreported,axpy_strided,double,65536,strided,3,stable,24,0.60170000000000001,0,0,0,0,1,1,1,1,ThreadPool,Fast,adaptive,native,none,ThreadPool,8,8
1,1.6.0,1.6.0,MSVC 1944,Windows,x86_64,unreported,axpy_strided,double,65536,strided,3,stable,25,0.60260000000000002,0,0,0,0,1,1,1,1,ThreadPool,Fast,adaptive,native,none,ThreadPool,8,8
1,1.6.0,1.6.0,MSVC 1944,Windows,x86_64,unreported,axpy_strided,double,65536,strided,3,stable,26,0.60699999999999998,0,0,0,0,1,1,1,1,ThreadPool,Fast,adaptive,native,none,ThreadPool,8,8
1,1.6.0,1.6.0,MSVC 1944,Windows,x86_64,unreported,axpy_strided,double,65536,strided,3,stable,27,0.72009999999999996,0,0,0,0,1,1,1,1,ThreadPool,Fast,adaptive,native,none,ThreadPool,8,8
1,1.6.0,1.6.0,MSVC 1944,Windows,x86_64,unreported,axpy_strided,double,65536,strided,3,stable,28,0.56710000000000005,0,0,0,0,1,1,1,1,ThreadPool,Fast,adaptive,native,none,ThreadPool,8,8
1,1.6.0,1.6.0,MSVC 1944,Windows,x86_64,unreported,axpy_strided,double,65536,strided,3,stable,29,0.6119,0,0,0,0,1,1,1,1,ThreadPool,Fast,adaptive,native,none,ThreadPool,8,8
1,1.6.0,1.6.0,MSVC 1944,Windows,x86_64,unreported,axpy_strided,double,65536,strided,3,stable,30,0.59670000000000001,0,0,0,0,1,1,1,1,ThreadPool,Fast,adaptive,native,none,ThreadPool,8,8
1,1.6.0,1.6.0,MSVC 1944,Windows,x86_64,unreported,axpy_strided,double,65536,strided,3,stable,31,0.60370000000000001,0,0,0,0,1,1,1,1,ThreadPool,Fast,adaptive,native,none,ThreadPool,8,8
1,1.6.0,1.6.0,MSVC 1944,Windows,x86_64,unreported,dot_strided,double,65536,strided,2,first_call,0,0.33019999999999999,4636028100789189064,89.92179590904216,4.6185277824406512e-12,5.1361605223191851e-14,1,1,1,1,ThreadPool,Reproducible,canonical,pairwise,canonical-pairwise-v1-leaf1024,ThreadPool,8,8
1,1.6.0,1.6.0,MSVC 1944,Windows,x86_64,unreported,dot_strided,double,65536,strided,2,stable,1,0.32840000000000003,4636028100789189064,89.92179590904216,4.6185277824406512e-12,5.1361605223191851e-14,1,1,1,1,ThreadPool,Reproducible,canonical,pairwise,canonical-pairwise-v1-leaf1024,ThreadPool,8,8
1,1.6.0,1.6.0,MSVC 1944,Windows,x86_64,unreported,dot_strided,double,65536,strided,2,stable,2,0.31469999999999998,4636028100789189064,89.92179590904216,4.6185277824406512e-12,5.1361605223191851e-14,1,1,1,1,ThreadPool,Reproducible,canonical,pairwise,canonical-pairwise-v1-leaf1024,ThreadPool,8,8
1,1.6.0,1.6.0,MSVC 1944,Windows,x86_64,unreported,dot_strided,double,65536,strided,2,stable,3,0.32469999999999999,4636028100789189064,89.92179590904216,4.6185277824406512e-12,5.1361605223191851e-14,1,1,1,1,ThreadPool,Reproducible,canonical,pairwise,canonical-pairwise-v1-leaf1024,ThreadPool,8,8
1,1.6.0,1.6.0,MSVC 1944,Windows,x86_64,unreported,dot_strided,double,65536,strided,2,stable,4,0.32419999999999999,4636028100789189064,89.92179590904216,4.6185277824406512e-12,5.1361605223191851e-14,1,1,1,1,ThreadPool,Reproducible,canonical,pairwise,canonical-pairwise-v1-leaf1024,ThreadPool,8,8
1,1.6.0,1.6.0,MSVC 1944,Windows,x86_64,unreported,dot_strided,double,65536,strided,2,stable,5,0.31840000000000002,4636028100789189064,89.92179590904216,4.6185277824406512e-12,5.1361605223191851e-14,1,1,1,1,ThreadPool,Reproducible,canonical,pairwise,canonical-pairwise-v1-leaf1024,ThreadPool,8,8
1,1.6.0,1.6.0,MSVC 1944,Windows,x86_64,unreported,dot_strided,double,65536,strided,2,stable,6,0.32390000000000002,4636028100789189064,89.92179590904216,4.6185277824406512e-12,5.1361605223191851e-14,1,1,1,1,ThreadPool,Reproducible,canonical,pairwise,canonical-pairwise-v1-leaf1024,ThreadPool,8,8
1,1.6.0,1.6.0,MSVC 1944,Windows,x86_64,unreported,dot_strided,double,65536,strided,2,stable,7,0.32300000000000001,4636028100789189064,89.92179590904216,4.6185277824406512e-12,5.1361605223191851e-14,1,1,1,1,ThreadPool,Reproducible,canonical,pairwise,canonical-pairwise-v1-leaf1024,ThreadPool,8,8
1,1.6.0,1.6.0,MSVC 1944,Windows,x86_64,unreported,dot_strided,double,65536,strided,2,stable,8,0.31990000000000002,4636028100789189064,89.92179590904216,4.6185277824406512e-12,5.1361605223191851e-14,1,1,1,1,ThreadPool,Reproducible,canonical,pairwise,canonical-pairwise-v1-leaf1024,ThreadPool,8,8
1,1.6.0,1.6.0,MSVC 1944,Windows,x86_64,unreported,dot_strided,double,65536,strided,2,stable,9,0.33229999999999998,4636028100789189064,89.92179590904216,4.6185277824406512e-12,5.1361605223191851e-14,1,1,1,1,ThreadPool,Reproducible,canonical,pairwise,canonical-pairwise-v1-leaf1024,ThreadPool,8,8
1,1.6.0,1.6.0,MSVC 1944,Windows,x86_64,unreported,dot_strided,double,65536,strided,2,stable,10,0.32679999999999998,4636028100789189064,89.92179590904216,4.6185277824406512e-12,5.1361605223191851e-14,1,1,1,1,ThreadPool,Reproducible,canonical,pairwise,canonical-pairwise-v1-leaf1024,ThreadPool,8,8
1,1.6.0,1.6.0,MSVC 1944,Windows,x86_64,unreported,dot_strided,double,65536,strided,2,stable,11,0.31509999999999999,4636028100789189064,89.92179590904216,4.6185277824406512e-12,5.1361605223191851e-14,1,1,1,1,ThreadPool,Reproducible,canonical,pairwise,canonical-pairwise-v1-leaf1024,ThreadPool,8,8
1,1.6.0,1.6.0,MSVC 1944,Windows,x86_64,unreported,dot_strided,double,65536,strided,2,stable,12,0.25819999999999999,4636028100789189064,89.92179590904216,4.6185277824406512e-12,5.1361605223191851e-14,1,1,1,1,ThreadPool,Reproducible,canonical,pairwise,canonical-pairwise-v1-leaf1024,ThreadPool,8,8
1,1.6.0,1.6.0,MSVC 1944,Windows,x86_64,unreported,dot_strided,double,65536,strided,2,stable,13,0.3236,4636028100789189064,89.92179590904216,4.6185277824406512e-12,5.1361605223191851e-14,1,1,1,1,ThreadPool,Reproducible,canonical,pairwise,canonical-pairwise-v1-leaf1024,ThreadPool,8,8
1,1.6.0,1.6.0,MSVC 1944,Windows,x86_64,unreported,dot_strided,double,65536,strided,2,stable,14,0.3145,4636028100789189064,89.92179590904216,4.6185277824406512e-12,5.1361605223191851e-14,1,1,1,1,ThreadPool,Reproducible,canonical,pairwise,canonical-pairwise-v1-leaf1024,ThreadPool,8,8
1,1.6.0,1.6.0,MSVC 1944,Windows,x86_64,unreported,dot_strided,double,65536,strided,2,stable,15,0.32350000000000001,4636028100789189064,89.92179590904216,4.6185277824406512e-12,5.1361605223191851e-14,1,1,1,1,ThreadPool,Reproducible,canonical,pairwise,canonical-pairwise-v1-leaf1024,ThreadPool,8,8
1,1.6.0,1.6.0,MSVC 1944,Windows,x86_64,unreported,dot_strided,double,65536,strided,2,stable,16,0.33179999999999998,4636028100789189064,89.92179590904216,4.6185277824406512e-12,5.1361605223191851e-14,1,1,1,1,ThreadPool,Reproducible,canonical,pairwise,canonical-pairwise-v1-leaf1024,ThreadPool,8,8
1,1.6.0,1.6.0,MSVC 1944,Windows,x86_64,unreported,dot_strided,double,65536,strided,2,stable,17,0.31509999999999999,4636028100789189064,89.92179590904216,4.6185277824406512e-12,5.1361605223191851e-14,1,1,1,1,ThreadPool,Reproducible,canonical,pairwise,canonical-pairwise-v1-leaf1024,ThreadPool,8,8
1,1.6.0,1.6.0,MSVC 1944,Windows,x86_64,unreported,dot_strided,double,65536,strided,2,stable,18,0.32879999999999998,4636028100789189064,89.92179590904216,4.6185277824406512e-12,5.1361605223191851e-14,1,1,1,1,ThreadPool,Reproducible,canonical,pairwise,canonical-pairwise-v1-leaf1024,ThreadPool,8,8
1,1.6.0,1.6.0,MSVC 1944,Windows,x86_64,unreported,dot_strided,double,65536,strided,2,stable,19,0.2402,4636028100789189064,89.92179590904216,4.6185277824406512e-12,5.1361605223191851e-14,1,1,1,1,ThreadPool,Reproducible,canonical,pairwise,canonical-pairwise-v1-leaf1024,ThreadPool,8,8
1,1.6.0,1.6.0,MSVC 1944,Windows,x86_64,unreported,dot_strided,double,65536,strided,2,stable,20,0.31440000000000001,4636028100789189064,89.92179590904216,4.6185277824406512e-12,5.1361605223191851e-14,1,1,1,1,ThreadPool,Reproducible,canonical,pairwise,canonical-pairwise-v1-leaf1024,ThreadPool,8,8
1,1.6.0,1.6.0,MSVC 1944,Windows,x86_64,unreported,dot_strided,double,65536,strided,2,stable,21,0.3165,4636028100789189064,89.92179590904216,4.6185277824406512e-12,5.1361605223191851e-14,1,1,1,1,ThreadPool,Reproducible,canonical,pairwise,canonical-pairwise-v1-leaf1024,ThreadPool,8,8
1,1.6.0,1.6.0,MSVC 1944,Windows,x86_64,unreported,dot_strided,double,65536,strided,2,stable,22,0.25,4636028100789189064,89.92179590904216,4.6185277824406512e-12,5.1361605223191851e-14,1,1,1,1,ThreadPool,Reproducible,canonical,pairwise,canonical-pairwise-v1-leaf1024,ThreadPool,8,8
1,1.6.0,1.6.0,MSVC 1944,Windows,x86_64,unreported,dot_strided,double,65536,strided,2,stable,23,0.31440000000000001,4636028100789189064,89.92179590904216,4.6185277824406512e-12,5.1361605223191851e-14,1,1,1,1,ThreadPool,Reproducible,canonical,pairwise,canonical-pairwise-v1-leaf1024,ThreadPool,8,8
1,1.6.0,1.6.0,MSVC 1944,Windows,x86_64,unreported,dot_strided,double,65536,strided,2,stable,24,0.318,4636028100789189064,89.92179590904216,4.6185277824406512e-12,5.1361605223191851e-14,1,1,1,1,ThreadPool,Reproducible,canonical,pairwise,canonical-pairwise-v1-leaf1024,ThreadPool,8,8
1,1.6.0,1.6.0,MSVC 1944,Windows,x86_64,unreported,dot_strided,double,65536,strided,2,stable,25,0.3256,4636028100789189064,89.92179590904216,4.6185277824406512e-12,5.1361605223191851e-14,1,1,1,1,ThreadPool,Reproducible,canonical,pairwise,canonical-pairwise-v1-leaf1024,ThreadPool,8,8
1,1.6.0,1.6.0,MSVC 1944,Windows,x86_64,unreported,dot_strided,double,65536,strided,2,stable,26,0.31730000000000003,4636028100789189064,89.92179590904216,4.6185277824406512e-12,5.1361605223191851e-14,1,1,1,1,ThreadPool,Reproducible,canonical,pairwise,canonical-pairwise-v1-leaf1024,ThreadPool,8,8
1,1.6.0,1.6.0,MSVC 1944,Windows,x86_64,unreported,dot_strided,double,65536,strided,2,stable,27,0.31559999999999999,4636028100789189064,89.92179590904216,4.6185277824406512e-12,5.1361605223191851e-14,1,1,1,1,ThreadPool,Reproducible,canonical,pairwise,canonical-pairwise-v1-leaf1024,ThreadPool,8,8
1,1.6.0,1.6.0,MSVC 1944,Windows,x86_64,unreported,dot_strided,double,65536,strided,2,stable,28,0.32569999999999999,4636028100789189064,89.92179590904216,4.6185277824406512e-12,5.1361605223191851e-14,1,1,1,1,ThreadPool,Reproducible,canonical,pairwise,canonical-pairwise-v1-leaf1024,ThreadPool,8,8
1,1.6.0,1.6.0,MSVC 1944,Windows,x86_64,unreported,dot_strided,double,65536,strided,2,stable,29,0.318,4636028100789189064,89.92179590904216,4.6185277824406512e-12,5.1361605223191851e-14,1,1,1,1,ThreadPool,Reproducible,canonical,pairwise,canonical-pairwise-v1-leaf1024,ThreadPool,8,8
1,1.6.0,1.6.0,MSVC 1944,Windows,x86_64,unreported,dot_strided,double,65536,strided,2,stable,30,0.316,4636028100789189064,89.92179590904216,4.6185277824406512e-12,5.1361605223191851e-14,1,1,1,1,ThreadPool,Reproducible,canonical,pairwise,canonical-pairwise-v1-leaf1024,ThreadPool,8,8
1,1.6.0,1.6.0,MSVC 1944,Windows,x86_64,unreported,dot_strided,double,65536,strided,2,stable,31,0.41860000000000003,4636028100789189064,89.92179590904216,4.6185277824406512e-12,5.1361605223191851e-14,1,1,1,1,ThreadPool,Reproducible,canonical,pairwise,canonical-pairwise-v1-leaf1024,ThreadPool,8,8
1,1.6.0,1.6.0,MSVC 1944,Windows,x86_64,unreported,norm_strided,double,65536,strided,2,first_call,0,0.31530000000000002,4640591678869095915,181.5482819681491,4.5474735088646412e-13,2.5048287208041174e-15,1,1,1,1,ThreadPool,Reproducible,canonical,pairwise,canonical-pairwise-v1-leaf1024,ThreadPool,8,8
1,1.6.0,1.6.0,MSVC 1944,Windows,x86_64,unreported,norm_strided,double,65536,strided,2,stable,1,0.32050000000000001,4640591678869095915,181.5482819681491,4.5474735088646412e-13,2.5048287208041174e-15,1,1,1,1,ThreadPool,Reproducible,canonical,pairwise,canonical-pairwise-v1-leaf1024,ThreadPool,8,8
1,1.6.0,1.6.0,MSVC 1944,Windows,x86_64,unreported,norm_strided,double,65536,strided,2,stable,2,0.33160000000000001,4640591678869095915,181.5482819681491,4.5474735088646412e-13,2.5048287208041174e-15,1,1,1,1,ThreadPool,Reproducible,canonical,pairwise,canonical-pairwise-v1-leaf1024,ThreadPool,8,8
1,1.6.0,1.6.0,MSVC 1944,Windows,x86_64,unreported,norm_strided,double,65536,strided,2,stable,3,0.3135,4640591678869095915,181.5482819681491,4.5474735088646412e-13,2.5048287208041174e-15,1,1,1,1,ThreadPool,Reproducible,canonical,pairwise,canonical-pairwise-v1-leaf1024,ThreadPool,8,8
1,1.6.0,1.6.0,MSVC 1944,Windows,x86_64,unreported,norm_strided,double,65536,strided,2,stable,4,0.32229999999999998,4640591678869095915,181.5482819681491,4.5474735088646412e-13,2.5048287208041174e-15,1,1,1,1,ThreadPool,Reproducible,canonical,pairwise,canonical-pairwise-v1-leaf1024,ThreadPool,8,8
1,1.6.0,1.6.0,MSVC 1944,Windows,x86_64,unreported,norm_strided,double,65536,strided,2,stable,5,0.32079999999999997,4640591678869095915,181.5482819681491,4.5474735088646412e-13,2.5048287208041174e-15,1,1,1,1,ThreadPool,Reproducible,canonical,pairwise,canonical-pairwise-v1-leaf1024,ThreadPool,8,8
1,1.6.0,1.6.0,MSVC 1944,Windows,x86_64,unreported,norm_strided,double,65536,strided,2,stable,6,0.31290000000000001,4640591678869095915,181.5482819681491,4.5474735088646412e-13,2.5048287208041174e-15,1,1,1,1,ThreadPool,Reproducible,canonical,pairwise,canonical-pairwise-v1-leaf1024,ThreadPool,8,8
1,1.6.0,1.6.0,MSVC 1944,Windows,x86_64,unreported,norm_strided,double,65536,strided,2,stable,7,0.32300000000000001,4640591678869095915,181.5482819681491,4.5474735088646412e-13,2.5048287208041174e-15,1,1,1,1,ThreadPool,Reproducible,canonical,pairwise,canonical-pairwise-v1-leaf1024,ThreadPool,8,8
1,1.6.0,1.6.0,MSVC 1944,Windows,x86_64,unreported,norm_strided,double,65536,strided,2,stable,8,0.32169999999999999,4640591678869095915,181.5482819681491,4.5474735088646412e-13,2.5048287208041174e-15,1,1,1,1,ThreadPool,Reproducible,canonical,pairwise,canonical-pairwise-v1-leaf1024,ThreadPool,8,8
1,1.6.0,1.6.0,MSVC 1944,Windows,x86_64,unreported,norm_strided,double,65536,strided,2,stable,9,0.24779999999999999,4640591678869095915,181.5482819681491,4.5474735088646412e-13,2.5048287208041174e-15,1,1,1,1,ThreadPool,Reproducible,canonical,pairwise,canonical-pairwise-v1-leaf1024,ThreadPool,8,8
1,1.6.0,1.6.0,MSVC 1944,Windows,x86_64,unreported,norm_strided,double,65536,strided,2,stable,10,0.32850000000000001,4640591678869095915,181.5482819681491,4.5474735088646412e-13,2.5048287208041174e-15,1,1,1,1,ThreadPool,Reproducible,canonical,pairwise,canonical-pairwise-v1-leaf1024,ThreadPool,8,8
1,1.6.0,1.6.0,MSVC 1944,Windows,x86_64,unreported,norm_strided,double,65536,strided,2,stable,11,0.32190000000000002,4640591678869095915,181.5482819681491,4.5474735088646412e-13,2.5048287208041174e-15,1,1,1,1,ThreadPool,Reproducible,canonical,pairwise,canonical-pairwise-v1-leaf1024,ThreadPool,8,8
1,1.6.0,1.6.0,MSVC 1944,Windows,x86_64,unreported,norm_strided,double,65536,strided,2,stable,12,0.32169999999999999,4640591678869095915,181.5482819681491,4.5474735088646412e-13,2.5048287208041174e-15,1,1,1,1,ThreadPool,Reproducible,canonical,pairwise,canonical-pairwise-v1-leaf1024,ThreadPool,8,8
1,1.6.0,1.6.0,MSVC 1944,Windows,x86_64,unreported,norm_strided,double,65536,strided,2,stable,13,0.32879999999999998,4640591678869095915,181.5482819681491,4.5474735088646412e-13,2.5048287208041174e-15,1,1,1,1,ThreadPool,Reproducible,canonical,pairwise,canonical-pairwise-v1-leaf1024,ThreadPool,8,8
1,1.6.0,1.6.0,MSVC 1944,Windows,x86_64,unreported,norm_strided,double,65536,strided,2,stable,14,0.25490000000000002,4640591678869095915,181.5482819681491,4.5474735088646412e-13,2.5048287208041174e-15,1,1,1,1,ThreadPool,Reproducible,canonical,pairwise,canonical-pairwise-v1-leaf1024,ThreadPool,8,8
1,1.6.0,1.6.0,MSVC 1944,Windows,x86_64,unreported,norm_strided,double,65536,strided,2,stable,15,0.31709999999999999,4640591678869095915,181.5482819681491,4.5474735088646412e-13,2.5048287208041174e-15,1,1,1,1,ThreadPool,Reproducible,canonical,pairwise,canonical-pairwise-v1-leaf1024,ThreadPool,8,8
1,1.6.0,1.6.0,MSVC 1944,Windows,x86_64,unreported,norm_strided,double,65536,strided,2,stable,16,0.31769999999999998,4640591678869095915,181.5482819681491,4.5474735088646412e-13,2.5048287208041174e-15,1,1,1,1,ThreadPool,Reproducible,canonical,pairwise,canonical-pairwise-v1-leaf1024,ThreadPool,8,8
1,1.6.0,1.6.0,MSVC 1944,Windows,x86_64,unreported,norm_strided,double,65536,strided,2,stable,17,0.32219999999999999,4640591678869095915,181.5482819681491,4.5474735088646412e-13,2.5048287208041174e-15,1,1,1,1,ThreadPool,Reproducible,canonical,pairwise,canonical-pairwise-v1-leaf1024,ThreadPool,8,8
1,1.6.0,1.6.0,MSVC 1944,Windows,x86_64,unreported,norm_strided,double,65536,strided,2,stable,18,0.317,4640591678869095915,181.5482819681491,4.5474735088646412e-13,2.5048287208041174e-15,1,1,1,1,ThreadPool,Reproducible,canonical,pairwise,canonical-pairwise-v1-leaf1024,ThreadPool,8,8
1,1.6.0,1.6.0,MSVC 1944,Windows,x86_64,unreported,norm_strided,double,65536,strided,2,stable,19,0.32550000000000001,4640591678869095915,181.5482819681491,4.5474735088646412e-13,2.5048287208041174e-15,1,1,1,1,ThreadPool,Reproducible,canonical,pairwise,canonical-pairwise-v1-leaf1024,ThreadPool,8,8
1,1.6.0,1.6.0,MSVC 1944,Windows,x86_64,unreported,norm_strided,double,65536,strided,2,stable,20,0.32540000000000002,4640591678869095915,181.5482819681491,4.5474735088646412e-13,2.5048287208041174e-15,1,1,1,1,ThreadPool,Reproducible,canonical,pairwise,canonical-pairwise-v1-leaf1024,ThreadPool,8,8
1,1.6.0,1.6.0,MSVC 1944,Windows,x86_64,unreported,norm_strided,double,65536,strided,2,stable,21,0.315,4640591678869095915,181.5482819681491,4.5474735088646412e-13,2.5048287208041174e-15,1,1,1,1,ThreadPool,Reproducible,canonical,pairwise,canonical-pairwise-v1-leaf1024,ThreadPool,8,8
1,1.6.0,1.6.0,MSVC 1944,Windows,x86_64,unreported,norm_strided,double,65536,strided,2,stable,22,0.317,4640591678869095915,181.5482819681491,4.5474735088646412e-13,2.5048287208041174e-15,1,1,1,1,ThreadPool,Reproducible,canonical,pairwise,canonical-pairwise-v1-leaf1024,ThreadPool,8,8
1,1.6.0,1.6.0,MSVC 1944,Windows,x86_64,unreported,norm_strided,double,65536,strided,2,stable,23,0.33700000000000002,4640591678869095915,181.5482819681491,4.5474735088646412e-13,2.5048287208041174e-15,1,1,1,1,ThreadPool,Reproducible,canonical,pairwise,canonical-pairwise-v1-leaf1024,ThreadPool,8,8
1,1.6.0,1.6.0,MSVC 1944,Windows,x86_64,unreported,norm_strided,double,65536,strided,2,stable,24,0.31440000000000001,4640591678869095915,181.5482819681491,4.5474735088646412e-13,2.5048287208041174e-15,1,1,1,1,ThreadPool,Reproducible,canonical,pairwise,canonical-pairwise-v1-leaf1024,ThreadPool,8,8
1,1.6.0,1.6.0,MSVC 1944,Windows,x86_64,unreported,norm_strided,double,65536,strided,2,stable,25,0.32240000000000002,4640591678869095915,181.5482819681491,4.5474735088646412e-13,2.5048287208041174e-15,1,1,1,1,ThreadPool,Reproducible,canonical,pairwise,canonical-pairwise-v1-leaf1024,ThreadPool,8,8
1,1.6.0,1.6.0,MSVC 1944,Windows,x86_64,unreported,norm_strided,double,65536,strided,2,stable,26,0.32500000000000001,4640591678869095915,181.5482819681491,4.5474735088646412e-13,2.5048287208041174e-15,1,1,1,1,ThreadPool,Reproducible,canonical,pairwise,canonical-pairwise-v1-leaf1024,ThreadPool,8,8
1,1.6.0,1.6.0,MSVC 1944,Windows,x86_64,unreported,norm_strided,double,65536,strided,2,stable,27,0.31569999999999998,4640591678869095915,181.5482819681491,4.5474735088646412e-13,2.5048287208041174e-15,1,1,1,1,ThreadPool,Reproducible,canonical,pairwise,canonical-pairwise-v1-leaf1024,ThreadPool,8,8
1,1.6.0,1.6.0,MSVC 1944,Windows,x86_64,unreported,norm_strided,double,65536,strided,2,stable,28,0.33760000000000001,4640591678869095915,181.5482819681491,4.5474735088646412e-13,2.5048287208041174e-15,1,1,1,1,ThreadPool,Reproducible,canonical,pairwise,canonical-pairwise-v1-leaf1024,ThreadPool,8,8
1,1.6.0,1.6.0,MSVC 1944,Windows,x86_64,unreported,norm_strided,double,65536,strided,2,stable,29,0.31919999999999998,4640591678869095915,181.5482819681491,4.5474735088646412e-13,2.5048287208041174e-15,1,1,1,1,ThreadPool,Reproducible,canonical,pairwise,canonical-pairwise-v1-leaf1024,ThreadPool,8,8
1,1.6.0,1.6.0,MSVC 1944,Windows,x86_64,unreported,norm_strided,double,65536,strided,2,stable,30,0.31540000000000001,4640591678869095915,181.5482819681491,4.5474735088646412e-13,2.5048287208041174e-15,1,1,1,1,ThreadPool,Reproducible,canonical,pairwise,canonical-pairwise-v1-leaf1024,ThreadPool,8,8
1,1.6.0,1.6.0,MSVC 1944,Windows,x86_64,unreported,norm_strided,double,65536,strided,2,stable,31,0.3226,4640591678869095915,181.5482819681491,4.5474735088646412e-13,2.5048287208041174e-15,1,1,1,1,ThreadPool,Reproducible,canonical,pairwise,canonical-pairwise-v1-leaf1024,ThreadPool,8,8
1,1.6.0,1.6.0,MSVC 1944,Windows,x86_64,unreported,axpy_strided,double,65536,strided,3,first_call,0,0.50609999999999999,0,0,0,0,1,1,1,1,ThreadPool,Reproducible,canonical,native,canonical-pairwise-v1-leaf1024,ThreadPool,8,8
1,1.6.0,1.6.0,MSVC 1944,Windows,x86_64,unreported,axpy_strided,double,65536,strided,3,stable,1,0.5696,0,0,0,0,1,1,1,1,ThreadPool,Reproducible,canonical,native,canonical-pairwise-v1-leaf1024,ThreadPool,8,8
1,1.6.0,1.6.0,MSVC 1944,Windows,x86_64,unreported,axpy_strided,double,65536,strided,3,stable,2,0.58120000000000005,0,0,0,0,1,1,1,1,ThreadPool,Reproducible,canonical,native,canonical-pairwise-v1-leaf1024,ThreadPool,8,8
1,1.6.0,1.6.0,MSVC 1944,Windows,x86_64,unreported,axpy_strided,double,65536,strided,3,stable,3,0.55940000000000001,0,0,0,0,1,1,1,1,ThreadPool,Reproducible,canonical,native,canonical-pairwise-v1-leaf1024,ThreadPool,8,8
1,1.6.0,1.6.0,MSVC 1944,Windows,x86_64,unreported,axpy_strided,double,65536,strided,3,stable,4,0.56310000000000004,0,0,0,0,1,1,1,1,ThreadPool,Reproducible,canonical,native,canonical-pairwise-v1-leaf1024,ThreadPool,8,8
1,1.6.0,1.6.0,MSVC 1944,Windows,x86_64,unreported,axpy_strided,double,65536,strided,3,stable,5,0.55230000000000001,0,0,0,0,1,1,1,1,ThreadPool,Reproducible,canonical,native,canonical-pairwise-v1-leaf1024,ThreadPool,8,8
1,1.6.0,1.6.0,MSVC 1944,Windows,x86_64,unreported,axpy_strided,double,65536,strided,3,stable,6,0.56789999999999996,0,0,0,0,1,1,1,1,ThreadPool,Reproducible,canonical,native,canonical-pairwise-v1-leaf1024,ThreadPool,8,8
1,1.6.0,1.6.0,MSVC 1944,Windows,x86_64,unreported,axpy_strided,double,65536,strided,3,stable,7,0.56059999999999999,0,0,0,0,1,1,1,1,ThreadPool,Reproducible,canonical,native,canonical-pairwise-v1-leaf1024,ThreadPool,8,8
1,1.6.0,1.6.0,MSVC 1944,Windows,x86_64,unreported,axpy_strided,double,65536,strided,3,stable,8,0.55979999999999996,0,0,0,0,1,1,1,1,ThreadPool,Reproducible,canonical,native,canonical-pairwise-v1-leaf1024,ThreadPool,8,8
1,1.6.0,1.6.0,MSVC 1944,Windows,x86_64,unreported,axpy_strided,double,65536,strided,3,stable,9,0.55800000000000005,0,0,0,0,1,1,1,1,ThreadPool,Reproducible,canonical,native,canonical-pairwise-v1-leaf1024,ThreadPool,8,8
1,1.6.0,1.6.0,MSVC 1944,Windows,x86_64,unreported,axpy_strided,double,65536,strided,3,stable,10,0.55779999999999996,0,0,0,0,1,1,1,1,ThreadPool,Reproducible,canonical,native,canonical-pairwise-v1-leaf1024,ThreadPool,8,8
1,1.6.0,1.6.0,MSVC 1944,Windows,x86_64,unreported,axpy_strided,double,65536,strided,3,stable,11,0.55679999999999996,0,0,0,0,1,1,1,1,ThreadPool,Reproducible,canonical,native,canonical-pairwise-v1-leaf1024,ThreadPool,8,8
1,1.6.0,1.6.0,MSVC 1944,Windows,x86_64,unreported,axpy_strided,double,65536,strided,3,stable,12,0.55500000000000005,0,0,0,0,1,1,1,1,ThreadPool,Reproducible,canonical,native,canonical-pairwise-v1-leaf1024,ThreadPool,8,8
1,1.6.0,1.6.0,MSVC 1944,Windows,x86_64,unreported,axpy_strided,double,65536,strided,3,stable,13,0.55769999999999997,0,0,0,0,1,1,1,1,ThreadPool,Reproducible,canonical,native,canonical-pairwise-v1-leaf1024,ThreadPool,8,8
1,1.6.0,1.6.0,MSVC 1944,Windows,x86_64,unreported,axpy_strided,double,65536,strided,3,stable,14,0.55430000000000001,0,0,0,0,1,1,1,1,ThreadPool,Reproducible,canonical,native,canonical-pairwise-v1-leaf1024,ThreadPool,8,8
1,1.6.0,1.6.0,MSVC 1944,Windows,x86_64,unreported,axpy_strided,double,65536,strided,3,stable,15,0.55700000000000005,0,0,0,0,1,1,1,1,ThreadPool,Reproducible,canonical,native,canonical-pairwise-v1-leaf1024,ThreadPool,8,8
1,1.6.0,1.6.0,MSVC 1944,Windows,x86_64,unreported,axpy_strided,double,65536,strided,3,stable,16,0.57140000000000002,0,0,0,0,1,1,1,1,ThreadPool,Reproducible,canonical,native,canonical-pairwise-v1-leaf1024,ThreadPool,8,8
1,1.6.0,1.6.0,MSVC 1944,Windows,x86_64,unreported,axpy_strided,double,65536,strided,3,stable,17,0.58389999999999997,0,0,0,0,1,1,1,1,ThreadPool,Reproducible,canonical,native,canonical-pairwise-v1-leaf1024,ThreadPool,8,8
1,1.6.0,1.6.0,MSVC 1944,Windows,x86_64,unreported,axpy_strided,double,65536,strided,3,stable,18,0.56640000000000001,0,0,0,0,1,1,1,1,ThreadPool,Reproducible,canonical,native,canonical-pairwise-v1-leaf1024,ThreadPool,8,8
1,1.6.0,1.6.0,MSVC 1944,Windows,x86_64,unreported,axpy_strided,double,65536,strided,3,stable,19,0.55649999999999999,0,0,0,0,1,1,1,1,ThreadPool,Reproducible,canonical,native,canonical-pairwise-v1-leaf1024,ThreadPool,8,8
1,1.6.0,1.6.0,MSVC 1944,Windows,x86_64,unreported,axpy_strided,double,65536,strided,3,stable,20,0.47260000000000002,0,0,0,0,1,1,1,1,ThreadPool,Reproducible,canonical,native,canonical-pairwise-v1-leaf1024,ThreadPool,8,8
1,1.6.0,1.6.0,MSVC 1944,Windows,x86_64,unreported,axpy_strided,double,65536,strided,3,stable,21,0.55420000000000003,0,0,0,0,1,1,1,1,ThreadPool,Reproducible,canonical,native,canonical-pairwise-v1-leaf1024,ThreadPool,8,8
1,1.6.0,1.6.0,MSVC 1944,Windows,x86_64,unreported,axpy_strided,double,65536,strided,3,stable,22,0.56200000000000006,0,0,0,0,1,1,1,1,ThreadPool,Reproducible,canonical,native,canonical-pairwise-v1-leaf1024,ThreadPool,8,8
1,1.6.0,1.6.0,MSVC 1944,Windows,x86_64,unreported,axpy_strided,double,65536,strided,3,stable,23,0.58020000000000005,0,0,0,0,1,1,1,1,ThreadPool,Reproducible,canonical,native,canonical-pairwise-v1-leaf1024,ThreadPool,8,8
1,1.6.0,1.6.0,MSVC 1944,Windows,x86_64,unreported,axpy_strided,double,65536,strided,3,stable,24,0.5575,0,0,0,0,1,1,1,1,ThreadPool,Reproducible,canonical,native,canonical-pairwise-v1-leaf1024,ThreadPool,8,8
1,1.6.0,1.6.0,MSVC 1944,Windows,x86_64,unreported,axpy_strided,double,65536,strided,3,stable,25,0.56710000000000005,0,0,0,0,1,1,1,1,ThreadPool,Reproducible,canonical,native,canonical-pairwise-v1-leaf1024,ThreadPool,8,8
1,1.6.0,1.6.0,MSVC 1944,Windows,x86_64,unreported,axpy_strided,double,65536,strided,3,stable,26,0.57210000000000005,0,0,0,0,1,1,1,1,ThreadPool,Reproducible,canonical,native,canonical-pairwise-v1-leaf1024,ThreadPool,8,8
1,1.6.0,1.6.0,MSVC 1944,Windows,x86_64,unreported,axpy_strided,double,65536,strided,3,stable,27,0.55889999999999995,0,0,0,0,1,1,1,1,ThreadPool,Reproducible,canonical,native,canonical-pairwise-v1-leaf1024,ThreadPool,8,8
1,1.6.0,1.6.0,MSVC 1944,Windows,x86_64,unreported,axpy_strided,double,65536,strided,3,stable,28,0.56410000000000005,0,0,0,0,1,1,1,1,ThreadPool,Reproducible,canonical,native,canonical-pairwise-v1-leaf1024,ThreadPool,8,8
1,1.6.0,1.6.0,MSVC 1944,Windows,x86_64,unreported,axpy_strided,double,65536,strided,3,stable,29,0.57450000000000001,0,0,0,0,1,1,1,1,ThreadPool,Reproducible,canonical,native,canonical-pairwise-v1-leaf1024,ThreadPool,8,8
1,1.6.0,1.6.0,MSVC 1944,Windows,x86_64,unreported,axpy_strided,double,65536,strided,3,stable,30,0.56359999999999999,0,0,0,0,1,1,1,1,ThreadPool,Reproducible,canonical,native,canonical-pairwise-v1-leaf1024,ThreadPool,8,8
1,1.6.0,1.6.0,MSVC 1944,Windows,x86_64,unreported,axpy_strided,double,65536,strided,3,stable,31,0.5575,0,0,0,0,1,1,1,1,ThreadPool,Reproducible,canonical,native,canonical-pairwise-v1-leaf1024,ThreadPool,8,8
1,1.6.0,1.6.0,MSVC 1944,Windows,x86_64,unreported,dot_strided,double,65536,strided,2,first_call,0,0.35949999999999999,4636028100789189028,89.92179590904216,5.1301185521879233e-12,5.705089072483771e-14,1,1,1,1,ThreadPool,Accurate,canonical,compensated,canonical-neumaier-v1-leaf1024,ThreadPool,8,8
1,1.6.0,1.6.0,MSVC 1944,Windows,x86_64,unreported,dot_strided,double,65536,strided,2,stable,1,0.33760000000000001,4636028100789189028,89.92179590904216,5.1301185521879233e-12,5.705089072483771e-14,1,1,1,1,ThreadPool,Accurate,canonical,compensated,canonical-neumaier-v1-leaf1024,ThreadPool,8,8
1,1.6.0,1.6.0,MSVC 1944,Windows,x86_64,unreported,dot_strided,double,65536,strided,2,stable,2,0.3251,4636028100789189028,89.92179590904216,5.1301185521879233e-12,5.705089072483771e-14,1,1,1,1,ThreadPool,Accurate,canonical,compensated,canonical-neumaier-v1-leaf1024,ThreadPool,8,8
1,1.6.0,1.6.0,MSVC 1944,Windows,x86_64,unreported,dot_strided,double,65536,strided,2,stable,3,0.34649999999999997,4636028100789189028,89.92179590904216,5.1301185521879233e-12,5.705089072483771e-14,1,1,1,1,ThreadPool,Accurate,canonical,compensated,canonical-neumaier-v1-leaf1024,ThreadPool,8,8
1,1.6.0,1.6.0,MSVC 1944,Windows,x86_64,unreported,dot_strided,double,65536,strided,2,stable,4,0.3226,4636028100789189028,89.92179590904216,5.1301185521879233e-12,5.705089072483771e-14,1,1,1,1,ThreadPool,Accurate,canonical,compensated,canonical-neumaier-v1-leaf1024,ThreadPool,8,8
1,1.6.0,1.6.0,MSVC 1944,Windows,x86_64,unreported,dot_strided,double,65536,strided,2,stable,5,0.35260000000000002,4636028100789189028,89.92179590904216,5.1301185521879233e-12,5.705089072483771e-14,1,1,1,1,ThreadPool,Accurate,canonical,compensated,canonical-neumaier-v1-leaf1024,ThreadPool,8,8
1,1.6.0,1.6.0,MSVC 1944,Windows,x86_64,unreported,dot_strided,double,65536,strided,2,stable,6,0.3226,4636028100789189028,89.92179590904216,5.1301185521879233e-12,5.705089072483771e-14,1,1,1,1,ThreadPool,Accurate,canonical,compensated,canonical-neumaier-v1-leaf1024,ThreadPool,8,8
1,1.6.0,1.6.0,MSVC 1944,Windows,x86_64,unreported,dot_strided,double,65536,strided,2,stable,7,0.33860000000000001,4636028100789189028,89.92179590904216,5.1301185521879233e-12,5.705089072483771e-14,1,1,1,1,ThreadPool,Accurate,canonical,compensated,canonical-neumaier-v1-leaf1024,ThreadPool,8,8
1,1.6.0,1.6.0,MSVC 1944,Windows,x86_64,unreported,dot_strided,double,65536,strided,2,stable,8,0.33810000000000001,4636028100789189028,89.92179590904216,5.1301185521879233e-12,5.705089072483771e-14,1,1,1,1,ThreadPool,Accurate,canonical,compensated,canonical-neumaier-v1-leaf1024,ThreadPool,8,8
1,1.6.0,1.6.0,MSVC 1944,Windows,x86_64,unreported,dot_strided,double,65536,strided,2,stable,9,0.32079999999999997,4636028100789189028,89.92179590904216,5.1301185521879233e-12,5.705089072483771e-14,1,1,1,1,ThreadPool,Accurate,canonical,compensated,canonical-neumaier-v1-leaf1024,ThreadPool,8,8
1,1.6.0,1.6.0,MSVC 1944,Windows,x86_64,unreported,dot_strided,double,65536,strided,2,stable,10,0.31940000000000002,4636028100789189028,89.92179590904216,5.1301185521879233e-12,5.705089072483771e-14,1,1,1,1,ThreadPool,Accurate,canonical,compensated,canonical-neumaier-v1-leaf1024,ThreadPool,8,8
1,1.6.0,1.6.0,MSVC 1944,Windows,x86_64,unreported,dot_strided,double,65536,strided,2,stable,11,0.30669999999999997,4636028100789189028,89.92179590904216,5.1301185521879233e-12,5.705089072483771e-14,1,1,1,1,ThreadPool,Accurate,canonical,compensated,canonical-neumaier-v1-leaf1024,ThreadPool,8,8
1,1.6.0,1.6.0,MSVC 1944,Windows,x86_64,unreported,dot_strided,double,65536,strided,2,stable,12,0.32429999999999998,4636028100789189028,89.92179590904216,5.1301185521879233e-12,5.705089072483771e-14,1,1,1,1,ThreadPool,Accurate,canonical,compensated,canonical-neumaier-v1-leaf1024,ThreadPool,8,8
1,1.6.0,1.6.0,MSVC 1944,Windows,x86_64,unreported,dot_strided,double,65536,strided,2,stable,13,0.33860000000000001,4636028100789189028,89.92179590904216,5.1301185521879233e-12,5.705089072483771e-14,1,1,1,1,ThreadPool,Accurate,canonical,compensated,canonical-neumaier-v1-leaf1024,ThreadPool,8,8
1,1.6.0,1.6.0,MSVC 1944,Windows,x86_64,unreported,dot_strided,double,65536,strided,2,stable,14,0.34179999999999999,4636028100789189028,89.92179590904216,5.1301185521879233e-12,5.705089072483771e-14,1,1,1,1,ThreadPool,Accurate,canonical,compensated,canonical-neumaier-v1-leaf1024,ThreadPool,8,8
1,1.6.0,1.6.0,MSVC 1944,Windows,x86_64,unreported,dot_strided,double,65536,strided,2,stable,15,0.34050000000000002,4636028100789189028,89.92179590904216,5.1301185521879233e-12,5.705089072483771e-14,1,1,1,1,ThreadPool,Accurate,canonical,compensated,canonical-neumaier-v1-leaf1024,ThreadPool,8,8
1,1.6.0,1.6.0,MSVC 1944,Windows,x86_64,unreported,dot_strided,double,65536,strided,2,stable,16,0.32050000000000001,4636028100789189028,89.92179590904216,5.1301185521879233e-12,5.705089072483771e-14,1,1,1,1,ThreadPool,Accurate,canonical,compensated,canonical-neumaier-v1-leaf1024,ThreadPool,8,8
1,1.6.0,1.6.0,MSVC 1944,Windows,x86_64,unreported,dot_strided,double,65536,strided,2,stable,17,0.3402,4636028100789189028,89.92179590904216,5.1301185521879233e-12,5.705089072483771e-14,1,1,1,1,ThreadPool,Accurate,canonical,compensated,canonical-neumaier-v1-leaf1024,ThreadPool,8,8
1,1.6.0,1.6.0,MSVC 1944,Windows,x86_64,unreported,dot_strided,double,65536,strided,2,stable,18,0.32329999999999998,4636028100789189028,89.92179590904216,5.1301185521879233e-12,5.705089072483771e-14,1,1,1,1,ThreadPool,Accurate,canonical,compensated,canonical-neumaier-v1-leaf1024,ThreadPool,8,8
1,1.6.0,1.6.0,MSVC 1944,Windows,x86_64,unreported,dot_strided,double,65536,strided,2,stable,19,0.31969999999999998,4636028100789189028,89.92179590904216,5.1301185521879233e-12,5.705089072483771e-14,1,1,1,1,ThreadPool,Accurate,canonical,compensated,canonical-neumaier-v1-leaf1024,ThreadPool,8,8
1,1.6.0,1.6.0,MSVC 1944,Windows,x86_64,unreported,dot_strided,double,65536,strided,2,stable,20,0.3528,4636028100789189028,89.92179590904216,5.1301185521879233e-12,5.705089072483771e-14,1,1,1,1,ThreadPool,Accurate,canonical,compensated,canonical-neumaier-v1-leaf1024,ThreadPool,8,8
1,1.6.0,1.6.0,MSVC 1944,Windows,x86_64,unreported,dot_strided,double,65536,strided,2,stable,21,0.32769999999999999,4636028100789189028,89.92179590904216,5.1301185521879233e-12,5.705089072483771e-14,1,1,1,1,ThreadPool,Accurate,canonical,compensated,canonical-neumaier-v1-leaf1024,ThreadPool,8,8
1,1.6.0,1.6.0,MSVC 1944,Windows,x86_64,unreported,dot_strided,double,65536,strided,2,stable,22,0.34520000000000001,4636028100789189028,89.92179590904216,5.1301185521879233e-12,5.705089072483771e-14,1,1,1,1,ThreadPool,Accurate,canonical,compensated,canonical-neumaier-v1-leaf1024,ThreadPool,8,8
1,1.6.0,1.6.0,MSVC 1944,Windows,x86_64,unreported,dot_strided,double,65536,strided,2,stable,23,0.3246,4636028100789189028,89.92179590904216,5.1301185521879233e-12,5.705089072483771e-14,1,1,1,1,ThreadPool,Accurate,canonical,compensated,canonical-neumaier-v1-leaf1024,ThreadPool,8,8
1,1.6.0,1.6.0,MSVC 1944,Windows,x86_64,unreported,dot_strided,double,65536,strided,2,stable,24,0.34250000000000003,4636028100789189028,89.92179590904216,5.1301185521879233e-12,5.705089072483771e-14,1,1,1,1,ThreadPool,Accurate,canonical,compensated,canonical-neumaier-v1-leaf1024,ThreadPool,8,8
1,1.6.0,1.6.0,MSVC 1944,Windows,x86_64,unreported,dot_strided,double,65536,strided,2,stable,25,0.3221,4636028100789189028,89.92179590904216,5.1301185521879233e-12,5.705089072483771e-14,1,1,1,1,ThreadPool,Accurate,canonical,compensated,canonical-neumaier-v1-leaf1024,ThreadPool,8,8
1,1.6.0,1.6.0,MSVC 1944,Windows,x86_64,unreported,dot_strided,double,65536,strided,2,stable,26,0.34250000000000003,4636028100789189028,89.92179590904216,5.1301185521879233e-12,5.705089072483771e-14,1,1,1,1,ThreadPool,Accurate,canonical,compensated,canonical-neumaier-v1-leaf1024,ThreadPool,8,8
1,1.6.0,1.6.0,MSVC 1944,Windows,x86_64,unreported,dot_strided,double,65536,strided,2,stable,27,0.31969999999999998,4636028100789189028,89.92179590904216,5.1301185521879233e-12,5.705089072483771e-14,1,1,1,1,ThreadPool,Accurate,canonical,compensated,canonical-neumaier-v1-leaf1024,ThreadPool,8,8
1,1.6.0,1.6.0,MSVC 1944,Windows,x86_64,unreported,dot_strided,double,65536,strided,2,stable,28,0.34360000000000002,4636028100789189028,89.92179590904216,5.1301185521879233e-12,5.705089072483771e-14,1,1,1,1,ThreadPool,Accurate,canonical,compensated,canonical-neumaier-v1-leaf1024,ThreadPool,8,8
1,1.6.0,1.6.0,MSVC 1944,Windows,x86_64,unreported,dot_strided,double,65536,strided,2,stable,29,0.32190000000000002,4636028100789189028,89.92179590904216,5.1301185521879233e-12,5.705089072483771e-14,1,1,1,1,ThreadPool,Accurate,canonical,compensated,canonical-neumaier-v1-leaf1024,ThreadPool,8,8
1,1.6.0,1.6.0,MSVC 1944,Windows,x86_64,unreported,dot_strided,double,65536,strided,2,stable,30,0.34100000000000003,4636028100789189028,89.92179590904216,5.1301185521879233e-12,5.705089072483771e-14,1,1,1,1,ThreadPool,Accurate,canonical,compensated,canonical-neumaier-v1-leaf1024,ThreadPool,8,8
1,1.6.0,1.6.0,MSVC 1944,Windows,x86_64,unreported,dot_strided,double,65536,strided,2,stable,31,0.34350000000000003,4636028100789189028,89.92179590904216,5.1301185521879233e-12,5.705089072483771e-14,1,1,1,1,ThreadPool,Accurate,canonical,compensated,canonical-neumaier-v1-leaf1024,ThreadPool,8,8
1,1.6.0,1.6.0,MSVC 1944,Windows,x86_64,unreported,norm_strided,double,65536,strided,2,first_call,0,0.1754,4640591678869095915,181.5482819681491,4.5474735088646412e-13,2.5048287208041174e-15,1,1,1,1,ThreadPool,Accurate,canonical,scaled_sumsq,canonical-scaled-sumsq-v1-leaf1024,ThreadPool,8,8
1,1.6.0,1.6.0,MSVC 1944,Windows,x86_64,unreported,norm_strided,double,65536,strided,2,stable,1,0.17480000000000001,4640591678869095915,181.5482819681491,4.5474735088646412e-13,2.5048287208041174e-15,1,1,1,1,ThreadPool,Accurate,canonical,scaled_sumsq,canonical-scaled-sumsq-v1-leaf1024,ThreadPool,8,8
1,1.6.0,1.6.0,MSVC 1944,Windows,x86_64,unreported,norm_strided,double,65536,strided,2,stable,2,0.17369999999999999,4640591678869095915,181.5482819681491,4.5474735088646412e-13,2.5048287208041174e-15,1,1,1,1,ThreadPool,Accurate,canonical,scaled_sumsq,canonical-scaled-sumsq-v1-leaf1024,ThreadPool,8,8
1,1.6.0,1.6.0,MSVC 1944,Windows,x86_64,unreported,norm_strided,double,65536,strided,2,stable,3,0.1729,4640591678869095915,181.5482819681491,4.5474735088646412e-13,2.5048287208041174e-15,1,1,1,1,ThreadPool,Accurate,canonical,scaled_sumsq,canonical-scaled-sumsq-v1-leaf1024,ThreadPool,8,8
1,1.6.0,1.6.0,MSVC 1944,Windows,x86_64,unreported,norm_strided,double,65536,strided,2,stable,4,0.1769,4640591678869095915,181.5482819681491,4.5474735088646412e-13,2.5048287208041174e-15,1,1,1,1,ThreadPool,Accurate,canonical,scaled_sumsq,canonical-scaled-sumsq-v1-leaf1024,ThreadPool,8,8
1,1.6.0,1.6.0,MSVC 1944,Windows,x86_64,unreported,norm_strided,double,65536,strided,2,stable,5,0.17530000000000001,4640591678869095915,181.5482819681491,4.5474735088646412e-13,2.5048287208041174e-15,1,1,1,1,ThreadPool,Accurate,canonical,scaled_sumsq,canonical-scaled-sumsq-v1-leaf1024,ThreadPool,8,8
1,1.6.0,1.6.0,MSVC 1944,Windows,x86_64,unreported,norm_strided,double,65536,strided,2,stable,6,0.17469999999999999,4640591678869095915,181.5482819681491,4.5474735088646412e-13,2.5048287208041174e-15,1,1,1,1,ThreadPool,Accurate,canonical,scaled_sumsq,canonical-scaled-sumsq-v1-leaf1024,ThreadPool,8,8
1,1.6.0,1.6.0,MSVC 1944,Windows,x86_64,unreported,norm_strided,double,65536,strided,2,stable,7,0.17480000000000001,4640591678869095915,181.5482819681491,4.5474735088646412e-13,2.5048287208041174e-15,1,1,1,1,ThreadPool,Accurate,canonical,scaled_sumsq,canonical-scaled-sumsq-v1-leaf1024,ThreadPool,8,8
1,1.6.0,1.6.0,MSVC 1944,Windows,x86_64,unreported,norm_strided,double,65536,strided,2,stable,8,0.1754,4640591678869095915,181.5482819681491,4.5474735088646412e-13,2.5048287208041174e-15,1,1,1,1,ThreadPool,Accurate,canonical,scaled_sumsq,canonical-scaled-sumsq-v1-leaf1024,ThreadPool,8,8
1,1.6.0,1.6.0,MSVC 1944,Windows,x86_64,unreported,norm_strided,double,65536,strided,2,stable,9,0.1782,4640591678869095915,181.5482819681491,4.5474735088646412e-13,2.5048287208041174e-15,1,1,1,1,ThreadPool,Accurate,canonical,scaled_sumsq,canonical-scaled-sumsq-v1-leaf1024,ThreadPool,8,8
1,1.6.0,1.6.0,MSVC 1944,Windows,x86_64,unreported,norm_strided,double,65536,strided,2,stable,10,0.17710000000000001,4640591678869095915,181.5482819681491,4.5474735088646412e-13,2.5048287208041174e-15,1,1,1,1,ThreadPool,Accurate,canonical,scaled_sumsq,canonical-scaled-sumsq-v1-leaf1024,ThreadPool,8,8
1,1.6.0,1.6.0,MSVC 1944,Windows,x86_64,unreported,norm_strided,double,65536,strided,2,stable,11,0.1757,4640591678869095915,181.5482819681491,4.5474735088646412e-13,2.5048287208041174e-15,1,1,1,1,ThreadPool,Accurate,canonical,scaled_sumsq,canonical-scaled-sumsq-v1-leaf1024,ThreadPool,8,8
1,1.6.0,1.6.0,MSVC 1944,Windows,x86_64,unreported,norm_strided,double,65536,strided,2,stable,12,0.1749,4640591678869095915,181.5482819681491,4.5474735088646412e-13,2.5048287208041174e-15,1,1,1,1,ThreadPool,Accurate,canonical,scaled_sumsq,canonical-scaled-sumsq-v1-leaf1024,ThreadPool,8,8
1,1.6.0,1.6.0,MSVC 1944,Windows,x86_64,unreported,norm_strided,double,65536,strided,2,stable,13,0.1739,4640591678869095915,181.5482819681491,4.5474735088646412e-13,2.5048287208041174e-15,1,1,1,1,ThreadPool,Accurate,canonical,scaled_sumsq,canonical-scaled-sumsq-v1-leaf1024,ThreadPool,8,8
1,1.6.0,1.6.0,MSVC 1944,Windows,x86_64,unreported,norm_strided,double,65536,strided,2,stable,14,0.18740000000000001,4640591678869095915,181.5482819681491,4.5474735088646412e-13,2.5048287208041174e-15,1,1,1,1,ThreadPool,Accurate,canonical,scaled_sumsq,canonical-scaled-sumsq-v1-leaf1024,ThreadPool,8,8
1,1.6.0,1.6.0,MSVC 1944,Windows,x86_64,unreported,norm_strided,double,65536,strided,2,stable,15,0.17530000000000001,4640591678869095915,181.5482819681491,4.5474735088646412e-13,2.5048287208041174e-15,1,1,1,1,ThreadPool,Accurate,canonical,scaled_sumsq,canonical-scaled-sumsq-v1-leaf1024,ThreadPool,8,8
1,1.6.0,1.6.0,MSVC 1944,Windows,x86_64,unreported,norm_strided,double,65536,strided,2,stable,16,0.1724,4640591678869095915,181.5482819681491,4.5474735088646412e-13,2.5048287208041174e-15,1,1,1,1,ThreadPool,Accurate,canonical,scaled_sumsq,canonical-scaled-sumsq-v1-leaf1024,ThreadPool,8,8
1,1.6.0,1.6.0,MSVC 1944,Windows,x86_64,unreported,norm_strided,double,65536,strided,2,stable,17,0.17480000000000001,4640591678869095915,181.5482819681491,4.5474735088646412e-13,2.5048287208041174e-15,1,1,1,1,ThreadPool,Accurate,canonical,scaled_sumsq,canonical-scaled-sumsq-v1-leaf1024,ThreadPool,8,8
1,1.6.0,1.6.0,MSVC 1944,Windows,x86_64,unreported,norm_strided,double,65536,strided,2,stable,18,0.1724,4640591678869095915,181.5482819681491,4.5474735088646412e-13,2.5048287208041174e-15,1,1,1,1,ThreadPool,Accurate,canonical,scaled_sumsq,canonical-scaled-sumsq-v1-leaf1024,ThreadPool,8,8
1,1.6.0,1.6.0,MSVC 1944,Windows,x86_64,unreported,norm_strided,double,65536,strided,2,stable,19,0.1769,4640591678869095915,181.5482819681491,4.5474735088646412e-13,2.5048287208041174e-15,1,1,1,1,ThreadPool,Accurate,canonical,scaled_sumsq,canonical-scaled-sumsq-v1-leaf1024,ThreadPool,8,8
1,1.6.0,1.6.0,MSVC 1944,Windows,x86_64,unreported,norm_strided,double,65536,strided,2,stable,20,0.18870000000000001,4640591678869095915,181.5482819681491,4.5474735088646412e-13,2.5048287208041174e-15,1,1,1,1,ThreadPool,Accurate,canonical,scaled_sumsq,canonical-scaled-sumsq-v1-leaf1024,ThreadPool,8,8
1,1.6.0,1.6.0,MSVC 1944,Windows,x86_64,unreported,norm_strided,double,65536,strided,2,stable,21,0.17269999999999999,4640591678869095915,181.5482819681491,4.5474735088646412e-13,2.5048287208041174e-15,1,1,1,1,ThreadPool,Accurate,canonical,scaled_sumsq,canonical-scaled-sumsq-v1-leaf1024,ThreadPool,8,8
1,1.6.0,1.6.0,MSVC 1944,Windows,x86_64,unreported,norm_strided,double,65536,strided,2,stable,22,0.17680000000000001,4640591678869095915,181.5482819681491,4.5474735088646412e-13,2.5048287208041174e-15,1,1,1,1,ThreadPool,Accurate,canonical,scaled_sumsq,canonical-scaled-sumsq-v1-leaf1024,ThreadPool,8,8
1,1.6.0,1.6.0,MSVC 1944,Windows,x86_64,unreported,norm_strided,double,65536,strided,2,stable,23,0.1865,4640591678869095915,181.5482819681491,4.5474735088646412e-13,2.5048287208041174e-15,1,1,1,1,ThreadPool,Accurate,canonical,scaled_sumsq,canonical-scaled-sumsq-v1-leaf1024,ThreadPool,8,8
1,1.6.0,1.6.0,MSVC 1944,Windows,x86_64,unreported,norm_strided,double,65536,strided,2,stable,24,0.15740000000000001,4640591678869095915,181.5482819681491,4.5474735088646412e-13,2.5048287208041174e-15,1,1,1,1,ThreadPool,Accurate,canonical,scaled_sumsq,canonical-scaled-sumsq-v1-leaf1024,ThreadPool,8,8
1,1.6.0,1.6.0,MSVC 1944,Windows,x86_64,unreported,norm_strided,double,65536,strided,2,stable,25,0.183,4640591678869095915,181.5482819681491,4.5474735088646412e-13,2.5048287208041174e-15,1,1,1,1,ThreadPool,Accurate,canonical,scaled_sumsq,canonical-scaled-sumsq-v1-leaf1024,ThreadPool,8,8
1,1.6.0,1.6.0,MSVC 1944,Windows,x86_64,unreported,norm_strided,double,65536,strided,2,stable,26,0.17949999999999999,4640591678869095915,181.5482819681491,4.5474735088646412e-13,2.5048287208041174e-15,1,1,1,1,ThreadPool,Accurate,canonical,scaled_sumsq,canonical-scaled-sumsq-v1-leaf1024,ThreadPool,8,8
1,1.6.0,1.6.0,MSVC 1944,Windows,x86_64,unreported,norm_strided,double,65536,strided,2,stable,27,0.1741,4640591678869095915,181.5482819681491,4.5474735088646412e-13,2.5048287208041174e-15,1,1,1,1,ThreadPool,Accurate,canonical,scaled_sumsq,canonical-scaled-sumsq-v1-leaf1024,ThreadPool,8,8
1,1.6.0,1.6.0,MSVC 1944,Windows,x86_64,unreported,norm_strided,double,65536,strided,2,stable,28,0.1777,4640591678869095915,181.5482819681491,4.5474735088646412e-13,2.5048287208041174e-15,1,1,1,1,ThreadPool,Accurate,canonical,scaled_sumsq,canonical-scaled-sumsq-v1-leaf1024,ThreadPool,8,8
1,1.6.0,1.6.0,MSVC 1944,Windows,x86_64,unreported,norm_strided,double,65536,strided,2,stable,29,0.1845,4640591678869095915,181.5482819681491,4.5474735088646412e-13,2.5048287208041174e-15,1,1,1,1,ThreadPool,Accurate,canonical,scaled_sumsq,canonical-scaled-sumsq-v1-leaf1024,ThreadPool,8,8
1,1.6.0,1.6.0,MSVC 1944,Windows,x86_64,unreported,norm_strided,double,65536,strided,2,stable,30,0.251,4640591678869095915,181.5482819681491,4.5474735088646412e-13,2.5048287208041174e-15,1,1,1,1,ThreadPool,Accurate,canonical,scaled_sumsq,canonical-scaled-sumsq-v1-leaf1024,ThreadPool,8,8
1,1.6.0,1.6.0,MSVC 1944,Windows,x86_64,unreported,norm_strided,double,65536,strided,2,stable,31,0.185,4640591678869095915,181.5482819681491,4.5474735088646412e-13,2.5048287208041174e-15,1,1,1,1,ThreadPool,Accurate,canonical,scaled_sumsq,canonical-scaled-sumsq-v1-leaf1024,ThreadPool,8,8
1,1.6.0,1.6.0,MSVC 1944,Windows,x86_64,unreported,axpy_strided,double,65536,strided,3,first_call,0,0.50360000000000005,0,0,0,0,1,1,1,1,ThreadPool,Accurate,canonical,native,canonical-pairwise-v1-leaf1024,ThreadPool,8,8
1,1.6.0,1.6.0,MSVC 1944,Windows,x86_64,unreported,axpy_strided,double,65536,strided,3,stable,1,0.56469999999999998,0,0,0,0,1,1,1,1,ThreadPool,Accurate,canonical,native,canonical-pairwise-v1-leaf1024,ThreadPool,8,8
1,1.6.0,1.6.0,MSVC 1944,Windows,x86_64,unreported,axpy_strided,double,65536,strided,3,stable,2,0.57740000000000002,0,0,0,0,1,1,1,1,ThreadPool,Accurate,canonical,native,canonical-pairwise-v1-leaf1024,ThreadPool,8,8
1,1.6.0,1.6.0,MSVC 1944,Windows,x86_64,unreported,axpy_strided,double,65536,strided,3,stable,3,0.57889999999999997,0,0,0,0,1,1,1,1,ThreadPool,Accurate,canonical,native,canonical-pairwise-v1-leaf1024,ThreadPool,8,8
1,1.6.0,1.6.0,MSVC 1944,Windows,x86_64,unreported,axpy_strided,double,65536,strided,3,stable,4,0.56130000000000002,0,0,0,0,1,1,1,1,ThreadPool,Accurate,canonical,native,canonical-pairwise-v1-leaf1024,ThreadPool,8,8
1,1.6.0,1.6.0,MSVC 1944,Windows,x86_64,unreported,axpy_strided,double,65536,strided,3,stable,5,0.5736,0,0,0,0,1,1,1,1,ThreadPool,Accurate,canonical,native,canonical-pairwise-v1-leaf1024,ThreadPool,8,8
1,1.6.0,1.6.0,MSVC 1944,Windows,x86_64,unreported,axpy_strided,double,65536,strided,3,stable,6,0.56359999999999999,0,0,0,0,1,1,1,1,ThreadPool,Accurate,canonical,native,canonical-pairwise-v1-leaf1024,ThreadPool,8,8
1,1.6.0,1.6.0,MSVC 1944,Windows,x86_64,unreported,axpy_strided,double,65536,strided,3,stable,7,0.56950000000000001,0,0,0,0,1,1,1,1,ThreadPool,Accurate,canonical,native,canonical-pairwise-v1-leaf1024,ThreadPool,8,8
1,1.6.0,1.6.0,MSVC 1944,Windows,x86_64,unreported,axpy_strided,double,65536,strided,3,stable,8,0.57679999999999998,0,0,0,0,1,1,1,1,ThreadPool,Accurate,canonical,native,canonical-pairwise-v1-leaf1024,ThreadPool,8,8
1,1.6.0,1.6.0,MSVC 1944,Windows,x86_64,unreported,axpy_strided,double,65536,strided,3,stable,9,0.56310000000000004,0,0,0,0,1,1,1,1,ThreadPool,Accurate,canonical,native,canonical-pairwise-v1-leaf1024,ThreadPool,8,8
1,1.6.0,1.6.0,MSVC 1944,Windows,x86_64,unreported,axpy_strided,double,65536,strided,3,stable,10,0.55989999999999995,0,0,0,0,1,1,1,1,ThreadPool,Accurate,canonical,native,canonical-pairwise-v1-leaf1024,ThreadPool,8,8
1,1.6.0,1.6.0,MSVC 1944,Windows,x86_64,unreported,axpy_strided,double,65536,strided,3,stable,11,0.55630000000000002,0,0,0,0,1,1,1,1,ThreadPool,Accurate,canonical,native,canonical-pairwise-v1-leaf1024,ThreadPool,8,8
1,1.6.0,1.6.0,MSVC 1944,Windows,x86_64,unreported,axpy_strided,double,65536,strided,3,stable,12,0.57730000000000004,0,0,0,0,1,1,1,1,ThreadPool,Accurate,canonical,native,canonical-pairwise-v1-leaf1024,ThreadPool,8,8
1,1.6.0,1.6.0,MSVC 1944,Windows,x86_64,unreported,axpy_strided,double,65536,strided,3,stable,13,0.55979999999999996,0,0,0,0,1,1,1,1,ThreadPool,Accurate,canonical,native,canonical-pairwise-v1-leaf1024,ThreadPool,8,8
1,1.6.0,1.6.0,MSVC 1944,Windows,x86_64,unreported,axpy_strided,double,65536,strided,3,stable,14,0.57389999999999997,0,0,0,0,1,1,1,1,ThreadPool,Accurate,canonical,native,canonical-pairwise-v1-leaf1024,ThreadPool,8,8
1,1.6.0,1.6.0,MSVC 1944,Windows,x86_64,unreported,axpy_strided,double,65536,strided,3,stable,15,0.57120000000000004,0,0,0,0,1,1,1,1,ThreadPool,Accurate,canonical,native,canonical-pairwise-v1-leaf1024,ThreadPool,8,8
1,1.6.0,1.6.0,MSVC 1944,Windows,x86_64,unreported,axpy_strided,double,65536,strided,3,stable,16,0.56120000000000003,0,0,0,0,1,1,1,1,ThreadPool,Accurate,canonical,native,canonical-pairwise-v1-leaf1024,ThreadPool,8,8
1,1.6.0,1.6.0,MSVC 1944,Windows,x86_64,unreported,axpy_strided,double,65536,strided,3,stable,17,0.57730000000000004,0,0,0,0,1,1,1,1,ThreadPool,Accurate,canonical,native,canonical-pairwise-v1-leaf1024,ThreadPool,8,8
1,1.6.0,1.6.0,MSVC 1944,Windows,x86_64,unreported,axpy_strided,double,65536,strided,3,stable,18,0.55559999999999998,0,0,0,0,1,1,1,1,ThreadPool,Accurate,canonical,native,canonical-pairwise-v1-leaf1024,ThreadPool,8,8
1,1.6.0,1.6.0,MSVC 1944,Windows,x86_64,unreported,axpy_strided,double,65536,strided,3,stable,19,0.55879999999999996,0,0,0,0,1,1,1,1,ThreadPool,Accurate,canonical,native,canonical-pairwise-v1-leaf1024,ThreadPool,8,8
1,1.6.0,1.6.0,MSVC 1944,Windows,x86_64,unreported,axpy_strided,double,65536,strided,3,stable,20,0.56179999999999997,0,0,0,0,1,1,1,1,ThreadPool,Accurate,canonical,native,canonical-pairwise-v1-leaf1024,ThreadPool,8,8
1,1.6.0,1.6.0,MSVC 1944,Windows,x86_64,unreported,axpy_strided,double,65536,strided,3,stable,21,0.56030000000000002,0,0,0,0,1,1,1,1,ThreadPool,Accurate,canonical,native,canonical-pairwise-v1-leaf1024,ThreadPool,8,8
1,1.6.0,1.6.0,MSVC 1944,Windows,x86_64,unreported,axpy_strided,double,65536,strided,3,stable,22,0.56710000000000005,0,0,0,0,1,1,1,1,ThreadPool,Accurate,canonical,native,canonical-pairwise-v1-leaf1024,ThreadPool,8,8
1,1.6.0,1.6.0,MSVC 1944,Windows,x86_64,unreported,axpy_strided,double,65536,strided,3,stable,23,0.56969999999999998,0,0,0,0,1,1,1,1,ThreadPool,Accurate,canonical,native,canonical-pairwise-v1-leaf1024,ThreadPool,8,8
1,1.6.0,1.6.0,MSVC 1944,Windows,x86_64,unreported,axpy_strided,double,65536,strided,3,stable,24,0.56540000000000001,0,0,0,0,1,1,1,1,ThreadPool,Accurate,canonical,native,canonical-pairwise-v1-leaf1024,ThreadPool,8,8
1,1.6.0,1.6.0,MSVC 1944,Windows,x86_64,unreported,axpy_strided,double,65536,strided,3,stable,25,0.56710000000000005,0,0,0,0,1,1,1,1,ThreadPool,Accurate,canonical,native,canonical-pairwise-v1-leaf1024,ThreadPool,8,8
1,1.6.0,1.6.0,MSVC 1944,Windows,x86_64,unreported,axpy_strided,double,65536,strided,3,stable,26,0.5706,0,0,0,0,1,1,1,1,ThreadPool,Accurate,canonical,native,canonical-pairwise-v1-leaf1024,ThreadPool,8,8
1,1.6.0,1.6.0,MSVC 1944,Windows,x86_64,unreported,axpy_strided,double,65536,strided,3,stable,27,0.55910000000000004,0,0,0,0,1,1,1,1,ThreadPool,Accurate,canonical,native,canonical-pairwise-v1-leaf1024,ThreadPool,8,8
1,1.6.0,1.6.0,MSVC 1944,Windows,x86_64,unreported,axpy_strided,double,65536,strided,3,stable,28,0.56399999999999995,0,0,0,0,1,1,1,1,ThreadPool,Accurate,canonical,native,canonical-pairwise-v1-leaf1024,ThreadPool,8,8
1,1.6.0,1.6.0,MSVC 1944,Windows,x86_64,unreported,axpy_strided,double,65536,strided,3,stable,29,0.56520000000000004,0,0,0,0,1,1,1,1,ThreadPool,Accurate,canonical,native,canonical-pairwise-v1-leaf1024,ThreadPool,8,8
1,1.6.0,1.6.0,MSVC 1944,Windows,x86_64,unreported,axpy_strided,double,65536,strided,3,stable,30,0.55630000000000002,0,0,0,0,1,1,1,1,ThreadPool,Accurate,canonical,native,canonical-pairwise-v1-leaf1024,ThreadPool,8,8
1,1.6.0,1.6.0,MSVC 1944,Windows,x86_64,unreported,axpy_strided,double,65536,strided,3,stable,31,0.56730000000000003,0,0,0,0,1,1,1,1,ThreadPool,Accurate,canonical,native,canonical-pairwise-v1-leaf1024,ThreadPool,8,8
1,1.6.0,1.6.0,MSVC 1944,Windows,x86_64,unreported,sum_adversarial,double,9000,contiguous,1,first_call,0,0.045600000000000002,0,3000,3000,1,1,1,1,1,ThreadPool,Fast,adaptive,native,none,ThreadPool,8,8
1,1.6.0,1.6.0,MSVC 1944,Windows,x86_64,unreported,sum_adversarial,double,9000,contiguous,1,stable,1,0.035200000000000002,0,3000,3000,1,1,1,1,1,ThreadPool,Fast,adaptive,native,none,ThreadPool,8,8
1,1.6.0,1.6.0,MSVC 1944,Windows,x86_64,unreported,sum_adversarial,double,9000,contiguous,1,stable,2,0.0419,0,3000,3000,1,1,1,1,1,ThreadPool,Fast,adaptive,native,none,ThreadPool,8,8
1,1.6.0,1.6.0,MSVC 1944,Windows,x86_64,unreported,sum_adversarial,double,9000,contiguous,1,stable,3,0.037400000000000003,0,3000,3000,1,1,1,1,1,ThreadPool,Fast,adaptive,native,none,ThreadPool,8,8
1,1.6.0,1.6.0,MSVC 1944,Windows,x86_64,unreported,sum_adversarial,double,9000,contiguous,1,stable,4,0.036900000000000002,0,3000,3000,1,1,1,1,1,ThreadPool,Fast,adaptive,native,none,ThreadPool,8,8
1,1.6.0,1.6.0,MSVC 1944,Windows,x86_64,unreported,sum_adversarial,double,9000,contiguous,1,stable,5,0.039800000000000002,0,3000,3000,1,1,1,1,1,ThreadPool,Fast,adaptive,native,none,ThreadPool,8,8
1,1.6.0,1.6.0,MSVC 1944,Windows,x86_64,unreported,sum_adversarial,double,9000,contiguous,1,stable,6,0.042700000000000002,0,3000,3000,1,1,1,1,1,ThreadPool,Fast,adaptive,native,none,ThreadPool,8,8
1,1.6.0,1.6.0,MSVC 1944,Windows,x86_64,unreported,sum_adversarial,double,9000,contiguous,1,stable,7,0.034200000000000001,0,3000,3000,1,1,1,1,1,ThreadPool,Fast,adaptive,native,none,ThreadPool,8,8
1,1.6.0,1.6.0,MSVC 1944,Windows,x86_64,unreported,sum_adversarial,double,9000,contiguous,1,stable,8,0.033000000000000002,0,3000,3000,1,1,1,1,1,ThreadPool,Fast,adaptive,native,none,ThreadPool,8,8
1,1.6.0,1.6.0,MSVC 1944,Windows,x86_64,unreported,sum_adversarial,double,9000,contiguous,1,stable,9,0.035000000000000003,0,3000,3000,1,1,1,1,1,ThreadPool,Fast,adaptive,native,none,ThreadPool,8,8
1,1.6.0,1.6.0,MSVC 1944,Windows,x86_64,unreported,sum_adversarial,double,9000,contiguous,1,stable,10,0.0378,0,3000,3000,1,1,1,1,1,ThreadPool,Fast,adaptive,native,none,ThreadPool,8,8
1,1.6.0,1.6.0,MSVC 1944,Windows,x86_64,unreported,sum_adversarial,double,9000,contiguous,1,stable,11,0.041599999999999998,0,3000,3000,1,1,1,1,1,ThreadPool,Fast,adaptive,native,none,ThreadPool,8,8
1,1.6.0,1.6.0,MSVC 1944,Windows,x86_64,unreported,sum_adversarial,double,9000,contiguous,1,stable,12,0.040800000000000003,0,3000,3000,1,1,1,1,1,ThreadPool,Fast,adaptive,native,none,ThreadPool,8,8
1,1.6.0,1.6.0,MSVC 1944,Windows,x86_64,unreported,sum_adversarial,double,9000,contiguous,1,stable,13,0.033000000000000002,0,3000,3000,1,1,1,1,1,ThreadPool,Fast,adaptive,native,none,ThreadPool,8,8
1,1.6.0,1.6.0,MSVC 1944,Windows,x86_64,unreported,sum_adversarial,double,9000,contiguous,1,stable,14,0.036600000000000001,0,3000,3000,1,1,1,1,1,ThreadPool,Fast,adaptive,native,none,ThreadPool,8,8
1,1.6.0,1.6.0,MSVC 1944,Windows,x86_64,unreported,sum_adversarial,double,9000,contiguous,1,stable,15,0.039199999999999999,0,3000,3000,1,1,1,1,1,ThreadPool,Fast,adaptive,native,none,ThreadPool,8,8
1,1.6.0,1.6.0,MSVC 1944,Windows,x86_64,unreported,sum_adversarial,double,9000,contiguous,1,stable,16,0.031699999999999999,0,3000,3000,1,1,1,1,1,ThreadPool,Fast,adaptive,native,none,ThreadPool,8,8
1,1.6.0,1.6.0,MSVC 1944,Windows,x86_64,unreported,sum_adversarial,double,9000,contiguous,1,stable,17,0.038100000000000002,0,3000,3000,1,1,1,1,1,ThreadPool,Fast,adaptive,native,none,ThreadPool,8,8
1,1.6.0,1.6.0,MSVC 1944,Windows,x86_64,unreported,sum_adversarial,double,9000,contiguous,1,stable,18,0.039399999999999998,0,3000,3000,1,1,1,1,1,ThreadPool,Fast,adaptive,native,none,ThreadPool,8,8
1,1.6.0,1.6.0,MSVC 1944,Windows,x86_64,unreported,sum_adversarial,double,9000,contiguous,1,stable,19,0.0395,0,3000,3000,1,1,1,1,1,ThreadPool,Fast,adaptive,native,none,ThreadPool,8,8
1,1.6.0,1.6.0,MSVC 1944,Windows,x86_64,unreported,sum_adversarial,double,9000,contiguous,1,stable,20,0.0378,0,3000,3000,1,1,1,1,1,ThreadPool,Fast,adaptive,native,none,ThreadPool,8,8
1,1.6.0,1.6.0,MSVC 1944,Windows,x86_64,unreported,sum_adversarial,double,9000,contiguous,1,stable,21,0.038399999999999997,0,3000,3000,1,1,1,1,1,ThreadPool,Fast,adaptive,native,none,ThreadPool,8,8
1,1.6.0,1.6.0,MSVC 1944,Windows,x86_64,unreported,sum_adversarial,double,9000,contiguous,1,stable,22,0.042700000000000002,0,3000,3000,1,1,1,1,1,ThreadPool,Fast,adaptive,native,none,ThreadPool,8,8
1,1.6.0,1.6.0,MSVC 1944,Windows,x86_64,unreported,sum_adversarial,double,9000,contiguous,1,stable,23,0.049200000000000001,0,3000,3000,1,1,1,1,1,ThreadPool,Fast,adaptive,native,none,ThreadPool,8,8
1,1.6.0,1.6.0,MSVC 1944,Windows,x86_64,unreported,sum_adversarial,double,9000,contiguous,1,stable,24,0.040599999999999997,0,3000,3000,1,1,1,1,1,ThreadPool,Fast,adaptive,native,none,ThreadPool,8,8
1,1.6.0,1.6.0,MSVC 1944,Windows,x86_64,unreported,sum_adversarial,double,9000,contiguous,1,stable,25,0.0407,0,3000,3000,1,1,1,1,1,ThreadPool,Fast,adaptive,native,none,ThreadPool,8,8
1,1.6.0,1.6.0,MSVC 1944,Windows,x86_64,unreported,sum_adversarial,double,9000,contiguous,1,stable,26,0.034299999999999997,0,3000,3000,1,1,1,1,1,ThreadPool,Fast,adaptive,native,none,ThreadPool,8,8
1,1.6.0,1.6.0,MSVC 1944,Windows,x86_64,unreported,sum_adversarial,double,9000,contiguous,1,stable,27,0.044900000000000002,0,3000,3000,1,1,1,1,1,ThreadPool,Fast,adaptive,native,none,ThreadPool,8,8
1,1.6.0,1.6.0,MSVC 1944,Windows,x86_64,unreported,sum_adversarial,double,9000,contiguous,1,stable,28,0.033700000000000001,0,3000,3000,1,1,1,1,1,ThreadPool,Fast,adaptive,native,none,ThreadPool,8,8
1,1.6.0,1.6.0,MSVC 1944,Windows,x86_64,unreported,sum_adversarial,double,9000,contiguous,1,stable,29,0.037100000000000001,0,3000,3000,1,1,1,1,1,ThreadPool,Fast,adaptive,native,none,ThreadPool,8,8
1,1.6.0,1.6.0,MSVC 1944,Windows,x86_64,unreported,sum_adversarial,double,9000,contiguous,1,stable,30,0.037400000000000003,0,3000,3000,1,1,1,1,1,ThreadPool,Fast,adaptive,native,none,ThreadPool,8,8
1,1.6.0,1.6.0,MSVC 1944,Windows,x86_64,unreported,sum_adversarial,double,9000,contiguous,1,stable,31,0.038199999999999998,0,3000,3000,1,1,1,1,1,ThreadPool,Fast,adaptive,native,none,ThreadPool,8,8
1,1.6.0,1.6.0,MSVC 1944,Windows,x86_64,unreported,dot_adversarial,double,9000,contiguous,1,first_call,0,0.064299999999999996,0,3000,3000,1,1,1,1,1,ThreadPool,Fast,adaptive,native,none,ThreadPool,8,8
1,1.6.0,1.6.0,MSVC 1944,Windows,x86_64,unreported,dot_adversarial,double,9000,contiguous,1,stable,1,0.067199999999999996,0,3000,3000,1,1,1,1,1,ThreadPool,Fast,adaptive,native,none,ThreadPool,8,8
1,1.6.0,1.6.0,MSVC 1944,Windows,x86_64,unreported,dot_adversarial,double,9000,contiguous,1,stable,2,0.065600000000000006,0,3000,3000,1,1,1,1,1,ThreadPool,Fast,adaptive,native,none,ThreadPool,8,8
1,1.6.0,1.6.0,MSVC 1944,Windows,x86_64,unreported,dot_adversarial,double,9000,contiguous,1,stable,3,0.075300000000000006,0,3000,3000,1,1,1,1,1,ThreadPool,Fast,adaptive,native,none,ThreadPool,8,8
1,1.6.0,1.6.0,MSVC 1944,Windows,x86_64,unreported,dot_adversarial,double,9000,contiguous,1,stable,4,0.064000000000000001,0,3000,3000,1,1,1,1,1,ThreadPool,Fast,adaptive,native,none,ThreadPool,8,8
1,1.6.0,1.6.0,MSVC 1944,Windows,x86_64,unreported,dot_adversarial,double,9000,contiguous,1,stable,5,0.1192,0,3000,3000,1,1,1,1,1,ThreadPool,Fast,adaptive,native,none,ThreadPool,8,8
1,1.6.0,1.6.0,MSVC 1944,Windows,x86_64,unreported,dot_adversarial,double,9000,contiguous,1,stable,6,0.065699999999999995,0,3000,3000,1,1,1,1,1,ThreadPool,Fast,adaptive,native,none,ThreadPool,8,8
1,1.6.0,1.6.0,MSVC 1944,Windows,x86_64,unreported,dot_adversarial,double,9000,contiguous,1,stable,7,0.064199999999999993,0,3000,3000,1,1,1,1,1,ThreadPool,Fast,adaptive,native,none,ThreadPool,8,8
1,1.6.0,1.6.0,MSVC 1944,Windows,x86_64,unreported,dot_adversarial,double,9000,contiguous,1,stable,8,0.068000000000000005,0,3000,3000,1,1,1,1,1,ThreadPool,Fast,adaptive,native,none,ThreadPool,8,8
1,1.6.0,1.6.0,MSVC 1944,Windows,x86_64,unreported,dot_adversarial,double,9000,contiguous,1,stable,9,0.066400000000000001,0,3000,3000,1,1,1,1,1,ThreadPool,Fast,adaptive,native,none,ThreadPool,8,8
1,1.6.0,1.6.0,MSVC 1944,Windows,x86_64,unreported,dot_adversarial,double,9000,contiguous,1,stable,10,0.060299999999999999,0,3000,3000,1,1,1,1,1,ThreadPool,Fast,adaptive,native,none,ThreadPool,8,8
1,1.6.0,1.6.0,MSVC 1944,Windows,x86_64,unreported,dot_adversarial,double,9000,contiguous,1,stable,11,0.063200000000000006,0,3000,3000,1,1,1,1,1,ThreadPool,Fast,adaptive,native,none,ThreadPool,8,8
1,1.6.0,1.6.0,MSVC 1944,Windows,x86_64,unreported,dot_adversarial,double,9000,contiguous,1,stable,12,0.065199999999999994,0,3000,3000,1,1,1,1,1,ThreadPool,Fast,adaptive,native,none,ThreadPool,8,8
1,1.6.0,1.6.0,MSVC 1944,Windows,x86_64,unreported,dot_adversarial,double,9000,contiguous,1,stable,13,0.067299999999999999,0,3000,3000,1,1,1,1,1,ThreadPool,Fast,adaptive,native,none,ThreadPool,8,8
1,1.6.0,1.6.0,MSVC 1944,Windows,x86_64,unreported,dot_adversarial,double,9000,contiguous,1,stable,14,0.063,0,3000,3000,1,1,1,1,1,ThreadPool,Fast,adaptive,native,none,ThreadPool,8,8
1,1.6.0,1.6.0,MSVC 1944,Windows,x86_64,unreported,dot_adversarial,double,9000,contiguous,1,stable,15,0.066600000000000006,0,3000,3000,1,1,1,1,1,ThreadPool,Fast,adaptive,native,none,ThreadPool,8,8
1,1.6.0,1.6.0,MSVC 1944,Windows,x86_64,unreported,dot_adversarial,double,9000,contiguous,1,stable,16,0.0654,0,3000,3000,1,1,1,1,1,ThreadPool,Fast,adaptive,native,none,ThreadPool,8,8
1,1.6.0,1.6.0,MSVC 1944,Windows,x86_64,unreported,dot_adversarial,double,9000,contiguous,1,stable,17,0.068199999999999997,0,3000,3000,1,1,1,1,1,ThreadPool,Fast,adaptive,native,none,ThreadPool,8,8
1,1.6.0,1.6.0,MSVC 1944,Windows,x86_64,unreported,dot_adversarial,double,9000,contiguous,1,stable,18,0.067699999999999996,0,3000,3000,1,1,1,1,1,ThreadPool,Fast,adaptive,native,none,ThreadPool,8,8
1,1.6.0,1.6.0,MSVC 1944,Windows,x86_64,unreported,dot_adversarial,double,9000,contiguous,1,stable,19,0.0654,0,3000,3000,1,1,1,1,1,ThreadPool,Fast,adaptive,native,none,ThreadPool,8,8
1,1.6.0,1.6.0,MSVC 1944,Windows,x86_64,unreported,dot_adversarial,double,9000,contiguous,1,stable,20,0.064899999999999999,0,3000,3000,1,1,1,1,1,ThreadPool,Fast,adaptive,native,none,ThreadPool,8,8
1,1.6.0,1.6.0,MSVC 1944,Windows,x86_64,unreported,dot_adversarial,double,9000,contiguous,1,stable,21,0.065100000000000005,0,3000,3000,1,1,1,1,1,ThreadPool,Fast,adaptive,native,none,ThreadPool,8,8
1,1.6.0,1.6.0,MSVC 1944,Windows,x86_64,unreported,dot_adversarial,double,9000,contiguous,1,stable,22,0.066600000000000006,0,3000,3000,1,1,1,1,1,ThreadPool,Fast,adaptive,native,none,ThreadPool,8,8
1,1.6.0,1.6.0,MSVC 1944,Windows,x86_64,unreported,dot_adversarial,double,9000,contiguous,1,stable,23,0.071199999999999999,0,3000,3000,1,1,1,1,1,ThreadPool,Fast,adaptive,native,none,ThreadPool,8,8
1,1.6.0,1.6.0,MSVC 1944,Windows,x86_64,unreported,dot_adversarial,double,9000,contiguous,1,stable,24,0.066600000000000006,0,3000,3000,1,1,1,1,1,ThreadPool,Fast,adaptive,native,none,ThreadPool,8,8
1,1.6.0,1.6.0,MSVC 1944,Windows,x86_64,unreported,dot_adversarial,double,9000,contiguous,1,stable,25,0.096500000000000002,0,3000,3000,1,1,1,1,1,ThreadPool,Fast,adaptive,native,none,ThreadPool,8,8
1,1.6.0,1.6.0,MSVC 1944,Windows,x86_64,unreported,dot_adversarial,double,9000,contiguous,1,stable,26,0.080799999999999997,0,3000,3000,1,1,1,1,1,ThreadPool,Fast,adaptive,native,none,ThreadPool,8,8
1,1.6.0,1.6.0,MSVC 1944,Windows,x86_64,unreported,dot_adversarial,double,9000,contiguous,1,stable,27,0.098100000000000007,0,3000,3000,1,1,1,1,1,ThreadPool,Fast,adaptive,native,none,ThreadPool,8,8
1,1.6.0,1.6.0,MSVC 1944,Windows,x86_64,unreported,dot_adversarial,double,9000,contiguous,1,stable,28,0.082400000000000001,0,3000,3000,1,1,1,1,1,ThreadPool,Fast,adaptive,native,none,ThreadPool,8,8
1,1.6.0,1.6.0,MSVC 1944,Windows,x86_64,unreported,dot_adversarial,double,9000,contiguous,1,stable,29,0.065199999999999994,0,3000,3000,1,1,1,1,1,ThreadPool,Fast,adaptive,native,none,ThreadPool,8,8
1,1.6.0,1.6.0,MSVC 1944,Windows,x86_64,unreported,dot_adversarial,double,9000,contiguous,1,stable,30,0.067500000000000004,0,3000,3000,1,1,1,1,1,ThreadPool,Fast,adaptive,native,none,ThreadPool,8,8
1,1.6.0,1.6.0,MSVC 1944,Windows,x86_64,unreported,dot_adversarial,double,9000,contiguous,1,stable,31,0.065600000000000006,0,3000,3000,1,1,1,1,1,ThreadPool,Fast,adaptive,native,none,ThreadPool,8,8
1,1.6.0,1.6.0,MSVC 1944,Windows,x86_64,unreported,sum_adversarial,double,9000,contiguous,1,first_call,0,0.032300000000000002,0,3000,3000,1,1,1,1,1,ThreadPool,Reproducible,canonical,pairwise,canonical-pairwise-v1-leaf1024,ThreadPool,8,8
1,1.6.0,1.6.0,MSVC 1944,Windows,x86_64,unreported,sum_adversarial,double,9000,contiguous,1,stable,1,0.031099999999999999,0,3000,3000,1,1,1,1,1,ThreadPool,Reproducible,canonical,pairwise,canonical-pairwise-v1-leaf1024,ThreadPool,8,8
1,1.6.0,1.6.0,MSVC 1944,Windows,x86_64,unreported,sum_adversarial,double,9000,contiguous,1,stable,2,0.036299999999999999,0,3000,3000,1,1,1,1,1,ThreadPool,Reproducible,canonical,pairwise,canonical-pairwise-v1-leaf1024,ThreadPool,8,8
1,1.6.0,1.6.0,MSVC 1944,Windows,x86_64,unreported,sum_adversarial,double,9000,contiguous,1,stable,3,0.036900000000000002,0,3000,3000,1,1,1,1,1,ThreadPool,Reproducible,canonical,pairwise,canonical-pairwise-v1-leaf1024,ThreadPool,8,8
1,1.6.0,1.6.0,MSVC 1944,Windows,x86_64,unreported,sum_adversarial,double,9000,contiguous,1,stable,4,0.032800000000000003,0,3000,3000,1,1,1,1,1,ThreadPool,Reproducible,canonical,pairwise,canonical-pairwise-v1-leaf1024,ThreadPool,8,8
1,1.6.0,1.6.0,MSVC 1944,Windows,x86_64,unreported,sum_adversarial,double,9000,contiguous,1,stable,5,0.0309,0,3000,3000,1,1,1,1,1,ThreadPool,Reproducible,canonical,pairwise,canonical-pairwise-v1-leaf1024,ThreadPool,8,8
1,1.6.0,1.6.0,MSVC 1944,Windows,x86_64,unreported,sum_adversarial,double,9000,contiguous,1,stable,6,0.034500000000000003,0,3000,3000,1,1,1,1,1,ThreadPool,Reproducible,canonical,pairwise,canonical-pairwise-v1-leaf1024,ThreadPool,8,8
1,1.6.0,1.6.0,MSVC 1944,Windows,x86_64,unreported,sum_adversarial,double,9000,contiguous,1,stable,7,0.0361,0,3000,3000,1,1,1,1,1,ThreadPool,Reproducible,canonical,pairwise,canonical-pairwise-v1-leaf1024,ThreadPool,8,8
1,1.6.0,1.6.0,MSVC 1944,Windows,x86_64,unreported,sum_adversarial,double,9000,contiguous,1,stable,8,0.035499999999999997,0,3000,3000,1,1,1,1,1,ThreadPool,Reproducible,canonical,pairwise,canonical-pairwise-v1-leaf1024,ThreadPool,8,8
1,1.6.0,1.6.0,MSVC 1944,Windows,x86_64,unreported,sum_adversarial,double,9000,contiguous,1,stable,9,0.037999999999999999,0,3000,3000,1,1,1,1,1,ThreadPool,Reproducible,canonical,pairwise,canonical-pairwise-v1-leaf1024,ThreadPool,8,8
1,1.6.0,1.6.0,MSVC 1944,Windows,x86_64,unreported,sum_adversarial,double,9000,contiguous,1,stable,10,0.038399999999999997,0,3000,3000,1,1,1,1,1,ThreadPool,Reproducible,canonical,pairwise,canonical-pairwise-v1-leaf1024,ThreadPool,8,8
1,1.6.0,1.6.0,MSVC 1944,Windows,x86_64,unreported,sum_adversarial,double,9000,contiguous,1,stable,11,0.035999999999999997,0,3000,3000,1,1,1,1,1,ThreadPool,Reproducible,canonical,pairwise,canonical-pairwise-v1-leaf1024,ThreadPool,8,8
1,1.6.0,1.6.0,MSVC 1944,Windows,x86_64,unreported,sum_adversarial,double,9000,contiguous,1,stable,12,0.041000000000000002,0,3000,3000,1,1,1,1,1,ThreadPool,Reproducible,canonical,pairwise,canonical-pairwise-v1-leaf1024,ThreadPool,8,8
1,1.6.0,1.6.0,MSVC 1944,Windows,x86_64,unreported,sum_adversarial,double,9000,contiguous,1,stable,13,0.047399999999999998,0,3000,3000,1,1,1,1,1,ThreadPool,Reproducible,canonical,pairwise,canonical-pairwise-v1-leaf1024,ThreadPool,8,8
1,1.6.0,1.6.0,MSVC 1944,Windows,x86_64,unreported,sum_adversarial,double,9000,contiguous,1,stable,14,0.039,0,3000,3000,1,1,1,1,1,ThreadPool,Reproducible,canonical,pairwise,canonical-pairwise-v1-leaf1024,ThreadPool,8,8
1,1.6.0,1.6.0,MSVC 1944,Windows,x86_64,unreported,sum_adversarial,double,9000,contiguous,1,stable,15,0.0349,0,3000,3000,1,1,1,1,1,ThreadPool,Reproducible,canonical,pairwise,canonical-pairwise-v1-leaf1024,ThreadPool,8,8
1,1.6.0,1.6.0,MSVC 1944,Windows,x86_64,unreported,sum_adversarial,double,9000,contiguous,1,stable,16,0.034700000000000002,0,3000,3000,1,1,1,1,1,ThreadPool,Reproducible,canonical,pairwise,canonical-pairwise-v1-leaf1024,ThreadPool,8,8
1,1.6.0,1.6.0,MSVC 1944,Windows,x86_64,unreported,sum_adversarial,double,9000,contiguous,1,stable,17,0.047199999999999999,0,3000,3000,1,1,1,1,1,ThreadPool,Reproducible,canonical,pairwise,canonical-pairwise-v1-leaf1024,ThreadPool,8,8
1,1.6.0,1.6.0,MSVC 1944,Windows,x86_64,unreported,sum_adversarial,double,9000,contiguous,1,stable,18,0.039600000000000003,0,3000,3000,1,1,1,1,1,ThreadPool,Reproducible,canonical,pairwise,canonical-pairwise-v1-leaf1024,ThreadPool,8,8
1,1.6.0,1.6.0,MSVC 1944,Windows,x86_64,unreported,sum_adversarial,double,9000,contiguous,1,stable,19,0.036299999999999999,0,3000,3000,1,1,1,1,1,ThreadPool,Reproducible,canonical,pairwise,canonical-pairwise-v1-leaf1024,ThreadPool,8,8
1,1.6.0,1.6.0,MSVC 1944,Windows,x86_64,unreported,sum_adversarial,double,9000,contiguous,1,stable,20,0.037100000000000001,0,3000,3000,1,1,1,1,1,ThreadPool,Reproducible,canonical,pairwise,canonical-pairwise-v1-leaf1024,ThreadPool,8,8
1,1.6.0,1.6.0,MSVC 1944,Windows,x86_64,unreported,sum_adversarial,double,9000,contiguous,1,stable,21,0.036200000000000003,0,3000,3000,1,1,1,1,1,ThreadPool,Reproducible,canonical,pairwise,canonical-pairwise-v1-leaf1024,ThreadPool,8,8
1,1.6.0,1.6.0,MSVC 1944,Windows,x86_64,unreported,sum_adversarial,double,9000,contiguous,1,stable,22,0.033799999999999997,0,3000,3000,1,1,1,1,1,ThreadPool,Reproducible,canonical,pairwise,canonical-pairwise-v1-leaf1024,ThreadPool,8,8
1,1.6.0,1.6.0,MSVC 1944,Windows,x86_64,unreported,sum_adversarial,double,9000,contiguous,1,stable,23,0.038800000000000001,0,3000,3000,1,1,1,1,1,ThreadPool,Reproducible,canonical,pairwise,canonical-pairwise-v1-leaf1024,ThreadPool,8,8
1,1.6.0,1.6.0,MSVC 1944,Windows,x86_64,unreported,sum_adversarial,double,9000,contiguous,1,stable,24,0.033799999999999997,0,3000,3000,1,1,1,1,1,ThreadPool,Reproducible,canonical,pairwise,canonical-pairwise-v1-leaf1024,ThreadPool,8,8
1,1.6.0,1.6.0,MSVC 1944,Windows,x86_64,unreported,sum_adversarial,double,9000,contiguous,1,stable,25,0.032300000000000002,0,3000,3000,1,1,1,1,1,ThreadPool,Reproducible,canonical,pairwise,canonical-pairwise-v1-leaf1024,ThreadPool,8,8
1,1.6.0,1.6.0,MSVC 1944,Windows,x86_64,unreported,sum_adversarial,double,9000,contiguous,1,stable,26,0.033099999999999997,0,3000,3000,1,1,1,1,1,ThreadPool,Reproducible,canonical,pairwise,canonical-pairwise-v1-leaf1024,ThreadPool,8,8
1,1.6.0,1.6.0,MSVC 1944,Windows,x86_64,unreported,sum_adversarial,double,9000,contiguous,1,stable,27,0.042700000000000002,0,3000,3000,1,1,1,1,1,ThreadPool,Reproducible,canonical,pairwise,canonical-pairwise-v1-leaf1024,ThreadPool,8,8
1,1.6.0,1.6.0,MSVC 1944,Windows,x86_64,unreported,sum_adversarial,double,9000,contiguous,1,stable,28,0.0309,0,3000,3000,1,1,1,1,1,ThreadPool,Reproducible,canonical,pairwise,canonical-pairwise-v1-leaf1024,ThreadPool,8,8
1,1.6.0,1.6.0,MSVC 1944,Windows,x86_64,unreported,sum_adversarial,double,9000,contiguous,1,stable,29,0.031600000000000003,0,3000,3000,1,1,1,1,1,ThreadPool,Reproducible,canonical,pairwise,canonical-pairwise-v1-leaf1024,ThreadPool,8,8
1,1.6.0,1.6.0,MSVC 1944,Windows,x86_64,unreported,sum_adversarial,double,9000,contiguous,1,stable,30,0.033000000000000002,0,3000,3000,1,1,1,1,1,ThreadPool,Reproducible,canonical,pairwise,canonical-pairwise-v1-leaf1024,ThreadPool,8,8
1,1.6.0,1.6.0,MSVC 1944,Windows,x86_64,unreported,sum_adversarial,double,9000,contiguous,1,stable,31,0.046699999999999998,0,3000,3000,1,1,1,1,1,ThreadPool,Reproducible,canonical,pairwise,canonical-pairwise-v1-leaf1024,ThreadPool,8,8
1,1.6.0,1.6.0,MSVC 1944,Windows,x86_64,unreported,dot_adversarial,double,9000,contiguous,1,first_call,0,0.089200000000000002,0,3000,3000,1,1,1,1,1,ThreadPool,Reproducible,canonical,pairwise,canonical-pairwise-v1-leaf1024,ThreadPool,8,8
1,1.6.0,1.6.0,MSVC 1944,Windows,x86_64,unreported,dot_adversarial,double,9000,contiguous,1,stable,1,0.089700000000000002,0,3000,3000,1,1,1,1,1,ThreadPool,Reproducible,canonical,pairwise,canonical-pairwise-v1-leaf1024,ThreadPool,8,8
1,1.6.0,1.6.0,MSVC 1944,Windows,x86_64,unreported,dot_adversarial,double,9000,contiguous,1,stable,2,0.078100000000000003,0,3000,3000,1,1,1,1,1,ThreadPool,Reproducible,canonical,pairwise,canonical-pairwise-v1-leaf1024,ThreadPool,8,8
1,1.6.0,1.6.0,MSVC 1944,Windows,x86_64,unreported,dot_adversarial,double,9000,contiguous,1,stable,3,0.092100000000000001,0,3000,3000,1,1,1,1,1,ThreadPool,Reproducible,canonical,pairwise,canonical-pairwise-v1-leaf1024,ThreadPool,8,8
1,1.6.0,1.6.0,MSVC 1944,Windows,x86_64,unreported,dot_adversarial,double,9000,contiguous,1,stable,4,0.084099999999999994,0,3000,3000,1,1,1,1,1,ThreadPool,Reproducible,canonical,pairwise,canonical-pairwise-v1-leaf1024,ThreadPool,8,8
1,1.6.0,1.6.0,MSVC 1944,Windows,x86_64,unreported,dot_adversarial,double,9000,contiguous,1,stable,5,0.083500000000000005,0,3000,3000,1,1,1,1,1,ThreadPool,Reproducible,canonical,pairwise,canonical-pairwise-v1-leaf1024,ThreadPool,8,8
1,1.6.0,1.6.0,MSVC 1944,Windows,x86_64,unreported,dot_adversarial,double,9000,contiguous,1,stable,6,0.084599999999999995,0,3000,3000,1,1,1,1,1,ThreadPool,Reproducible,canonical,pairwise,canonical-pairwise-v1-leaf1024,ThreadPool,8,8
1,1.6.0,1.6.0,MSVC 1944,Windows,x86_64,unreported,dot_adversarial,double,9000,contiguous,1,stable,7,0.084099999999999994,0,3000,3000,1,1,1,1,1,ThreadPool,Reproducible,canonical,pairwise,canonical-pairwise-v1-leaf1024,ThreadPool,8,8
1,1.6.0,1.6.0,MSVC 1944,Windows,x86_64,unreported,dot_adversarial,double,9000,contiguous,1,stable,8,0.082100000000000006,0,3000,3000,1,1,1,1,1,ThreadPool,Reproducible,canonical,pairwise,canonical-pairwise-v1-leaf1024,ThreadPool,8,8
1,1.6.0,1.6.0,MSVC 1944,Windows,x86_64,unreported,dot_adversarial,double,9000,contiguous,1,stable,9,0.085400000000000004,0,3000,3000,1,1,1,1,1,ThreadPool,Reproducible,canonical,pairwise,canonical-pairwise-v1-leaf1024,ThreadPool,8,8
1,1.6.0,1.6.0,MSVC 1944,Windows,x86_64,unreported,dot_adversarial,double,9000,contiguous,1,stable,10,0.086699999999999999,0,3000,3000,1,1,1,1,1,ThreadPool,Reproducible,canonical,pairwise,canonical-pairwise-v1-leaf1024,ThreadPool,8,8
1,1.6.0,1.6.0,MSVC 1944,Windows,x86_64,unreported,dot_adversarial,double,9000,contiguous,1,stable,11,0.085999999999999993,0,3000,3000,1,1,1,1,1,ThreadPool,Reproducible,canonical,pairwise,canonical-pairwise-v1-leaf1024,ThreadPool,8,8
1,1.6.0,1.6.0,MSVC 1944,Windows,x86_64,unreported,dot_adversarial,double,9000,contiguous,1,stable,12,0.083599999999999994,0,3000,3000,1,1,1,1,1,ThreadPool,Reproducible,canonical,pairwise,canonical-pairwise-v1-leaf1024,ThreadPool,8,8
1,1.6.0,1.6.0,MSVC 1944,Windows,x86_64,unreported,dot_adversarial,double,9000,contiguous,1,stable,13,0.078,0,3000,3000,1,1,1,1,1,ThreadPool,Reproducible,canonical,pairwise,canonical-pairwise-v1-leaf1024,ThreadPool,8,8
1,1.6.0,1.6.0,MSVC 1944,Windows,x86_64,unreported,dot_adversarial,double,9000,contiguous,1,stable,14,0.073599999999999999,0,3000,3000,1,1,1,1,1,ThreadPool,Reproducible,canonical,pairwise,canonical-pairwise-v1-leaf1024,ThreadPool,8,8
1,1.6.0,1.6.0,MSVC 1944,Windows,x86_64,unreported,dot_adversarial,double,9000,contiguous,1,stable,15,0.084099999999999994,0,3000,3000,1,1,1,1,1,ThreadPool,Reproducible,canonical,pairwise,canonical-pairwise-v1-leaf1024,ThreadPool,8,8
1,1.6.0,1.6.0,MSVC 1944,Windows,x86_64,unreported,dot_adversarial,double,9000,contiguous,1,stable,16,0.072900000000000006,0,3000,3000,1,1,1,1,1,ThreadPool,Reproducible,canonical,pairwise,canonical-pairwise-v1-leaf1024,ThreadPool,8,8
1,1.6.0,1.6.0,MSVC 1944,Windows,x86_64,unreported,dot_adversarial,double,9000,contiguous,1,stable,17,0.073200000000000001,0,3000,3000,1,1,1,1,1,ThreadPool,Reproducible,canonical,pairwise,canonical-pairwise-v1-leaf1024,ThreadPool,8,8
1,1.6.0,1.6.0,MSVC 1944,Windows,x86_64,unreported,dot_adversarial,double,9000,contiguous,1,stable,18,0.071800000000000003,0,3000,3000,1,1,1,1,1,ThreadPool,Reproducible,canonical,pairwise,canonical-pairwise-v1-leaf1024,ThreadPool,8,8
1,1.6.0,1.6.0,MSVC 1944,Windows,x86_64,unreported,dot_adversarial,double,9000,contiguous,1,stable,19,0.082600000000000007,0,3000,3000,1,1,1,1,1,ThreadPool,Reproducible,canonical,pairwise,canonical-pairwise-v1-leaf1024,ThreadPool,8,8
1,1.6.0,1.6.0,MSVC 1944,Windows,x86_64,unreported,dot_adversarial,double,9000,contiguous,1,stable,20,0.075399999999999995,0,3000,3000,1,1,1,1,1,ThreadPool,Reproducible,canonical,pairwise,canonical-pairwise-v1-leaf1024,ThreadPool,8,8
1,1.6.0,1.6.0,MSVC 1944,Windows,x86_64,unreported,dot_adversarial,double,9000,contiguous,1,stable,21,0.073999999999999996,0,3000,3000,1,1,1,1,1,ThreadPool,Reproducible,canonical,pairwise,canonical-pairwise-v1-leaf1024,ThreadPool,8,8
1,1.6.0,1.6.0,MSVC 1944,Windows,x86_64,unreported,dot_adversarial,double,9000,contiguous,1,stable,22,0.084599999999999995,0,3000,3000,1,1,1,1,1,ThreadPool,Reproducible,canonical,pairwise,canonical-pairwise-v1-leaf1024,ThreadPool,8,8
1,1.6.0,1.6.0,MSVC 1944,Windows,x86_64,unreported,dot_adversarial,double,9000,contiguous,1,stable,23,0.084500000000000006,0,3000,3000,1,1,1,1,1,ThreadPool,Reproducible,canonical,pairwise,canonical-pairwise-v1-leaf1024,ThreadPool,8,8
1,1.6.0,1.6.0,MSVC 1944,Windows,x86_64,unreported,dot_adversarial,double,9000,contiguous,1,stable,24,0.082900000000000001,0,3000,3000,1,1,1,1,1,ThreadPool,Reproducible,canonical,pairwise,canonical-pairwise-v1-leaf1024,ThreadPool,8,8
1,1.6.0,1.6.0,MSVC 1944,Windows,x86_64,unreported,dot_adversarial,double,9000,contiguous,1,stable,25,0.083799999999999999,0,3000,3000,1,1,1,1,1,ThreadPool,Reproducible,canonical,pairwise,canonical-pairwise-v1-leaf1024,ThreadPool,8,8
1,1.6.0,1.6.0,MSVC 1944,Windows,x86_64,unreported,dot_adversarial,double,9000,contiguous,1,stable,26,0.083000000000000004,0,3000,3000,1,1,1,1,1,ThreadPool,Reproducible,canonical,pairwise,canonical-pairwise-v1-leaf1024,ThreadPool,8,8
1,1.6.0,1.6.0,MSVC 1944,Windows,x86_64,unreported,dot_adversarial,double,9000,contiguous,1,stable,27,0.083900000000000002,0,3000,3000,1,1,1,1,1,ThreadPool,Reproducible,canonical,pairwise,canonical-pairwise-v1-leaf1024,ThreadPool,8,8
1,1.6.0,1.6.0,MSVC 1944,Windows,x86_64,unreported,dot_adversarial,double,9000,contiguous,1,stable,28,0.082400000000000001,0,3000,3000,1,1,1,1,1,ThreadPool,Reproducible,canonical,pairwise,canonical-pairwise-v1-leaf1024,ThreadPool,8,8
1,1.6.0,1.6.0,MSVC 1944,Windows,x86_64,unreported,dot_adversarial,double,9000,contiguous,1,stable,29,0.083799999999999999,0,3000,3000,1,1,1,1,1,ThreadPool,Reproducible,canonical,pairwise,canonical-pairwise-v1-leaf1024,ThreadPool,8,8
1,1.6.0,1.6.0,MSVC 1944,Windows,x86_64,unreported,dot_adversarial,double,9000,contiguous,1,stable,30,0.1308,0,3000,3000,1,1,1,1,1,ThreadPool,Reproducible,canonical,pairwise,canonical-pairwise-v1-leaf1024,ThreadPool,8,8
1,1.6.0,1.6.0,MSVC 1944,Windows,x86_64,unreported,dot_adversarial,double,9000,contiguous,1,stable,31,0.078700000000000006,0,3000,3000,1,1,1,1,1,ThreadPool,Reproducible,canonical,pairwise,canonical-pairwise-v1-leaf1024,ThreadPool,8,8
1,1.6.0,1.6.0,MSVC 1944,Windows,x86_64,unreported,sum_adversarial,double,9000,contiguous,1,first_call,0,0.045100000000000001,4658815484840378368,3000,0,0,1,1,1,1,ThreadPool,Accurate,canonical,compensated,canonical-neumaier-v1-leaf1024,ThreadPool,8,8
1,1.6.0,1.6.0,MSVC 1944,Windows,x86_64,unreported,sum_adversarial,double,9000,contiguous,1,stable,1,0.040099999999999997,4658815484840378368,3000,0,0,1,1,1,1,ThreadPool,Accurate,canonical,compensated,canonical-neumaier-v1-leaf1024,ThreadPool,8,8
1,1.6.0,1.6.0,MSVC 1944,Windows,x86_64,unreported,sum_adversarial,double,9000,contiguous,1,stable,2,0.044600000000000001,4658815484840378368,3000,0,0,1,1,1,1,ThreadPool,Accurate,canonical,compensated,canonical-neumaier-v1-leaf1024,ThreadPool,8,8
1,1.6.0,1.6.0,MSVC 1944,Windows,x86_64,unreported,sum_adversarial,double,9000,contiguous,1,stable,3,0.046899999999999997,4658815484840378368,3000,0,0,1,1,1,1,ThreadPool,Accurate,canonical,compensated,canonical-neumaier-v1-leaf1024,ThreadPool,8,8
1,1.6.0,1.6.0,MSVC 1944,Windows,x86_64,unreported,sum_adversarial,double,9000,contiguous,1,stable,4,0.069199999999999998,4658815484840378368,3000,0,0,1,1,1,1,ThreadPool,Accurate,canonical,compensated,canonical-neumaier-v1-leaf1024,ThreadPool,8,8
1,1.6.0,1.6.0,MSVC 1944,Windows,x86_64,unreported,sum_adversarial,double,9000,contiguous,1,stable,5,0.056500000000000002,4658815484840378368,3000,0,0,1,1,1,1,ThreadPool,Accurate,canonical,compensated,canonical-neumaier-v1-leaf1024,ThreadPool,8,8
1,1.6.0,1.6.0,MSVC 1944,Windows,x86_64,unreported,sum_adversarial,double,9000,contiguous,1,stable,6,0.045999999999999999,4658815484840378368,3000,0,0,1,1,1,1,ThreadPool,Accurate,canonical,compensated,canonical-neumaier-v1-leaf1024,ThreadPool,8,8
1,1.6.0,1.6.0,MSVC 1944,Windows,x86_64,unreported,sum_adversarial,double,9000,contiguous,1,stable,7,0.058299999999999998,4658815484840378368,3000,0,0,1,1,1,1,ThreadPool,Accurate,canonical,compensated,canonical-neumaier-v1-leaf1024,ThreadPool,8,8
1,1.6.0,1.6.0,MSVC 1944,Windows,x86_64,unreported,sum_adversarial,double,9000,contiguous,1,stable,8,0.046199999999999998,4658815484840378368,3000,0,0,1,1,1,1,ThreadPool,Accurate,canonical,compensated,canonical-neumaier-v1-leaf1024,ThreadPool,8,8
1,1.6.0,1.6.0,MSVC 1944,Windows,x86_64,unreported,sum_adversarial,double,9000,contiguous,1,stable,9,0.054600000000000003,4658815484840378368,3000,0,0,1,1,1,1,ThreadPool,Accurate,canonical,compensated,canonical-neumaier-v1-leaf1024,ThreadPool,8,8
1,1.6.0,1.6.0,MSVC 1944,Windows,x86_64,unreported,sum_adversarial,double,9000,contiguous,1,stable,10,0.049299999999999997,4658815484840378368,3000,0,0,1,1,1,1,ThreadPool,Accurate,canonical,compensated,canonical-neumaier-v1-leaf1024,ThreadPool,8,8
1,1.6.0,1.6.0,MSVC 1944,Windows,x86_64,unreported,sum_adversarial,double,9000,contiguous,1,stable,11,0.052400000000000002,4658815484840378368,3000,0,0,1,1,1,1,ThreadPool,Accurate,canonical,compensated,canonical-neumaier-v1-leaf1024,ThreadPool,8,8
1,1.6.0,1.6.0,MSVC 1944,Windows,x86_64,unreported,sum_adversarial,double,9000,contiguous,1,stable,12,0.068099999999999994,4658815484840378368,3000,0,0,1,1,1,1,ThreadPool,Accurate,canonical,compensated,canonical-neumaier-v1-leaf1024,ThreadPool,8,8
1,1.6.0,1.6.0,MSVC 1944,Windows,x86_64,unreported,sum_adversarial,double,9000,contiguous,1,stable,13,0.049500000000000002,4658815484840378368,3000,0,0,1,1,1,1,ThreadPool,Accurate,canonical,compensated,canonical-neumaier-v1-leaf1024,ThreadPool,8,8
1,1.6.0,1.6.0,MSVC 1944,Windows,x86_64,unreported,sum_adversarial,double,9000,contiguous,1,stable,14,0.044400000000000002,4658815484840378368,3000,0,0,1,1,1,1,ThreadPool,Accurate,canonical,compensated,canonical-neumaier-v1-leaf1024,ThreadPool,8,8
1,1.6.0,1.6.0,MSVC 1944,Windows,x86_64,unreported,sum_adversarial,double,9000,contiguous,1,stable,15,0.047699999999999999,4658815484840378368,3000,0,0,1,1,1,1,ThreadPool,Accurate,canonical,compensated,canonical-neumaier-v1-leaf1024,ThreadPool,8,8
1,1.6.0,1.6.0,MSVC 1944,Windows,x86_64,unreported,sum_adversarial,double,9000,contiguous,1,stable,16,0.047100000000000003,4658815484840378368,3000,0,0,1,1,1,1,ThreadPool,Accurate,canonical,compensated,canonical-neumaier-v1-leaf1024,ThreadPool,8,8
1,1.6.0,1.6.0,MSVC 1944,Windows,x86_64,unreported,sum_adversarial,double,9000,contiguous,1,stable,17,0.047800000000000002,4658815484840378368,3000,0,0,1,1,1,1,ThreadPool,Accurate,canonical,compensated,canonical-neumaier-v1-leaf1024,ThreadPool,8,8
1,1.6.0,1.6.0,MSVC 1944,Windows,x86_64,unreported,sum_adversarial,double,9000,contiguous,1,stable,18,0.052499999999999998,4658815484840378368,3000,0,0,1,1,1,1,ThreadPool,Accurate,canonical,compensated,canonical-neumaier-v1-leaf1024,ThreadPool,8,8
1,1.6.0,1.6.0,MSVC 1944,Windows,x86_64,unreported,sum_adversarial,double,9000,contiguous,1,stable,19,0.047300000000000002,4658815484840378368,3000,0,0,1,1,1,1,ThreadPool,Accurate,canonical,compensated,canonical-neumaier-v1-leaf1024,ThreadPool,8,8
1,1.6.0,1.6.0,MSVC 1944,Windows,x86_64,unreported,sum_adversarial,double,9000,contiguous,1,stable,20,0.044600000000000001,4658815484840378368,3000,0,0,1,1,1,1,ThreadPool,Accurate,canonical,compensated,canonical-neumaier-v1-leaf1024,ThreadPool,8,8
1,1.6.0,1.6.0,MSVC 1944,Windows,x86_64,unreported,sum_adversarial,double,9000,contiguous,1,stable,21,0.040500000000000001,4658815484840378368,3000,0,0,1,1,1,1,ThreadPool,Accurate,canonical,compensated,canonical-neumaier-v1-leaf1024,ThreadPool,8,8
1,1.6.0,1.6.0,MSVC 1944,Windows,x86_64,unreported,sum_adversarial,double,9000,contiguous,1,stable,22,0.042999999999999997,4658815484840378368,3000,0,0,1,1,1,1,ThreadPool,Accurate,canonical,compensated,canonical-neumaier-v1-leaf1024,ThreadPool,8,8
1,1.6.0,1.6.0,MSVC 1944,Windows,x86_64,unreported,sum_adversarial,double,9000,contiguous,1,stable,23,0.0441,4658815484840378368,3000,0,0,1,1,1,1,ThreadPool,Accurate,canonical,compensated,canonical-neumaier-v1-leaf1024,ThreadPool,8,8
1,1.6.0,1.6.0,MSVC 1944,Windows,x86_64,unreported,sum_adversarial,double,9000,contiguous,1,stable,24,0.053900000000000003,4658815484840378368,3000,0,0,1,1,1,1,ThreadPool,Accurate,canonical,compensated,canonical-neumaier-v1-leaf1024,ThreadPool,8,8
1,1.6.0,1.6.0,MSVC 1944,Windows,x86_64,unreported,sum_adversarial,double,9000,contiguous,1,stable,25,0.062700000000000006,4658815484840378368,3000,0,0,1,1,1,1,ThreadPool,Accurate,canonical,compensated,canonical-neumaier-v1-leaf1024,ThreadPool,8,8
1,1.6.0,1.6.0,MSVC 1944,Windows,x86_64,unreported,sum_adversarial,double,9000,contiguous,1,stable,26,0.047500000000000001,4658815484840378368,3000,0,0,1,1,1,1,ThreadPool,Accurate,canonical,compensated,canonical-neumaier-v1-leaf1024,ThreadPool,8,8
1,1.6.0,1.6.0,MSVC 1944,Windows,x86_64,unreported,sum_adversarial,double,9000,contiguous,1,stable,27,0.055899999999999998,4658815484840378368,3000,0,0,1,1,1,1,ThreadPool,Accurate,canonical,compensated,canonical-neumaier-v1-leaf1024,ThreadPool,8,8
1,1.6.0,1.6.0,MSVC 1944,Windows,x86_64,unreported,sum_adversarial,double,9000,contiguous,1,stable,28,0.057799999999999997,4658815484840378368,3000,0,0,1,1,1,1,ThreadPool,Accurate,canonical,compensated,canonical-neumaier-v1-leaf1024,ThreadPool,8,8
1,1.6.0,1.6.0,MSVC 1944,Windows,x86_64,unreported,sum_adversarial,double,9000,contiguous,1,stable,29,0.053699999999999998,4658815484840378368,3000,0,0,1,1,1,1,ThreadPool,Accurate,canonical,compensated,canonical-neumaier-v1-leaf1024,ThreadPool,8,8
1,1.6.0,1.6.0,MSVC 1944,Windows,x86_64,unreported,sum_adversarial,double,9000,contiguous,1,stable,30,0.059299999999999999,4658815484840378368,3000,0,0,1,1,1,1,ThreadPool,Accurate,canonical,compensated,canonical-neumaier-v1-leaf1024,ThreadPool,8,8
1,1.6.0,1.6.0,MSVC 1944,Windows,x86_64,unreported,sum_adversarial,double,9000,contiguous,1,stable,31,0.044699999999999997,4658815484840378368,3000,0,0,1,1,1,1,ThreadPool,Accurate,canonical,compensated,canonical-neumaier-v1-leaf1024,ThreadPool,8,8
1,1.6.0,1.6.0,MSVC 1944,Windows,x86_64,unreported,dot_adversarial,double,9000,contiguous,1,first_call,0,0.089599999999999999,4658815484840378368,3000,0,0,1,1,1,1,ThreadPool,Accurate,canonical,compensated,canonical-neumaier-v1-leaf1024,ThreadPool,8,8
1,1.6.0,1.6.0,MSVC 1944,Windows,x86_64,unreported,dot_adversarial,double,9000,contiguous,1,stable,1,0.085000000000000006,4658815484840378368,3000,0,0,1,1,1,1,ThreadPool,Accurate,canonical,compensated,canonical-neumaier-v1-leaf1024,ThreadPool,8,8
1,1.6.0,1.6.0,MSVC 1944,Windows,x86_64,unreported,dot_adversarial,double,9000,contiguous,1,stable,2,0.085900000000000004,4658815484840378368,3000,0,0,1,1,1,1,ThreadPool,Accurate,canonical,compensated,canonical-neumaier-v1-leaf1024,ThreadPool,8,8
1,1.6.0,1.6.0,MSVC 1944,Windows,x86_64,unreported,dot_adversarial,double,9000,contiguous,1,stable,3,0.086699999999999999,4658815484840378368,3000,0,0,1,1,1,1,ThreadPool,Accurate,canonical,compensated,canonical-neumaier-v1-leaf1024,ThreadPool,8,8
1,1.6.0,1.6.0,MSVC 1944,Windows,x86_64,unreported,dot_adversarial,double,9000,contiguous,1,stable,4,0.086900000000000005,4658815484840378368,3000,0,0,1,1,1,1,ThreadPool,Accurate,canonical,compensated,canonical-neumaier-v1-leaf1024,ThreadPool,8,8
1,1.6.0,1.6.0,MSVC 1944,Windows,x86_64,unreported,dot_adversarial,double,9000,contiguous,1,stable,5,0.088900000000000007,4658815484840378368,3000,0,0,1,1,1,1,ThreadPool,Accurate,canonical,compensated,canonical-neumaier-v1-leaf1024,ThreadPool,8,8
1,1.6.0,1.6.0,MSVC 1944,Windows,x86_64,unreported,dot_adversarial,double,9000,contiguous,1,stable,6,0.098699999999999996,4658815484840378368,3000,0,0,1,1,1,1,ThreadPool,Accurate,canonical,compensated,canonical-neumaier-v1-leaf1024,ThreadPool,8,8
1,1.6.0,1.6.0,MSVC 1944,Windows,x86_64,unreported,dot_adversarial,double,9000,contiguous,1,stable,7,0.088499999999999995,4658815484840378368,3000,0,0,1,1,1,1,ThreadPool,Accurate,canonical,compensated,canonical-neumaier-v1-leaf1024,ThreadPool,8,8
1,1.6.0,1.6.0,MSVC 1944,Windows,x86_64,unreported,dot_adversarial,double,9000,contiguous,1,stable,8,0.076600000000000001,4658815484840378368,3000,0,0,1,1,1,1,ThreadPool,Accurate,canonical,compensated,canonical-neumaier-v1-leaf1024,ThreadPool,8,8
1,1.6.0,1.6.0,MSVC 1944,Windows,x86_64,unreported,dot_adversarial,double,9000,contiguous,1,stable,9,0.091300000000000006,4658815484840378368,3000,0,0,1,1,1,1,ThreadPool,Accurate,canonical,compensated,canonical-neumaier-v1-leaf1024,ThreadPool,8,8
1,1.6.0,1.6.0,MSVC 1944,Windows,x86_64,unreported,dot_adversarial,double,9000,contiguous,1,stable,10,0.079699999999999993,4658815484840378368,3000,0,0,1,1,1,1,ThreadPool,Accurate,canonical,compensated,canonical-neumaier-v1-leaf1024,ThreadPool,8,8
1,1.6.0,1.6.0,MSVC 1944,Windows,x86_64,unreported,dot_adversarial,double,9000,contiguous,1,stable,11,0.087099999999999997,4658815484840378368,3000,0,0,1,1,1,1,ThreadPool,Accurate,canonical,compensated,canonical-neumaier-v1-leaf1024,ThreadPool,8,8
1,1.6.0,1.6.0,MSVC 1944,Windows,x86_64,unreported,dot_adversarial,double,9000,contiguous,1,stable,12,0.085000000000000006,4658815484840378368,3000,0,0,1,1,1,1,ThreadPool,Accurate,canonical,compensated,canonical-neumaier-v1-leaf1024,ThreadPool,8,8
1,1.6.0,1.6.0,MSVC 1944,Windows,x86_64,unreported,dot_adversarial,double,9000,contiguous,1,stable,13,0.085699999999999998,4658815484840378368,3000,0,0,1,1,1,1,ThreadPool,Accurate,canonical,compensated,canonical-neumaier-v1-leaf1024,ThreadPool,8,8
1,1.6.0,1.6.0,MSVC 1944,Windows,x86_64,unreported,dot_adversarial,double,9000,contiguous,1,stable,14,0.085599999999999996,4658815484840378368,3000,0,0,1,1,1,1,ThreadPool,Accurate,canonical,compensated,canonical-neumaier-v1-leaf1024,ThreadPool,8,8
1,1.6.0,1.6.0,MSVC 1944,Windows,x86_64,unreported,dot_adversarial,double,9000,contiguous,1,stable,15,0.085599999999999996,4658815484840378368,3000,0,0,1,1,1,1,ThreadPool,Accurate,canonical,compensated,canonical-neumaier-v1-leaf1024,ThreadPool,8,8
1,1.6.0,1.6.0,MSVC 1944,Windows,x86_64,unreported,dot_adversarial,double,9000,contiguous,1,stable,16,0.085000000000000006,4658815484840378368,3000,0,0,1,1,1,1,ThreadPool,Accurate,canonical,compensated,canonical-neumaier-v1-leaf1024,ThreadPool,8,8
1,1.6.0,1.6.0,MSVC 1944,Windows,x86_64,unreported,dot_adversarial,double,9000,contiguous,1,stable,17,0.0751,4658815484840378368,3000,0,0,1,1,1,1,ThreadPool,Accurate,canonical,compensated,canonical-neumaier-v1-leaf1024,ThreadPool,8,8
1,1.6.0,1.6.0,MSVC 1944,Windows,x86_64,unreported,dot_adversarial,double,9000,contiguous,1,stable,18,0.086999999999999994,4658815484840378368,3000,0,0,1,1,1,1,ThreadPool,Accurate,canonical,compensated,canonical-neumaier-v1-leaf1024,ThreadPool,8,8
1,1.6.0,1.6.0,MSVC 1944,Windows,x86_64,unreported,dot_adversarial,double,9000,contiguous,1,stable,19,0.080100000000000005,4658815484840378368,3000,0,0,1,1,1,1,ThreadPool,Accurate,canonical,compensated,canonical-neumaier-v1-leaf1024,ThreadPool,8,8
1,1.6.0,1.6.0,MSVC 1944,Windows,x86_64,unreported,dot_adversarial,double,9000,contiguous,1,stable,20,0.085000000000000006,4658815484840378368,3000,0,0,1,1,1,1,ThreadPool,Accurate,canonical,compensated,canonical-neumaier-v1-leaf1024,ThreadPool,8,8
1,1.6.0,1.6.0,MSVC 1944,Windows,x86_64,unreported,dot_adversarial,double,9000,contiguous,1,stable,21,0.087400000000000005,4658815484840378368,3000,0,0,1,1,1,1,ThreadPool,Accurate,canonical,compensated,canonical-neumaier-v1-leaf1024,ThreadPool,8,8
1,1.6.0,1.6.0,MSVC 1944,Windows,x86_64,unreported,dot_adversarial,double,9000,contiguous,1,stable,22,0.087300000000000003,4658815484840378368,3000,0,0,1,1,1,1,ThreadPool,Accurate,canonical,compensated,canonical-neumaier-v1-leaf1024,ThreadPool,8,8
1,1.6.0,1.6.0,MSVC 1944,Windows,x86_64,unreported,dot_adversarial,double,9000,contiguous,1,stable,23,0.083299999999999999,4658815484840378368,3000,0,0,1,1,1,1,ThreadPool,Accurate,canonical,compensated,canonical-neumaier-v1-leaf1024,ThreadPool,8,8
1,1.6.0,1.6.0,MSVC 1944,Windows,x86_64,unreported,dot_adversarial,double,9000,contiguous,1,stable,24,0.085599999999999996,4658815484840378368,3000,0,0,1,1,1,1,ThreadPool,Accurate,canonical,compensated,canonical-neumaier-v1-leaf1024,ThreadPool,8,8
1,1.6.0,1.6.0,MSVC 1944,Windows,x86_64,unreported,dot_adversarial,double,9000,contiguous,1,stable,25,0.084699999999999998,4658815484840378368,3000,0,0,1,1,1,1,ThreadPool,Accurate,canonical,compensated,canonical-neumaier-v1-leaf1024,ThreadPool,8,8
1,1.6.0,1.6.0,MSVC 1944,Windows,x86_64,unreported,dot_adversarial,double,9000,contiguous,1,stable,26,0.084400000000000003,4658815484840378368,3000,0,0,1,1,1,1,ThreadPool,Accurate,canonical,compensated,canonical-neumaier-v1-leaf1024,ThreadPool,8,8
1,1.6.0,1.6.0,MSVC 1944,Windows,x86_64,unreported,dot_adversarial,double,9000,contiguous,1,stable,27,0.079899999999999999,4658815484840378368,3000,0,0,1,1,1,1,ThreadPool,Accurate,canonical,compensated,canonical-neumaier-v1-leaf1024,ThreadPool,8,8
1,1.6.0,1.6.0,MSVC 1944,Windows,x86_64,unreported,dot_adversarial,double,9000,contiguous,1,stable,28,0.076999999999999999,4658815484840378368,3000,0,0,1,1,1,1,ThreadPool,Accurate,canonical,compensated,canonical-neumaier-v1-leaf1024,ThreadPool,8,8
1,1.6.0,1.6.0,MSVC 1944,Windows,x86_64,unreported,dot_adversarial,double,9000,contiguous,1,stable,29,0.077499999999999999,4658815484840378368,3000,0,0,1,1,1,1,ThreadPool,Accurate,canonical,compensated,canonical-neumaier-v1-leaf1024,ThreadPool,8,8
1,1.6.0,1.6.0,MSVC 1944,Windows,x86_64,unreported,dot_adversarial,double,9000,contiguous,1,stable,30,0.081199999999999994,4658815484840378368,3000,0,0,1,1,1,1,ThreadPool,Accurate,canonical,compensated,canonical-neumaier-v1-leaf1024,ThreadPool,8,8
1,1.6.0,1.6.0,MSVC 1944,Windows,x86_64,unreported,dot_adversarial,double,9000,contiguous,1,stable,31,0.087400000000000005,4658815484840378368,3000,0,0,1,1,1,1,ThreadPool,Accurate,canonical,compensated,canonical-neumaier-v1-leaf1024,ThreadPool,8,8
1,1.6.0,1.6.0,MSVC 1944,Windows,x86_64,unreported,sum_scaling,double,1048576,contiguous,1,first_call,0,0.89139999999999997,4638345064186407456,122.84782612735512,6.1390892369672656e-12,4.9973120652561916e-14,1,1,1,1,Sequential,Reproducible,canonical,pairwise,canonical-pairwise-v1-leaf1024,ThreadPool,1,1
1,1.6.0,1.6.0,MSVC 1944,Windows,x86_64,unreported,sum_scaling,double,1048576,contiguous,1,stable,1,0.89929999999999999,4638345064186407456,122.84782612735512,6.1390892369672656e-12,4.9973120652561916e-14,1,1,1,1,Sequential,Reproducible,canonical,pairwise,canonical-pairwise-v1-leaf1024,ThreadPool,1,1
1,1.6.0,1.6.0,MSVC 1944,Windows,x86_64,unreported,sum_scaling,double,1048576,contiguous,1,stable,2,0.87960000000000005,4638345064186407456,122.84782612735512,6.1390892369672656e-12,4.9973120652561916e-14,1,1,1,1,Sequential,Reproducible,canonical,pairwise,canonical-pairwise-v1-leaf1024,ThreadPool,1,1
1,1.6.0,1.6.0,MSVC 1944,Windows,x86_64,unreported,sum_scaling,double,1048576,contiguous,1,stable,3,0.87360000000000004,4638345064186407456,122.84782612735512,6.1390892369672656e-12,4.9973120652561916e-14,1,1,1,1,Sequential,Reproducible,canonical,pairwise,canonical-pairwise-v1-leaf1024,ThreadPool,1,1
1,1.6.0,1.6.0,MSVC 1944,Windows,x86_64,unreported,sum_scaling,double,1048576,contiguous,1,stable,4,0.87570000000000003,4638345064186407456,122.84782612735512,6.1390892369672656e-12,4.9973120652561916e-14,1,1,1,1,Sequential,Reproducible,canonical,pairwise,canonical-pairwise-v1-leaf1024,ThreadPool,1,1
1,1.6.0,1.6.0,MSVC 1944,Windows,x86_64,unreported,sum_scaling,double,1048576,contiguous,1,stable,5,0.87739999999999996,4638345064186407456,122.84782612735512,6.1390892369672656e-12,4.9973120652561916e-14,1,1,1,1,Sequential,Reproducible,canonical,pairwise,canonical-pairwise-v1-leaf1024,ThreadPool,1,1
1,1.6.0,1.6.0,MSVC 1944,Windows,x86_64,unreported,sum_scaling,double,1048576,contiguous,1,stable,6,0.87790000000000001,4638345064186407456,122.84782612735512,6.1390892369672656e-12,4.9973120652561916e-14,1,1,1,1,Sequential,Reproducible,canonical,pairwise,canonical-pairwise-v1-leaf1024,ThreadPool,1,1
1,1.6.0,1.6.0,MSVC 1944,Windows,x86_64,unreported,sum_scaling,double,1048576,contiguous,1,stable,7,0.87080000000000002,4638345064186407456,122.84782612735512,6.1390892369672656e-12,4.9973120652561916e-14,1,1,1,1,Sequential,Reproducible,canonical,pairwise,canonical-pairwise-v1-leaf1024,ThreadPool,1,1
1,1.6.0,1.6.0,MSVC 1944,Windows,x86_64,unreported,sum_scaling,double,1048576,contiguous,1,stable,8,0.86450000000000005,4638345064186407456,122.84782612735512,6.1390892369672656e-12,4.9973120652561916e-14,1,1,1,1,Sequential,Reproducible,canonical,pairwise,canonical-pairwise-v1-leaf1024,ThreadPool,1,1
1,1.6.0,1.6.0,MSVC 1944,Windows,x86_64,unreported,sum_scaling,double,1048576,contiguous,1,stable,9,0.86550000000000005,4638345064186407456,122.84782612735512,6.1390892369672656e-12,4.9973120652561916e-14,1,1,1,1,Sequential,Reproducible,canonical,pairwise,canonical-pairwise-v1-leaf1024,ThreadPool,1,1
1,1.6.0,1.6.0,MSVC 1944,Windows,x86_64,unreported,sum_scaling,double,1048576,contiguous,1,stable,10,0.85640000000000005,4638345064186407456,122.84782612735512,6.1390892369672656e-12,4.9973120652561916e-14,1,1,1,1,Sequential,Reproducible,canonical,pairwise,canonical-pairwise-v1-leaf1024,ThreadPool,1,1
1,1.6.0,1.6.0,MSVC 1944,Windows,x86_64,unreported,sum_scaling,double,1048576,contiguous,1,stable,11,0.87239999999999995,4638345064186407456,122.84782612735512,6.1390892369672656e-12,4.9973120652561916e-14,1,1,1,1,Sequential,Reproducible,canonical,pairwise,canonical-pairwise-v1-leaf1024,ThreadPool,1,1
1,1.6.0,1.6.0,MSVC 1944,Windows,x86_64,unreported,sum_scaling,double,1048576,contiguous,1,stable,12,0.87390000000000001,4638345064186407456,122.84782612735512,6.1390892369672656e-12,4.9973120652561916e-14,1,1,1,1,Sequential,Reproducible,canonical,pairwise,canonical-pairwise-v1-leaf1024,ThreadPool,1,1
1,1.6.0,1.6.0,MSVC 1944,Windows,x86_64,unreported,sum_scaling,double,1048576,contiguous,1,stable,13,0.86619999999999997,4638345064186407456,122.84782612735512,6.1390892369672656e-12,4.9973120652561916e-14,1,1,1,1,Sequential,Reproducible,canonical,pairwise,canonical-pairwise-v1-leaf1024,ThreadPool,1,1
1,1.6.0,1.6.0,MSVC 1944,Windows,x86_64,unreported,sum_scaling,double,1048576,contiguous,1,stable,14,0.86750000000000005,4638345064186407456,122.84782612735512,6.1390892369672656e-12,4.9973120652561916e-14,1,1,1,1,Sequential,Reproducible,canonical,pairwise,canonical-pairwise-v1-leaf1024,ThreadPool,1,1
1,1.6.0,1.6.0,MSVC 1944,Windows,x86_64,unreported,sum_scaling,double,1048576,contiguous,1,stable,15,0.87260000000000004,4638345064186407456,122.84782612735512,6.1390892369672656e-12,4.9973120652561916e-14,1,1,1,1,Sequential,Reproducible,canonical,pairwise,canonical-pairwise-v1-leaf1024,ThreadPool,1,1
1,1.6.0,1.6.0,MSVC 1944,Windows,x86_64,unreported,sum_scaling,double,1048576,contiguous,1,stable,16,0.86939999999999995,4638345064186407456,122.84782612735512,6.1390892369672656e-12,4.9973120652561916e-14,1,1,1,1,Sequential,Reproducible,canonical,pairwise,canonical-pairwise-v1-leaf1024,ThreadPool,1,1
1,1.6.0,1.6.0,MSVC 1944,Windows,x86_64,unreported,sum_scaling,double,1048576,contiguous,1,stable,17,0.86899999999999999,4638345064186407456,122.84782612735512,6.1390892369672656e-12,4.9973120652561916e-14,1,1,1,1,Sequential,Reproducible,canonical,pairwise,canonical-pairwise-v1-leaf1024,ThreadPool,1,1
1,1.6.0,1.6.0,MSVC 1944,Windows,x86_64,unreported,sum_scaling,double,1048576,contiguous,1,stable,18,0.88139999999999996,4638345064186407456,122.84782612735512,6.1390892369672656e-12,4.9973120652561916e-14,1,1,1,1,Sequential,Reproducible,canonical,pairwise,canonical-pairwise-v1-leaf1024,ThreadPool,1,1
1,1.6.0,1.6.0,MSVC 1944,Windows,x86_64,unreported,sum_scaling,double,1048576,contiguous,1,stable,19,0.86080000000000001,4638345064186407456,122.84782612735512,6.1390892369672656e-12,4.9973120652561916e-14,1,1,1,1,Sequential,Reproducible,canonical,pairwise,canonical-pairwise-v1-leaf1024,ThreadPool,1,1
1,1.6.0,1.6.0,MSVC 1944,Windows,x86_64,unreported,sum_scaling,double,1048576,contiguous,1,stable,20,0.86419999999999997,4638345064186407456,122.84782612735512,6.1390892369672656e-12,4.9973120652561916e-14,1,1,1,1,Sequential,Reproducible,canonical,pairwise,canonical-pairwise-v1-leaf1024,ThreadPool,1,1
1,1.6.0,1.6.0,MSVC 1944,Windows,x86_64,unreported,sum_scaling,double,1048576,contiguous,1,stable,21,0.878,4638345064186407456,122.84782612735512,6.1390892369672656e-12,4.9973120652561916e-14,1,1,1,1,Sequential,Reproducible,canonical,pairwise,canonical-pairwise-v1-leaf1024,ThreadPool,1,1
1,1.6.0,1.6.0,MSVC 1944,Windows,x86_64,unreported,sum_scaling,double,1048576,contiguous,1,stable,22,0.87319999999999998,4638345064186407456,122.84782612735512,6.1390892369672656e-12,4.9973120652561916e-14,1,1,1,1,Sequential,Reproducible,canonical,pairwise,canonical-pairwise-v1-leaf1024,ThreadPool,1,1
1,1.6.0,1.6.0,MSVC 1944,Windows,x86_64,unreported,sum_scaling,double,1048576,contiguous,1,stable,23,0.86919999999999997,4638345064186407456,122.84782612735512,6.1390892369672656e-12,4.9973120652561916e-14,1,1,1,1,Sequential,Reproducible,canonical,pairwise,canonical-pairwise-v1-leaf1024,ThreadPool,1,1
1,1.6.0,1.6.0,MSVC 1944,Windows,x86_64,unreported,sum_scaling,double,1048576,contiguous,1,stable,24,0.88290000000000002,4638345064186407456,122.84782612735512,6.1390892369672656e-12,4.9973120652561916e-14,1,1,1,1,Sequential,Reproducible,canonical,pairwise,canonical-pairwise-v1-leaf1024,ThreadPool,1,1
1,1.6.0,1.6.0,MSVC 1944,Windows,x86_64,unreported,sum_scaling,double,1048576,contiguous,1,stable,25,0.86309999999999998,4638345064186407456,122.84782612735512,6.1390892369672656e-12,4.9973120652561916e-14,1,1,1,1,Sequential,Reproducible,canonical,pairwise,canonical-pairwise-v1-leaf1024,ThreadPool,1,1
1,1.6.0,1.6.0,MSVC 1944,Windows,x86_64,unreported,sum_scaling,double,1048576,contiguous,1,stable,26,0.87129999999999996,4638345064186407456,122.84782612735512,6.1390892369672656e-12,4.9973120652561916e-14,1,1,1,1,Sequential,Reproducible,canonical,pairwise,canonical-pairwise-v1-leaf1024,ThreadPool,1,1
1,1.6.0,1.6.0,MSVC 1944,Windows,x86_64,unreported,sum_scaling,double,1048576,contiguous,1,stable,27,0.87439999999999996,4638345064186407456,122.84782612735512,6.1390892369672656e-12,4.9973120652561916e-14,1,1,1,1,Sequential,Reproducible,canonical,pairwise,canonical-pairwise-v1-leaf1024,ThreadPool,1,1
1,1.6.0,1.6.0,MSVC 1944,Windows,x86_64,unreported,sum_scaling,double,1048576,contiguous,1,stable,28,0.87319999999999998,4638345064186407456,122.84782612735512,6.1390892369672656e-12,4.9973120652561916e-14,1,1,1,1,Sequential,Reproducible,canonical,pairwise,canonical-pairwise-v1-leaf1024,ThreadPool,1,1
1,1.6.0,1.6.0,MSVC 1944,Windows,x86_64,unreported,sum_scaling,double,1048576,contiguous,1,stable,29,0.86240000000000006,4638345064186407456,122.84782612735512,6.1390892369672656e-12,4.9973120652561916e-14,1,1,1,1,Sequential,Reproducible,canonical,pairwise,canonical-pairwise-v1-leaf1024,ThreadPool,1,1
1,1.6.0,1.6.0,MSVC 1944,Windows,x86_64,unreported,sum_scaling,double,1048576,contiguous,1,stable,30,0.87580000000000002,4638345064186407456,122.84782612735512,6.1390892369672656e-12,4.9973120652561916e-14,1,1,1,1,Sequential,Reproducible,canonical,pairwise,canonical-pairwise-v1-leaf1024,ThreadPool,1,1
1,1.6.0,1.6.0,MSVC 1944,Windows,x86_64,unreported,sum_scaling,double,1048576,contiguous,1,stable,31,0.86539999999999995,4638345064186407456,122.84782612735512,6.1390892369672656e-12,4.9973120652561916e-14,1,1,1,1,Sequential,Reproducible,canonical,pairwise,canonical-pairwise-v1-leaf1024,ThreadPool,1,1
1,1.6.0,1.6.0,MSVC 1944,Windows,x86_64,unreported,sum_scaling,double,1048576,contiguous,1,first_call,0,0.48330000000000001,4638345064186407456,122.84782612735512,6.1390892369672656e-12,4.9973120652561916e-14,1,1,1,1,ThreadPool,Reproducible,canonical,pairwise,canonical-pairwise-v1-leaf1024,ThreadPool,2,2
1,1.6.0,1.6.0,MSVC 1944,Windows,x86_64,unreported,sum_scaling,double,1048576,contiguous,1,stable,1,0.46400000000000002,4638345064186407456,122.84782612735512,6.1390892369672656e-12,4.9973120652561916e-14,1,1,1,1,ThreadPool,Reproducible,canonical,pairwise,canonical-pairwise-v1-leaf1024,ThreadPool,2,2
1,1.6.0,1.6.0,MSVC 1944,Windows,x86_64,unreported,sum_scaling,double,1048576,contiguous,1,stable,2,0.46850000000000003,4638345064186407456,122.84782612735512,6.1390892369672656e-12,4.9973120652561916e-14,1,1,1,1,ThreadPool,Reproducible,canonical,pairwise,canonical-pairwise-v1-leaf1024,ThreadPool,2,2
1,1.6.0,1.6.0,MSVC 1944,Windows,x86_64,unreported,sum_scaling,double,1048576,contiguous,1,stable,3,0.48999999999999999,4638345064186407456,122.84782612735512,6.1390892369672656e-12,4.9973120652561916e-14,1,1,1,1,ThreadPool,Reproducible,canonical,pairwise,canonical-pairwise-v1-leaf1024,ThreadPool,2,2
1,1.6.0,1.6.0,MSVC 1944,Windows,x86_64,unreported,sum_scaling,double,1048576,contiguous,1,stable,4,0.46789999999999998,4638345064186407456,122.84782612735512,6.1390892369672656e-12,4.9973120652561916e-14,1,1,1,1,ThreadPool,Reproducible,canonical,pairwise,canonical-pairwise-v1-leaf1024,ThreadPool,2,2
1,1.6.0,1.6.0,MSVC 1944,Windows,x86_64,unreported,sum_scaling,double,1048576,contiguous,1,stable,5,0.47560000000000002,4638345064186407456,122.84782612735512,6.1390892369672656e-12,4.9973120652561916e-14,1,1,1,1,ThreadPool,Reproducible,canonical,pairwise,canonical-pairwise-v1-leaf1024,ThreadPool,2,2
1,1.6.0,1.6.0,MSVC 1944,Windows,x86_64,unreported,sum_scaling,double,1048576,contiguous,1,stable,6,0.48870000000000002,4638345064186407456,122.84782612735512,6.1390892369672656e-12,4.9973120652561916e-14,1,1,1,1,ThreadPool,Reproducible,canonical,pairwise,canonical-pairwise-v1-leaf1024,ThreadPool,2,2
1,1.6.0,1.6.0,MSVC 1944,Windows,x86_64,unreported,sum_scaling,double,1048576,contiguous,1,stable,7,0.47410000000000002,4638345064186407456,122.84782612735512,6.1390892369672656e-12,4.9973120652561916e-14,1,1,1,1,ThreadPool,Reproducible,canonical,pairwise,canonical-pairwise-v1-leaf1024,ThreadPool,2,2
1,1.6.0,1.6.0,MSVC 1944,Windows,x86_64,unreported,sum_scaling,double,1048576,contiguous,1,stable,8,0.47799999999999998,4638345064186407456,122.84782612735512,6.1390892369672656e-12,4.9973120652561916e-14,1,1,1,1,ThreadPool,Reproducible,canonical,pairwise,canonical-pairwise-v1-leaf1024,ThreadPool,2,2
1,1.6.0,1.6.0,MSVC 1944,Windows,x86_64,unreported,sum_scaling,double,1048576,contiguous,1,stable,9,0.47999999999999998,4638345064186407456,122.84782612735512,6.1390892369672656e-12,4.9973120652561916e-14,1,1,1,1,ThreadPool,Reproducible,canonical,pairwise,canonical-pairwise-v1-leaf1024,ThreadPool,2,2
1,1.6.0,1.6.0,MSVC 1944,Windows,x86_64,unreported,sum_scaling,double,1048576,contiguous,1,stable,10,0.47470000000000001,4638345064186407456,122.84782612735512,6.1390892369672656e-12,4.9973120652561916e-14,1,1,1,1,ThreadPool,Reproducible,canonical,pairwise,canonical-pairwise-v1-leaf1024,ThreadPool,2,2
1,1.6.0,1.6.0,MSVC 1944,Windows,x86_64,unreported,sum_scaling,double,1048576,contiguous,1,stable,11,0.441,4638345064186407456,122.84782612735512,6.1390892369672656e-12,4.9973120652561916e-14,1,1,1,1,ThreadPool,Reproducible,canonical,pairwise,canonical-pairwise-v1-leaf1024,ThreadPool,2,2
1,1.6.0,1.6.0,MSVC 1944,Windows,x86_64,unreported,sum_scaling,double,1048576,contiguous,1,stable,12,0.45800000000000002,4638345064186407456,122.84782612735512,6.1390892369672656e-12,4.9973120652561916e-14,1,1,1,1,ThreadPool,Reproducible,canonical,pairwise,canonical-pairwise-v1-leaf1024,ThreadPool,2,2
1,1.6.0,1.6.0,MSVC 1944,Windows,x86_64,unreported,sum_scaling,double,1048576,contiguous,1,stable,13,0.44290000000000002,4638345064186407456,122.84782612735512,6.1390892369672656e-12,4.9973120652561916e-14,1,1,1,1,ThreadPool,Reproducible,canonical,pairwise,canonical-pairwise-v1-leaf1024,ThreadPool,2,2
1,1.6.0,1.6.0,MSVC 1944,Windows,x86_64,unreported,sum_scaling,double,1048576,contiguous,1,stable,14,0.49509999999999998,4638345064186407456,122.84782612735512,6.1390892369672656e-12,4.9973120652561916e-14,1,1,1,1,ThreadPool,Reproducible,canonical,pairwise,canonical-pairwise-v1-leaf1024,ThreadPool,2,2
1,1.6.0,1.6.0,MSVC 1944,Windows,x86_64,unreported,sum_scaling,double,1048576,contiguous,1,stable,15,0.4854,4638345064186407456,122.84782612735512,6.1390892369672656e-12,4.9973120652561916e-14,1,1,1,1,ThreadPool,Reproducible,canonical,pairwise,canonical-pairwise-v1-leaf1024,ThreadPool,2,2
1,1.6.0,1.6.0,MSVC 1944,Windows,x86_64,unreported,sum_scaling,double,1048576,contiguous,1,stable,16,0.49030000000000001,4638345064186407456,122.84782612735512,6.1390892369672656e-12,4.9973120652561916e-14,1,1,1,1,ThreadPool,Reproducible,canonical,pairwise,canonical-pairwise-v1-leaf1024,ThreadPool,2,2
1,1.6.0,1.6.0,MSVC 1944,Windows,x86_64,unreported,sum_scaling,double,1048576,contiguous,1,stable,17,0.48359999999999997,4638345064186407456,122.84782612735512,6.1390892369672656e-12,4.9973120652561916e-14,1,1,1,1,ThreadPool,Reproducible,canonical,pairwise,canonical-pairwise-v1-leaf1024,ThreadPool,2,2
1,1.6.0,1.6.0,MSVC 1944,Windows,x86_64,unreported,sum_scaling,double,1048576,contiguous,1,stable,18,0.4849,4638345064186407456,122.84782612735512,6.1390892369672656e-12,4.9973120652561916e-14,1,1,1,1,ThreadPool,Reproducible,canonical,pairwise,canonical-pairwise-v1-leaf1024,ThreadPool,2,2
1,1.6.0,1.6.0,MSVC 1944,Windows,x86_64,unreported,sum_scaling,double,1048576,contiguous,1,stable,19,0.45669999999999999,4638345064186407456,122.84782612735512,6.1390892369672656e-12,4.9973120652561916e-14,1,1,1,1,ThreadPool,Reproducible,canonical,pairwise,canonical-pairwise-v1-leaf1024,ThreadPool,2,2
1,1.6.0,1.6.0,MSVC 1944,Windows,x86_64,unreported,sum_scaling,double,1048576,contiguous,1,stable,20,0.46539999999999998,4638345064186407456,122.84782612735512,6.1390892369672656e-12,4.9973120652561916e-14,1,1,1,1,ThreadPool,Reproducible,canonical,pairwise,canonical-pairwise-v1-leaf1024,ThreadPool,2,2
1,1.6.0,1.6.0,MSVC 1944,Windows,x86_64,unreported,sum_scaling,double,1048576,contiguous,1,stable,21,0.47220000000000001,4638345064186407456,122.84782612735512,6.1390892369672656e-12,4.9973120652561916e-14,1,1,1,1,ThreadPool,Reproducible,canonical,pairwise,canonical-pairwise-v1-leaf1024,ThreadPool,2,2
1,1.6.0,1.6.0,MSVC 1944,Windows,x86_64,unreported,sum_scaling,double,1048576,contiguous,1,stable,22,0.49680000000000002,4638345064186407456,122.84782612735512,6.1390892369672656e-12,4.9973120652561916e-14,1,1,1,1,ThreadPool,Reproducible,canonical,pairwise,canonical-pairwise-v1-leaf1024,ThreadPool,2,2
1,1.6.0,1.6.0,MSVC 1944,Windows,x86_64,unreported,sum_scaling,double,1048576,contiguous,1,stable,23,0.46960000000000002,4638345064186407456,122.84782612735512,6.1390892369672656e-12,4.9973120652561916e-14,1,1,1,1,ThreadPool,Reproducible,canonical,pairwise,canonical-pairwise-v1-leaf1024,ThreadPool,2,2
1,1.6.0,1.6.0,MSVC 1944,Windows,x86_64,unreported,sum_scaling,double,1048576,contiguous,1,stable,24,0.49440000000000001,4638345064186407456,122.84782612735512,6.1390892369672656e-12,4.9973120652561916e-14,1,1,1,1,ThreadPool,Reproducible,canonical,pairwise,canonical-pairwise-v1-leaf1024,ThreadPool,2,2
1,1.6.0,1.6.0,MSVC 1944,Windows,x86_64,unreported,sum_scaling,double,1048576,contiguous,1,stable,25,0.46800000000000003,4638345064186407456,122.84782612735512,6.1390892369672656e-12,4.9973120652561916e-14,1,1,1,1,ThreadPool,Reproducible,canonical,pairwise,canonical-pairwise-v1-leaf1024,ThreadPool,2,2
1,1.6.0,1.6.0,MSVC 1944,Windows,x86_64,unreported,sum_scaling,double,1048576,contiguous,1,stable,26,0.46010000000000001,4638345064186407456,122.84782612735512,6.1390892369672656e-12,4.9973120652561916e-14,1,1,1,1,ThreadPool,Reproducible,canonical,pairwise,canonical-pairwise-v1-leaf1024,ThreadPool,2,2
1,1.6.0,1.6.0,MSVC 1944,Windows,x86_64,unreported,sum_scaling,double,1048576,contiguous,1,stable,27,0.4446,4638345064186407456,122.84782612735512,6.1390892369672656e-12,4.9973120652561916e-14,1,1,1,1,ThreadPool,Reproducible,canonical,pairwise,canonical-pairwise-v1-leaf1024,ThreadPool,2,2
1,1.6.0,1.6.0,MSVC 1944,Windows,x86_64,unreported,sum_scaling,double,1048576,contiguous,1,stable,28,0.43959999999999999,4638345064186407456,122.84782612735512,6.1390892369672656e-12,4.9973120652561916e-14,1,1,1,1,ThreadPool,Reproducible,canonical,pairwise,canonical-pairwise-v1-leaf1024,ThreadPool,2,2
1,1.6.0,1.6.0,MSVC 1944,Windows,x86_64,unreported,sum_scaling,double,1048576,contiguous,1,stable,29,0.49680000000000002,4638345064186407456,122.84782612735512,6.1390892369672656e-12,4.9973120652561916e-14,1,1,1,1,ThreadPool,Reproducible,canonical,pairwise,canonical-pairwise-v1-leaf1024,ThreadPool,2,2
1,1.6.0,1.6.0,MSVC 1944,Windows,x86_64,unreported,sum_scaling,double,1048576,contiguous,1,stable,30,0.49680000000000002,4638345064186407456,122.84782612735512,6.1390892369672656e-12,4.9973120652561916e-14,1,1,1,1,ThreadPool,Reproducible,canonical,pairwise,canonical-pairwise-v1-leaf1024,ThreadPool,2,2
1,1.6.0,1.6.0,MSVC 1944,Windows,x86_64,unreported,sum_scaling,double,1048576,contiguous,1,stable,31,0.5091,4638345064186407456,122.84782612735512,6.1390892369672656e-12,4.9973120652561916e-14,1,1,1,1,ThreadPool,Reproducible,canonical,pairwise,canonical-pairwise-v1-leaf1024,ThreadPool,2,2
1,1.6.0,1.6.0,MSVC 1944,Windows,x86_64,unreported,sum_scaling,double,1048576,contiguous,1,first_call,0,0.26490000000000002,4638345064186407456,122.84782612735512,6.1390892369672656e-12,4.9973120652561916e-14,1,1,1,1,ThreadPool,Reproducible,canonical,pairwise,canonical-pairwise-v1-leaf1024,ThreadPool,4,4
1,1.6.0,1.6.0,MSVC 1944,Windows,x86_64,unreported,sum_scaling,double,1048576,contiguous,1,stable,1,0.28970000000000001,4638345064186407456,122.84782612735512,6.1390892369672656e-12,4.9973120652561916e-14,1,1,1,1,ThreadPool,Reproducible,canonical,pairwise,canonical-pairwise-v1-leaf1024,ThreadPool,4,4
1,1.6.0,1.6.0,MSVC 1944,Windows,x86_64,unreported,sum_scaling,double,1048576,contiguous,1,stable,2,0.25650000000000001,4638345064186407456,122.84782612735512,6.1390892369672656e-12,4.9973120652561916e-14,1,1,1,1,ThreadPool,Reproducible,canonical,pairwise,canonical-pairwise-v1-leaf1024,ThreadPool,4,4
1,1.6.0,1.6.0,MSVC 1944,Windows,x86_64,unreported,sum_scaling,double,1048576,contiguous,1,stable,3,0.25530000000000003,4638345064186407456,122.84782612735512,6.1390892369672656e-12,4.9973120652561916e-14,1,1,1,1,ThreadPool,Reproducible,canonical,pairwise,canonical-pairwise-v1-leaf1024,ThreadPool,4,4
1,1.6.0,1.6.0,MSVC 1944,Windows,x86_64,unreported,sum_scaling,double,1048576,contiguous,1,stable,4,0.27229999999999999,4638345064186407456,122.84782612735512,6.1390892369672656e-12,4.9973120652561916e-14,1,1,1,1,ThreadPool,Reproducible,canonical,pairwise,canonical-pairwise-v1-leaf1024,ThreadPool,4,4
1,1.6.0,1.6.0,MSVC 1944,Windows,x86_64,unreported,sum_scaling,double,1048576,contiguous,1,stable,5,0.25440000000000002,4638345064186407456,122.84782612735512,6.1390892369672656e-12,4.9973120652561916e-14,1,1,1,1,ThreadPool,Reproducible,canonical,pairwise,canonical-pairwise-v1-leaf1024,ThreadPool,4,4
1,1.6.0,1.6.0,MSVC 1944,Windows,x86_64,unreported,sum_scaling,double,1048576,contiguous,1,stable,6,0.26829999999999998,4638345064186407456,122.84782612735512,6.1390892369672656e-12,4.9973120652561916e-14,1,1,1,1,ThreadPool,Reproducible,canonical,pairwise,canonical-pairwise-v1-leaf1024,ThreadPool,4,4
1,1.6.0,1.6.0,MSVC 1944,Windows,x86_64,unreported,sum_scaling,double,1048576,contiguous,1,stable,7,0.24959999999999999,4638345064186407456,122.84782612735512,6.1390892369672656e-12,4.9973120652561916e-14,1,1,1,1,ThreadPool,Reproducible,canonical,pairwise,canonical-pairwise-v1-leaf1024,ThreadPool,4,4
1,1.6.0,1.6.0,MSVC 1944,Windows,x86_64,unreported,sum_scaling,double,1048576,contiguous,1,stable,8,0.26600000000000001,4638345064186407456,122.84782612735512,6.1390892369672656e-12,4.9973120652561916e-14,1,1,1,1,ThreadPool,Reproducible,canonical,pairwise,canonical-pairwise-v1-leaf1024,ThreadPool,4,4
1,1.6.0,1.6.0,MSVC 1944,Windows,x86_64,unreported,sum_scaling,double,1048576,contiguous,1,stable,9,0.27900000000000003,4638345064186407456,122.84782612735512,6.1390892369672656e-12,4.9973120652561916e-14,1,1,1,1,ThreadPool,Reproducible,canonical,pairwise,canonical-pairwise-v1-leaf1024,ThreadPool,4,4
1,1.6.0,1.6.0,MSVC 1944,Windows,x86_64,unreported,sum_scaling,double,1048576,contiguous,1,stable,10,0.25480000000000003,4638345064186407456,122.84782612735512,6.1390892369672656e-12,4.9973120652561916e-14,1,1,1,1,ThreadPool,Reproducible,canonical,pairwise,canonical-pairwise-v1-leaf1024,ThreadPool,4,4
1,1.6.0,1.6.0,MSVC 1944,Windows,x86_64,unreported,sum_scaling,double,1048576,contiguous,1,stable,11,0.2586,4638345064186407456,122.84782612735512,6.1390892369672656e-12,4.9973120652561916e-14,1,1,1,1,ThreadPool,Reproducible,canonical,pairwise,canonical-pairwise-v1-leaf1024,ThreadPool,4,4
1,1.6.0,1.6.0,MSVC 1944,Windows,x86_64,unreported,sum_scaling,double,1048576,contiguous,1,stable,12,0.25919999999999999,4638345064186407456,122.84782612735512,6.1390892369672656e-12,4.9973120652561916e-14,1,1,1,1,ThreadPool,Reproducible,canonical,pairwise,canonical-pairwise-v1-leaf1024,ThreadPool,4,4
1,1.6.0,1.6.0,MSVC 1944,Windows,x86_64,unreported,sum_scaling,double,1048576,contiguous,1,stable,13,0.25829999999999997,4638345064186407456,122.84782612735512,6.1390892369672656e-12,4.9973120652561916e-14,1,1,1,1,ThreadPool,Reproducible,canonical,pairwise,canonical-pairwise-v1-leaf1024,ThreadPool,4,4
1,1.6.0,1.6.0,MSVC 1944,Windows,x86_64,unreported,sum_scaling,double,1048576,contiguous,1,stable,14,0.25419999999999998,4638345064186407456,122.84782612735512,6.1390892369672656e-12,4.9973120652561916e-14,1,1,1,1,ThreadPool,Reproducible,canonical,pairwise,canonical-pairwise-v1-leaf1024,ThreadPool,4,4
1,1.6.0,1.6.0,MSVC 1944,Windows,x86_64,unreported,sum_scaling,double,1048576,contiguous,1,stable,15,0.27400000000000002,4638345064186407456,122.84782612735512,6.1390892369672656e-12,4.9973120652561916e-14,1,1,1,1,ThreadPool,Reproducible,canonical,pairwise,canonical-pairwise-v1-leaf1024,ThreadPool,4,4
1,1.6.0,1.6.0,MSVC 1944,Windows,x86_64,unreported,sum_scaling,double,1048576,contiguous,1,stable,16,0.27589999999999998,4638345064186407456,122.84782612735512,6.1390892369672656e-12,4.9973120652561916e-14,1,1,1,1,ThreadPool,Reproducible,canonical,pairwise,canonical-pairwise-v1-leaf1024,ThreadPool,4,4
1,1.6.0,1.6.0,MSVC 1944,Windows,x86_64,unreported,sum_scaling,double,1048576,contiguous,1,stable,17,0.25950000000000001,4638345064186407456,122.84782612735512,6.1390892369672656e-12,4.9973120652561916e-14,1,1,1,1,ThreadPool,Reproducible,canonical,pairwise,canonical-pairwise-v1-leaf1024,ThreadPool,4,4
1,1.6.0,1.6.0,MSVC 1944,Windows,x86_64,unreported,sum_scaling,double,1048576,contiguous,1,stable,18,0.2636,4638345064186407456,122.84782612735512,6.1390892369672656e-12,4.9973120652561916e-14,1,1,1,1,ThreadPool,Reproducible,canonical,pairwise,canonical-pairwise-v1-leaf1024,ThreadPool,4,4
1,1.6.0,1.6.0,MSVC 1944,Windows,x86_64,unreported,sum_scaling,double,1048576,contiguous,1,stable,19,0.26650000000000001,4638345064186407456,122.84782612735512,6.1390892369672656e-12,4.9973120652561916e-14,1,1,1,1,ThreadPool,Reproducible,canonical,pairwise,canonical-pairwise-v1-leaf1024,ThreadPool,4,4
1,1.6.0,1.6.0,MSVC 1944,Windows,x86_64,unreported,sum_scaling,double,1048576,contiguous,1,stable,20,0.27210000000000001,4638345064186407456,122.84782612735512,6.1390892369672656e-12,4.9973120652561916e-14,1,1,1,1,ThreadPool,Reproducible,canonical,pairwise,canonical-pairwise-v1-leaf1024,ThreadPool,4,4
1,1.6.0,1.6.0,MSVC 1944,Windows,x86_64,unreported,sum_scaling,double,1048576,contiguous,1,stable,21,0.25850000000000001,4638345064186407456,122.84782612735512,6.1390892369672656e-12,4.9973120652561916e-14,1,1,1,1,ThreadPool,Reproducible,canonical,pairwise,canonical-pairwise-v1-leaf1024,ThreadPool,4,4
1,1.6.0,1.6.0,MSVC 1944,Windows,x86_64,unreported,sum_scaling,double,1048576,contiguous,1,stable,22,0.28050000000000003,4638345064186407456,122.84782612735512,6.1390892369672656e-12,4.9973120652561916e-14,1,1,1,1,ThreadPool,Reproducible,canonical,pairwise,canonical-pairwise-v1-leaf1024,ThreadPool,4,4
1,1.6.0,1.6.0,MSVC 1944,Windows,x86_64,unreported,sum_scaling,double,1048576,contiguous,1,stable,23,0.24909999999999999,4638345064186407456,122.84782612735512,6.1390892369672656e-12,4.9973120652561916e-14,1,1,1,1,ThreadPool,Reproducible,canonical,pairwise,canonical-pairwise-v1-leaf1024,ThreadPool,4,4
1,1.6.0,1.6.0,MSVC 1944,Windows,x86_64,unreported,sum_scaling,double,1048576,contiguous,1,stable,24,0.25490000000000002,4638345064186407456,122.84782612735512,6.1390892369672656e-12,4.9973120652561916e-14,1,1,1,1,ThreadPool,Reproducible,canonical,pairwise,canonical-pairwise-v1-leaf1024,ThreadPool,4,4
1,1.6.0,1.6.0,MSVC 1944,Windows,x86_64,unreported,sum_scaling,double,1048576,contiguous,1,stable,25,0.26790000000000003,4638345064186407456,122.84782612735512,6.1390892369672656e-12,4.9973120652561916e-14,1,1,1,1,ThreadPool,Reproducible,canonical,pairwise,canonical-pairwise-v1-leaf1024,ThreadPool,4,4
1,1.6.0,1.6.0,MSVC 1944,Windows,x86_64,unreported,sum_scaling,double,1048576,contiguous,1,stable,26,0.27710000000000001,4638345064186407456,122.84782612735512,6.1390892369672656e-12,4.9973120652561916e-14,1,1,1,1,ThreadPool,Reproducible,canonical,pairwise,canonical-pairwise-v1-leaf1024,ThreadPool,4,4
1,1.6.0,1.6.0,MSVC 1944,Windows,x86_64,unreported,sum_scaling,double,1048576,contiguous,1,stable,27,0.2571,4638345064186407456,122.84782612735512,6.1390892369672656e-12,4.9973120652561916e-14,1,1,1,1,ThreadPool,Reproducible,canonical,pairwise,canonical-pairwise-v1-leaf1024,ThreadPool,4,4
1,1.6.0,1.6.0,MSVC 1944,Windows,x86_64,unreported,sum_scaling,double,1048576,contiguous,1,stable,28,0.26579999999999998,4638345064186407456,122.84782612735512,6.1390892369672656e-12,4.9973120652561916e-14,1,1,1,1,ThreadPool,Reproducible,canonical,pairwise,canonical-pairwise-v1-leaf1024,ThreadPool,4,4
1,1.6.0,1.6.0,MSVC 1944,Windows,x86_64,unreported,sum_scaling,double,1048576,contiguous,1,stable,29,0.26479999999999998,4638345064186407456,122.84782612735512,6.1390892369672656e-12,4.9973120652561916e-14,1,1,1,1,ThreadPool,Reproducible,canonical,pairwise,canonical-pairwise-v1-leaf1024,ThreadPool,4,4
1,1.6.0,1.6.0,MSVC 1944,Windows,x86_64,unreported,sum_scaling,double,1048576,contiguous,1,stable,30,0.25850000000000001,4638345064186407456,122.84782612735512,6.1390892369672656e-12,4.9973120652561916e-14,1,1,1,1,ThreadPool,Reproducible,canonical,pairwise,canonical-pairwise-v1-leaf1024,ThreadPool,4,4
1,1.6.0,1.6.0,MSVC 1944,Windows,x86_64,unreported,sum_scaling,double,1048576,contiguous,1,stable,31,0.25819999999999999,4638345064186407456,122.84782612735512,6.1390892369672656e-12,4.9973120652561916e-14,1,1,1,1,ThreadPool,Reproducible,canonical,pairwise,canonical-pairwise-v1-leaf1024,ThreadPool,4,4
1,1.6.0,1.6.0,MSVC 1944,Windows,x86_64,unreported,sum_scaling,double,1048576,contiguous,1,first_call,0,0.2228,4638345064186407456,122.84782612735512,6.1390892369672656e-12,4.9973120652561916e-14,1,1,1,1,ThreadPool,Reproducible,canonical,pairwise,canonical-pairwise-v1-leaf1024,ThreadPool,8,8
1,1.6.0,1.6.0,MSVC 1944,Windows,x86_64,unreported,sum_scaling,double,1048576,contiguous,1,stable,1,0.20960000000000001,4638345064186407456,122.84782612735512,6.1390892369672656e-12,4.9973120652561916e-14,1,1,1,1,ThreadPool,Reproducible,canonical,pairwise,canonical-pairwise-v1-leaf1024,ThreadPool,8,8
1,1.6.0,1.6.0,MSVC 1944,Windows,x86_64,unreported,sum_scaling,double,1048576,contiguous,1,stable,2,0.2097,4638345064186407456,122.84782612735512,6.1390892369672656e-12,4.9973120652561916e-14,1,1,1,1,ThreadPool,Reproducible,canonical,pairwise,canonical-pairwise-v1-leaf1024,ThreadPool,8,8
1,1.6.0,1.6.0,MSVC 1944,Windows,x86_64,unreported,sum_scaling,double,1048576,contiguous,1,stable,3,0.2107,4638345064186407456,122.84782612735512,6.1390892369672656e-12,4.9973120652561916e-14,1,1,1,1,ThreadPool,Reproducible,canonical,pairwise,canonical-pairwise-v1-leaf1024,ThreadPool,8,8
1,1.6.0,1.6.0,MSVC 1944,Windows,x86_64,unreported,sum_scaling,double,1048576,contiguous,1,stable,4,0.19739999999999999,4638345064186407456,122.84782612735512,6.1390892369672656e-12,4.9973120652561916e-14,1,1,1,1,ThreadPool,Reproducible,canonical,pairwise,canonical-pairwise-v1-leaf1024,ThreadPool,8,8
1,1.6.0,1.6.0,MSVC 1944,Windows,x86_64,unreported,sum_scaling,double,1048576,contiguous,1,stable,5,0.20710000000000001,4638345064186407456,122.84782612735512,6.1390892369672656e-12,4.9973120652561916e-14,1,1,1,1,ThreadPool,Reproducible,canonical,pairwise,canonical-pairwise-v1-leaf1024,ThreadPool,8,8
1,1.6.0,1.6.0,MSVC 1944,Windows,x86_64,unreported,sum_scaling,double,1048576,contiguous,1,stable,6,0.2082,4638345064186407456,122.84782612735512,6.1390892369672656e-12,4.9973120652561916e-14,1,1,1,1,ThreadPool,Reproducible,canonical,pairwise,canonical-pairwise-v1-leaf1024,ThreadPool,8,8
1,1.6.0,1.6.0,MSVC 1944,Windows,x86_64,unreported,sum_scaling,double,1048576,contiguous,1,stable,7,0.20730000000000001,4638345064186407456,122.84782612735512,6.1390892369672656e-12,4.9973120652561916e-14,1,1,1,1,ThreadPool,Reproducible,canonical,pairwise,canonical-pairwise-v1-leaf1024,ThreadPool,8,8
1,1.6.0,1.6.0,MSVC 1944,Windows,x86_64,unreported,sum_scaling,double,1048576,contiguous,1,stable,8,0.19650000000000001,4638345064186407456,122.84782612735512,6.1390892369672656e-12,4.9973120652561916e-14,1,1,1,1,ThreadPool,Reproducible,canonical,pairwise,canonical-pairwise-v1-leaf1024,ThreadPool,8,8
1,1.6.0,1.6.0,MSVC 1944,Windows,x86_64,unreported,sum_scaling,double,1048576,contiguous,1,stable,9,0.1991,4638345064186407456,122.84782612735512,6.1390892369672656e-12,4.9973120652561916e-14,1,1,1,1,ThreadPool,Reproducible,canonical,pairwise,canonical-pairwise-v1-leaf1024,ThreadPool,8,8
1,1.6.0,1.6.0,MSVC 1944,Windows,x86_64,unreported,sum_scaling,double,1048576,contiguous,1,stable,10,0.217,4638345064186407456,122.84782612735512,6.1390892369672656e-12,4.9973120652561916e-14,1,1,1,1,ThreadPool,Reproducible,canonical,pairwise,canonical-pairwise-v1-leaf1024,ThreadPool,8,8
1,1.6.0,1.6.0,MSVC 1944,Windows,x86_64,unreported,sum_scaling,double,1048576,contiguous,1,stable,11,0.1978,4638345064186407456,122.84782612735512,6.1390892369672656e-12,4.9973120652561916e-14,1,1,1,1,ThreadPool,Reproducible,canonical,pairwise,canonical-pairwise-v1-leaf1024,ThreadPool,8,8
1,1.6.0,1.6.0,MSVC 1944,Windows,x86_64,unreported,sum_scaling,double,1048576,contiguous,1,stable,12,0.19620000000000001,4638345064186407456,122.84782612735512,6.1390892369672656e-12,4.9973120652561916e-14,1,1,1,1,ThreadPool,Reproducible,canonical,pairwise,canonical-pairwise-v1-leaf1024,ThreadPool,8,8
1,1.6.0,1.6.0,MSVC 1944,Windows,x86_64,unreported,sum_scaling,double,1048576,contiguous,1,stable,13,0.19769999999999999,4638345064186407456,122.84782612735512,6.1390892369672656e-12,4.9973120652561916e-14,1,1,1,1,ThreadPool,Reproducible,canonical,pairwise,canonical-pairwise-v1-leaf1024,ThreadPool,8,8
1,1.6.0,1.6.0,MSVC 1944,Windows,x86_64,unreported,sum_scaling,double,1048576,contiguous,1,stable,14,0.19589999999999999,4638345064186407456,122.84782612735512,6.1390892369672656e-12,4.9973120652561916e-14,1,1,1,1,ThreadPool,Reproducible,canonical,pairwise,canonical-pairwise-v1-leaf1024,ThreadPool,8,8
1,1.6.0,1.6.0,MSVC 1944,Windows,x86_64,unreported,sum_scaling,double,1048576,contiguous,1,stable,15,0.20599999999999999,4638345064186407456,122.84782612735512,6.1390892369672656e-12,4.9973120652561916e-14,1,1,1,1,ThreadPool,Reproducible,canonical,pairwise,canonical-pairwise-v1-leaf1024,ThreadPool,8,8
1,1.6.0,1.6.0,MSVC 1944,Windows,x86_64,unreported,sum_scaling,double,1048576,contiguous,1,stable,16,0.19919999999999999,4638345064186407456,122.84782612735512,6.1390892369672656e-12,4.9973120652561916e-14,1,1,1,1,ThreadPool,Reproducible,canonical,pairwise,canonical-pairwise-v1-leaf1024,ThreadPool,8,8
1,1.6.0,1.6.0,MSVC 1944,Windows,x86_64,unreported,sum_scaling,double,1048576,contiguous,1,stable,17,0.19589999999999999,4638345064186407456,122.84782612735512,6.1390892369672656e-12,4.9973120652561916e-14,1,1,1,1,ThreadPool,Reproducible,canonical,pairwise,canonical-pairwise-v1-leaf1024,ThreadPool,8,8
1,1.6.0,1.6.0,MSVC 1944,Windows,x86_64,unreported,sum_scaling,double,1048576,contiguous,1,stable,18,0.19900000000000001,4638345064186407456,122.84782612735512,6.1390892369672656e-12,4.9973120652561916e-14,1,1,1,1,ThreadPool,Reproducible,canonical,pairwise,canonical-pairwise-v1-leaf1024,ThreadPool,8,8
1,1.6.0,1.6.0,MSVC 1944,Windows,x86_64,unreported,sum_scaling,double,1048576,contiguous,1,stable,19,0.20230000000000001,4638345064186407456,122.84782612735512,6.1390892369672656e-12,4.9973120652561916e-14,1,1,1,1,ThreadPool,Reproducible,canonical,pairwise,canonical-pairwise-v1-leaf1024,ThreadPool,8,8
1,1.6.0,1.6.0,MSVC 1944,Windows,x86_64,unreported,sum_scaling,double,1048576,contiguous,1,stable,20,0.20119999999999999,4638345064186407456,122.84782612735512,6.1390892369672656e-12,4.9973120652561916e-14,1,1,1,1,ThreadPool,Reproducible,canonical,pairwise,canonical-pairwise-v1-leaf1024,ThreadPool,8,8
1,1.6.0,1.6.0,MSVC 1944,Windows,x86_64,unreported,sum_scaling,double,1048576,contiguous,1,stable,21,0.19900000000000001,4638345064186407456,122.84782612735512,6.1390892369672656e-12,4.9973120652561916e-14,1,1,1,1,ThreadPool,Reproducible,canonical,pairwise,canonical-pairwise-v1-leaf1024,ThreadPool,8,8
1,1.6.0,1.6.0,MSVC 1944,Windows,x86_64,unreported,sum_scaling,double,1048576,contiguous,1,stable,22,0.1973,4638345064186407456,122.84782612735512,6.1390892369672656e-12,4.9973120652561916e-14,1,1,1,1,ThreadPool,Reproducible,canonical,pairwise,canonical-pairwise-v1-leaf1024,ThreadPool,8,8
1,1.6.0,1.6.0,MSVC 1944,Windows,x86_64,unreported,sum_scaling,double,1048576,contiguous,1,stable,23,0.2009,4638345064186407456,122.84782612735512,6.1390892369672656e-12,4.9973120652561916e-14,1,1,1,1,ThreadPool,Reproducible,canonical,pairwise,canonical-pairwise-v1-leaf1024,ThreadPool,8,8
1,1.6.0,1.6.0,MSVC 1944,Windows,x86_64,unreported,sum_scaling,double,1048576,contiguous,1,stable,24,0.21279999999999999,4638345064186407456,122.84782612735512,6.1390892369672656e-12,4.9973120652561916e-14,1,1,1,1,ThreadPool,Reproducible,canonical,pairwise,canonical-pairwise-v1-leaf1024,ThreadPool,8,8
1,1.6.0,1.6.0,MSVC 1944,Windows,x86_64,unreported,sum_scaling,double,1048576,contiguous,1,stable,25,0.2014,4638345064186407456,122.84782612735512,6.1390892369672656e-12,4.9973120652561916e-14,1,1,1,1,ThreadPool,Reproducible,canonical,pairwise,canonical-pairwise-v1-leaf1024,ThreadPool,8,8
1,1.6.0,1.6.0,MSVC 1944,Windows,x86_64,unreported,sum_scaling,double,1048576,contiguous,1,stable,26,0.1968,4638345064186407456,122.84782612735512,6.1390892369672656e-12,4.9973120652561916e-14,1,1,1,1,ThreadPool,Reproducible,canonical,pairwise,canonical-pairwise-v1-leaf1024,ThreadPool,8,8
1,1.6.0,1.6.0,MSVC 1944,Windows,x86_64,unreported,sum_scaling,double,1048576,contiguous,1,stable,27,0.19650000000000001,4638345064186407456,122.84782612735512,6.1390892369672656e-12,4.9973120652561916e-14,1,1,1,1,ThreadPool,Reproducible,canonical,pairwise,canonical-pairwise-v1-leaf1024,ThreadPool,8,8
1,1.6.0,1.6.0,MSVC 1944,Windows,x86_64,unreported,sum_scaling,double,1048576,contiguous,1,stable,28,0.23250000000000001,4638345064186407456,122.84782612735512,6.1390892369672656e-12,4.9973120652561916e-14,1,1,1,1,ThreadPool,Reproducible,canonical,pairwise,canonical-pairwise-v1-leaf1024,ThreadPool,8,8
1,1.6.0,1.6.0,MSVC 1944,Windows,x86_64,unreported,sum_scaling,double,1048576,contiguous,1,stable,29,0.2026,4638345064186407456,122.84782612735512,6.1390892369672656e-12,4.9973120652561916e-14,1,1,1,1,ThreadPool,Reproducible,canonical,pairwise,canonical-pairwise-v1-leaf1024,ThreadPool,8,8
1,1.6.0,1.6.0,MSVC 1944,Windows,x86_64,unreported,sum_scaling,double,1048576,contiguous,1,stable,30,0.20530000000000001,4638345064186407456,122.84782612735512,6.1390892369672656e-12,4.9973120652561916e-14,1,1,1,1,ThreadPool,Reproducible,canonical,pairwise,canonical-pairwise-v1-leaf1024,ThreadPool,8,8
1,1.6.0,1.6.0,MSVC 1944,Windows,x86_64,unreported,sum_scaling,double,1048576,contiguous,1,stable,31,0.20319999999999999,4638345064186407456,122.84782612735512,6.1390892369672656e-12,4.9973120652561916e-14,1,1,1,1,ThreadPool,Reproducible,canonical,pairwise,canonical-pairwise-v1-leaf1024,ThreadPool,8,8
1,1.6.0,1.6.0,MSVC 1944,Windows,x86_64,unreported,sum_scaling,double,1048576,contiguous,1,first_call,0,0.85209999999999997,4638345064186407456,122.84782612735512,6.1390892369672656e-12,4.9973120652561916e-14,1,1,1,1,Sequential,Reproducible,canonical,pairwise,canonical-pairwise-v1-leaf1024,StaticThread,1,1
1,1.6.0,1.6.0,MSVC 1944,Windows,x86_64,unreported,sum_scaling,double,1048576,contiguous,1,stable,1,0.87119999999999997,4638345064186407456,122.84782612735512,6.1390892369672656e-12,4.9973120652561916e-14,1,1,1,1,Sequential,Reproducible,canonical,pairwise,canonical-pairwise-v1-leaf1024,StaticThread,1,1
1,1.6.0,1.6.0,MSVC 1944,Windows,x86_64,unreported,sum_scaling,double,1048576,contiguous,1,stable,2,0.86799999999999999,4638345064186407456,122.84782612735512,6.1390892369672656e-12,4.9973120652561916e-14,1,1,1,1,Sequential,Reproducible,canonical,pairwise,canonical-pairwise-v1-leaf1024,StaticThread,1,1
1,1.6.0,1.6.0,MSVC 1944,Windows,x86_64,unreported,sum_scaling,double,1048576,contiguous,1,stable,3,0.88029999999999997,4638345064186407456,122.84782612735512,6.1390892369672656e-12,4.9973120652561916e-14,1,1,1,1,Sequential,Reproducible,canonical,pairwise,canonical-pairwise-v1-leaf1024,StaticThread,1,1
1,1.6.0,1.6.0,MSVC 1944,Windows,x86_64,unreported,sum_scaling,double,1048576,contiguous,1,stable,4,0.88480000000000003,4638345064186407456,122.84782612735512,6.1390892369672656e-12,4.9973120652561916e-14,1,1,1,1,Sequential,Reproducible,canonical,pairwise,canonical-pairwise-v1-leaf1024,StaticThread,1,1
1,1.6.0,1.6.0,MSVC 1944,Windows,x86_64,unreported,sum_scaling,double,1048576,contiguous,1,stable,5,0.87209999999999999,4638345064186407456,122.84782612735512,6.1390892369672656e-12,4.9973120652561916e-14,1,1,1,1,Sequential,Reproducible,canonical,pairwise,canonical-pairwise-v1-leaf1024,StaticThread,1,1
1,1.6.0,1.6.0,MSVC 1944,Windows,x86_64,unreported,sum_scaling,double,1048576,contiguous,1,stable,6,0.86060000000000003,4638345064186407456,122.84782612735512,6.1390892369672656e-12,4.9973120652561916e-14,1,1,1,1,Sequential,Reproducible,canonical,pairwise,canonical-pairwise-v1-leaf1024,StaticThread,1,1
1,1.6.0,1.6.0,MSVC 1944,Windows,x86_64,unreported,sum_scaling,double,1048576,contiguous,1,stable,7,0.86460000000000004,4638345064186407456,122.84782612735512,6.1390892369672656e-12,4.9973120652561916e-14,1,1,1,1,Sequential,Reproducible,canonical,pairwise,canonical-pairwise-v1-leaf1024,StaticThread,1,1
1,1.6.0,1.6.0,MSVC 1944,Windows,x86_64,unreported,sum_scaling,double,1048576,contiguous,1,stable,8,0.88549999999999995,4638345064186407456,122.84782612735512,6.1390892369672656e-12,4.9973120652561916e-14,1,1,1,1,Sequential,Reproducible,canonical,pairwise,canonical-pairwise-v1-leaf1024,StaticThread,1,1
1,1.6.0,1.6.0,MSVC 1944,Windows,x86_64,unreported,sum_scaling,double,1048576,contiguous,1,stable,9,0.87470000000000003,4638345064186407456,122.84782612735512,6.1390892369672656e-12,4.9973120652561916e-14,1,1,1,1,Sequential,Reproducible,canonical,pairwise,canonical-pairwise-v1-leaf1024,StaticThread,1,1
1,1.6.0,1.6.0,MSVC 1944,Windows,x86_64,unreported,sum_scaling,double,1048576,contiguous,1,stable,10,0.87580000000000002,4638345064186407456,122.84782612735512,6.1390892369672656e-12,4.9973120652561916e-14,1,1,1,1,Sequential,Reproducible,canonical,pairwise,canonical-pairwise-v1-leaf1024,StaticThread,1,1
1,1.6.0,1.6.0,MSVC 1944,Windows,x86_64,unreported,sum_scaling,double,1048576,contiguous,1,stable,11,0.86750000000000005,4638345064186407456,122.84782612735512,6.1390892369672656e-12,4.9973120652561916e-14,1,1,1,1,Sequential,Reproducible,canonical,pairwise,canonical-pairwise-v1-leaf1024,StaticThread,1,1
1,1.6.0,1.6.0,MSVC 1944,Windows,x86_64,unreported,sum_scaling,double,1048576,contiguous,1,stable,12,0.86960000000000004,4638345064186407456,122.84782612735512,6.1390892369672656e-12,4.9973120652561916e-14,1,1,1,1,Sequential,Reproducible,canonical,pairwise,canonical-pairwise-v1-leaf1024,StaticThread,1,1
1,1.6.0,1.6.0,MSVC 1944,Windows,x86_64,unreported,sum_scaling,double,1048576,contiguous,1,stable,13,0.86680000000000001,4638345064186407456,122.84782612735512,6.1390892369672656e-12,4.9973120652561916e-14,1,1,1,1,Sequential,Reproducible,canonical,pairwise,canonical-pairwise-v1-leaf1024,StaticThread,1,1
1,1.6.0,1.6.0,MSVC 1944,Windows,x86_64,unreported,sum_scaling,double,1048576,contiguous,1,stable,14,0.86109999999999998,4638345064186407456,122.84782612735512,6.1390892369672656e-12,4.9973120652561916e-14,1,1,1,1,Sequential,Reproducible,canonical,pairwise,canonical-pairwise-v1-leaf1024,StaticThread,1,1
1,1.6.0,1.6.0,MSVC 1944,Windows,x86_64,unreported,sum_scaling,double,1048576,contiguous,1,stable,15,0.86250000000000004,4638345064186407456,122.84782612735512,6.1390892369672656e-12,4.9973120652561916e-14,1,1,1,1,Sequential,Reproducible,canonical,pairwise,canonical-pairwise-v1-leaf1024,StaticThread,1,1
1,1.6.0,1.6.0,MSVC 1944,Windows,x86_64,unreported,sum_scaling,double,1048576,contiguous,1,stable,16,0.85309999999999997,4638345064186407456,122.84782612735512,6.1390892369672656e-12,4.9973120652561916e-14,1,1,1,1,Sequential,Reproducible,canonical,pairwise,canonical-pairwise-v1-leaf1024,StaticThread,1,1
1,1.6.0,1.6.0,MSVC 1944,Windows,x86_64,unreported,sum_scaling,double,1048576,contiguous,1,stable,17,0.86109999999999998,4638345064186407456,122.84782612735512,6.1390892369672656e-12,4.9973120652561916e-14,1,1,1,1,Sequential,Reproducible,canonical,pairwise,canonical-pairwise-v1-leaf1024,StaticThread,1,1
1,1.6.0,1.6.0,MSVC 1944,Windows,x86_64,unreported,sum_scaling,double,1048576,contiguous,1,stable,18,0.86909999999999998,4638345064186407456,122.84782612735512,6.1390892369672656e-12,4.9973120652561916e-14,1,1,1,1,Sequential,Reproducible,canonical,pairwise,canonical-pairwise-v1-leaf1024,StaticThread,1,1
1,1.6.0,1.6.0,MSVC 1944,Windows,x86_64,unreported,sum_scaling,double,1048576,contiguous,1,stable,19,0.86650000000000005,4638345064186407456,122.84782612735512,6.1390892369672656e-12,4.9973120652561916e-14,1,1,1,1,Sequential,Reproducible,canonical,pairwise,canonical-pairwise-v1-leaf1024,StaticThread,1,1
1,1.6.0,1.6.0,MSVC 1944,Windows,x86_64,unreported,sum_scaling,double,1048576,contiguous,1,stable,20,0.87439999999999996,4638345064186407456,122.84782612735512,6.1390892369672656e-12,4.9973120652561916e-14,1,1,1,1,Sequential,Reproducible,canonical,pairwise,canonical-pairwise-v1-leaf1024,StaticThread,1,1
1,1.6.0,1.6.0,MSVC 1944,Windows,x86_64,unreported,sum_scaling,double,1048576,contiguous,1,stable,21,0.87109999999999999,4638345064186407456,122.84782612735512,6.1390892369672656e-12,4.9973120652561916e-14,1,1,1,1,Sequential,Reproducible,canonical,pairwise,canonical-pairwise-v1-leaf1024,StaticThread,1,1
1,1.6.0,1.6.0,MSVC 1944,Windows,x86_64,unreported,sum_scaling,double,1048576,contiguous,1,stable,22,0.88049999999999995,4638345064186407456,122.84782612735512,6.1390892369672656e-12,4.9973120652561916e-14,1,1,1,1,Sequential,Reproducible,canonical,pairwise,canonical-pairwise-v1-leaf1024,StaticThread,1,1
1,1.6.0,1.6.0,MSVC 1944,Windows,x86_64,unreported,sum_scaling,double,1048576,contiguous,1,stable,23,0.87370000000000003,4638345064186407456,122.84782612735512,6.1390892369672656e-12,4.9973120652561916e-14,1,1,1,1,Sequential,Reproducible,canonical,pairwise,canonical-pairwise-v1-leaf1024,StaticThread,1,1
1,1.6.0,1.6.0,MSVC 1944,Windows,x86_64,unreported,sum_scaling,double,1048576,contiguous,1,stable,24,0.86350000000000005,4638345064186407456,122.84782612735512,6.1390892369672656e-12,4.9973120652561916e-14,1,1,1,1,Sequential,Reproducible,canonical,pairwise,canonical-pairwise-v1-leaf1024,StaticThread,1,1
1,1.6.0,1.6.0,MSVC 1944,Windows,x86_64,unreported,sum_scaling,double,1048576,contiguous,1,stable,25,0.85109999999999997,4638345064186407456,122.84782612735512,6.1390892369672656e-12,4.9973120652561916e-14,1,1,1,1,Sequential,Reproducible,canonical,pairwise,canonical-pairwise-v1-leaf1024,StaticThread,1,1
1,1.6.0,1.6.0,MSVC 1944,Windows,x86_64,unreported,sum_scaling,double,1048576,contiguous,1,stable,26,0.86070000000000002,4638345064186407456,122.84782612735512,6.1390892369672656e-12,4.9973120652561916e-14,1,1,1,1,Sequential,Reproducible,canonical,pairwise,canonical-pairwise-v1-leaf1024,StaticThread,1,1
1,1.6.0,1.6.0,MSVC 1944,Windows,x86_64,unreported,sum_scaling,double,1048576,contiguous,1,stable,27,0.871,4638345064186407456,122.84782612735512,6.1390892369672656e-12,4.9973120652561916e-14,1,1,1,1,Sequential,Reproducible,canonical,pairwise,canonical-pairwise-v1-leaf1024,StaticThread,1,1
1,1.6.0,1.6.0,MSVC 1944,Windows,x86_64,unreported,sum_scaling,double,1048576,contiguous,1,stable,28,0.87560000000000004,4638345064186407456,122.84782612735512,6.1390892369672656e-12,4.9973120652561916e-14,1,1,1,1,Sequential,Reproducible,canonical,pairwise,canonical-pairwise-v1-leaf1024,StaticThread,1,1
1,1.6.0,1.6.0,MSVC 1944,Windows,x86_64,unreported,sum_scaling,double,1048576,contiguous,1,stable,29,0.87109999999999999,4638345064186407456,122.84782612735512,6.1390892369672656e-12,4.9973120652561916e-14,1,1,1,1,Sequential,Reproducible,canonical,pairwise,canonical-pairwise-v1-leaf1024,StaticThread,1,1
1,1.6.0,1.6.0,MSVC 1944,Windows,x86_64,unreported,sum_scaling,double,1048576,contiguous,1,stable,30,0.86370000000000002,4638345064186407456,122.84782612735512,6.1390892369672656e-12,4.9973120652561916e-14,1,1,1,1,Sequential,Reproducible,canonical,pairwise,canonical-pairwise-v1-leaf1024,StaticThread,1,1
1,1.6.0,1.6.0,MSVC 1944,Windows,x86_64,unreported,sum_scaling,double,1048576,contiguous,1,stable,31,0.86450000000000005,4638345064186407456,122.84782612735512,6.1390892369672656e-12,4.9973120652561916e-14,1,1,1,1,Sequential,Reproducible,canonical,pairwise,canonical-pairwise-v1-leaf1024,StaticThread,1,1
1,1.6.0,1.6.0,MSVC 1944,Windows,x86_64,unreported,sum_scaling,double,1048576,contiguous,1,first_call,0,0.8669,4638345064186407456,122.84782612735512,6.1390892369672656e-12,4.9973120652561916e-14,1,1,1,1,StaticThread,Reproducible,canonical,pairwise,canonical-pairwise-v1-leaf1024,StaticThread,2,2
1,1.6.0,1.6.0,MSVC 1944,Windows,x86_64,unreported,sum_scaling,double,1048576,contiguous,1,stable,1,0.70189999999999997,4638345064186407456,122.84782612735512,6.1390892369672656e-12,4.9973120652561916e-14,1,1,1,1,StaticThread,Reproducible,canonical,pairwise,canonical-pairwise-v1-leaf1024,StaticThread,2,2
1,1.6.0,1.6.0,MSVC 1944,Windows,x86_64,unreported,sum_scaling,double,1048576,contiguous,1,stable,2,0.73150000000000004,4638345064186407456,122.84782612735512,6.1390892369672656e-12,4.9973120652561916e-14,1,1,1,1,StaticThread,Reproducible,canonical,pairwise,canonical-pairwise-v1-leaf1024,StaticThread,2,2
1,1.6.0,1.6.0,MSVC 1944,Windows,x86_64,unreported,sum_scaling,double,1048576,contiguous,1,stable,3,0.69740000000000002,4638345064186407456,122.84782612735512,6.1390892369672656e-12,4.9973120652561916e-14,1,1,1,1,StaticThread,Reproducible,canonical,pairwise,canonical-pairwise-v1-leaf1024,StaticThread,2,2
1,1.6.0,1.6.0,MSVC 1944,Windows,x86_64,unreported,sum_scaling,double,1048576,contiguous,1,stable,4,0.69179999999999997,4638345064186407456,122.84782612735512,6.1390892369672656e-12,4.9973120652561916e-14,1,1,1,1,StaticThread,Reproducible,canonical,pairwise,canonical-pairwise-v1-leaf1024,StaticThread,2,2
1,1.6.0,1.6.0,MSVC 1944,Windows,x86_64,unreported,sum_scaling,double,1048576,contiguous,1,stable,5,0.73719999999999997,4638345064186407456,122.84782612735512,6.1390892369672656e-12,4.9973120652561916e-14,1,1,1,1,StaticThread,Reproducible,canonical,pairwise,canonical-pairwise-v1-leaf1024,StaticThread,2,2
1,1.6.0,1.6.0,MSVC 1944,Windows,x86_64,unreported,sum_scaling,double,1048576,contiguous,1,stable,6,0.68400000000000005,4638345064186407456,122.84782612735512,6.1390892369672656e-12,4.9973120652561916e-14,1,1,1,1,StaticThread,Reproducible,canonical,pairwise,canonical-pairwise-v1-leaf1024,StaticThread,2,2
1,1.6.0,1.6.0,MSVC 1944,Windows,x86_64,unreported,sum_scaling,double,1048576,contiguous,1,stable,7,0.65059999999999996,4638345064186407456,122.84782612735512,6.1390892369672656e-12,4.9973120652561916e-14,1,1,1,1,StaticThread,Reproducible,canonical,pairwise,canonical-pairwise-v1-leaf1024,StaticThread,2,2
1,1.6.0,1.6.0,MSVC 1944,Windows,x86_64,unreported,sum_scaling,double,1048576,contiguous,1,stable,8,0.66830000000000001,4638345064186407456,122.84782612735512,6.1390892369672656e-12,4.9973120652561916e-14,1,1,1,1,StaticThread,Reproducible,canonical,pairwise,canonical-pairwise-v1-leaf1024,StaticThread,2,2
1,1.6.0,1.6.0,MSVC 1944,Windows,x86_64,unreported,sum_scaling,double,1048576,contiguous,1,stable,9,0.66800000000000004,4638345064186407456,122.84782612735512,6.1390892369672656e-12,4.9973120652561916e-14,1,1,1,1,StaticThread,Reproducible,canonical,pairwise,canonical-pairwise-v1-leaf1024,StaticThread,2,2
1,1.6.0,1.6.0,MSVC 1944,Windows,x86_64,unreported,sum_scaling,double,1048576,contiguous,1,stable,10,0.70760000000000001,4638345064186407456,122.84782612735512,6.1390892369672656e-12,4.9973120652561916e-14,1,1,1,1,StaticThread,Reproducible,canonical,pairwise,canonical-pairwise-v1-leaf1024,StaticThread,2,2
1,1.6.0,1.6.0,MSVC 1944,Windows,x86_64,unreported,sum_scaling,double,1048576,contiguous,1,stable,11,0.69579999999999997,4638345064186407456,122.84782612735512,6.1390892369672656e-12,4.9973120652561916e-14,1,1,1,1,StaticThread,Reproducible,canonical,pairwise,canonical-pairwise-v1-leaf1024,StaticThread,2,2
1,1.6.0,1.6.0,MSVC 1944,Windows,x86_64,unreported,sum_scaling,double,1048576,contiguous,1,stable,12,0.65800000000000003,4638345064186407456,122.84782612735512,6.1390892369672656e-12,4.9973120652561916e-14,1,1,1,1,StaticThread,Reproducible,canonical,pairwise,canonical-pairwise-v1-leaf1024,StaticThread,2,2
1,1.6.0,1.6.0,MSVC 1944,Windows,x86_64,unreported,sum_scaling,double,1048576,contiguous,1,stable,13,0.66849999999999998,4638345064186407456,122.84782612735512,6.1390892369672656e-12,4.9973120652561916e-14,1,1,1,1,StaticThread,Reproducible,canonical,pairwise,canonical-pairwise-v1-leaf1024,StaticThread,2,2
1,1.6.0,1.6.0,MSVC 1944,Windows,x86_64,unreported,sum_scaling,double,1048576,contiguous,1,stable,14,0.64849999999999997,4638345064186407456,122.84782612735512,6.1390892369672656e-12,4.9973120652561916e-14,1,1,1,1,StaticThread,Reproducible,canonical,pairwise,canonical-pairwise-v1-leaf1024,StaticThread,2,2
1,1.6.0,1.6.0,MSVC 1944,Windows,x86_64,unreported,sum_scaling,double,1048576,contiguous,1,stable,15,0.65110000000000001,4638345064186407456,122.84782612735512,6.1390892369672656e-12,4.9973120652561916e-14,1,1,1,1,StaticThread,Reproducible,canonical,pairwise,canonical-pairwise-v1-leaf1024,StaticThread,2,2
1,1.6.0,1.6.0,MSVC 1944,Windows,x86_64,unreported,sum_scaling,double,1048576,contiguous,1,stable,16,0.67330000000000001,4638345064186407456,122.84782612735512,6.1390892369672656e-12,4.9973120652561916e-14,1,1,1,1,StaticThread,Reproducible,canonical,pairwise,canonical-pairwise-v1-leaf1024,StaticThread,2,2
1,1.6.0,1.6.0,MSVC 1944,Windows,x86_64,unreported,sum_scaling,double,1048576,contiguous,1,stable,17,0.67349999999999999,4638345064186407456,122.84782612735512,6.1390892369672656e-12,4.9973120652561916e-14,1,1,1,1,StaticThread,Reproducible,canonical,pairwise,canonical-pairwise-v1-leaf1024,StaticThread,2,2
1,1.6.0,1.6.0,MSVC 1944,Windows,x86_64,unreported,sum_scaling,double,1048576,contiguous,1,stable,18,0.6431,4638345064186407456,122.84782612735512,6.1390892369672656e-12,4.9973120652561916e-14,1,1,1,1,StaticThread,Reproducible,canonical,pairwise,canonical-pairwise-v1-leaf1024,StaticThread,2,2
1,1.6.0,1.6.0,MSVC 1944,Windows,x86_64,unreported,sum_scaling,double,1048576,contiguous,1,stable,19,0.74609999999999999,4638345064186407456,122.84782612735512,6.1390892369672656e-12,4.9973120652561916e-14,1,1,1,1,StaticThread,Reproducible,canonical,pairwise,canonical-pairwise-v1-leaf1024,StaticThread,2,2
1,1.6.0,1.6.0,MSVC 1944,Windows,x86_64,unreported,sum_scaling,double,1048576,contiguous,1,stable,20,0.66310000000000002,4638345064186407456,122.84782612735512,6.1390892369672656e-12,4.9973120652561916e-14,1,1,1,1,StaticThread,Reproducible,canonical,pairwise,canonical-pairwise-v1-leaf1024,StaticThread,2,2
1,1.6.0,1.6.0,MSVC 1944,Windows,x86_64,unreported,sum_scaling,double,1048576,contiguous,1,stable,21,0.69620000000000004,4638345064186407456,122.84782612735512,6.1390892369672656e-12,4.9973120652561916e-14,1,1,1,1,StaticThread,Reproducible,canonical,pairwise,canonical-pairwise-v1-leaf1024,StaticThread,2,2
1,1.6.0,1.6.0,MSVC 1944,Windows,x86_64,unreported,sum_scaling,double,1048576,contiguous,1,stable,22,0.66820000000000002,4638345064186407456,122.84782612735512,6.1390892369672656e-12,4.9973120652561916e-14,1,1,1,1,StaticThread,Reproducible,canonical,pairwise,canonical-pairwise-v1-leaf1024,StaticThread,2,2
1,1.6.0,1.6.0,MSVC 1944,Windows,x86_64,unreported,sum_scaling,double,1048576,contiguous,1,stable,23,0.69330000000000003,4638345064186407456,122.84782612735512,6.1390892369672656e-12,4.9973120652561916e-14,1,1,1,1,StaticThread,Reproducible,canonical,pairwise,canonical-pairwise-v1-leaf1024,StaticThread,2,2
1,1.6.0,1.6.0,MSVC 1944,Windows,x86_64,unreported,sum_scaling,double,1048576,contiguous,1,stable,24,0.68400000000000005,4638345064186407456,122.84782612735512,6.1390892369672656e-12,4.9973120652561916e-14,1,1,1,1,StaticThread,Reproducible,canonical,pairwise,canonical-pairwise-v1-leaf1024,StaticThread,2,2
1,1.6.0,1.6.0,MSVC 1944,Windows,x86_64,unreported,sum_scaling,double,1048576,contiguous,1,stable,25,0.66549999999999998,4638345064186407456,122.84782612735512,6.1390892369672656e-12,4.9973120652561916e-14,1,1,1,1,StaticThread,Reproducible,canonical,pairwise,canonical-pairwise-v1-leaf1024,StaticThread,2,2
1,1.6.0,1.6.0,MSVC 1944,Windows,x86_64,unreported,sum_scaling,double,1048576,contiguous,1,stable,26,0.68410000000000004,4638345064186407456,122.84782612735512,6.1390892369672656e-12,4.9973120652561916e-14,1,1,1,1,StaticThread,Reproducible,canonical,pairwise,canonical-pairwise-v1-leaf1024,StaticThread,2,2
1,1.6.0,1.6.0,MSVC 1944,Windows,x86_64,unreported,sum_scaling,double,1048576,contiguous,1,stable,27,0.68999999999999995,4638345064186407456,122.84782612735512,6.1390892369672656e-12,4.9973120652561916e-14,1,1,1,1,StaticThread,Reproducible,canonical,pairwise,canonical-pairwise-v1-leaf1024,StaticThread,2,2
1,1.6.0,1.6.0,MSVC 1944,Windows,x86_64,unreported,sum_scaling,double,1048576,contiguous,1,stable,28,0.66369999999999996,4638345064186407456,122.84782612735512,6.1390892369672656e-12,4.9973120652561916e-14,1,1,1,1,StaticThread,Reproducible,canonical,pairwise,canonical-pairwise-v1-leaf1024,StaticThread,2,2
1,1.6.0,1.6.0,MSVC 1944,Windows,x86_64,unreported,sum_scaling,double,1048576,contiguous,1,stable,29,0.66279999999999994,4638345064186407456,122.84782612735512,6.1390892369672656e-12,4.9973120652561916e-14,1,1,1,1,StaticThread,Reproducible,canonical,pairwise,canonical-pairwise-v1-leaf1024,StaticThread,2,2
1,1.6.0,1.6.0,MSVC 1944,Windows,x86_64,unreported,sum_scaling,double,1048576,contiguous,1,stable,30,0.65939999999999999,4638345064186407456,122.84782612735512,6.1390892369672656e-12,4.9973120652561916e-14,1,1,1,1,StaticThread,Reproducible,canonical,pairwise,canonical-pairwise-v1-leaf1024,StaticThread,2,2
1,1.6.0,1.6.0,MSVC 1944,Windows,x86_64,unreported,sum_scaling,double,1048576,contiguous,1,stable,31,0.65659999999999996,4638345064186407456,122.84782612735512,6.1390892369672656e-12,4.9973120652561916e-14,1,1,1,1,StaticThread,Reproducible,canonical,pairwise,canonical-pairwise-v1-leaf1024,StaticThread,2,2
1,1.6.0,1.6.0,MSVC 1944,Windows,x86_64,unreported,sum_scaling,double,1048576,contiguous,1,first_call,0,0.52610000000000001,4638345064186407456,122.84782612735512,6.1390892369672656e-12,4.9973120652561916e-14,1,1,1,1,StaticThread,Reproducible,canonical,pairwise,canonical-pairwise-v1-leaf1024,StaticThread,4,4
1,1.6.0,1.6.0,MSVC 1944,Windows,x86_64,unreported,sum_scaling,double,1048576,contiguous,1,stable,1,0.54969999999999997,4638345064186407456,122.84782612735512,6.1390892369672656e-12,4.9973120652561916e-14,1,1,1,1,StaticThread,Reproducible,canonical,pairwise,canonical-pairwise-v1-leaf1024,StaticThread,4,4
1,1.6.0,1.6.0,MSVC 1944,Windows,x86_64,unreported,sum_scaling,double,1048576,contiguous,1,stable,2,0.58460000000000001,4638345064186407456,122.84782612735512,6.1390892369672656e-12,4.9973120652561916e-14,1,1,1,1,StaticThread,Reproducible,canonical,pairwise,canonical-pairwise-v1-leaf1024,StaticThread,4,4
1,1.6.0,1.6.0,MSVC 1944,Windows,x86_64,unreported,sum_scaling,double,1048576,contiguous,1,stable,3,0.59179999999999999,4638345064186407456,122.84782612735512,6.1390892369672656e-12,4.9973120652561916e-14,1,1,1,1,StaticThread,Reproducible,canonical,pairwise,canonical-pairwise-v1-leaf1024,StaticThread,4,4
1,1.6.0,1.6.0,MSVC 1944,Windows,x86_64,unreported,sum_scaling,double,1048576,contiguous,1,stable,4,0.54859999999999998,4638345064186407456,122.84782612735512,6.1390892369672656e-12,4.9973120652561916e-14,1,1,1,1,StaticThread,Reproducible,canonical,pairwise,canonical-pairwise-v1-leaf1024,StaticThread,4,4
1,1.6.0,1.6.0,MSVC 1944,Windows,x86_64,unreported,sum_scaling,double,1048576,contiguous,1,stable,5,0.5323,4638345064186407456,122.84782612735512,6.1390892369672656e-12,4.9973120652561916e-14,1,1,1,1,StaticThread,Reproducible,canonical,pairwise,canonical-pairwise-v1-leaf1024,StaticThread,4,4
1,1.6.0,1.6.0,MSVC 1944,Windows,x86_64,unreported,sum_scaling,double,1048576,contiguous,1,stable,6,0.50770000000000004,4638345064186407456,122.84782612735512,6.1390892369672656e-12,4.9973120652561916e-14,1,1,1,1,StaticThread,Reproducible,canonical,pairwise,canonical-pairwise-v1-leaf1024,StaticThread,4,4
1,1.6.0,1.6.0,MSVC 1944,Windows,x86_64,unreported,sum_scaling,double,1048576,contiguous,1,stable,7,0.49990000000000001,4638345064186407456,122.84782612735512,6.1390892369672656e-12,4.9973120652561916e-14,1,1,1,1,StaticThread,Reproducible,canonical,pairwise,canonical-pairwise-v1-leaf1024,StaticThread,4,4
1,1.6.0,1.6.0,MSVC 1944,Windows,x86_64,unreported,sum_scaling,double,1048576,contiguous,1,stable,8,0.52480000000000004,4638345064186407456,122.84782612735512,6.1390892369672656e-12,4.9973120652561916e-14,1,1,1,1,StaticThread,Reproducible,canonical,pairwise,canonical-pairwise-v1-leaf1024,StaticThread,4,4
1,1.6.0,1.6.0,MSVC 1944,Windows,x86_64,unreported,sum_scaling,double,1048576,contiguous,1,stable,9,0.56610000000000005,4638345064186407456,122.84782612735512,6.1390892369672656e-12,4.9973120652561916e-14,1,1,1,1,StaticThread,Reproducible,canonical,pairwise,canonical-pairwise-v1-leaf1024,StaticThread,4,4
1,1.6.0,1.6.0,MSVC 1944,Windows,x86_64,unreported,sum_scaling,double,1048576,contiguous,1,stable,10,0.5877,4638345064186407456,122.84782612735512,6.1390892369672656e-12,4.9973120652561916e-14,1,1,1,1,StaticThread,Reproducible,canonical,pairwise,canonical-pairwise-v1-leaf1024,StaticThread,4,4
1,1.6.0,1.6.0,MSVC 1944,Windows,x86_64,unreported,sum_scaling,double,1048576,contiguous,1,stable,11,0.51400000000000001,4638345064186407456,122.84782612735512,6.1390892369672656e-12,4.9973120652561916e-14,1,1,1,1,StaticThread,Reproducible,canonical,pairwise,canonical-pairwise-v1-leaf1024,StaticThread,4,4
1,1.6.0,1.6.0,MSVC 1944,Windows,x86_64,unreported,sum_scaling,double,1048576,contiguous,1,stable,12,0.58320000000000005,4638345064186407456,122.84782612735512,6.1390892369672656e-12,4.9973120652561916e-14,1,1,1,1,StaticThread,Reproducible,canonical,pairwise,canonical-pairwise-v1-leaf1024,StaticThread,4,4
1,1.6.0,1.6.0,MSVC 1944,Windows,x86_64,unreported,sum_scaling,double,1048576,contiguous,1,stable,13,0.55720000000000003,4638345064186407456,122.84782612735512,6.1390892369672656e-12,4.9973120652561916e-14,1,1,1,1,StaticThread,Reproducible,canonical,pairwise,canonical-pairwise-v1-leaf1024,StaticThread,4,4
1,1.6.0,1.6.0,MSVC 1944,Windows,x86_64,unreported,sum_scaling,double,1048576,contiguous,1,stable,14,0.51290000000000002,4638345064186407456,122.84782612735512,6.1390892369672656e-12,4.9973120652561916e-14,1,1,1,1,StaticThread,Reproducible,canonical,pairwise,canonical-pairwise-v1-leaf1024,StaticThread,4,4
1,1.6.0,1.6.0,MSVC 1944,Windows,x86_64,unreported,sum_scaling,double,1048576,contiguous,1,stable,15,0.53920000000000001,4638345064186407456,122.84782612735512,6.1390892369672656e-12,4.9973120652561916e-14,1,1,1,1,StaticThread,Reproducible,canonical,pairwise,canonical-pairwise-v1-leaf1024,StaticThread,4,4
1,1.6.0,1.6.0,MSVC 1944,Windows,x86_64,unreported,sum_scaling,double,1048576,contiguous,1,stable,16,0.57930000000000004,4638345064186407456,122.84782612735512,6.1390892369672656e-12,4.9973120652561916e-14,1,1,1,1,StaticThread,Reproducible,canonical,pairwise,canonical-pairwise-v1-leaf1024,StaticThread,4,4
1,1.6.0,1.6.0,MSVC 1944,Windows,x86_64,unreported,sum_scaling,double,1048576,contiguous,1,stable,17,0.57499999999999996,4638345064186407456,122.84782612735512,6.1390892369672656e-12,4.9973120652561916e-14,1,1,1,1,StaticThread,Reproducible,canonical,pairwise,canonical-pairwise-v1-leaf1024,StaticThread,4,4
1,1.6.0,1.6.0,MSVC 1944,Windows,x86_64,unreported,sum_scaling,double,1048576,contiguous,1,stable,18,0.50639999999999996,4638345064186407456,122.84782612735512,6.1390892369672656e-12,4.9973120652561916e-14,1,1,1,1,StaticThread,Reproducible,canonical,pairwise,canonical-pairwise-v1-leaf1024,StaticThread,4,4
1,1.6.0,1.6.0,MSVC 1944,Windows,x86_64,unreported,sum_scaling,double,1048576,contiguous,1,stable,19,0.5161,4638345064186407456,122.84782612735512,6.1390892369672656e-12,4.9973120652561916e-14,1,1,1,1,StaticThread,Reproducible,canonical,pairwise,canonical-pairwise-v1-leaf1024,StaticThread,4,4
1,1.6.0,1.6.0,MSVC 1944,Windows,x86_64,unreported,sum_scaling,double,1048576,contiguous,1,stable,20,0.49519999999999997,4638345064186407456,122.84782612735512,6.1390892369672656e-12,4.9973120652561916e-14,1,1,1,1,StaticThread,Reproducible,canonical,pairwise,canonical-pairwise-v1-leaf1024,StaticThread,4,4
1,1.6.0,1.6.0,MSVC 1944,Windows,x86_64,unreported,sum_scaling,double,1048576,contiguous,1,stable,21,0.50029999999999997,4638345064186407456,122.84782612735512,6.1390892369672656e-12,4.9973120652561916e-14,1,1,1,1,StaticThread,Reproducible,canonical,pairwise,canonical-pairwise-v1-leaf1024,StaticThread,4,4
1,1.6.0,1.6.0,MSVC 1944,Windows,x86_64,unreported,sum_scaling,double,1048576,contiguous,1,stable,22,0.52210000000000001,4638345064186407456,122.84782612735512,6.1390892369672656e-12,4.9973120652561916e-14,1,1,1,1,StaticThread,Reproducible,canonical,pairwise,canonical-pairwise-v1-leaf1024,StaticThread,4,4
1,1.6.0,1.6.0,MSVC 1944,Windows,x86_64,unreported,sum_scaling,double,1048576,contiguous,1,stable,23,0.54200000000000004,4638345064186407456,122.84782612735512,6.1390892369672656e-12,4.9973120652561916e-14,1,1,1,1,StaticThread,Reproducible,canonical,pairwise,canonical-pairwise-v1-leaf1024,StaticThread,4,4
1,1.6.0,1.6.0,MSVC 1944,Windows,x86_64,unreported,sum_scaling,double,1048576,contiguous,1,stable,24,0.53369999999999995,4638345064186407456,122.84782612735512,6.1390892369672656e-12,4.9973120652561916e-14,1,1,1,1,StaticThread,Reproducible,canonical,pairwise,canonical-pairwise-v1-leaf1024,StaticThread,4,4
1,1.6.0,1.6.0,MSVC 1944,Windows,x86_64,unreported,sum_scaling,double,1048576,contiguous,1,stable,25,0.49609999999999999,4638345064186407456,122.84782612735512,6.1390892369672656e-12,4.9973120652561916e-14,1,1,1,1,StaticThread,Reproducible,canonical,pairwise,canonical-pairwise-v1-leaf1024,StaticThread,4,4
1,1.6.0,1.6.0,MSVC 1944,Windows,x86_64,unreported,sum_scaling,double,1048576,contiguous,1,stable,26,0.55900000000000005,4638345064186407456,122.84782612735512,6.1390892369672656e-12,4.9973120652561916e-14,1,1,1,1,StaticThread,Reproducible,canonical,pairwise,canonical-pairwise-v1-leaf1024,StaticThread,4,4
1,1.6.0,1.6.0,MSVC 1944,Windows,x86_64,unreported,sum_scaling,double,1048576,contiguous,1,stable,27,0.52159999999999995,4638345064186407456,122.84782612735512,6.1390892369672656e-12,4.9973120652561916e-14,1,1,1,1,StaticThread,Reproducible,canonical,pairwise,canonical-pairwise-v1-leaf1024,StaticThread,4,4
1,1.6.0,1.6.0,MSVC 1944,Windows,x86_64,unreported,sum_scaling,double,1048576,contiguous,1,stable,28,0.5413,4638345064186407456,122.84782612735512,6.1390892369672656e-12,4.9973120652561916e-14,1,1,1,1,StaticThread,Reproducible,canonical,pairwise,canonical-pairwise-v1-leaf1024,StaticThread,4,4
1,1.6.0,1.6.0,MSVC 1944,Windows,x86_64,unreported,sum_scaling,double,1048576,contiguous,1,stable,29,0.51249999999999996,4638345064186407456,122.84782612735512,6.1390892369672656e-12,4.9973120652561916e-14,1,1,1,1,StaticThread,Reproducible,canonical,pairwise,canonical-pairwise-v1-leaf1024,StaticThread,4,4
1,1.6.0,1.6.0,MSVC 1944,Windows,x86_64,unreported,sum_scaling,double,1048576,contiguous,1,stable,30,0.54320000000000002,4638345064186407456,122.84782612735512,6.1390892369672656e-12,4.9973120652561916e-14,1,1,1,1,StaticThread,Reproducible,canonical,pairwise,canonical-pairwise-v1-leaf1024,StaticThread,4,4
1,1.6.0,1.6.0,MSVC 1944,Windows,x86_64,unreported,sum_scaling,double,1048576,contiguous,1,stable,31,0.57520000000000004,4638345064186407456,122.84782612735512,6.1390892369672656e-12,4.9973120652561916e-14,1,1,1,1,StaticThread,Reproducible,canonical,pairwise,canonical-pairwise-v1-leaf1024,StaticThread,4,4
1,1.6.0,1.6.0,MSVC 1944,Windows,x86_64,unreported,sum_scaling,double,1048576,contiguous,1,first_call,0,0.65469999999999995,4638345064186407456,122.84782612735512,6.1390892369672656e-12,4.9973120652561916e-14,1,1,1,1,StaticThread,Reproducible,canonical,pairwise,canonical-pairwise-v1-leaf1024,StaticThread,8,8
1,1.6.0,1.6.0,MSVC 1944,Windows,x86_64,unreported,sum_scaling,double,1048576,contiguous,1,stable,1,0.67520000000000002,4638345064186407456,122.84782612735512,6.1390892369672656e-12,4.9973120652561916e-14,1,1,1,1,StaticThread,Reproducible,canonical,pairwise,canonical-pairwise-v1-leaf1024,StaticThread,8,8
1,1.6.0,1.6.0,MSVC 1944,Windows,x86_64,unreported,sum_scaling,double,1048576,contiguous,1,stable,2,0.77990000000000004,4638345064186407456,122.84782612735512,6.1390892369672656e-12,4.9973120652561916e-14,1,1,1,1,StaticThread,Reproducible,canonical,pairwise,canonical-pairwise-v1-leaf1024,StaticThread,8,8
1,1.6.0,1.6.0,MSVC 1944,Windows,x86_64,unreported,sum_scaling,double,1048576,contiguous,1,stable,3,0.66200000000000003,4638345064186407456,122.84782612735512,6.1390892369672656e-12,4.9973120652561916e-14,1,1,1,1,StaticThread,Reproducible,canonical,pairwise,canonical-pairwise-v1-leaf1024,StaticThread,8,8
1,1.6.0,1.6.0,MSVC 1944,Windows,x86_64,unreported,sum_scaling,double,1048576,contiguous,1,stable,4,0.66190000000000004,4638345064186407456,122.84782612735512,6.1390892369672656e-12,4.9973120652561916e-14,1,1,1,1,StaticThread,Reproducible,canonical,pairwise,canonical-pairwise-v1-leaf1024,StaticThread,8,8
1,1.6.0,1.6.0,MSVC 1944,Windows,x86_64,unreported,sum_scaling,double,1048576,contiguous,1,stable,5,0.69520000000000004,4638345064186407456,122.84782612735512,6.1390892369672656e-12,4.9973120652561916e-14,1,1,1,1,StaticThread,Reproducible,canonical,pairwise,canonical-pairwise-v1-leaf1024,StaticThread,8,8
1,1.6.0,1.6.0,MSVC 1944,Windows,x86_64,unreported,sum_scaling,double,1048576,contiguous,1,stable,6,0.6845,4638345064186407456,122.84782612735512,6.1390892369672656e-12,4.9973120652561916e-14,1,1,1,1,StaticThread,Reproducible,canonical,pairwise,canonical-pairwise-v1-leaf1024,StaticThread,8,8
1,1.6.0,1.6.0,MSVC 1944,Windows,x86_64,unreported,sum_scaling,double,1048576,contiguous,1,stable,7,0.65959999999999996,4638345064186407456,122.84782612735512,6.1390892369672656e-12,4.9973120652561916e-14,1,1,1,1,StaticThread,Reproducible,canonical,pairwise,canonical-pairwise-v1-leaf1024,StaticThread,8,8
1,1.6.0,1.6.0,MSVC 1944,Windows,x86_64,unreported,sum_scaling,double,1048576,contiguous,1,stable,8,0.71930000000000005,4638345064186407456,122.84782612735512,6.1390892369672656e-12,4.9973120652561916e-14,1,1,1,1,StaticThread,Reproducible,canonical,pairwise,canonical-pairwise-v1-leaf1024,StaticThread,8,8
1,1.6.0,1.6.0,MSVC 1944,Windows,x86_64,unreported,sum_scaling,double,1048576,contiguous,1,stable,9,0.63490000000000002,4638345064186407456,122.84782612735512,6.1390892369672656e-12,4.9973120652561916e-14,1,1,1,1,StaticThread,Reproducible,canonical,pairwise,canonical-pairwise-v1-leaf1024,StaticThread,8,8
1,1.6.0,1.6.0,MSVC 1944,Windows,x86_64,unreported,sum_scaling,double,1048576,contiguous,1,stable,10,0.67779999999999996,4638345064186407456,122.84782612735512,6.1390892369672656e-12,4.9973120652561916e-14,1,1,1,1,StaticThread,Reproducible,canonical,pairwise,canonical-pairwise-v1-leaf1024,StaticThread,8,8
1,1.6.0,1.6.0,MSVC 1944,Windows,x86_64,unreported,sum_scaling,double,1048576,contiguous,1,stable,11,0.70020000000000004,4638345064186407456,122.84782612735512,6.1390892369672656e-12,4.9973120652561916e-14,1,1,1,1,StaticThread,Reproducible,canonical,pairwise,canonical-pairwise-v1-leaf1024,StaticThread,8,8
1,1.6.0,1.6.0,MSVC 1944,Windows,x86_64,unreported,sum_scaling,double,1048576,contiguous,1,stable,12,0.77029999999999998,4638345064186407456,122.84782612735512,6.1390892369672656e-12,4.9973120652561916e-14,1,1,1,1,StaticThread,Reproducible,canonical,pairwise,canonical-pairwise-v1-leaf1024,StaticThread,8,8
1,1.6.0,1.6.0,MSVC 1944,Windows,x86_64,unreported,sum_scaling,double,1048576,contiguous,1,stable,13,0.72289999999999999,4638345064186407456,122.84782612735512,6.1390892369672656e-12,4.9973120652561916e-14,1,1,1,1,StaticThread,Reproducible,canonical,pairwise,canonical-pairwise-v1-leaf1024,StaticThread,8,8
1,1.6.0,1.6.0,MSVC 1944,Windows,x86_64,unreported,sum_scaling,double,1048576,contiguous,1,stable,14,0.69750000000000001,4638345064186407456,122.84782612735512,6.1390892369672656e-12,4.9973120652561916e-14,1,1,1,1,StaticThread,Reproducible,canonical,pairwise,canonical-pairwise-v1-leaf1024,StaticThread,8,8
1,1.6.0,1.6.0,MSVC 1944,Windows,x86_64,unreported,sum_scaling,double,1048576,contiguous,1,stable,15,0.68959999999999999,4638345064186407456,122.84782612735512,6.1390892369672656e-12,4.9973120652561916e-14,1,1,1,1,StaticThread,Reproducible,canonical,pairwise,canonical-pairwise-v1-leaf1024,StaticThread,8,8
1,1.6.0,1.6.0,MSVC 1944,Windows,x86_64,unreported,sum_scaling,double,1048576,contiguous,1,stable,16,0.71740000000000004,4638345064186407456,122.84782612735512,6.1390892369672656e-12,4.9973120652561916e-14,1,1,1,1,StaticThread,Reproducible,canonical,pairwise,canonical-pairwise-v1-leaf1024,StaticThread,8,8
1,1.6.0,1.6.0,MSVC 1944,Windows,x86_64,unreported,sum_scaling,double,1048576,contiguous,1,stable,17,0.71599999999999997,4638345064186407456,122.84782612735512,6.1390892369672656e-12,4.9973120652561916e-14,1,1,1,1,StaticThread,Reproducible,canonical,pairwise,canonical-pairwise-v1-leaf1024,StaticThread,8,8
1,1.6.0,1.6.0,MSVC 1944,Windows,x86_64,unreported,sum_scaling,double,1048576,contiguous,1,stable,18,0.67500000000000004,4638345064186407456,122.84782612735512,6.1390892369672656e-12,4.9973120652561916e-14,1,1,1,1,StaticThread,Reproducible,canonical,pairwise,canonical-pairwise-v1-leaf1024,StaticThread,8,8
1,1.6.0,1.6.0,MSVC 1944,Windows,x86_64,unreported,sum_scaling,double,1048576,contiguous,1,stable,19,0.69569999999999999,4638345064186407456,122.84782612735512,6.1390892369672656e-12,4.9973120652561916e-14,1,1,1,1,StaticThread,Reproducible,canonical,pairwise,canonical-pairwise-v1-leaf1024,StaticThread,8,8
1,1.6.0,1.6.0,MSVC 1944,Windows,x86_64,unreported,sum_scaling,double,1048576,contiguous,1,stable,20,0.67410000000000003,4638345064186407456,122.84782612735512,6.1390892369672656e-12,4.9973120652561916e-14,1,1,1,1,StaticThread,Reproducible,canonical,pairwise,canonical-pairwise-v1-leaf1024,StaticThread,8,8
1,1.6.0,1.6.0,MSVC 1944,Windows,x86_64,unreported,sum_scaling,double,1048576,contiguous,1,stable,21,0.71730000000000005,4638345064186407456,122.84782612735512,6.1390892369672656e-12,4.9973120652561916e-14,1,1,1,1,StaticThread,Reproducible,canonical,pairwise,canonical-pairwise-v1-leaf1024,StaticThread,8,8
1,1.6.0,1.6.0,MSVC 1944,Windows,x86_64,unreported,sum_scaling,double,1048576,contiguous,1,stable,22,0.6734,4638345064186407456,122.84782612735512,6.1390892369672656e-12,4.9973120652561916e-14,1,1,1,1,StaticThread,Reproducible,canonical,pairwise,canonical-pairwise-v1-leaf1024,StaticThread,8,8
1,1.6.0,1.6.0,MSVC 1944,Windows,x86_64,unreported,sum_scaling,double,1048576,contiguous,1,stable,23,0.755,4638345064186407456,122.84782612735512,6.1390892369672656e-12,4.9973120652561916e-14,1,1,1,1,StaticThread,Reproducible,canonical,pairwise,canonical-pairwise-v1-leaf1024,StaticThread,8,8
1,1.6.0,1.6.0,MSVC 1944,Windows,x86_64,unreported,sum_scaling,double,1048576,contiguous,1,stable,24,0.76390000000000002,4638345064186407456,122.84782612735512,6.1390892369672656e-12,4.9973120652561916e-14,1,1,1,1,StaticThread,Reproducible,canonical,pairwise,canonical-pairwise-v1-leaf1024,StaticThread,8,8
1,1.6.0,1.6.0,MSVC 1944,Windows,x86_64,unreported,sum_scaling,double,1048576,contiguous,1,stable,25,0.66900000000000004,4638345064186407456,122.84782612735512,6.1390892369672656e-12,4.9973120652561916e-14,1,1,1,1,StaticThread,Reproducible,canonical,pairwise,canonical-pairwise-v1-leaf1024,StaticThread,8,8
1,1.6.0,1.6.0,MSVC 1944,Windows,x86_64,unreported,sum_scaling,double,1048576,contiguous,1,stable,26,0.66600000000000004,4638345064186407456,122.84782612735512,6.1390892369672656e-12,4.9973120652561916e-14,1,1,1,1,StaticThread,Reproducible,canonical,pairwise,canonical-pairwise-v1-leaf1024,StaticThread,8,8
1,1.6.0,1.6.0,MSVC 1944,Windows,x86_64,unreported,sum_scaling,double,1048576,contiguous,1,stable,27,0.72809999999999997,4638345064186407456,122.84782612735512,6.1390892369672656e-12,4.9973120652561916e-14,1,1,1,1,StaticThread,Reproducible,canonical,pairwise,canonical-pairwise-v1-leaf1024,StaticThread,8,8
1,1.6.0,1.6.0,MSVC 1944,Windows,x86_64,unreported,sum_scaling,double,1048576,contiguous,1,stable,28,0.66259999999999997,4638345064186407456,122.84782612735512,6.1390892369672656e-12,4.9973120652561916e-14,1,1,1,1,StaticThread,Reproducible,canonical,pairwise,canonical-pairwise-v1-leaf1024,StaticThread,8,8
1,1.6.0,1.6.0,MSVC 1944,Windows,x86_64,unreported,sum_scaling,double,1048576,contiguous,1,stable,29,0.70609999999999995,4638345064186407456,122.84782612735512,6.1390892369672656e-12,4.9973120652561916e-14,1,1,1,1,StaticThread,Reproducible,canonical,pairwise,canonical-pairwise-v1-leaf1024,StaticThread,8,8
1,1.6.0,1.6.0,MSVC 1944,Windows,x86_64,unreported,sum_scaling,double,1048576,contiguous,1,stable,30,0.74319999999999997,4638345064186407456,122.84782612735512,6.1390892369672656e-12,4.9973120652561916e-14,1,1,1,1,StaticThread,Reproducible,canonical,pairwise,canonical-pairwise-v1-leaf1024,StaticThread,8,8
1,1.6.0,1.6.0,MSVC 1944,Windows,x86_64,unreported,sum_scaling,double,1048576,contiguous,1,stable,31,0.68830000000000002,4638345064186407456,122.84782612735512,6.1390892369672656e-12,4.9973120652561916e-14,1,1,1,1,StaticThread,Reproducible,canonical,pairwise,canonical-pairwise-v1-leaf1024,StaticThread,8,8
1,1.6.0,1.6.0,MSVC 1944,Windows,x86_64,unreported,sum_scaling,double,1048576,contiguous,1,first_call,0,0.88300000000000001,4638345064186407456,122.84782612735512,6.1390892369672656e-12,4.9973120652561916e-14,1,1,1,1,Sequential,Reproducible,canonical,pairwise,canonical-pairwise-v1-leaf1024,oneTBB,1,1
1,1.6.0,1.6.0,MSVC 1944,Windows,x86_64,unreported,sum_scaling,double,1048576,contiguous,1,stable,1,0.86809999999999998,4638345064186407456,122.84782612735512,6.1390892369672656e-12,4.9973120652561916e-14,1,1,1,1,Sequential,Reproducible,canonical,pairwise,canonical-pairwise-v1-leaf1024,oneTBB,1,1
1,1.6.0,1.6.0,MSVC 1944,Windows,x86_64,unreported,sum_scaling,double,1048576,contiguous,1,stable,2,0.85309999999999997,4638345064186407456,122.84782612735512,6.1390892369672656e-12,4.9973120652561916e-14,1,1,1,1,Sequential,Reproducible,canonical,pairwise,canonical-pairwise-v1-leaf1024,oneTBB,1,1
1,1.6.0,1.6.0,MSVC 1944,Windows,x86_64,unreported,sum_scaling,double,1048576,contiguous,1,stable,3,0.86150000000000004,4638345064186407456,122.84782612735512,6.1390892369672656e-12,4.9973120652561916e-14,1,1,1,1,Sequential,Reproducible,canonical,pairwise,canonical-pairwise-v1-leaf1024,oneTBB,1,1
1,1.6.0,1.6.0,MSVC 1944,Windows,x86_64,unreported,sum_scaling,double,1048576,contiguous,1,stable,4,0.85940000000000005,4638345064186407456,122.84782612735512,6.1390892369672656e-12,4.9973120652561916e-14,1,1,1,1,Sequential,Reproducible,canonical,pairwise,canonical-pairwise-v1-leaf1024,oneTBB,1,1
1,1.6.0,1.6.0,MSVC 1944,Windows,x86_64,unreported,sum_scaling,double,1048576,contiguous,1,stable,5,0.86280000000000001,4638345064186407456,122.84782612735512,6.1390892369672656e-12,4.9973120652561916e-14,1,1,1,1,Sequential,Reproducible,canonical,pairwise,canonical-pairwise-v1-leaf1024,oneTBB,1,1
1,1.6.0,1.6.0,MSVC 1944,Windows,x86_64,unreported,sum_scaling,double,1048576,contiguous,1,stable,6,0.86660000000000004,4638345064186407456,122.84782612735512,6.1390892369672656e-12,4.9973120652561916e-14,1,1,1,1,Sequential,Reproducible,canonical,pairwise,canonical-pairwise-v1-leaf1024,oneTBB,1,1
1,1.6.0,1.6.0,MSVC 1944,Windows,x86_64,unreported,sum_scaling,double,1048576,contiguous,1,stable,7,0.87019999999999997,4638345064186407456,122.84782612735512,6.1390892369672656e-12,4.9973120652561916e-14,1,1,1,1,Sequential,Reproducible,canonical,pairwise,canonical-pairwise-v1-leaf1024,oneTBB,1,1
1,1.6.0,1.6.0,MSVC 1944,Windows,x86_64,unreported,sum_scaling,double,1048576,contiguous,1,stable,8,0.87860000000000005,4638345064186407456,122.84782612735512,6.1390892369672656e-12,4.9973120652561916e-14,1,1,1,1,Sequential,Reproducible,canonical,pairwise,canonical-pairwise-v1-leaf1024,oneTBB,1,1
1,1.6.0,1.6.0,MSVC 1944,Windows,x86_64,unreported,sum_scaling,double,1048576,contiguous,1,stable,9,0.86739999999999995,4638345064186407456,122.84782612735512,6.1390892369672656e-12,4.9973120652561916e-14,1,1,1,1,Sequential,Reproducible,canonical,pairwise,canonical-pairwise-v1-leaf1024,oneTBB,1,1
1,1.6.0,1.6.0,MSVC 1944,Windows,x86_64,unreported,sum_scaling,double,1048576,contiguous,1,stable,10,0.86350000000000005,4638345064186407456,122.84782612735512,6.1390892369672656e-12,4.9973120652561916e-14,1,1,1,1,Sequential,Reproducible,canonical,pairwise,canonical-pairwise-v1-leaf1024,oneTBB,1,1
1,1.6.0,1.6.0,MSVC 1944,Windows,x86_64,unreported,sum_scaling,double,1048576,contiguous,1,stable,11,0.85560000000000003,4638345064186407456,122.84782612735512,6.1390892369672656e-12,4.9973120652561916e-14,1,1,1,1,Sequential,Reproducible,canonical,pairwise,canonical-pairwise-v1-leaf1024,oneTBB,1,1
1,1.6.0,1.6.0,MSVC 1944,Windows,x86_64,unreported,sum_scaling,double,1048576,contiguous,1,stable,12,0.86250000000000004,4638345064186407456,122.84782612735512,6.1390892369672656e-12,4.9973120652561916e-14,1,1,1,1,Sequential,Reproducible,canonical,pairwise,canonical-pairwise-v1-leaf1024,oneTBB,1,1
1,1.6.0,1.6.0,MSVC 1944,Windows,x86_64,unreported,sum_scaling,double,1048576,contiguous,1,stable,13,0.86270000000000002,4638345064186407456,122.84782612735512,6.1390892369672656e-12,4.9973120652561916e-14,1,1,1,1,Sequential,Reproducible,canonical,pairwise,canonical-pairwise-v1-leaf1024,oneTBB,1,1
1,1.6.0,1.6.0,MSVC 1944,Windows,x86_64,unreported,sum_scaling,double,1048576,contiguous,1,stable,14,0.86370000000000002,4638345064186407456,122.84782612735512,6.1390892369672656e-12,4.9973120652561916e-14,1,1,1,1,Sequential,Reproducible,canonical,pairwise,canonical-pairwise-v1-leaf1024,oneTBB,1,1
1,1.6.0,1.6.0,MSVC 1944,Windows,x86_64,unreported,sum_scaling,double,1048576,contiguous,1,stable,15,0.86370000000000002,4638345064186407456,122.84782612735512,6.1390892369672656e-12,4.9973120652561916e-14,1,1,1,1,Sequential,Reproducible,canonical,pairwise,canonical-pairwise-v1-leaf1024,oneTBB,1,1
1,1.6.0,1.6.0,MSVC 1944,Windows,x86_64,unreported,sum_scaling,double,1048576,contiguous,1,stable,16,0.86470000000000002,4638345064186407456,122.84782612735512,6.1390892369672656e-12,4.9973120652561916e-14,1,1,1,1,Sequential,Reproducible,canonical,pairwise,canonical-pairwise-v1-leaf1024,oneTBB,1,1
1,1.6.0,1.6.0,MSVC 1944,Windows,x86_64,unreported,sum_scaling,double,1048576,contiguous,1,stable,17,0.88090000000000002,4638345064186407456,122.84782612735512,6.1390892369672656e-12,4.9973120652561916e-14,1,1,1,1,Sequential,Reproducible,canonical,pairwise,canonical-pairwise-v1-leaf1024,oneTBB,1,1
1,1.6.0,1.6.0,MSVC 1944,Windows,x86_64,unreported,sum_scaling,double,1048576,contiguous,1,stable,18,0.86639999999999995,4638345064186407456,122.84782612735512,6.1390892369672656e-12,4.9973120652561916e-14,1,1,1,1,Sequential,Reproducible,canonical,pairwise,canonical-pairwise-v1-leaf1024,oneTBB,1,1
1,1.6.0,1.6.0,MSVC 1944,Windows,x86_64,unreported,sum_scaling,double,1048576,contiguous,1,stable,19,0.86580000000000001,4638345064186407456,122.84782612735512,6.1390892369672656e-12,4.9973120652561916e-14,1,1,1,1,Sequential,Reproducible,canonical,pairwise,canonical-pairwise-v1-leaf1024,oneTBB,1,1
1,1.6.0,1.6.0,MSVC 1944,Windows,x86_64,unreported,sum_scaling,double,1048576,contiguous,1,stable,20,0.85540000000000005,4638345064186407456,122.84782612735512,6.1390892369672656e-12,4.9973120652561916e-14,1,1,1,1,Sequential,Reproducible,canonical,pairwise,canonical-pairwise-v1-leaf1024,oneTBB,1,1
1,1.6.0,1.6.0,MSVC 1944,Windows,x86_64,unreported,sum_scaling,double,1048576,contiguous,1,stable,21,0.86260000000000003,4638345064186407456,122.84782612735512,6.1390892369672656e-12,4.9973120652561916e-14,1,1,1,1,Sequential,Reproducible,canonical,pairwise,canonical-pairwise-v1-leaf1024,oneTBB,1,1
1,1.6.0,1.6.0,MSVC 1944,Windows,x86_64,unreported,sum_scaling,double,1048576,contiguous,1,stable,22,0.86419999999999997,4638345064186407456,122.84782612735512,6.1390892369672656e-12,4.9973120652561916e-14,1,1,1,1,Sequential,Reproducible,canonical,pairwise,canonical-pairwise-v1-leaf1024,oneTBB,1,1
1,1.6.0,1.6.0,MSVC 1944,Windows,x86_64,unreported,sum_scaling,double,1048576,contiguous,1,stable,23,0.86419999999999997,4638345064186407456,122.84782612735512,6.1390892369672656e-12,4.9973120652561916e-14,1,1,1,1,Sequential,Reproducible,canonical,pairwise,canonical-pairwise-v1-leaf1024,oneTBB,1,1
1,1.6.0,1.6.0,MSVC 1944,Windows,x86_64,unreported,sum_scaling,double,1048576,contiguous,1,stable,24,0.86360000000000003,4638345064186407456,122.84782612735512,6.1390892369672656e-12,4.9973120652561916e-14,1,1,1,1,Sequential,Reproducible,canonical,pairwise,canonical-pairwise-v1-leaf1024,oneTBB,1,1
1,1.6.0,1.6.0,MSVC 1944,Windows,x86_64,unreported,sum_scaling,double,1048576,contiguous,1,stable,25,0.86080000000000001,4638345064186407456,122.84782612735512,6.1390892369672656e-12,4.9973120652561916e-14,1,1,1,1,Sequential,Reproducible,canonical,pairwise,canonical-pairwise-v1-leaf1024,oneTBB,1,1
1,1.6.0,1.6.0,MSVC 1944,Windows,x86_64,unreported,sum_scaling,double,1048576,contiguous,1,stable,26,0.87239999999999995,4638345064186407456,122.84782612735512,6.1390892369672656e-12,4.9973120652561916e-14,1,1,1,1,Sequential,Reproducible,canonical,pairwise,canonical-pairwise-v1-leaf1024,oneTBB,1,1
1,1.6.0,1.6.0,MSVC 1944,Windows,x86_64,unreported,sum_scaling,double,1048576,contiguous,1,stable,27,0.87150000000000005,4638345064186407456,122.84782612735512,6.1390892369672656e-12,4.9973120652561916e-14,1,1,1,1,Sequential,Reproducible,canonical,pairwise,canonical-pairwise-v1-leaf1024,oneTBB,1,1
1,1.6.0,1.6.0,MSVC 1944,Windows,x86_64,unreported,sum_scaling,double,1048576,contiguous,1,stable,28,0.85540000000000005,4638345064186407456,122.84782612735512,6.1390892369672656e-12,4.9973120652561916e-14,1,1,1,1,Sequential,Reproducible,canonical,pairwise,canonical-pairwise-v1-leaf1024,oneTBB,1,1
1,1.6.0,1.6.0,MSVC 1944,Windows,x86_64,unreported,sum_scaling,double,1048576,contiguous,1,stable,29,0.86629999999999996,4638345064186407456,122.84782612735512,6.1390892369672656e-12,4.9973120652561916e-14,1,1,1,1,Sequential,Reproducible,canonical,pairwise,canonical-pairwise-v1-leaf1024,oneTBB,1,1
1,1.6.0,1.6.0,MSVC 1944,Windows,x86_64,unreported,sum_scaling,double,1048576,contiguous,1,stable,30,0.86270000000000002,4638345064186407456,122.84782612735512,6.1390892369672656e-12,4.9973120652561916e-14,1,1,1,1,Sequential,Reproducible,canonical,pairwise,canonical-pairwise-v1-leaf1024,oneTBB,1,1
1,1.6.0,1.6.0,MSVC 1944,Windows,x86_64,unreported,sum_scaling,double,1048576,contiguous,1,stable,31,0.86050000000000004,4638345064186407456,122.84782612735512,6.1390892369672656e-12,4.9973120652561916e-14,1,1,1,1,Sequential,Reproducible,canonical,pairwise,canonical-pairwise-v1-leaf1024,oneTBB,1,1
1,1.6.0,1.6.0,MSVC 1944,Windows,x86_64,unreported,sum_scaling,double,1048576,contiguous,1,first_call,0,1.1168,4638345064186407456,122.84782612735512,6.1390892369672656e-12,4.9973120652561916e-14,1,1,1,1,oneTBB,Reproducible,canonical,pairwise,canonical-pairwise-v1-leaf1024,oneTBB,2,2
1,1.6.0,1.6.0,MSVC 1944,Windows,x86_64,unreported,sum_scaling,double,1048576,contiguous,1,stable,1,0.46579999999999999,4638345064186407456,122.84782612735512,6.1390892369672656e-12,4.9973120652561916e-14,1,1,1,1,oneTBB,Reproducible,canonical,pairwise,canonical-pairwise-v1-leaf1024,oneTBB,2,2
1,1.6.0,1.6.0,MSVC 1944,Windows,x86_64,unreported,sum_scaling,double,1048576,contiguous,1,stable,2,0.44619999999999999,4638345064186407456,122.84782612735512,6.1390892369672656e-12,4.9973120652561916e-14,1,1,1,1,oneTBB,Reproducible,canonical,pairwise,canonical-pairwise-v1-leaf1024,oneTBB,2,2
1,1.6.0,1.6.0,MSVC 1944,Windows,x86_64,unreported,sum_scaling,double,1048576,contiguous,1,stable,3,0.45600000000000002,4638345064186407456,122.84782612735512,6.1390892369672656e-12,4.9973120652561916e-14,1,1,1,1,oneTBB,Reproducible,canonical,pairwise,canonical-pairwise-v1-leaf1024,oneTBB,2,2
1,1.6.0,1.6.0,MSVC 1944,Windows,x86_64,unreported,sum_scaling,double,1048576,contiguous,1,stable,4,0.44369999999999998,4638345064186407456,122.84782612735512,6.1390892369672656e-12,4.9973120652561916e-14,1,1,1,1,oneTBB,Reproducible,canonical,pairwise,canonical-pairwise-v1-leaf1024,oneTBB,2,2
1,1.6.0,1.6.0,MSVC 1944,Windows,x86_64,unreported,sum_scaling,double,1048576,contiguous,1,stable,5,0.4955,4638345064186407456,122.84782612735512,6.1390892369672656e-12,4.9973120652561916e-14,1,1,1,1,oneTBB,Reproducible,canonical,pairwise,canonical-pairwise-v1-leaf1024,oneTBB,2,2
1,1.6.0,1.6.0,MSVC 1944,Windows,x86_64,unreported,sum_scaling,double,1048576,contiguous,1,stable,6,0.44529999999999997,4638345064186407456,122.84782612735512,6.1390892369672656e-12,4.9973120652561916e-14,1,1,1,1,oneTBB,Reproducible,canonical,pairwise,canonical-pairwise-v1-leaf1024,oneTBB,2,2
1,1.6.0,1.6.0,MSVC 1944,Windows,x86_64,unreported,sum_scaling,double,1048576,contiguous,1,stable,7,0.44500000000000001,4638345064186407456,122.84782612735512,6.1390892369672656e-12,4.9973120652561916e-14,1,1,1,1,oneTBB,Reproducible,canonical,pairwise,canonical-pairwise-v1-leaf1024,oneTBB,2,2
1,1.6.0,1.6.0,MSVC 1944,Windows,x86_64,unreported,sum_scaling,double,1048576,contiguous,1,stable,8,0.443,4638345064186407456,122.84782612735512,6.1390892369672656e-12,4.9973120652561916e-14,1,1,1,1,oneTBB,Reproducible,canonical,pairwise,canonical-pairwise-v1-leaf1024,oneTBB,2,2
1,1.6.0,1.6.0,MSVC 1944,Windows,x86_64,unreported,sum_scaling,double,1048576,contiguous,1,stable,9,0.44569999999999999,4638345064186407456,122.84782612735512,6.1390892369672656e-12,4.9973120652561916e-14,1,1,1,1,oneTBB,Reproducible,canonical,pairwise,canonical-pairwise-v1-leaf1024,oneTBB,2,2
1,1.6.0,1.6.0,MSVC 1944,Windows,x86_64,unreported,sum_scaling,double,1048576,contiguous,1,stable,10,0.44340000000000002,4638345064186407456,122.84782612735512,6.1390892369672656e-12,4.9973120652561916e-14,1,1,1,1,oneTBB,Reproducible,canonical,pairwise,canonical-pairwise-v1-leaf1024,oneTBB,2,2
1,1.6.0,1.6.0,MSVC 1944,Windows,x86_64,unreported,sum_scaling,double,1048576,contiguous,1,stable,11,0.44209999999999999,4638345064186407456,122.84782612735512,6.1390892369672656e-12,4.9973120652561916e-14,1,1,1,1,oneTBB,Reproducible,canonical,pairwise,canonical-pairwise-v1-leaf1024,oneTBB,2,2
1,1.6.0,1.6.0,MSVC 1944,Windows,x86_64,unreported,sum_scaling,double,1048576,contiguous,1,stable,12,0.44490000000000002,4638345064186407456,122.84782612735512,6.1390892369672656e-12,4.9973120652561916e-14,1,1,1,1,oneTBB,Reproducible,canonical,pairwise,canonical-pairwise-v1-leaf1024,oneTBB,2,2
1,1.6.0,1.6.0,MSVC 1944,Windows,x86_64,unreported,sum_scaling,double,1048576,contiguous,1,stable,13,0.44479999999999997,4638345064186407456,122.84782612735512,6.1390892369672656e-12,4.9973120652561916e-14,1,1,1,1,oneTBB,Reproducible,canonical,pairwise,canonical-pairwise-v1-leaf1024,oneTBB,2,2
1,1.6.0,1.6.0,MSVC 1944,Windows,x86_64,unreported,sum_scaling,double,1048576,contiguous,1,stable,14,0.4471,4638345064186407456,122.84782612735512,6.1390892369672656e-12,4.9973120652561916e-14,1,1,1,1,oneTBB,Reproducible,canonical,pairwise,canonical-pairwise-v1-leaf1024,oneTBB,2,2
1,1.6.0,1.6.0,MSVC 1944,Windows,x86_64,unreported,sum_scaling,double,1048576,contiguous,1,stable,15,0.44350000000000001,4638345064186407456,122.84782612735512,6.1390892369672656e-12,4.9973120652561916e-14,1,1,1,1,oneTBB,Reproducible,canonical,pairwise,canonical-pairwise-v1-leaf1024,oneTBB,2,2
1,1.6.0,1.6.0,MSVC 1944,Windows,x86_64,unreported,sum_scaling,double,1048576,contiguous,1,stable,16,0.44550000000000001,4638345064186407456,122.84782612735512,6.1390892369672656e-12,4.9973120652561916e-14,1,1,1,1,oneTBB,Reproducible,canonical,pairwise,canonical-pairwise-v1-leaf1024,oneTBB,2,2
1,1.6.0,1.6.0,MSVC 1944,Windows,x86_64,unreported,sum_scaling,double,1048576,contiguous,1,stable,17,0.44390000000000002,4638345064186407456,122.84782612735512,6.1390892369672656e-12,4.9973120652561916e-14,1,1,1,1,oneTBB,Reproducible,canonical,pairwise,canonical-pairwise-v1-leaf1024,oneTBB,2,2
1,1.6.0,1.6.0,MSVC 1944,Windows,x86_64,unreported,sum_scaling,double,1048576,contiguous,1,stable,18,0.44469999999999998,4638345064186407456,122.84782612735512,6.1390892369672656e-12,4.9973120652561916e-14,1,1,1,1,oneTBB,Reproducible,canonical,pairwise,canonical-pairwise-v1-leaf1024,oneTBB,2,2
1,1.6.0,1.6.0,MSVC 1944,Windows,x86_64,unreported,sum_scaling,double,1048576,contiguous,1,stable,19,0.44359999999999999,4638345064186407456,122.84782612735512,6.1390892369672656e-12,4.9973120652561916e-14,1,1,1,1,oneTBB,Reproducible,canonical,pairwise,canonical-pairwise-v1-leaf1024,oneTBB,2,2
1,1.6.0,1.6.0,MSVC 1944,Windows,x86_64,unreported,sum_scaling,double,1048576,contiguous,1,stable,20,0.44500000000000001,4638345064186407456,122.84782612735512,6.1390892369672656e-12,4.9973120652561916e-14,1,1,1,1,oneTBB,Reproducible,canonical,pairwise,canonical-pairwise-v1-leaf1024,oneTBB,2,2
1,1.6.0,1.6.0,MSVC 1944,Windows,x86_64,unreported,sum_scaling,double,1048576,contiguous,1,stable,21,0.44479999999999997,4638345064186407456,122.84782612735512,6.1390892369672656e-12,4.9973120652561916e-14,1,1,1,1,oneTBB,Reproducible,canonical,pairwise,canonical-pairwise-v1-leaf1024,oneTBB,2,2
1,1.6.0,1.6.0,MSVC 1944,Windows,x86_64,unreported,sum_scaling,double,1048576,contiguous,1,stable,22,0.44850000000000001,4638345064186407456,122.84782612735512,6.1390892369672656e-12,4.9973120652561916e-14,1,1,1,1,oneTBB,Reproducible,canonical,pairwise,canonical-pairwise-v1-leaf1024,oneTBB,2,2
1,1.6.0,1.6.0,MSVC 1944,Windows,x86_64,unreported,sum_scaling,double,1048576,contiguous,1,stable,23,0.48110000000000003,4638345064186407456,122.84782612735512,6.1390892369672656e-12,4.9973120652561916e-14,1,1,1,1,oneTBB,Reproducible,canonical,pairwise,canonical-pairwise-v1-leaf1024,oneTBB,2,2
1,1.6.0,1.6.0,MSVC 1944,Windows,x86_64,unreported,sum_scaling,double,1048576,contiguous,1,stable,24,0.44640000000000002,4638345064186407456,122.84782612735512,6.1390892369672656e-12,4.9973120652561916e-14,1,1,1,1,oneTBB,Reproducible,canonical,pairwise,canonical-pairwise-v1-leaf1024,oneTBB,2,2
1,1.6.0,1.6.0,MSVC 1944,Windows,x86_64,unreported,sum_scaling,double,1048576,contiguous,1,stable,25,0.44650000000000001,4638345064186407456,122.84782612735512,6.1390892369672656e-12,4.9973120652561916e-14,1,1,1,1,oneTBB,Reproducible,canonical,pairwise,canonical-pairwise-v1-leaf1024,oneTBB,2,2
1,1.6.0,1.6.0,MSVC 1944,Windows,x86_64,unreported,sum_scaling,double,1048576,contiguous,1,stable,26,0.44269999999999998,4638345064186407456,122.84782612735512,6.1390892369672656e-12,4.9973120652561916e-14,1,1,1,1,oneTBB,Reproducible,canonical,pairwise,canonical-pairwise-v1-leaf1024,oneTBB,2,2
1,1.6.0,1.6.0,MSVC 1944,Windows,x86_64,unreported,sum_scaling,double,1048576,contiguous,1,stable,27,0.44719999999999999,4638345064186407456,122.84782612735512,6.1390892369672656e-12,4.9973120652561916e-14,1,1,1,1,oneTBB,Reproducible,canonical,pairwise,canonical-pairwise-v1-leaf1024,oneTBB,2,2
1,1.6.0,1.6.0,MSVC 1944,Windows,x86_64,unreported,sum_scaling,double,1048576,contiguous,1,stable,28,0.44369999999999998,4638345064186407456,122.84782612735512,6.1390892369672656e-12,4.9973120652561916e-14,1,1,1,1,oneTBB,Reproducible,canonical,pairwise,canonical-pairwise-v1-leaf1024,oneTBB,2,2
1,1.6.0,1.6.0,MSVC 1944,Windows,x86_64,unreported,sum_scaling,double,1048576,contiguous,1,stable,29,0.44379999999999997,4638345064186407456,122.84782612735512,6.1390892369672656e-12,4.9973120652561916e-14,1,1,1,1,oneTBB,Reproducible,canonical,pairwise,canonical-pairwise-v1-leaf1024,oneTBB,2,2
1,1.6.0,1.6.0,MSVC 1944,Windows,x86_64,unreported,sum_scaling,double,1048576,contiguous,1,stable,30,0.44319999999999998,4638345064186407456,122.84782612735512,6.1390892369672656e-12,4.9973120652561916e-14,1,1,1,1,oneTBB,Reproducible,canonical,pairwise,canonical-pairwise-v1-leaf1024,oneTBB,2,2
1,1.6.0,1.6.0,MSVC 1944,Windows,x86_64,unreported,sum_scaling,double,1048576,contiguous,1,stable,31,0.44590000000000002,4638345064186407456,122.84782612735512,6.1390892369672656e-12,4.9973120652561916e-14,1,1,1,1,oneTBB,Reproducible,canonical,pairwise,canonical-pairwise-v1-leaf1024,oneTBB,2,2
1,1.6.0,1.6.0,MSVC 1944,Windows,x86_64,unreported,sum_scaling,double,1048576,contiguous,1,first_call,0,0.46210000000000001,4638345064186407456,122.84782612735512,6.1390892369672656e-12,4.9973120652561916e-14,1,1,1,1,oneTBB,Reproducible,canonical,pairwise,canonical-pairwise-v1-leaf1024,oneTBB,4,4
1,1.6.0,1.6.0,MSVC 1944,Windows,x86_64,unreported,sum_scaling,double,1048576,contiguous,1,stable,1,0.30120000000000002,4638345064186407456,122.84782612735512,6.1390892369672656e-12,4.9973120652561916e-14,1,1,1,1,oneTBB,Reproducible,canonical,pairwise,canonical-pairwise-v1-leaf1024,oneTBB,4,4
1,1.6.0,1.6.0,MSVC 1944,Windows,x86_64,unreported,sum_scaling,double,1048576,contiguous,1,stable,2,0.25659999999999999,4638345064186407456,122.84782612735512,6.1390892369672656e-12,4.9973120652561916e-14,1,1,1,1,oneTBB,Reproducible,canonical,pairwise,canonical-pairwise-v1-leaf1024,oneTBB,4,4
1,1.6.0,1.6.0,MSVC 1944,Windows,x86_64,unreported,sum_scaling,double,1048576,contiguous,1,stable,3,0.25169999999999998,4638345064186407456,122.84782612735512,6.1390892369672656e-12,4.9973120652561916e-14,1,1,1,1,oneTBB,Reproducible,canonical,pairwise,canonical-pairwise-v1-leaf1024,oneTBB,4,4
1,1.6.0,1.6.0,MSVC 1944,Windows,x86_64,unreported,sum_scaling,double,1048576,contiguous,1,stable,4,0.25240000000000001,4638345064186407456,122.84782612735512,6.1390892369672656e-12,4.9973120652561916e-14,1,1,1,1,oneTBB,Reproducible,canonical,pairwise,canonical-pairwise-v1-leaf1024,oneTBB,4,4
1,1.6.0,1.6.0,MSVC 1944,Windows,x86_64,unreported,sum_scaling,double,1048576,contiguous,1,stable,5,0.3075,4638345064186407456,122.84782612735512,6.1390892369672656e-12,4.9973120652561916e-14,1,1,1,1,oneTBB,Reproducible,canonical,pairwise,canonical-pairwise-v1-leaf1024,oneTBB,4,4
1,1.6.0,1.6.0,MSVC 1944,Windows,x86_64,unreported,sum_scaling,double,1048576,contiguous,1,stable,6,0.2747,4638345064186407456,122.84782612735512,6.1390892369672656e-12,4.9973120652561916e-14,1,1,1,1,oneTBB,Reproducible,canonical,pairwise,canonical-pairwise-v1-leaf1024,oneTBB,4,4
1,1.6.0,1.6.0,MSVC 1944,Windows,x86_64,unreported,sum_scaling,double,1048576,contiguous,1,stable,7,0.25640000000000002,4638345064186407456,122.84782612735512,6.1390892369672656e-12,4.9973120652561916e-14,1,1,1,1,oneTBB,Reproducible,canonical,pairwise,canonical-pairwise-v1-leaf1024,oneTBB,4,4
1,1.6.0,1.6.0,MSVC 1944,Windows,x86_64,unreported,sum_scaling,double,1048576,contiguous,1,stable,8,0.24840000000000001,4638345064186407456,122.84782612735512,6.1390892369672656e-12,4.9973120652561916e-14,1,1,1,1,oneTBB,Reproducible,canonical,pairwise,canonical-pairwise-v1-leaf1024,oneTBB,4,4
1,1.6.0,1.6.0,MSVC 1944,Windows,x86_64,unreported,sum_scaling,double,1048576,contiguous,1,stable,9,0.25879999999999997,4638345064186407456,122.84782612735512,6.1390892369672656e-12,4.9973120652561916e-14,1,1,1,1,oneTBB,Reproducible,canonical,pairwise,canonical-pairwise-v1-leaf1024,oneTBB,4,4
1,1.6.0,1.6.0,MSVC 1944,Windows,x86_64,unreported,sum_scaling,double,1048576,contiguous,1,stable,10,0.24510000000000001,4638345064186407456,122.84782612735512,6.1390892369672656e-12,4.9973120652561916e-14,1,1,1,1,oneTBB,Reproducible,canonical,pairwise,canonical-pairwise-v1-leaf1024,oneTBB,4,4
1,1.6.0,1.6.0,MSVC 1944,Windows,x86_64,unreported,sum_scaling,double,1048576,contiguous,1,stable,11,0.23999999999999999,4638345064186407456,122.84782612735512,6.1390892369672656e-12,4.9973120652561916e-14,1,1,1,1,oneTBB,Reproducible,canonical,pairwise,canonical-pairwise-v1-leaf1024,oneTBB,4,4
1,1.6.0,1.6.0,MSVC 1944,Windows,x86_64,unreported,sum_scaling,double,1048576,contiguous,1,stable,12,0.25430000000000003,4638345064186407456,122.84782612735512,6.1390892369672656e-12,4.9973120652561916e-14,1,1,1,1,oneTBB,Reproducible,canonical,pairwise,canonical-pairwise-v1-leaf1024,oneTBB,4,4
1,1.6.0,1.6.0,MSVC 1944,Windows,x86_64,unreported,sum_scaling,double,1048576,contiguous,1,stable,13,0.24529999999999999,4638345064186407456,122.84782612735512,6.1390892369672656e-12,4.9973120652561916e-14,1,1,1,1,oneTBB,Reproducible,canonical,pairwise,canonical-pairwise-v1-leaf1024,oneTBB,4,4
1,1.6.0,1.6.0,MSVC 1944,Windows,x86_64,unreported,sum_scaling,double,1048576,contiguous,1,stable,14,0.31090000000000001,4638345064186407456,122.84782612735512,6.1390892369672656e-12,4.9973120652561916e-14,1,1,1,1,oneTBB,Reproducible,canonical,pairwise,canonical-pairwise-v1-leaf1024,oneTBB,4,4
1,1.6.0,1.6.0,MSVC 1944,Windows,x86_64,unreported,sum_scaling,double,1048576,contiguous,1,stable,15,0.24959999999999999,4638345064186407456,122.84782612735512,6.1390892369672656e-12,4.9973120652561916e-14,1,1,1,1,oneTBB,Reproducible,canonical,pairwise,canonical-pairwise-v1-leaf1024,oneTBB,4,4
1,1.6.0,1.6.0,MSVC 1944,Windows,x86_64,unreported,sum_scaling,double,1048576,contiguous,1,stable,16,0.25269999999999998,4638345064186407456,122.84782612735512,6.1390892369672656e-12,4.9973120652561916e-14,1,1,1,1,oneTBB,Reproducible,canonical,pairwise,canonical-pairwise-v1-leaf1024,oneTBB,4,4
1,1.6.0,1.6.0,MSVC 1944,Windows,x86_64,unreported,sum_scaling,double,1048576,contiguous,1,stable,17,0.25700000000000001,4638345064186407456,122.84782612735512,6.1390892369672656e-12,4.9973120652561916e-14,1,1,1,1,oneTBB,Reproducible,canonical,pairwise,canonical-pairwise-v1-leaf1024,oneTBB,4,4
1,1.6.0,1.6.0,MSVC 1944,Windows,x86_64,unreported,sum_scaling,double,1048576,contiguous,1,stable,18,0.24399999999999999,4638345064186407456,122.84782612735512,6.1390892369672656e-12,4.9973120652561916e-14,1,1,1,1,oneTBB,Reproducible,canonical,pairwise,canonical-pairwise-v1-leaf1024,oneTBB,4,4
1,1.6.0,1.6.0,MSVC 1944,Windows,x86_64,unreported,sum_scaling,double,1048576,contiguous,1,stable,19,0.25690000000000002,4638345064186407456,122.84782612735512,6.1390892369672656e-12,4.9973120652561916e-14,1,1,1,1,oneTBB,Reproducible,canonical,pairwise,canonical-pairwise-v1-leaf1024,oneTBB,4,4
1,1.6.0,1.6.0,MSVC 1944,Windows,x86_64,unreported,sum_scaling,double,1048576,contiguous,1,stable,20,0.25130000000000002,4638345064186407456,122.84782612735512,6.1390892369672656e-12,4.9973120652561916e-14,1,1,1,1,oneTBB,Reproducible,canonical,pairwise,canonical-pairwise-v1-leaf1024,oneTBB,4,4
1,1.6.0,1.6.0,MSVC 1944,Windows,x86_64,unreported,sum_scaling,double,1048576,contiguous,1,stable,21,0.247,4638345064186407456,122.84782612735512,6.1390892369672656e-12,4.9973120652561916e-14,1,1,1,1,oneTBB,Reproducible,canonical,pairwise,canonical-pairwise-v1-leaf1024,oneTBB,4,4
1,1.6.0,1.6.0,MSVC 1944,Windows,x86_64,unreported,sum_scaling,double,1048576,contiguous,1,stable,22,0.248,4638345064186407456,122.84782612735512,6.1390892369672656e-12,4.9973120652561916e-14,1,1,1,1,oneTBB,Reproducible,canonical,pairwise,canonical-pairwise-v1-leaf1024,oneTBB,4,4
1,1.6.0,1.6.0,MSVC 1944,Windows,x86_64,unreported,sum_scaling,double,1048576,contiguous,1,stable,23,0.26100000000000001,4638345064186407456,122.84782612735512,6.1390892369672656e-12,4.9973120652561916e-14,1,1,1,1,oneTBB,Reproducible,canonical,pairwise,canonical-pairwise-v1-leaf1024,oneTBB,4,4
1,1.6.0,1.6.0,MSVC 1944,Windows,x86_64,unreported,sum_scaling,double,1048576,contiguous,1,stable,24,0.254,4638345064186407456,122.84782612735512,6.1390892369672656e-12,4.9973120652561916e-14,1,1,1,1,oneTBB,Reproducible,canonical,pairwise,canonical-pairwise-v1-leaf1024,oneTBB,4,4
1,1.6.0,1.6.0,MSVC 1944,Windows,x86_64,unreported,sum_scaling,double,1048576,contiguous,1,stable,25,0.247,4638345064186407456,122.84782612735512,6.1390892369672656e-12,4.9973120652561916e-14,1,1,1,1,oneTBB,Reproducible,canonical,pairwise,canonical-pairwise-v1-leaf1024,oneTBB,4,4
1,1.6.0,1.6.0,MSVC 1944,Windows,x86_64,unreported,sum_scaling,double,1048576,contiguous,1,stable,26,0.25240000000000001,4638345064186407456,122.84782612735512,6.1390892369672656e-12,4.9973120652561916e-14,1,1,1,1,oneTBB,Reproducible,canonical,pairwise,canonical-pairwise-v1-leaf1024,oneTBB,4,4
1,1.6.0,1.6.0,MSVC 1944,Windows,x86_64,unreported,sum_scaling,double,1048576,contiguous,1,stable,27,0.2601,4638345064186407456,122.84782612735512,6.1390892369672656e-12,4.9973120652561916e-14,1,1,1,1,oneTBB,Reproducible,canonical,pairwise,canonical-pairwise-v1-leaf1024,oneTBB,4,4
1,1.6.0,1.6.0,MSVC 1944,Windows,x86_64,unreported,sum_scaling,double,1048576,contiguous,1,stable,28,0.248,4638345064186407456,122.84782612735512,6.1390892369672656e-12,4.9973120652561916e-14,1,1,1,1,oneTBB,Reproducible,canonical,pairwise,canonical-pairwise-v1-leaf1024,oneTBB,4,4
1,1.6.0,1.6.0,MSVC 1944,Windows,x86_64,unreported,sum_scaling,double,1048576,contiguous,1,stable,29,0.24179999999999999,4638345064186407456,122.84782612735512,6.1390892369672656e-12,4.9973120652561916e-14,1,1,1,1,oneTBB,Reproducible,canonical,pairwise,canonical-pairwise-v1-leaf1024,oneTBB,4,4
1,1.6.0,1.6.0,MSVC 1944,Windows,x86_64,unreported,sum_scaling,double,1048576,contiguous,1,stable,30,0.246,4638345064186407456,122.84782612735512,6.1390892369672656e-12,4.9973120652561916e-14,1,1,1,1,oneTBB,Reproducible,canonical,pairwise,canonical-pairwise-v1-leaf1024,oneTBB,4,4
1,1.6.0,1.6.0,MSVC 1944,Windows,x86_64,unreported,sum_scaling,double,1048576,contiguous,1,stable,31,0.25729999999999997,4638345064186407456,122.84782612735512,6.1390892369672656e-12,4.9973120652561916e-14,1,1,1,1,oneTBB,Reproducible,canonical,pairwise,canonical-pairwise-v1-leaf1024,oneTBB,4,4
1,1.6.0,1.6.0,MSVC 1944,Windows,x86_64,unreported,sum_scaling,double,1048576,contiguous,1,first_call,0,0.32440000000000002,4638345064186407456,122.84782612735512,6.1390892369672656e-12,4.9973120652561916e-14,1,1,1,1,oneTBB,Reproducible,canonical,pairwise,canonical-pairwise-v1-leaf1024,oneTBB,8,8
1,1.6.0,1.6.0,MSVC 1944,Windows,x86_64,unreported,sum_scaling,double,1048576,contiguous,1,stable,1,0.25669999999999998,4638345064186407456,122.84782612735512,6.1390892369672656e-12,4.9973120652561916e-14,1,1,1,1,oneTBB,Reproducible,canonical,pairwise,canonical-pairwise-v1-leaf1024,oneTBB,8,8
1,1.6.0,1.6.0,MSVC 1944,Windows,x86_64,unreported,sum_scaling,double,1048576,contiguous,1,stable,2,0.2157,4638345064186407456,122.84782612735512,6.1390892369672656e-12,4.9973120652561916e-14,1,1,1,1,oneTBB,Reproducible,canonical,pairwise,canonical-pairwise-v1-leaf1024,oneTBB,8,8
1,1.6.0,1.6.0,MSVC 1944,Windows,x86_64,unreported,sum_scaling,double,1048576,contiguous,1,stable,3,0.2046,4638345064186407456,122.84782612735512,6.1390892369672656e-12,4.9973120652561916e-14,1,1,1,1,oneTBB,Reproducible,canonical,pairwise,canonical-pairwise-v1-leaf1024,oneTBB,8,8
1,1.6.0,1.6.0,MSVC 1944,Windows,x86_64,unreported,sum_scaling,double,1048576,contiguous,1,stable,4,0.19739999999999999,4638345064186407456,122.84782612735512,6.1390892369672656e-12,4.9973120652561916e-14,1,1,1,1,oneTBB,Reproducible,canonical,pairwise,canonical-pairwise-v1-leaf1024,oneTBB,8,8
1,1.6.0,1.6.0,MSVC 1944,Windows,x86_64,unreported,sum_scaling,double,1048576,contiguous,1,stable,5,0.19889999999999999,4638345064186407456,122.84782612735512,6.1390892369672656e-12,4.9973120652561916e-14,1,1,1,1,oneTBB,Reproducible,canonical,pairwise,canonical-pairwise-v1-leaf1024,oneTBB,8,8
1,1.6.0,1.6.0,MSVC 1944,Windows,x86_64,unreported,sum_scaling,double,1048576,contiguous,1,stable,6,0.19550000000000001,4638345064186407456,122.84782612735512,6.1390892369672656e-12,4.9973120652561916e-14,1,1,1,1,oneTBB,Reproducible,canonical,pairwise,canonical-pairwise-v1-leaf1024,oneTBB,8,8
1,1.6.0,1.6.0,MSVC 1944,Windows,x86_64,unreported,sum_scaling,double,1048576,contiguous,1,stable,7,0.1993,4638345064186407456,122.84782612735512,6.1390892369672656e-12,4.9973120652561916e-14,1,1,1,1,oneTBB,Reproducible,canonical,pairwise,canonical-pairwise-v1-leaf1024,oneTBB,8,8
1,1.6.0,1.6.0,MSVC 1944,Windows,x86_64,unreported,sum_scaling,double,1048576,contiguous,1,stable,8,0.18279999999999999,4638345064186407456,122.84782612735512,6.1390892369672656e-12,4.9973120652561916e-14,1,1,1,1,oneTBB,Reproducible,canonical,pairwise,canonical-pairwise-v1-leaf1024,oneTBB,8,8
1,1.6.0,1.6.0,MSVC 1944,Windows,x86_64,unreported,sum_scaling,double,1048576,contiguous,1,stable,9,0.19750000000000001,4638345064186407456,122.84782612735512,6.1390892369672656e-12,4.9973120652561916e-14,1,1,1,1,oneTBB,Reproducible,canonical,pairwise,canonical-pairwise-v1-leaf1024,oneTBB,8,8
1,1.6.0,1.6.0,MSVC 1944,Windows,x86_64,unreported,sum_scaling,double,1048576,contiguous,1,stable,10,0.19059999999999999,4638345064186407456,122.84782612735512,6.1390892369672656e-12,4.9973120652561916e-14,1,1,1,1,oneTBB,Reproducible,canonical,pairwise,canonical-pairwise-v1-leaf1024,oneTBB,8,8
1,1.6.0,1.6.0,MSVC 1944,Windows,x86_64,unreported,sum_scaling,double,1048576,contiguous,1,stable,11,0.2576,4638345064186407456,122.84782612735512,6.1390892369672656e-12,4.9973120652561916e-14,1,1,1,1,oneTBB,Reproducible,canonical,pairwise,canonical-pairwise-v1-leaf1024,oneTBB,8,8
1,1.6.0,1.6.0,MSVC 1944,Windows,x86_64,unreported,sum_scaling,double,1048576,contiguous,1,stable,12,0.2099,4638345064186407456,122.84782612735512,6.1390892369672656e-12,4.9973120652561916e-14,1,1,1,1,oneTBB,Reproducible,canonical,pairwise,canonical-pairwise-v1-leaf1024,oneTBB,8,8
1,1.6.0,1.6.0,MSVC 1944,Windows,x86_64,unreported,sum_scaling,double,1048576,contiguous,1,stable,13,0.20730000000000001,4638345064186407456,122.84782612735512,6.1390892369672656e-12,4.9973120652561916e-14,1,1,1,1,oneTBB,Reproducible,canonical,pairwise,canonical-pairwise-v1-leaf1024,oneTBB,8,8
1,1.6.0,1.6.0,MSVC 1944,Windows,x86_64,unreported,sum_scaling,double,1048576,contiguous,1,stable,14,0.18779999999999999,4638345064186407456,122.84782612735512,6.1390892369672656e-12,4.9973120652561916e-14,1,1,1,1,oneTBB,Reproducible,canonical,pairwise,canonical-pairwise-v1-leaf1024,oneTBB,8,8
1,1.6.0,1.6.0,MSVC 1944,Windows,x86_64,unreported,sum_scaling,double,1048576,contiguous,1,stable,15,0.18729999999999999,4638345064186407456,122.84782612735512,6.1390892369672656e-12,4.9973120652561916e-14,1,1,1,1,oneTBB,Reproducible,canonical,pairwise,canonical-pairwise-v1-leaf1024,oneTBB,8,8
1,1.6.0,1.6.0,MSVC 1944,Windows,x86_64,unreported,sum_scaling,double,1048576,contiguous,1,stable,16,0.1963,4638345064186407456,122.84782612735512,6.1390892369672656e-12,4.9973120652561916e-14,1,1,1,1,oneTBB,Reproducible,canonical,pairwise,canonical-pairwise-v1-leaf1024,oneTBB,8,8
1,1.6.0,1.6.0,MSVC 1944,Windows,x86_64,unreported,sum_scaling,double,1048576,contiguous,1,stable,17,0.18909999999999999,4638345064186407456,122.84782612735512,6.1390892369672656e-12,4.9973120652561916e-14,1,1,1,1,oneTBB,Reproducible,canonical,pairwise,canonical-pairwise-v1-leaf1024,oneTBB,8,8
1,1.6.0,1.6.0,MSVC 1944,Windows,x86_64,unreported,sum_scaling,double,1048576,contiguous,1,stable,18,0.1971,4638345064186407456,122.84782612735512,6.1390892369672656e-12,4.9973120652561916e-14,1,1,1,1,oneTBB,Reproducible,canonical,pairwise,canonical-pairwise-v1-leaf1024,oneTBB,8,8
1,1.6.0,1.6.0,MSVC 1944,Windows,x86_64,unreported,sum_scaling,double,1048576,contiguous,1,stable,19,0.19819999999999999,4638345064186407456,122.84782612735512,6.1390892369672656e-12,4.9973120652561916e-14,1,1,1,1,oneTBB,Reproducible,canonical,pairwise,canonical-pairwise-v1-leaf1024,oneTBB,8,8
1,1.6.0,1.6.0,MSVC 1944,Windows,x86_64,unreported,sum_scaling,double,1048576,contiguous,1,stable,20,0.2034,4638345064186407456,122.84782612735512,6.1390892369672656e-12,4.9973120652561916e-14,1,1,1,1,oneTBB,Reproducible,canonical,pairwise,canonical-pairwise-v1-leaf1024,oneTBB,8,8
1,1.6.0,1.6.0,MSVC 1944,Windows,x86_64,unreported,sum_scaling,double,1048576,contiguous,1,stable,21,0.1903,4638345064186407456,122.84782612735512,6.1390892369672656e-12,4.9973120652561916e-14,1,1,1,1,oneTBB,Reproducible,canonical,pairwise,canonical-pairwise-v1-leaf1024,oneTBB,8,8
1,1.6.0,1.6.0,MSVC 1944,Windows,x86_64,unreported,sum_scaling,double,1048576,contiguous,1,stable,22,0.19420000000000001,4638345064186407456,122.84782612735512,6.1390892369672656e-12,4.9973120652561916e-14,1,1,1,1,oneTBB,Reproducible,canonical,pairwise,canonical-pairwise-v1-leaf1024,oneTBB,8,8
1,1.6.0,1.6.0,MSVC 1944,Windows,x86_64,unreported,sum_scaling,double,1048576,contiguous,1,stable,23,0.18640000000000001,4638345064186407456,122.84782612735512,6.1390892369672656e-12,4.9973120652561916e-14,1,1,1,1,oneTBB,Reproducible,canonical,pairwise,canonical-pairwise-v1-leaf1024,oneTBB,8,8
1,1.6.0,1.6.0,MSVC 1944,Windows,x86_64,unreported,sum_scaling,double,1048576,contiguous,1,stable,24,0.19209999999999999,4638345064186407456,122.84782612735512,6.1390892369672656e-12,4.9973120652561916e-14,1,1,1,1,oneTBB,Reproducible,canonical,pairwise,canonical-pairwise-v1-leaf1024,oneTBB,8,8
1,1.6.0,1.6.0,MSVC 1944,Windows,x86_64,unreported,sum_scaling,double,1048576,contiguous,1,stable,25,0.2036,4638345064186407456,122.84782612735512,6.1390892369672656e-12,4.9973120652561916e-14,1,1,1,1,oneTBB,Reproducible,canonical,pairwise,canonical-pairwise-v1-leaf1024,oneTBB,8,8
1,1.6.0,1.6.0,MSVC 1944,Windows,x86_64,unreported,sum_scaling,double,1048576,contiguous,1,stable,26,0.19339999999999999,4638345064186407456,122.84782612735512,6.1390892369672656e-12,4.9973120652561916e-14,1,1,1,1,oneTBB,Reproducible,canonical,pairwise,canonical-pairwise-v1-leaf1024,oneTBB,8,8
1,1.6.0,1.6.0,MSVC 1944,Windows,x86_64,unreported,sum_scaling,double,1048576,contiguous,1,stable,27,0.20280000000000001,4638345064186407456,122.84782612735512,6.1390892369672656e-12,4.9973120652561916e-14,1,1,1,1,oneTBB,Reproducible,canonical,pairwise,canonical-pairwise-v1-leaf1024,oneTBB,8,8
1,1.6.0,1.6.0,MSVC 1944,Windows,x86_64,unreported,sum_scaling,double,1048576,contiguous,1,stable,28,0.1958,4638345064186407456,122.84782612735512,6.1390892369672656e-12,4.9973120652561916e-14,1,1,1,1,oneTBB,Reproducible,canonical,pairwise,canonical-pairwise-v1-leaf1024,oneTBB,8,8
1,1.6.0,1.6.0,MSVC 1944,Windows,x86_64,unreported,sum_scaling,double,1048576,contiguous,1,stable,29,0.22459999999999999,4638345064186407456,122.84782612735512,6.1390892369672656e-12,4.9973120652561916e-14,1,1,1,1,oneTBB,Reproducible,canonical,pairwise,canonical-pairwise-v1-leaf1024,oneTBB,8,8
1,1.6.0,1.6.0,MSVC 1944,Windows,x86_64,unreported,sum_scaling,double,1048576,contiguous,1,stable,30,0.19900000000000001,4638345064186407456,122.84782612735512,6.1390892369672656e-12,4.9973120652561916e-14,1,1,1,1,oneTBB,Reproducible,canonical,pairwise,canonical-pairwise-v1-leaf1024,oneTBB,8,8
1,1.6.0,1.6.0,MSVC 1944,Windows,x86_64,unreported,sum_scaling,double,1048576,contiguous,1,stable,31,0.1893,4638345064186407456,122.84782612735512,6.1390892369672656e-12,4.9973120652561916e-14,1,1,1,1,oneTBB,Reproducible,canonical,pairwise,canonical-pairwise-v1-leaf1024,oneTBB,8,8
1,1.6.0,1.6.0,MSVC 1944,Windows,x86_64,unreported,stencil_2d,double,4096,contiguous,64,first_call,0,0.24410000000000001,0,0,0,0,1,1,1,1,ThreadPool,Fast,adaptive,native,none,ThreadPool,8,8
1,1.6.0,1.6.0,MSVC 1944,Windows,x86_64,unreported,stencil_2d,double,4096,contiguous,64,stable,1,0.17879999999999999,0,0,0,0,1,1,1,1,ThreadPool,Fast,adaptive,native,none,ThreadPool,8,8
1,1.6.0,1.6.0,MSVC 1944,Windows,x86_64,unreported,stencil_2d,double,4096,contiguous,64,stable,2,0.16189999999999999,0,0,0,0,1,1,1,1,ThreadPool,Fast,adaptive,native,none,ThreadPool,8,8
1,1.6.0,1.6.0,MSVC 1944,Windows,x86_64,unreported,stencil_2d,double,4096,contiguous,64,stable,3,0.13420000000000001,0,0,0,0,1,1,1,1,ThreadPool,Fast,adaptive,native,none,ThreadPool,8,8
1,1.6.0,1.6.0,MSVC 1944,Windows,x86_64,unreported,stencil_2d,double,4096,contiguous,64,stable,4,0.1638,0,0,0,0,1,1,1,1,ThreadPool,Fast,adaptive,native,none,ThreadPool,8,8
1,1.6.0,1.6.0,MSVC 1944,Windows,x86_64,unreported,stencil_2d,double,4096,contiguous,64,stable,5,0.12330000000000001,0,0,0,0,1,1,1,1,ThreadPool,Fast,adaptive,native,none,ThreadPool,8,8
1,1.6.0,1.6.0,MSVC 1944,Windows,x86_64,unreported,stencil_2d,double,4096,contiguous,64,stable,6,0.13039999999999999,0,0,0,0,1,1,1,1,ThreadPool,Fast,adaptive,native,none,ThreadPool,8,8
1,1.6.0,1.6.0,MSVC 1944,Windows,x86_64,unreported,stencil_2d,double,4096,contiguous,64,stable,7,0.10489999999999999,0,0,0,0,1,1,1,1,ThreadPool,Fast,adaptive,native,none,ThreadPool,8,8
1,1.6.0,1.6.0,MSVC 1944,Windows,x86_64,unreported,stencil_2d,double,4096,contiguous,64,stable,8,0.12889999999999999,0,0,0,0,1,1,1,1,ThreadPool,Fast,adaptive,native,none,ThreadPool,8,8
1,1.6.0,1.6.0,MSVC 1944,Windows,x86_64,unreported,stencil_2d,double,4096,contiguous,64,stable,9,0.12859999999999999,0,0,0,0,1,1,1,1,ThreadPool,Fast,adaptive,native,none,ThreadPool,8,8
1,1.6.0,1.6.0,MSVC 1944,Windows,x86_64,unreported,stencil_2d,double,4096,contiguous,64,stable,10,0.1231,0,0,0,0,1,1,1,1,ThreadPool,Fast,adaptive,native,none,ThreadPool,8,8
1,1.6.0,1.6.0,MSVC 1944,Windows,x86_64,unreported,stencil_2d,double,4096,contiguous,64,stable,11,0.13200000000000001,0,0,0,0,1,1,1,1,ThreadPool,Fast,adaptive,native,none,ThreadPool,8,8
1,1.6.0,1.6.0,MSVC 1944,Windows,x86_64,unreported,stencil_2d,double,4096,contiguous,64,stable,12,0.1237,0,0,0,0,1,1,1,1,ThreadPool,Fast,adaptive,native,none,ThreadPool,8,8
1,1.6.0,1.6.0,MSVC 1944,Windows,x86_64,unreported,stencil_2d,double,4096,contiguous,64,stable,13,0.1249,0,0,0,0,1,1,1,1,ThreadPool,Fast,adaptive,native,none,ThreadPool,8,8
1,1.6.0,1.6.0,MSVC 1944,Windows,x86_64,unreported,stencil_2d,double,4096,contiguous,64,stable,14,0.12429999999999999,0,0,0,0,1,1,1,1,ThreadPool,Fast,adaptive,native,none,ThreadPool,8,8
1,1.6.0,1.6.0,MSVC 1944,Windows,x86_64,unreported,stencil_2d,double,4096,contiguous,64,stable,15,0.13139999999999999,0,0,0,0,1,1,1,1,ThreadPool,Fast,adaptive,native,none,ThreadPool,8,8
1,1.6.0,1.6.0,MSVC 1944,Windows,x86_64,unreported,stencil_2d,double,4096,contiguous,64,stable,16,0.1242,0,0,0,0,1,1,1,1,ThreadPool,Fast,adaptive,native,none,ThreadPool,8,8
1,1.6.0,1.6.0,MSVC 1944,Windows,x86_64,unreported,stencil_2d,double,4096,contiguous,64,stable,17,0.13270000000000001,0,0,0,0,1,1,1,1,ThreadPool,Fast,adaptive,native,none,ThreadPool,8,8
1,1.6.0,1.6.0,MSVC 1944,Windows,x86_64,unreported,stencil_2d,double,4096,contiguous,64,stable,18,0.1215,0,0,0,0,1,1,1,1,ThreadPool,Fast,adaptive,native,none,ThreadPool,8,8
1,1.6.0,1.6.0,MSVC 1944,Windows,x86_64,unreported,stencil_2d,double,4096,contiguous,64,stable,19,0.122,0,0,0,0,1,1,1,1,ThreadPool,Fast,adaptive,native,none,ThreadPool,8,8
1,1.6.0,1.6.0,MSVC 1944,Windows,x86_64,unreported,stencil_2d,double,4096,contiguous,64,stable,20,0.12479999999999999,0,0,0,0,1,1,1,1,ThreadPool,Fast,adaptive,native,none,ThreadPool,8,8
1,1.6.0,1.6.0,MSVC 1944,Windows,x86_64,unreported,stencil_2d,double,4096,contiguous,64,stable,21,0.12870000000000001,0,0,0,0,1,1,1,1,ThreadPool,Fast,adaptive,native,none,ThreadPool,8,8
1,1.6.0,1.6.0,MSVC 1944,Windows,x86_64,unreported,stencil_2d,double,4096,contiguous,64,stable,22,0.127,0,0,0,0,1,1,1,1,ThreadPool,Fast,adaptive,native,none,ThreadPool,8,8
1,1.6.0,1.6.0,MSVC 1944,Windows,x86_64,unreported,stencil_2d,double,4096,contiguous,64,stable,23,0.1346,0,0,0,0,1,1,1,1,ThreadPool,Fast,adaptive,native,none,ThreadPool,8,8
1,1.6.0,1.6.0,MSVC 1944,Windows,x86_64,unreported,stencil_2d,double,4096,contiguous,64,stable,24,0.124,0,0,0,0,1,1,1,1,ThreadPool,Fast,adaptive,native,none,ThreadPool,8,8
1,1.6.0,1.6.0,MSVC 1944,Windows,x86_64,unreported,stencil_2d,double,4096,contiguous,64,stable,25,0.12239999999999999,0,0,0,0,1,1,1,1,ThreadPool,Fast,adaptive,native,none,ThreadPool,8,8
1,1.6.0,1.6.0,MSVC 1944,Windows,x86_64,unreported,stencil_2d,double,4096,contiguous,64,stable,26,0.12570000000000001,0,0,0,0,1,1,1,1,ThreadPool,Fast,adaptive,native,none,ThreadPool,8,8
1,1.6.0,1.6.0,MSVC 1944,Windows,x86_64,unreported,stencil_2d,double,4096,contiguous,64,stable,27,0.12889999999999999,0,0,0,0,1,1,1,1,ThreadPool,Fast,adaptive,native,none,ThreadPool,8,8
1,1.6.0,1.6.0,MSVC 1944,Windows,x86_64,unreported,stencil_2d,double,4096,contiguous,64,stable,28,0.12089999999999999,0,0,0,0,1,1,1,1,ThreadPool,Fast,adaptive,native,none,ThreadPool,8,8
1,1.6.0,1.6.0,MSVC 1944,Windows,x86_64,unreported,stencil_2d,double,4096,contiguous,64,stable,29,0.13469999999999999,0,0,0,0,1,1,1,1,ThreadPool,Fast,adaptive,native,none,ThreadPool,8,8
1,1.6.0,1.6.0,MSVC 1944,Windows,x86_64,unreported,stencil_2d,double,4096,contiguous,64,stable,30,0.124,0,0,0,0,1,1,1,1,ThreadPool,Fast,adaptive,native,none,ThreadPool,8,8
1,1.6.0,1.6.0,MSVC 1944,Windows,x86_64,unreported,stencil_2d,double,4096,contiguous,64,stable,31,0.1734,0,0,0,0,1,1,1,1,ThreadPool,Fast,adaptive,native,none,ThreadPool,8,8
1,1.6.0,1.6.0,MSVC 1944,Windows,x86_64,unreported,stencil_2d,double,4096,contiguous,64,first_call,0,0.53539999999999999,0,0,0,0,1,1,1,1,Sequential,Reproducible,canonical,native,canonical-pairwise-v1-leaf1024,ThreadPool,8,1
1,1.6.0,1.6.0,MSVC 1944,Windows,x86_64,unreported,stencil_2d,double,4096,contiguous,64,stable,1,0.53439999999999999,0,0,0,0,1,1,1,1,Sequential,Reproducible,canonical,native,canonical-pairwise-v1-leaf1024,ThreadPool,8,1
1,1.6.0,1.6.0,MSVC 1944,Windows,x86_64,unreported,stencil_2d,double,4096,contiguous,64,stable,2,0.53410000000000002,0,0,0,0,1,1,1,1,Sequential,Reproducible,canonical,native,canonical-pairwise-v1-leaf1024,ThreadPool,8,1
1,1.6.0,1.6.0,MSVC 1944,Windows,x86_64,unreported,stencil_2d,double,4096,contiguous,64,stable,3,0.53700000000000003,0,0,0,0,1,1,1,1,Sequential,Reproducible,canonical,native,canonical-pairwise-v1-leaf1024,ThreadPool,8,1
1,1.6.0,1.6.0,MSVC 1944,Windows,x86_64,unreported,stencil_2d,double,4096,contiguous,64,stable,4,0.52969999999999995,0,0,0,0,1,1,1,1,Sequential,Reproducible,canonical,native,canonical-pairwise-v1-leaf1024,ThreadPool,8,1
1,1.6.0,1.6.0,MSVC 1944,Windows,x86_64,unreported,stencil_2d,double,4096,contiguous,64,stable,5,0.52769999999999995,0,0,0,0,1,1,1,1,Sequential,Reproducible,canonical,native,canonical-pairwise-v1-leaf1024,ThreadPool,8,1
1,1.6.0,1.6.0,MSVC 1944,Windows,x86_64,unreported,stencil_2d,double,4096,contiguous,64,stable,6,0.5302,0,0,0,0,1,1,1,1,Sequential,Reproducible,canonical,native,canonical-pairwise-v1-leaf1024,ThreadPool,8,1
1,1.6.0,1.6.0,MSVC 1944,Windows,x86_64,unreported,stencil_2d,double,4096,contiguous,64,stable,7,0.52739999999999998,0,0,0,0,1,1,1,1,Sequential,Reproducible,canonical,native,canonical-pairwise-v1-leaf1024,ThreadPool,8,1
1,1.6.0,1.6.0,MSVC 1944,Windows,x86_64,unreported,stencil_2d,double,4096,contiguous,64,stable,8,0.52959999999999996,0,0,0,0,1,1,1,1,Sequential,Reproducible,canonical,native,canonical-pairwise-v1-leaf1024,ThreadPool,8,1
1,1.6.0,1.6.0,MSVC 1944,Windows,x86_64,unreported,stencil_2d,double,4096,contiguous,64,stable,9,0.52739999999999998,0,0,0,0,1,1,1,1,Sequential,Reproducible,canonical,native,canonical-pairwise-v1-leaf1024,ThreadPool,8,1
1,1.6.0,1.6.0,MSVC 1944,Windows,x86_64,unreported,stencil_2d,double,4096,contiguous,64,stable,10,0.52939999999999998,0,0,0,0,1,1,1,1,Sequential,Reproducible,canonical,native,canonical-pairwise-v1-leaf1024,ThreadPool,8,1
1,1.6.0,1.6.0,MSVC 1944,Windows,x86_64,unreported,stencil_2d,double,4096,contiguous,64,stable,11,0.52759999999999996,0,0,0,0,1,1,1,1,Sequential,Reproducible,canonical,native,canonical-pairwise-v1-leaf1024,ThreadPool,8,1
1,1.6.0,1.6.0,MSVC 1944,Windows,x86_64,unreported,stencil_2d,double,4096,contiguous,64,stable,12,0.53159999999999996,0,0,0,0,1,1,1,1,Sequential,Reproducible,canonical,native,canonical-pairwise-v1-leaf1024,ThreadPool,8,1
1,1.6.0,1.6.0,MSVC 1944,Windows,x86_64,unreported,stencil_2d,double,4096,contiguous,64,stable,13,0.52910000000000001,0,0,0,0,1,1,1,1,Sequential,Reproducible,canonical,native,canonical-pairwise-v1-leaf1024,ThreadPool,8,1
1,1.6.0,1.6.0,MSVC 1944,Windows,x86_64,unreported,stencil_2d,double,4096,contiguous,64,stable,14,0.52949999999999997,0,0,0,0,1,1,1,1,Sequential,Reproducible,canonical,native,canonical-pairwise-v1-leaf1024,ThreadPool,8,1
1,1.6.0,1.6.0,MSVC 1944,Windows,x86_64,unreported,stencil_2d,double,4096,contiguous,64,stable,15,0.52980000000000005,0,0,0,0,1,1,1,1,Sequential,Reproducible,canonical,native,canonical-pairwise-v1-leaf1024,ThreadPool,8,1
1,1.6.0,1.6.0,MSVC 1944,Windows,x86_64,unreported,stencil_2d,double,4096,contiguous,64,stable,16,0.5272,0,0,0,0,1,1,1,1,Sequential,Reproducible,canonical,native,canonical-pairwise-v1-leaf1024,ThreadPool,8,1
1,1.6.0,1.6.0,MSVC 1944,Windows,x86_64,unreported,stencil_2d,double,4096,contiguous,64,stable,17,0.52969999999999995,0,0,0,0,1,1,1,1,Sequential,Reproducible,canonical,native,canonical-pairwise-v1-leaf1024,ThreadPool,8,1
1,1.6.0,1.6.0,MSVC 1944,Windows,x86_64,unreported,stencil_2d,double,4096,contiguous,64,stable,18,0.52749999999999997,0,0,0,0,1,1,1,1,Sequential,Reproducible,canonical,native,canonical-pairwise-v1-leaf1024,ThreadPool,8,1
1,1.6.0,1.6.0,MSVC 1944,Windows,x86_64,unreported,stencil_2d,double,4096,contiguous,64,stable,19,0.53879999999999995,0,0,0,0,1,1,1,1,Sequential,Reproducible,canonical,native,canonical-pairwise-v1-leaf1024,ThreadPool,8,1
1,1.6.0,1.6.0,MSVC 1944,Windows,x86_64,unreported,stencil_2d,double,4096,contiguous,64,stable,20,0.52769999999999995,0,0,0,0,1,1,1,1,Sequential,Reproducible,canonical,native,canonical-pairwise-v1-leaf1024,ThreadPool,8,1
1,1.6.0,1.6.0,MSVC 1944,Windows,x86_64,unreported,stencil_2d,double,4096,contiguous,64,stable,21,0.53049999999999997,0,0,0,0,1,1,1,1,Sequential,Reproducible,canonical,native,canonical-pairwise-v1-leaf1024,ThreadPool,8,1
1,1.6.0,1.6.0,MSVC 1944,Windows,x86_64,unreported,stencil_2d,double,4096,contiguous,64,stable,22,0.52749999999999997,0,0,0,0,1,1,1,1,Sequential,Reproducible,canonical,native,canonical-pairwise-v1-leaf1024,ThreadPool,8,1
1,1.6.0,1.6.0,MSVC 1944,Windows,x86_64,unreported,stencil_2d,double,4096,contiguous,64,stable,23,0.52959999999999996,0,0,0,0,1,1,1,1,Sequential,Reproducible,canonical,native,canonical-pairwise-v1-leaf1024,ThreadPool,8,1
1,1.6.0,1.6.0,MSVC 1944,Windows,x86_64,unreported,stencil_2d,double,4096,contiguous,64,stable,24,0.52769999999999995,0,0,0,0,1,1,1,1,Sequential,Reproducible,canonical,native,canonical-pairwise-v1-leaf1024,ThreadPool,8,1
1,1.6.0,1.6.0,MSVC 1944,Windows,x86_64,unreported,stencil_2d,double,4096,contiguous,64,stable,25,0.52959999999999996,0,0,0,0,1,1,1,1,Sequential,Reproducible,canonical,native,canonical-pairwise-v1-leaf1024,ThreadPool,8,1
1,1.6.0,1.6.0,MSVC 1944,Windows,x86_64,unreported,stencil_2d,double,4096,contiguous,64,stable,26,0.53120000000000001,0,0,0,0,1,1,1,1,Sequential,Reproducible,canonical,native,canonical-pairwise-v1-leaf1024,ThreadPool,8,1
1,1.6.0,1.6.0,MSVC 1944,Windows,x86_64,unreported,stencil_2d,double,4096,contiguous,64,stable,27,0.52769999999999995,0,0,0,0,1,1,1,1,Sequential,Reproducible,canonical,native,canonical-pairwise-v1-leaf1024,ThreadPool,8,1
1,1.6.0,1.6.0,MSVC 1944,Windows,x86_64,unreported,stencil_2d,double,4096,contiguous,64,stable,28,0.53000000000000003,0,0,0,0,1,1,1,1,Sequential,Reproducible,canonical,native,canonical-pairwise-v1-leaf1024,ThreadPool,8,1
1,1.6.0,1.6.0,MSVC 1944,Windows,x86_64,unreported,stencil_2d,double,4096,contiguous,64,stable,29,0.52729999999999999,0,0,0,0,1,1,1,1,Sequential,Reproducible,canonical,native,canonical-pairwise-v1-leaf1024,ThreadPool,8,1
1,1.6.0,1.6.0,MSVC 1944,Windows,x86_64,unreported,stencil_2d,double,4096,contiguous,64,stable,30,0.53380000000000005,0,0,0,0,1,1,1,1,Sequential,Reproducible,canonical,native,canonical-pairwise-v1-leaf1024,ThreadPool,8,1
1,1.6.0,1.6.0,MSVC 1944,Windows,x86_64,unreported,stencil_2d,double,4096,contiguous,64,stable,31,0.5292,0,0,0,0,1,1,1,1,Sequential,Reproducible,canonical,native,canonical-pairwise-v1-leaf1024,ThreadPool,8,1
1,1.6.0,1.6.0,MSVC 1944,Windows,x86_64,unreported,stencil_2d,double,4096,contiguous,64,first_call,0,0.53029999999999999,0,0,0,0,1,1,1,1,Sequential,Accurate,canonical,native,canonical-pairwise-v1-leaf1024,ThreadPool,8,1
1,1.6.0,1.6.0,MSVC 1944,Windows,x86_64,unreported,stencil_2d,double,4096,contiguous,64,stable,1,0.52759999999999996,0,0,0,0,1,1,1,1,Sequential,Accurate,canonical,native,canonical-pairwise-v1-leaf1024,ThreadPool,8,1
1,1.6.0,1.6.0,MSVC 1944,Windows,x86_64,unreported,stencil_2d,double,4096,contiguous,64,stable,2,0.52980000000000005,0,0,0,0,1,1,1,1,Sequential,Accurate,canonical,native,canonical-pairwise-v1-leaf1024,ThreadPool,8,1
1,1.6.0,1.6.0,MSVC 1944,Windows,x86_64,unreported,stencil_2d,double,4096,contiguous,64,stable,3,0.52800000000000002,0,0,0,0,1,1,1,1,Sequential,Accurate,canonical,native,canonical-pairwise-v1-leaf1024,ThreadPool,8,1
1,1.6.0,1.6.0,MSVC 1944,Windows,x86_64,unreported,stencil_2d,double,4096,contiguous,64,stable,4,0.52969999999999995,0,0,0,0,1,1,1,1,Sequential,Accurate,canonical,native,canonical-pairwise-v1-leaf1024,ThreadPool,8,1
1,1.6.0,1.6.0,MSVC 1944,Windows,x86_64,unreported,stencil_2d,double,4096,contiguous,64,stable,5,0.52839999999999998,0,0,0,0,1,1,1,1,Sequential,Accurate,canonical,native,canonical-pairwise-v1-leaf1024,ThreadPool,8,1
1,1.6.0,1.6.0,MSVC 1944,Windows,x86_64,unreported,stencil_2d,double,4096,contiguous,64,stable,6,0.52410000000000001,0,0,0,0,1,1,1,1,Sequential,Accurate,canonical,native,canonical-pairwise-v1-leaf1024,ThreadPool,8,1
1,1.6.0,1.6.0,MSVC 1944,Windows,x86_64,unreported,stencil_2d,double,4096,contiguous,64,stable,7,0.53700000000000003,0,0,0,0,1,1,1,1,Sequential,Accurate,canonical,native,canonical-pairwise-v1-leaf1024,ThreadPool,8,1
1,1.6.0,1.6.0,MSVC 1944,Windows,x86_64,unreported,stencil_2d,double,4096,contiguous,64,stable,8,0.5272,0,0,0,0,1,1,1,1,Sequential,Accurate,canonical,native,canonical-pairwise-v1-leaf1024,ThreadPool,8,1
1,1.6.0,1.6.0,MSVC 1944,Windows,x86_64,unreported,stencil_2d,double,4096,contiguous,64,stable,9,0.53049999999999997,0,0,0,0,1,1,1,1,Sequential,Accurate,canonical,native,canonical-pairwise-v1-leaf1024,ThreadPool,8,1
1,1.6.0,1.6.0,MSVC 1944,Windows,x86_64,unreported,stencil_2d,double,4096,contiguous,64,stable,10,0.52769999999999995,0,0,0,0,1,1,1,1,Sequential,Accurate,canonical,native,canonical-pairwise-v1-leaf1024,ThreadPool,8,1
1,1.6.0,1.6.0,MSVC 1944,Windows,x86_64,unreported,stencil_2d,double,4096,contiguous,64,stable,11,0.53039999999999998,0,0,0,0,1,1,1,1,Sequential,Accurate,canonical,native,canonical-pairwise-v1-leaf1024,ThreadPool,8,1
1,1.6.0,1.6.0,MSVC 1944,Windows,x86_64,unreported,stencil_2d,double,4096,contiguous,64,stable,12,0.52749999999999997,0,0,0,0,1,1,1,1,Sequential,Accurate,canonical,native,canonical-pairwise-v1-leaf1024,ThreadPool,8,1
1,1.6.0,1.6.0,MSVC 1944,Windows,x86_64,unreported,stencil_2d,double,4096,contiguous,64,stable,13,0.5302,0,0,0,0,1,1,1,1,Sequential,Accurate,canonical,native,canonical-pairwise-v1-leaf1024,ThreadPool,8,1
1,1.6.0,1.6.0,MSVC 1944,Windows,x86_64,unreported,stencil_2d,double,4096,contiguous,64,stable,14,0.52759999999999996,0,0,0,0,1,1,1,1,Sequential,Accurate,canonical,native,canonical-pairwise-v1-leaf1024,ThreadPool,8,1
1,1.6.0,1.6.0,MSVC 1944,Windows,x86_64,unreported,stencil_2d,double,4096,contiguous,64,stable,15,0.53810000000000002,0,0,0,0,1,1,1,1,Sequential,Accurate,canonical,native,canonical-pairwise-v1-leaf1024,ThreadPool,8,1
1,1.6.0,1.6.0,MSVC 1944,Windows,x86_64,unreported,stencil_2d,double,4096,contiguous,64,stable,16,0.52780000000000005,0,0,0,0,1,1,1,1,Sequential,Accurate,canonical,native,canonical-pairwise-v1-leaf1024,ThreadPool,8,1
1,1.6.0,1.6.0,MSVC 1944,Windows,x86_64,unreported,stencil_2d,double,4096,contiguous,64,stable,17,0.52990000000000004,0,0,0,0,1,1,1,1,Sequential,Accurate,canonical,native,canonical-pairwise-v1-leaf1024,ThreadPool,8,1
1,1.6.0,1.6.0,MSVC 1944,Windows,x86_64,unreported,stencil_2d,double,4096,contiguous,64,stable,18,0.5323,0,0,0,0,1,1,1,1,Sequential,Accurate,canonical,native,canonical-pairwise-v1-leaf1024,ThreadPool,8,1
1,1.6.0,1.6.0,MSVC 1944,Windows,x86_64,unreported,stencil_2d,double,4096,contiguous,64,stable,19,0.52769999999999995,0,0,0,0,1,1,1,1,Sequential,Accurate,canonical,native,canonical-pairwise-v1-leaf1024,ThreadPool,8,1
1,1.6.0,1.6.0,MSVC 1944,Windows,x86_64,unreported,stencil_2d,double,4096,contiguous,64,stable,20,0.52959999999999996,0,0,0,0,1,1,1,1,Sequential,Accurate,canonical,native,canonical-pairwise-v1-leaf1024,ThreadPool,8,1
1,1.6.0,1.6.0,MSVC 1944,Windows,x86_64,unreported,stencil_2d,double,4096,contiguous,64,stable,21,0.52780000000000005,0,0,0,0,1,1,1,1,Sequential,Accurate,canonical,native,canonical-pairwise-v1-leaf1024,ThreadPool,8,1
1,1.6.0,1.6.0,MSVC 1944,Windows,x86_64,unreported,stencil_2d,double,4096,contiguous,64,stable,22,0.52980000000000005,0,0,0,0,1,1,1,1,Sequential,Accurate,canonical,native,canonical-pairwise-v1-leaf1024,ThreadPool,8,1
1,1.6.0,1.6.0,MSVC 1944,Windows,x86_64,unreported,stencil_2d,double,4096,contiguous,64,stable,23,0.53220000000000001,0,0,0,0,1,1,1,1,Sequential,Accurate,canonical,native,canonical-pairwise-v1-leaf1024,ThreadPool,8,1
1,1.6.0,1.6.0,MSVC 1944,Windows,x86_64,unreported,stencil_2d,double,4096,contiguous,64,stable,24,0.5232,0,0,0,0,1,1,1,1,Sequential,Accurate,canonical,native,canonical-pairwise-v1-leaf1024,ThreadPool,8,1
1,1.6.0,1.6.0,MSVC 1944,Windows,x86_64,unreported,stencil_2d,double,4096,contiguous,64,stable,25,0.53139999999999998,0,0,0,0,1,1,1,1,Sequential,Accurate,canonical,native,canonical-pairwise-v1-leaf1024,ThreadPool,8,1
1,1.6.0,1.6.0,MSVC 1944,Windows,x86_64,unreported,stencil_2d,double,4096,contiguous,64,stable,26,0.53000000000000003,0,0,0,0,1,1,1,1,Sequential,Accurate,canonical,native,canonical-pairwise-v1-leaf1024,ThreadPool,8,1
1,1.6.0,1.6.0,MSVC 1944,Windows,x86_64,unreported,stencil_2d,double,4096,contiguous,64,stable,27,0.52759999999999996,0,0,0,0,1,1,1,1,Sequential,Accurate,canonical,native,canonical-pairwise-v1-leaf1024,ThreadPool,8,1
1,1.6.0,1.6.0,MSVC 1944,Windows,x86_64,unreported,stencil_2d,double,4096,contiguous,64,stable,28,0.52929999999999999,0,0,0,0,1,1,1,1,Sequential,Accurate,canonical,native,canonical-pairwise-v1-leaf1024,ThreadPool,8,1
1,1.6.0,1.6.0,MSVC 1944,Windows,x86_64,unreported,stencil_2d,double,4096,contiguous,64,stable,29,0.52729999999999999,0,0,0,0,1,1,1,1,Sequential,Accurate,canonical,native,canonical-pairwise-v1-leaf1024,ThreadPool,8,1
1,1.6.0,1.6.0,MSVC 1944,Windows,x86_64,unreported,stencil_2d,double,4096,contiguous,64,stable,30,0.52990000000000004,0,0,0,0,1,1,1,1,Sequential,Accurate,canonical,native,canonical-pairwise-v1-leaf1024,ThreadPool,8,1
1,1.6.0,1.6.0,MSVC 1944,Windows,x86_64,unreported,stencil_2d,double,4096,contiguous,64,stable,31,0.53059999999999996,0,0,0,0,1,1,1,1,Sequential,Accurate,canonical,native,canonical-pairwise-v1-leaf1024,ThreadPool,8,1
1,1.6.0,1.6.0,MSVC 1944,Windows,x86_64,unreported,stencil_2d_direct_sequential,double,4096,contiguous,64,first_call,0,0.0067999999999999996,0,0,0,0,1,1,1,1,DirectSequential,Fast,adaptive,native,none,Auto,1,1
1,1.6.0,1.6.0,MSVC 1944,Windows,x86_64,unreported,stencil_2d_direct_sequential,double,4096,contiguous,64,stable,1,0.0067000000000000002,0,0,0,0,1,1,1,1,DirectSequential,Fast,adaptive,native,none,Auto,1,1
1,1.6.0,1.6.0,MSVC 1944,Windows,x86_64,unreported,stencil_2d_direct_sequential,double,4096,contiguous,64,stable,2,0.0066,0,0,0,0,1,1,1,1,DirectSequential,Fast,adaptive,native,none,Auto,1,1
1,1.6.0,1.6.0,MSVC 1944,Windows,x86_64,unreported,stencil_2d_direct_sequential,double,4096,contiguous,64,stable,3,0.0066,0,0,0,0,1,1,1,1,DirectSequential,Fast,adaptive,native,none,Auto,1,1
1,1.6.0,1.6.0,MSVC 1944,Windows,x86_64,unreported,stencil_2d_direct_sequential,double,4096,contiguous,64,stable,4,0.0064999999999999997,0,0,0,0,1,1,1,1,DirectSequential,Fast,adaptive,native,none,Auto,1,1
1,1.6.0,1.6.0,MSVC 1944,Windows,x86_64,unreported,stencil_2d_direct_sequential,double,4096,contiguous,64,stable,5,0.0064999999999999997,0,0,0,0,1,1,1,1,DirectSequential,Fast,adaptive,native,none,Auto,1,1
1,1.6.0,1.6.0,MSVC 1944,Windows,x86_64,unreported,stencil_2d_direct_sequential,double,4096,contiguous,64,stable,6,0.0067000000000000002,0,0,0,0,1,1,1,1,DirectSequential,Fast,adaptive,native,none,Auto,1,1
1,1.6.0,1.6.0,MSVC 1944,Windows,x86_64,unreported,stencil_2d_direct_sequential,double,4096,contiguous,64,stable,7,0.0066,0,0,0,0,1,1,1,1,DirectSequential,Fast,adaptive,native,none,Auto,1,1
1,1.6.0,1.6.0,MSVC 1944,Windows,x86_64,unreported,stencil_2d_direct_sequential,double,4096,contiguous,64,stable,8,0.0066,0,0,0,0,1,1,1,1,DirectSequential,Fast,adaptive,native,none,Auto,1,1
1,1.6.0,1.6.0,MSVC 1944,Windows,x86_64,unreported,stencil_2d_direct_sequential,double,4096,contiguous,64,stable,9,0.0064999999999999997,0,0,0,0,1,1,1,1,DirectSequential,Fast,adaptive,native,none,Auto,1,1
1,1.6.0,1.6.0,MSVC 1944,Windows,x86_64,unreported,stencil_2d_direct_sequential,double,4096,contiguous,64,stable,10,0.0064999999999999997,0,0,0,0,1,1,1,1,DirectSequential,Fast,adaptive,native,none,Auto,1,1
1,1.6.0,1.6.0,MSVC 1944,Windows,x86_64,unreported,stencil_2d_direct_sequential,double,4096,contiguous,64,stable,11,0.0064999999999999997,0,0,0,0,1,1,1,1,DirectSequential,Fast,adaptive,native,none,Auto,1,1
1,1.6.0,1.6.0,MSVC 1944,Windows,x86_64,unreported,stencil_2d_direct_sequential,double,4096,contiguous,64,stable,12,0.0066,0,0,0,0,1,1,1,1,DirectSequential,Fast,adaptive,native,none,Auto,1,1
1,1.6.0,1.6.0,MSVC 1944,Windows,x86_64,unreported,stencil_2d_direct_sequential,double,4096,contiguous,64,stable,13,0.0066,0,0,0,0,1,1,1,1,DirectSequential,Fast,adaptive,native,none,Auto,1,1
1,1.6.0,1.6.0,MSVC 1944,Windows,x86_64,unreported,stencil_2d_direct_sequential,double,4096,contiguous,64,stable,14,0.0066,0,0,0,0,1,1,1,1,DirectSequential,Fast,adaptive,native,none,Auto,1,1
1,1.6.0,1.6.0,MSVC 1944,Windows,x86_64,unreported,stencil_2d_direct_sequential,double,4096,contiguous,64,stable,15,0.0066,0,0,0,0,1,1,1,1,DirectSequential,Fast,adaptive,native,none,Auto,1,1
1,1.6.0,1.6.0,MSVC 1944,Windows,x86_64,unreported,stencil_2d_direct_sequential,double,4096,contiguous,64,stable,16,0.0066,0,0,0,0,1,1,1,1,DirectSequential,Fast,adaptive,native,none,Auto,1,1
1,1.6.0,1.6.0,MSVC 1944,Windows,x86_64,unreported,stencil_2d_direct_sequential,double,4096,contiguous,64,stable,17,0.0064999999999999997,0,0,0,0,1,1,1,1,DirectSequential,Fast,adaptive,native,none,Auto,1,1
1,1.6.0,1.6.0,MSVC 1944,Windows,x86_64,unreported,stencil_2d_direct_sequential,double,4096,contiguous,64,stable,18,0.0066,0,0,0,0,1,1,1,1,DirectSequential,Fast,adaptive,native,none,Auto,1,1
1,1.6.0,1.6.0,MSVC 1944,Windows,x86_64,unreported,stencil_2d_direct_sequential,double,4096,contiguous,64,stable,19,0.0066,0,0,0,0,1,1,1,1,DirectSequential,Fast,adaptive,native,none,Auto,1,1
1,1.6.0,1.6.0,MSVC 1944,Windows,x86_64,unreported,stencil_2d_direct_sequential,double,4096,contiguous,64,stable,20,0.0066,0,0,0,0,1,1,1,1,DirectSequential,Fast,adaptive,native,none,Auto,1,1
1,1.6.0,1.6.0,MSVC 1944,Windows,x86_64,unreported,stencil_2d_direct_sequential,double,4096,contiguous,64,stable,21,0.0066,0,0,0,0,1,1,1,1,DirectSequential,Fast,adaptive,native,none,Auto,1,1
1,1.6.0,1.6.0,MSVC 1944,Windows,x86_64,unreported,stencil_2d_direct_sequential,double,4096,contiguous,64,stable,22,0.0064999999999999997,0,0,0,0,1,1,1,1,DirectSequential,Fast,adaptive,native,none,Auto,1,1
1,1.6.0,1.6.0,MSVC 1944,Windows,x86_64,unreported,stencil_2d_direct_sequential,double,4096,contiguous,64,stable,23,0.0064999999999999997,0,0,0,0,1,1,1,1,DirectSequential,Fast,adaptive,native,none,Auto,1,1
1,1.6.0,1.6.0,MSVC 1944,Windows,x86_64,unreported,stencil_2d_direct_sequential,double,4096,contiguous,64,stable,24,0.0066,0,0,0,0,1,1,1,1,DirectSequential,Fast,adaptive,native,none,Auto,1,1
1,1.6.0,1.6.0,MSVC 1944,Windows,x86_64,unreported,stencil_2d_direct_sequential,double,4096,contiguous,64,stable,25,0.0066,0,0,0,0,1,1,1,1,DirectSequential,Fast,adaptive,native,none,Auto,1,1
1,1.6.0,1.6.0,MSVC 1944,Windows,x86_64,unreported,stencil_2d_direct_sequential,double,4096,contiguous,64,stable,26,0.0064999999999999997,0,0,0,0,1,1,1,1,DirectSequential,Fast,adaptive,native,none,Auto,1,1
1,1.6.0,1.6.0,MSVC 1944,Windows,x86_64,unreported,stencil_2d_direct_sequential,double,4096,contiguous,64,stable,27,0.0067000000000000002,0,0,0,0,1,1,1,1,DirectSequential,Fast,adaptive,native,none,Auto,1,1
1,1.6.0,1.6.0,MSVC 1944,Windows,x86_64,unreported,stencil_2d_direct_sequential,double,4096,contiguous,64,stable,28,0.0064999999999999997,0,0,0,0,1,1,1,1,DirectSequential,Fast,adaptive,native,none,Auto,1,1
1,1.6.0,1.6.0,MSVC 1944,Windows,x86_64,unreported,stencil_2d_direct_sequential,double,4096,contiguous,64,stable,29,0.0064999999999999997,0,0,0,0,1,1,1,1,DirectSequential,Fast,adaptive,native,none,Auto,1,1
1,1.6.0,1.6.0,MSVC 1944,Windows,x86_64,unreported,stencil_2d_direct_sequential,double,4096,contiguous,64,stable,30,0.0066,0,0,0,0,1,1,1,1,DirectSequential,Fast,adaptive,native,none,Auto,1,1
1,1.6.0,1.6.0,MSVC 1944,Windows,x86_64,unreported,stencil_2d_direct_sequential,double,4096,contiguous,64,stable,31,0.0064999999999999997,0,0,0,0,1,1,1,1,DirectSequential,Fast,adaptive,native,none,Auto,1,1
1,1.6.0,1.6.0,MSVC 1944,Windows,x86_64,unreported,stencil_2d,double,65536,contiguous,256,first_call,0,1.6466000000000001,0,0,0,0,1,1,1,1,ThreadPool,Fast,adaptive,native,none,ThreadPool,8,8
1,1.6.0,1.6.0,MSVC 1944,Windows,x86_64,unreported,stencil_2d,double,65536,contiguous,256,stable,1,1.6601999999999999,0,0,0,0,1,1,1,1,ThreadPool,Fast,adaptive,native,none,ThreadPool,8,8
1,1.6.0,1.6.0,MSVC 1944,Windows,x86_64,unreported,stencil_2d,double,65536,contiguous,256,stable,2,1.6456999999999999,0,0,0,0,1,1,1,1,ThreadPool,Fast,adaptive,native,none,ThreadPool,8,8
1,1.6.0,1.6.0,MSVC 1944,Windows,x86_64,unreported,stencil_2d,double,65536,contiguous,256,stable,3,1.6555,0,0,0,0,1,1,1,1,ThreadPool,Fast,adaptive,native,none,ThreadPool,8,8
1,1.6.0,1.6.0,MSVC 1944,Windows,x86_64,unreported,stencil_2d,double,65536,contiguous,256,stable,4,1.6503000000000001,0,0,0,0,1,1,1,1,ThreadPool,Fast,adaptive,native,none,ThreadPool,8,8
1,1.6.0,1.6.0,MSVC 1944,Windows,x86_64,unreported,stencil_2d,double,65536,contiguous,256,stable,5,1.6495,0,0,0,0,1,1,1,1,ThreadPool,Fast,adaptive,native,none,ThreadPool,8,8
1,1.6.0,1.6.0,MSVC 1944,Windows,x86_64,unreported,stencil_2d,double,65536,contiguous,256,stable,6,1.6343000000000001,0,0,0,0,1,1,1,1,ThreadPool,Fast,adaptive,native,none,ThreadPool,8,8
1,1.6.0,1.6.0,MSVC 1944,Windows,x86_64,unreported,stencil_2d,double,65536,contiguous,256,stable,7,1.639,0,0,0,0,1,1,1,1,ThreadPool,Fast,adaptive,native,none,ThreadPool,8,8
1,1.6.0,1.6.0,MSVC 1944,Windows,x86_64,unreported,stencil_2d,double,65536,contiguous,256,stable,8,1.6812,0,0,0,0,1,1,1,1,ThreadPool,Fast,adaptive,native,none,ThreadPool,8,8
1,1.6.0,1.6.0,MSVC 1944,Windows,x86_64,unreported,stencil_2d,double,65536,contiguous,256,stable,9,1.6457999999999999,0,0,0,0,1,1,1,1,ThreadPool,Fast,adaptive,native,none,ThreadPool,8,8
1,1.6.0,1.6.0,MSVC 1944,Windows,x86_64,unreported,stencil_2d,double,65536,contiguous,256,stable,10,1.6415999999999999,0,0,0,0,1,1,1,1,ThreadPool,Fast,adaptive,native,none,ThreadPool,8,8
1,1.6.0,1.6.0,MSVC 1944,Windows,x86_64,unreported,stencil_2d,double,65536,contiguous,256,stable,11,1.6859,0,0,0,0,1,1,1,1,ThreadPool,Fast,adaptive,native,none,ThreadPool,8,8
1,1.6.0,1.6.0,MSVC 1944,Windows,x86_64,unreported,stencil_2d,double,65536,contiguous,256,stable,12,1.6516999999999999,0,0,0,0,1,1,1,1,ThreadPool,Fast,adaptive,native,none,ThreadPool,8,8
1,1.6.0,1.6.0,MSVC 1944,Windows,x86_64,unreported,stencil_2d,double,65536,contiguous,256,stable,13,1.1598999999999999,0,0,0,0,1,1,1,1,ThreadPool,Fast,adaptive,native,none,ThreadPool,8,8
1,1.6.0,1.6.0,MSVC 1944,Windows,x86_64,unreported,stencil_2d,double,65536,contiguous,256,stable,14,1.6380999999999999,0,0,0,0,1,1,1,1,ThreadPool,Fast,adaptive,native,none,ThreadPool,8,8
1,1.6.0,1.6.0,MSVC 1944,Windows,x86_64,unreported,stencil_2d,double,65536,contiguous,256,stable,15,1.6358999999999999,0,0,0,0,1,1,1,1,ThreadPool,Fast,adaptive,native,none,ThreadPool,8,8
1,1.6.0,1.6.0,MSVC 1944,Windows,x86_64,unreported,stencil_2d,double,65536,contiguous,256,stable,16,1.6311,0,0,0,0,1,1,1,1,ThreadPool,Fast,adaptive,native,none,ThreadPool,8,8
1,1.6.0,1.6.0,MSVC 1944,Windows,x86_64,unreported,stencil_2d,double,65536,contiguous,256,stable,17,1.6329,0,0,0,0,1,1,1,1,ThreadPool,Fast,adaptive,native,none,ThreadPool,8,8
1,1.6.0,1.6.0,MSVC 1944,Windows,x86_64,unreported,stencil_2d,double,65536,contiguous,256,stable,18,1.6477999999999999,0,0,0,0,1,1,1,1,ThreadPool,Fast,adaptive,native,none,ThreadPool,8,8
1,1.6.0,1.6.0,MSVC 1944,Windows,x86_64,unreported,stencil_2d,double,65536,contiguous,256,stable,19,1.6475,0,0,0,0,1,1,1,1,ThreadPool,Fast,adaptive,native,none,ThreadPool,8,8
1,1.6.0,1.6.0,MSVC 1944,Windows,x86_64,unreported,stencil_2d,double,65536,contiguous,256,stable,20,1.6338999999999999,0,0,0,0,1,1,1,1,ThreadPool,Fast,adaptive,native,none,ThreadPool,8,8
1,1.6.0,1.6.0,MSVC 1944,Windows,x86_64,unreported,stencil_2d,double,65536,contiguous,256,stable,21,1.6846000000000001,0,0,0,0,1,1,1,1,ThreadPool,Fast,adaptive,native,none,ThreadPool,8,8
1,1.6.0,1.6.0,MSVC 1944,Windows,x86_64,unreported,stencil_2d,double,65536,contiguous,256,stable,22,1.6459999999999999,0,0,0,0,1,1,1,1,ThreadPool,Fast,adaptive,native,none,ThreadPool,8,8
1,1.6.0,1.6.0,MSVC 1944,Windows,x86_64,unreported,stencil_2d,double,65536,contiguous,256,stable,23,1.6513,0,0,0,0,1,1,1,1,ThreadPool,Fast,adaptive,native,none,ThreadPool,8,8
1,1.6.0,1.6.0,MSVC 1944,Windows,x86_64,unreported,stencil_2d,double,65536,contiguous,256,stable,24,1.6497999999999999,0,0,0,0,1,1,1,1,ThreadPool,Fast,adaptive,native,none,ThreadPool,8,8
1,1.6.0,1.6.0,MSVC 1944,Windows,x86_64,unreported,stencil_2d,double,65536,contiguous,256,stable,25,1.6415,0,0,0,0,1,1,1,1,ThreadPool,Fast,adaptive,native,none,ThreadPool,8,8
1,1.6.0,1.6.0,MSVC 1944,Windows,x86_64,unreported,stencil_2d,double,65536,contiguous,256,stable,26,1.6432,0,0,0,0,1,1,1,1,ThreadPool,Fast,adaptive,native,none,ThreadPool,8,8
1,1.6.0,1.6.0,MSVC 1944,Windows,x86_64,unreported,stencil_2d,double,65536,contiguous,256,stable,27,1.643,0,0,0,0,1,1,1,1,ThreadPool,Fast,adaptive,native,none,ThreadPool,8,8
1,1.6.0,1.6.0,MSVC 1944,Windows,x86_64,unreported,stencil_2d,double,65536,contiguous,256,stable,28,1.6465000000000001,0,0,0,0,1,1,1,1,ThreadPool,Fast,adaptive,native,none,ThreadPool,8,8
1,1.6.0,1.6.0,MSVC 1944,Windows,x86_64,unreported,stencil_2d,double,65536,contiguous,256,stable,29,1.6491,0,0,0,0,1,1,1,1,ThreadPool,Fast,adaptive,native,none,ThreadPool,8,8
1,1.6.0,1.6.0,MSVC 1944,Windows,x86_64,unreported,stencil_2d,double,65536,contiguous,256,stable,30,1.6707000000000001,0,0,0,0,1,1,1,1,ThreadPool,Fast,adaptive,native,none,ThreadPool,8,8
1,1.6.0,1.6.0,MSVC 1944,Windows,x86_64,unreported,stencil_2d,double,65536,contiguous,256,stable,31,1.6436999999999999,0,0,0,0,1,1,1,1,ThreadPool,Fast,adaptive,native,none,ThreadPool,8,8
1,1.6.0,1.6.0,MSVC 1944,Windows,x86_64,unreported,stencil_2d,double,65536,contiguous,256,first_call,0,8.6519999999999992,0,0,0,0,1,1,1,1,Sequential,Reproducible,canonical,native,canonical-pairwise-v1-leaf1024,ThreadPool,8,1
1,1.6.0,1.6.0,MSVC 1944,Windows,x86_64,unreported,stencil_2d,double,65536,contiguous,256,stable,1,8.6503999999999994,0,0,0,0,1,1,1,1,Sequential,Reproducible,canonical,native,canonical-pairwise-v1-leaf1024,ThreadPool,8,1
1,1.6.0,1.6.0,MSVC 1944,Windows,x86_64,unreported,stencil_2d,double,65536,contiguous,256,stable,2,8.6255000000000006,0,0,0,0,1,1,1,1,Sequential,Reproducible,canonical,native,canonical-pairwise-v1-leaf1024,ThreadPool,8,1
1,1.6.0,1.6.0,MSVC 1944,Windows,x86_64,unreported,stencil_2d,double,65536,contiguous,256,stable,3,8.6472999999999995,0,0,0,0,1,1,1,1,Sequential,Reproducible,canonical,native,canonical-pairwise-v1-leaf1024,ThreadPool,8,1
1,1.6.0,1.6.0,MSVC 1944,Windows,x86_64,unreported,stencil_2d,double,65536,contiguous,256,stable,4,8.6387999999999998,0,0,0,0,1,1,1,1,Sequential,Reproducible,canonical,native,canonical-pairwise-v1-leaf1024,ThreadPool,8,1
1,1.6.0,1.6.0,MSVC 1944,Windows,x86_64,unreported,stencil_2d,double,65536,contiguous,256,stable,5,8.6241000000000003,0,0,0,0,1,1,1,1,Sequential,Reproducible,canonical,native,canonical-pairwise-v1-leaf1024,ThreadPool,8,1
1,1.6.0,1.6.0,MSVC 1944,Windows,x86_64,unreported,stencil_2d,double,65536,contiguous,256,stable,6,8.6245999999999992,0,0,0,0,1,1,1,1,Sequential,Reproducible,canonical,native,canonical-pairwise-v1-leaf1024,ThreadPool,8,1
1,1.6.0,1.6.0,MSVC 1944,Windows,x86_64,unreported,stencil_2d,double,65536,contiguous,256,stable,7,8.6292000000000009,0,0,0,0,1,1,1,1,Sequential,Reproducible,canonical,native,canonical-pairwise-v1-leaf1024,ThreadPool,8,1
1,1.6.0,1.6.0,MSVC 1944,Windows,x86_64,unreported,stencil_2d,double,65536,contiguous,256,stable,8,8.6159999999999997,0,0,0,0,1,1,1,1,Sequential,Reproducible,canonical,native,canonical-pairwise-v1-leaf1024,ThreadPool,8,1
1,1.6.0,1.6.0,MSVC 1944,Windows,x86_64,unreported,stencil_2d,double,65536,contiguous,256,stable,9,8.6211000000000002,0,0,0,0,1,1,1,1,Sequential,Reproducible,canonical,native,canonical-pairwise-v1-leaf1024,ThreadPool,8,1
1,1.6.0,1.6.0,MSVC 1944,Windows,x86_64,unreported,stencil_2d,double,65536,contiguous,256,stable,10,8.6350999999999996,0,0,0,0,1,1,1,1,Sequential,Reproducible,canonical,native,canonical-pairwise-v1-leaf1024,ThreadPool,8,1
1,1.6.0,1.6.0,MSVC 1944,Windows,x86_64,unreported,stencil_2d,double,65536,contiguous,256,stable,11,8.6239000000000008,0,0,0,0,1,1,1,1,Sequential,Reproducible,canonical,native,canonical-pairwise-v1-leaf1024,ThreadPool,8,1
1,1.6.0,1.6.0,MSVC 1944,Windows,x86_64,unreported,stencil_2d,double,65536,contiguous,256,stable,12,8.6175999999999995,0,0,0,0,1,1,1,1,Sequential,Reproducible,canonical,native,canonical-pairwise-v1-leaf1024,ThreadPool,8,1
1,1.6.0,1.6.0,MSVC 1944,Windows,x86_64,unreported,stencil_2d,double,65536,contiguous,256,stable,13,8.6216000000000008,0,0,0,0,1,1,1,1,Sequential,Reproducible,canonical,native,canonical-pairwise-v1-leaf1024,ThreadPool,8,1
1,1.6.0,1.6.0,MSVC 1944,Windows,x86_64,unreported,stencil_2d,double,65536,contiguous,256,stable,14,8.5992999999999995,0,0,0,0,1,1,1,1,Sequential,Reproducible,canonical,native,canonical-pairwise-v1-leaf1024,ThreadPool,8,1
1,1.6.0,1.6.0,MSVC 1944,Windows,x86_64,unreported,stencil_2d,double,65536,contiguous,256,stable,15,8.5952000000000002,0,0,0,0,1,1,1,1,Sequential,Reproducible,canonical,native,canonical-pairwise-v1-leaf1024,ThreadPool,8,1
1,1.6.0,1.6.0,MSVC 1944,Windows,x86_64,unreported,stencil_2d,double,65536,contiguous,256,stable,16,8.6298999999999992,0,0,0,0,1,1,1,1,Sequential,Reproducible,canonical,native,canonical-pairwise-v1-leaf1024,ThreadPool,8,1
1,1.6.0,1.6.0,MSVC 1944,Windows,x86_64,unreported,stencil_2d,double,65536,contiguous,256,stable,17,8.6371000000000002,0,0,0,0,1,1,1,1,Sequential,Reproducible,canonical,native,canonical-pairwise-v1-leaf1024,ThreadPool,8,1
1,1.6.0,1.6.0,MSVC 1944,Windows,x86_64,unreported,stencil_2d,double,65536,contiguous,256,stable,18,8.6388999999999996,0,0,0,0,1,1,1,1,Sequential,Reproducible,canonical,native,canonical-pairwise-v1-leaf1024,ThreadPool,8,1
1,1.6.0,1.6.0,MSVC 1944,Windows,x86_64,unreported,stencil_2d,double,65536,contiguous,256,stable,19,8.5698000000000008,0,0,0,0,1,1,1,1,Sequential,Reproducible,canonical,native,canonical-pairwise-v1-leaf1024,ThreadPool,8,1
1,1.6.0,1.6.0,MSVC 1944,Windows,x86_64,unreported,stencil_2d,double,65536,contiguous,256,stable,20,8.625,0,0,0,0,1,1,1,1,Sequential,Reproducible,canonical,native,canonical-pairwise-v1-leaf1024,ThreadPool,8,1
1,1.6.0,1.6.0,MSVC 1944,Windows,x86_64,unreported,stencil_2d,double,65536,contiguous,256,stable,21,8.6242000000000001,0,0,0,0,1,1,1,1,Sequential,Reproducible,canonical,native,canonical-pairwise-v1-leaf1024,ThreadPool,8,1
1,1.6.0,1.6.0,MSVC 1944,Windows,x86_64,unreported,stencil_2d,double,65536,contiguous,256,stable,22,8.5206,0,0,0,0,1,1,1,1,Sequential,Reproducible,canonical,native,canonical-pairwise-v1-leaf1024,ThreadPool,8,1
1,1.6.0,1.6.0,MSVC 1944,Windows,x86_64,unreported,stencil_2d,double,65536,contiguous,256,stable,23,8.3992000000000004,0,0,0,0,1,1,1,1,Sequential,Reproducible,canonical,native,canonical-pairwise-v1-leaf1024,ThreadPool,8,1
1,1.6.0,1.6.0,MSVC 1944,Windows,x86_64,unreported,stencil_2d,double,65536,contiguous,256,stable,24,8.3064,0,0,0,0,1,1,1,1,Sequential,Reproducible,canonical,native,canonical-pairwise-v1-leaf1024,ThreadPool,8,1
1,1.6.0,1.6.0,MSVC 1944,Windows,x86_64,unreported,stencil_2d,double,65536,contiguous,256,stable,25,8.3317999999999994,0,0,0,0,1,1,1,1,Sequential,Reproducible,canonical,native,canonical-pairwise-v1-leaf1024,ThreadPool,8,1
1,1.6.0,1.6.0,MSVC 1944,Windows,x86_64,unreported,stencil_2d,double,65536,contiguous,256,stable,26,8.3396000000000008,0,0,0,0,1,1,1,1,Sequential,Reproducible,canonical,native,canonical-pairwise-v1-leaf1024,ThreadPool,8,1
1,1.6.0,1.6.0,MSVC 1944,Windows,x86_64,unreported,stencil_2d,double,65536,contiguous,256,stable,27,8.3385999999999996,0,0,0,0,1,1,1,1,Sequential,Reproducible,canonical,native,canonical-pairwise-v1-leaf1024,ThreadPool,8,1
1,1.6.0,1.6.0,MSVC 1944,Windows,x86_64,unreported,stencil_2d,double,65536,contiguous,256,stable,28,8.3178000000000001,0,0,0,0,1,1,1,1,Sequential,Reproducible,canonical,native,canonical-pairwise-v1-leaf1024,ThreadPool,8,1
1,1.6.0,1.6.0,MSVC 1944,Windows,x86_64,unreported,stencil_2d,double,65536,contiguous,256,stable,29,8.3384999999999998,0,0,0,0,1,1,1,1,Sequential,Reproducible,canonical,native,canonical-pairwise-v1-leaf1024,ThreadPool,8,1
1,1.6.0,1.6.0,MSVC 1944,Windows,x86_64,unreported,stencil_2d,double,65536,contiguous,256,stable,30,8.3176000000000005,0,0,0,0,1,1,1,1,Sequential,Reproducible,canonical,native,canonical-pairwise-v1-leaf1024,ThreadPool,8,1
1,1.6.0,1.6.0,MSVC 1944,Windows,x86_64,unreported,stencil_2d,double,65536,contiguous,256,stable,31,8.3804999999999996,0,0,0,0,1,1,1,1,Sequential,Reproducible,canonical,native,canonical-pairwise-v1-leaf1024,ThreadPool,8,1
1,1.6.0,1.6.0,MSVC 1944,Windows,x86_64,unreported,stencil_2d,double,65536,contiguous,256,first_call,0,8.3510000000000009,0,0,0,0,1,1,1,1,Sequential,Accurate,canonical,native,canonical-pairwise-v1-leaf1024,ThreadPool,8,1
1,1.6.0,1.6.0,MSVC 1944,Windows,x86_64,unreported,stencil_2d,double,65536,contiguous,256,stable,1,8.5355000000000008,0,0,0,0,1,1,1,1,Sequential,Accurate,canonical,native,canonical-pairwise-v1-leaf1024,ThreadPool,8,1
1,1.6.0,1.6.0,MSVC 1944,Windows,x86_64,unreported,stencil_2d,double,65536,contiguous,256,stable,2,8.3651999999999997,0,0,0,0,1,1,1,1,Sequential,Accurate,canonical,native,canonical-pairwise-v1-leaf1024,ThreadPool,8,1
1,1.6.0,1.6.0,MSVC 1944,Windows,x86_64,unreported,stencil_2d,double,65536,contiguous,256,stable,3,8.3650000000000002,0,0,0,0,1,1,1,1,Sequential,Accurate,canonical,native,canonical-pairwise-v1-leaf1024,ThreadPool,8,1
1,1.6.0,1.6.0,MSVC 1944,Windows,x86_64,unreported,stencil_2d,double,65536,contiguous,256,stable,4,8.3244000000000007,0,0,0,0,1,1,1,1,Sequential,Accurate,canonical,native,canonical-pairwise-v1-leaf1024,ThreadPool,8,1
1,1.6.0,1.6.0,MSVC 1944,Windows,x86_64,unreported,stencil_2d,double,65536,contiguous,256,stable,5,8.3045000000000009,0,0,0,0,1,1,1,1,Sequential,Accurate,canonical,native,canonical-pairwise-v1-leaf1024,ThreadPool,8,1
1,1.6.0,1.6.0,MSVC 1944,Windows,x86_64,unreported,stencil_2d,double,65536,contiguous,256,stable,6,8.3229000000000006,0,0,0,0,1,1,1,1,Sequential,Accurate,canonical,native,canonical-pairwise-v1-leaf1024,ThreadPool,8,1
1,1.6.0,1.6.0,MSVC 1944,Windows,x86_64,unreported,stencil_2d,double,65536,contiguous,256,stable,7,8.3192000000000004,0,0,0,0,1,1,1,1,Sequential,Accurate,canonical,native,canonical-pairwise-v1-leaf1024,ThreadPool,8,1
1,1.6.0,1.6.0,MSVC 1944,Windows,x86_64,unreported,stencil_2d,double,65536,contiguous,256,stable,8,8.3049999999999997,0,0,0,0,1,1,1,1,Sequential,Accurate,canonical,native,canonical-pairwise-v1-leaf1024,ThreadPool,8,1
1,1.6.0,1.6.0,MSVC 1944,Windows,x86_64,unreported,stencil_2d,double,65536,contiguous,256,stable,9,8.3547999999999991,0,0,0,0,1,1,1,1,Sequential,Accurate,canonical,native,canonical-pairwise-v1-leaf1024,ThreadPool,8,1
1,1.6.0,1.6.0,MSVC 1944,Windows,x86_64,unreported,stencil_2d,double,65536,contiguous,256,stable,10,8.3251000000000008,0,0,0,0,1,1,1,1,Sequential,Accurate,canonical,native,canonical-pairwise-v1-leaf1024,ThreadPool,8,1
1,1.6.0,1.6.0,MSVC 1944,Windows,x86_64,unreported,stencil_2d,double,65536,contiguous,256,stable,11,8.3149999999999995,0,0,0,0,1,1,1,1,Sequential,Accurate,canonical,native,canonical-pairwise-v1-leaf1024,ThreadPool,8,1
1,1.6.0,1.6.0,MSVC 1944,Windows,x86_64,unreported,stencil_2d,double,65536,contiguous,256,stable,12,8.3313000000000006,0,0,0,0,1,1,1,1,Sequential,Accurate,canonical,native,canonical-pairwise-v1-leaf1024,ThreadPool,8,1
1,1.6.0,1.6.0,MSVC 1944,Windows,x86_64,unreported,stencil_2d,double,65536,contiguous,256,stable,13,8.4623000000000008,0,0,0,0,1,1,1,1,Sequential,Accurate,canonical,native,canonical-pairwise-v1-leaf1024,ThreadPool,8,1
1,1.6.0,1.6.0,MSVC 1944,Windows,x86_64,unreported,stencil_2d,double,65536,contiguous,256,stable,14,8.5378000000000007,0,0,0,0,1,1,1,1,Sequential,Accurate,canonical,native,canonical-pairwise-v1-leaf1024,ThreadPool,8,1
1,1.6.0,1.6.0,MSVC 1944,Windows,x86_64,unreported,stencil_2d,double,65536,contiguous,256,stable,15,8.3859999999999992,0,0,0,0,1,1,1,1,Sequential,Accurate,canonical,native,canonical-pairwise-v1-leaf1024,ThreadPool,8,1
1,1.6.0,1.6.0,MSVC 1944,Windows,x86_64,unreported,stencil_2d,double,65536,contiguous,256,stable,16,8.4072999999999993,0,0,0,0,1,1,1,1,Sequential,Accurate,canonical,native,canonical-pairwise-v1-leaf1024,ThreadPool,8,1
1,1.6.0,1.6.0,MSVC 1944,Windows,x86_64,unreported,stencil_2d,double,65536,contiguous,256,stable,17,8.3422999999999998,0,0,0,0,1,1,1,1,Sequential,Accurate,canonical,native,canonical-pairwise-v1-leaf1024,ThreadPool,8,1
1,1.6.0,1.6.0,MSVC 1944,Windows,x86_64,unreported,stencil_2d,double,65536,contiguous,256,stable,18,8.3221000000000007,0,0,0,0,1,1,1,1,Sequential,Accurate,canonical,native,canonical-pairwise-v1-leaf1024,ThreadPool,8,1
1,1.6.0,1.6.0,MSVC 1944,Windows,x86_64,unreported,stencil_2d,double,65536,contiguous,256,stable,19,8.3203999999999994,0,0,0,0,1,1,1,1,Sequential,Accurate,canonical,native,canonical-pairwise-v1-leaf1024,ThreadPool,8,1
1,1.6.0,1.6.0,MSVC 1944,Windows,x86_64,unreported,stencil_2d,double,65536,contiguous,256,stable,20,8.3361000000000001,0,0,0,0,1,1,1,1,Sequential,Accurate,canonical,native,canonical-pairwise-v1-leaf1024,ThreadPool,8,1
1,1.6.0,1.6.0,MSVC 1944,Windows,x86_64,unreported,stencil_2d,double,65536,contiguous,256,stable,21,8.3018999999999998,0,0,0,0,1,1,1,1,Sequential,Accurate,canonical,native,canonical-pairwise-v1-leaf1024,ThreadPool,8,1
1,1.6.0,1.6.0,MSVC 1944,Windows,x86_64,unreported,stencil_2d,double,65536,contiguous,256,stable,22,8.3084000000000007,0,0,0,0,1,1,1,1,Sequential,Accurate,canonical,native,canonical-pairwise-v1-leaf1024,ThreadPool,8,1
1,1.6.0,1.6.0,MSVC 1944,Windows,x86_64,unreported,stencil_2d,double,65536,contiguous,256,stable,23,8.3175000000000008,0,0,0,0,1,1,1,1,Sequential,Accurate,canonical,native,canonical-pairwise-v1-leaf1024,ThreadPool,8,1
1,1.6.0,1.6.0,MSVC 1944,Windows,x86_64,unreported,stencil_2d,double,65536,contiguous,256,stable,24,9.0861000000000001,0,0,0,0,1,1,1,1,Sequential,Accurate,canonical,native,canonical-pairwise-v1-leaf1024,ThreadPool,8,1
1,1.6.0,1.6.0,MSVC 1944,Windows,x86_64,unreported,stencil_2d,double,65536,contiguous,256,stable,25,8.3895999999999997,0,0,0,0,1,1,1,1,Sequential,Accurate,canonical,native,canonical-pairwise-v1-leaf1024,ThreadPool,8,1
1,1.6.0,1.6.0,MSVC 1944,Windows,x86_64,unreported,stencil_2d,double,65536,contiguous,256,stable,26,8.3455999999999992,0,0,0,0,1,1,1,1,Sequential,Accurate,canonical,native,canonical-pairwise-v1-leaf1024,ThreadPool,8,1
1,1.6.0,1.6.0,MSVC 1944,Windows,x86_64,unreported,stencil_2d,double,65536,contiguous,256,stable,27,8.359,0,0,0,0,1,1,1,1,Sequential,Accurate,canonical,native,canonical-pairwise-v1-leaf1024,ThreadPool,8,1
1,1.6.0,1.6.0,MSVC 1944,Windows,x86_64,unreported,stencil_2d,double,65536,contiguous,256,stable,28,8.3213000000000008,0,0,0,0,1,1,1,1,Sequential,Accurate,canonical,native,canonical-pairwise-v1-leaf1024,ThreadPool,8,1
1,1.6.0,1.6.0,MSVC 1944,Windows,x86_64,unreported,stencil_2d,double,65536,contiguous,256,stable,29,8.3185000000000002,0,0,0,0,1,1,1,1,Sequential,Accurate,canonical,native,canonical-pairwise-v1-leaf1024,ThreadPool,8,1
1,1.6.0,1.6.0,MSVC 1944,Windows,x86_64,unreported,stencil_2d,double,65536,contiguous,256,stable,30,8.4243000000000006,0,0,0,0,1,1,1,1,Sequential,Accurate,canonical,native,canonical-pairwise-v1-leaf1024,ThreadPool,8,1
1,1.6.0,1.6.0,MSVC 1944,Windows,x86_64,unreported,stencil_2d,double,65536,contiguous,256,stable,31,8.3492999999999995,0,0,0,0,1,1,1,1,Sequential,Accurate,canonical,native,canonical-pairwise-v1-leaf1024,ThreadPool,8,1
1,1.6.0,1.6.0,MSVC 1944,Windows,x86_64,unreported,stencil_2d_direct_sequential,double,65536,contiguous,256,first_call,0,0.1031,0,0,0,0,1,1,1,1,DirectSequential,Fast,adaptive,native,none,Auto,1,1
1,1.6.0,1.6.0,MSVC 1944,Windows,x86_64,unreported,stencil_2d_direct_sequential,double,65536,contiguous,256,stable,1,0.10539999999999999,0,0,0,0,1,1,1,1,DirectSequential,Fast,adaptive,native,none,Auto,1,1
1,1.6.0,1.6.0,MSVC 1944,Windows,x86_64,unreported,stencil_2d_direct_sequential,double,65536,contiguous,256,stable,2,0.1016,0,0,0,0,1,1,1,1,DirectSequential,Fast,adaptive,native,none,Auto,1,1
1,1.6.0,1.6.0,MSVC 1944,Windows,x86_64,unreported,stencil_2d_direct_sequential,double,65536,contiguous,256,stable,3,0.1011,0,0,0,0,1,1,1,1,DirectSequential,Fast,adaptive,native,none,Auto,1,1
1,1.6.0,1.6.0,MSVC 1944,Windows,x86_64,unreported,stencil_2d_direct_sequential,double,65536,contiguous,256,stable,4,0.10150000000000001,0,0,0,0,1,1,1,1,DirectSequential,Fast,adaptive,native,none,Auto,1,1
1,1.6.0,1.6.0,MSVC 1944,Windows,x86_64,unreported,stencil_2d_direct_sequential,double,65536,contiguous,256,stable,5,0.1011,0,0,0,0,1,1,1,1,DirectSequential,Fast,adaptive,native,none,Auto,1,1
1,1.6.0,1.6.0,MSVC 1944,Windows,x86_64,unreported,stencil_2d_direct_sequential,double,65536,contiguous,256,stable,6,0.1012,0,0,0,0,1,1,1,1,DirectSequential,Fast,adaptive,native,none,Auto,1,1
1,1.6.0,1.6.0,MSVC 1944,Windows,x86_64,unreported,stencil_2d_direct_sequential,double,65536,contiguous,256,stable,7,0.1012,0,0,0,0,1,1,1,1,DirectSequential,Fast,adaptive,native,none,Auto,1,1
1,1.6.0,1.6.0,MSVC 1944,Windows,x86_64,unreported,stencil_2d_direct_sequential,double,65536,contiguous,256,stable,8,0.10100000000000001,0,0,0,0,1,1,1,1,DirectSequential,Fast,adaptive,native,none,Auto,1,1
1,1.6.0,1.6.0,MSVC 1944,Windows,x86_64,unreported,stencil_2d_direct_sequential,double,65536,contiguous,256,stable,9,0.109,0,0,0,0,1,1,1,1,DirectSequential,Fast,adaptive,native,none,Auto,1,1
1,1.6.0,1.6.0,MSVC 1944,Windows,x86_64,unreported,stencil_2d_direct_sequential,double,65536,contiguous,256,stable,10,0.104,0,0,0,0,1,1,1,1,DirectSequential,Fast,adaptive,native,none,Auto,1,1
1,1.6.0,1.6.0,MSVC 1944,Windows,x86_64,unreported,stencil_2d_direct_sequential,double,65536,contiguous,256,stable,11,0.10249999999999999,0,0,0,0,1,1,1,1,DirectSequential,Fast,adaptive,native,none,Auto,1,1
1,1.6.0,1.6.0,MSVC 1944,Windows,x86_64,unreported,stencil_2d_direct_sequential,double,65536,contiguous,256,stable,12,0.1024,0,0,0,0,1,1,1,1,DirectSequential,Fast,adaptive,native,none,Auto,1,1
1,1.6.0,1.6.0,MSVC 1944,Windows,x86_64,unreported,stencil_2d_direct_sequential,double,65536,contiguous,256,stable,13,0.1026,0,0,0,0,1,1,1,1,DirectSequential,Fast,adaptive,native,none,Auto,1,1
1,1.6.0,1.6.0,MSVC 1944,Windows,x86_64,unreported,stencil_2d_direct_sequential,double,65536,contiguous,256,stable,14,0.1027,0,0,0,0,1,1,1,1,DirectSequential,Fast,adaptive,native,none,Auto,1,1
1,1.6.0,1.6.0,MSVC 1944,Windows,x86_64,unreported,stencil_2d_direct_sequential,double,65536,contiguous,256,stable,15,0.1023,0,0,0,0,1,1,1,1,DirectSequential,Fast,adaptive,native,none,Auto,1,1
1,1.6.0,1.6.0,MSVC 1944,Windows,x86_64,unreported,stencil_2d_direct_sequential,double,65536,contiguous,256,stable,16,0.1028,0,0,0,0,1,1,1,1,DirectSequential,Fast,adaptive,native,none,Auto,1,1
1,1.6.0,1.6.0,MSVC 1944,Windows,x86_64,unreported,stencil_2d_direct_sequential,double,65536,contiguous,256,stable,17,0.10249999999999999,0,0,0,0,1,1,1,1,DirectSequential,Fast,adaptive,native,none,Auto,1,1
1,1.6.0,1.6.0,MSVC 1944,Windows,x86_64,unreported,stencil_2d_direct_sequential,double,65536,contiguous,256,stable,18,0.10249999999999999,0,0,0,0,1,1,1,1,DirectSequential,Fast,adaptive,native,none,Auto,1,1
1,1.6.0,1.6.0,MSVC 1944,Windows,x86_64,unreported,stencil_2d_direct_sequential,double,65536,contiguous,256,stable,19,0.104,0,0,0,0,1,1,1,1,DirectSequential,Fast,adaptive,native,none,Auto,1,1
1,1.6.0,1.6.0,MSVC 1944,Windows,x86_64,unreported,stencil_2d_direct_sequential,double,65536,contiguous,256,stable,20,0.1023,0,0,0,0,1,1,1,1,DirectSequential,Fast,adaptive,native,none,Auto,1,1
1,1.6.0,1.6.0,MSVC 1944,Windows,x86_64,unreported,stencil_2d_direct_sequential,double,65536,contiguous,256,stable,21,0.1026,0,0,0,0,1,1,1,1,DirectSequential,Fast,adaptive,native,none,Auto,1,1
1,1.6.0,1.6.0,MSVC 1944,Windows,x86_64,unreported,stencil_2d_direct_sequential,double,65536,contiguous,256,stable,22,0.1022,0,0,0,0,1,1,1,1,DirectSequential,Fast,adaptive,native,none,Auto,1,1
1,1.6.0,1.6.0,MSVC 1944,Windows,x86_64,unreported,stencil_2d_direct_sequential,double,65536,contiguous,256,stable,23,0.10249999999999999,0,0,0,0,1,1,1,1,DirectSequential,Fast,adaptive,native,none,Auto,1,1
1,1.6.0,1.6.0,MSVC 1944,Windows,x86_64,unreported,stencil_2d_direct_sequential,double,65536,contiguous,256,stable,24,0.1026,0,0,0,0,1,1,1,1,DirectSequential,Fast,adaptive,native,none,Auto,1,1
1,1.6.0,1.6.0,MSVC 1944,Windows,x86_64,unreported,stencil_2d_direct_sequential,double,65536,contiguous,256,stable,25,0.1074,0,0,0,0,1,1,1,1,DirectSequential,Fast,adaptive,native,none,Auto,1,1
1,1.6.0,1.6.0,MSVC 1944,Windows,x86_64,unreported,stencil_2d_direct_sequential,double,65536,contiguous,256,stable,26,0.1017,0,0,0,0,1,1,1,1,DirectSequential,Fast,adaptive,native,none,Auto,1,1
1,1.6.0,1.6.0,MSVC 1944,Windows,x86_64,unreported,stencil_2d_direct_sequential,double,65536,contiguous,256,stable,27,0.1018,0,0,0,0,1,1,1,1,DirectSequential,Fast,adaptive,native,none,Auto,1,1
1,1.6.0,1.6.0,MSVC 1944,Windows,x86_64,unreported,stencil_2d_direct_sequential,double,65536,contiguous,256,stable,28,0.1032,0,0,0,0,1,1,1,1,DirectSequential,Fast,adaptive,native,none,Auto,1,1
1,1.6.0,1.6.0,MSVC 1944,Windows,x86_64,unreported,stencil_2d_direct_sequential,double,65536,contiguous,256,stable,29,0.1017,0,0,0,0,1,1,1,1,DirectSequential,Fast,adaptive,native,none,Auto,1,1
1,1.6.0,1.6.0,MSVC 1944,Windows,x86_64,unreported,stencil_2d_direct_sequential,double,65536,contiguous,256,stable,30,0.1018,0,0,0,0,1,1,1,1,DirectSequential,Fast,adaptive,native,none,Auto,1,1
1,1.6.0,1.6.0,MSVC 1944,Windows,x86_64,unreported,stencil_2d_direct_sequential,double,65536,contiguous,256,stable,31,0.1017,0,0,0,0,1,1,1,1,DirectSequential,Fast,adaptive,native,none,Auto,1,1
1,1.6.0,1.6.0,MSVC 1944,Windows,x86_64,unreported,stencil_2d,double,1048576,contiguous,1024,first_call,0,32.946800000000003,0,0,0,0,1,1,1,1,ThreadPool,Fast,adaptive,native,none,ThreadPool,8,8
1,1.6.0,1.6.0,MSVC 1944,Windows,x86_64,unreported,stencil_2d,double,1048576,contiguous,1024,stable,1,33.061500000000002,0,0,0,0,1,1,1,1,ThreadPool,Fast,adaptive,native,none,ThreadPool,8,8
1,1.6.0,1.6.0,MSVC 1944,Windows,x86_64,unreported,stencil_2d,double,1048576,contiguous,1024,stable,2,26.020700000000001,0,0,0,0,1,1,1,1,ThreadPool,Fast,adaptive,native,none,ThreadPool,8,8
1,1.6.0,1.6.0,MSVC 1944,Windows,x86_64,unreported,stencil_2d,double,1048576,contiguous,1024,stable,3,17.935400000000001,0,0,0,0,1,1,1,1,ThreadPool,Fast,adaptive,native,none,ThreadPool,8,8
1,1.6.0,1.6.0,MSVC 1944,Windows,x86_64,unreported,stencil_2d,double,1048576,contiguous,1024,stable,4,26.0199,0,0,0,0,1,1,1,1,ThreadPool,Fast,adaptive,native,none,ThreadPool,8,8
1,1.6.0,1.6.0,MSVC 1944,Windows,x86_64,unreported,stencil_2d,double,1048576,contiguous,1024,stable,5,25.202999999999999,0,0,0,0,1,1,1,1,ThreadPool,Fast,adaptive,native,none,ThreadPool,8,8
1,1.6.0,1.6.0,MSVC 1944,Windows,x86_64,unreported,stencil_2d,double,1048576,contiguous,1024,stable,6,17.808900000000001,0,0,0,0,1,1,1,1,ThreadPool,Fast,adaptive,native,none,ThreadPool,8,8
1,1.6.0,1.6.0,MSVC 1944,Windows,x86_64,unreported,stencil_2d,double,1048576,contiguous,1024,stable,7,25.969100000000001,0,0,0,0,1,1,1,1,ThreadPool,Fast,adaptive,native,none,ThreadPool,8,8
1,1.6.0,1.6.0,MSVC 1944,Windows,x86_64,unreported,stencil_2d,double,1048576,contiguous,1024,stable,8,26.023599999999998,0,0,0,0,1,1,1,1,ThreadPool,Fast,adaptive,native,none,ThreadPool,8,8
1,1.6.0,1.6.0,MSVC 1944,Windows,x86_64,unreported,stencil_2d,double,1048576,contiguous,1024,stable,9,34.359699999999997,0,0,0,0,1,1,1,1,ThreadPool,Fast,adaptive,native,none,ThreadPool,8,8
1,1.6.0,1.6.0,MSVC 1944,Windows,x86_64,unreported,stencil_2d,double,1048576,contiguous,1024,stable,10,25.913799999999998,0,0,0,0,1,1,1,1,ThreadPool,Fast,adaptive,native,none,ThreadPool,8,8
1,1.6.0,1.6.0,MSVC 1944,Windows,x86_64,unreported,stencil_2d,double,1048576,contiguous,1024,stable,11,25.8842,0,0,0,0,1,1,1,1,ThreadPool,Fast,adaptive,native,none,ThreadPool,8,8
1,1.6.0,1.6.0,MSVC 1944,Windows,x86_64,unreported,stencil_2d,double,1048576,contiguous,1024,stable,12,25.9268,0,0,0,0,1,1,1,1,ThreadPool,Fast,adaptive,native,none,ThreadPool,8,8
1,1.6.0,1.6.0,MSVC 1944,Windows,x86_64,unreported,stencil_2d,double,1048576,contiguous,1024,stable,13,33.274000000000001,0,0,0,0,1,1,1,1,ThreadPool,Fast,adaptive,native,none,ThreadPool,8,8
1,1.6.0,1.6.0,MSVC 1944,Windows,x86_64,unreported,stencil_2d,double,1048576,contiguous,1024,stable,14,17.840399999999999,0,0,0,0,1,1,1,1,ThreadPool,Fast,adaptive,native,none,ThreadPool,8,8
1,1.6.0,1.6.0,MSVC 1944,Windows,x86_64,unreported,stencil_2d,double,1048576,contiguous,1024,stable,15,33.076500000000003,0,0,0,0,1,1,1,1,ThreadPool,Fast,adaptive,native,none,ThreadPool,8,8
1,1.6.0,1.6.0,MSVC 1944,Windows,x86_64,unreported,stencil_2d,double,1048576,contiguous,1024,stable,16,25.924299999999999,0,0,0,0,1,1,1,1,ThreadPool,Fast,adaptive,native,none,ThreadPool,8,8
1,1.6.0,1.6.0,MSVC 1944,Windows,x86_64,unreported,stencil_2d,double,1048576,contiguous,1024,stable,17,26.004100000000001,0,0,0,0,1,1,1,1,ThreadPool,Fast,adaptive,native,none,ThreadPool,8,8
1,1.6.0,1.6.0,MSVC 1944,Windows,x86_64,unreported,stencil_2d,double,1048576,contiguous,1024,stable,18,26.041499999999999,0,0,0,0,1,1,1,1,ThreadPool,Fast,adaptive,native,none,ThreadPool,8,8
1,1.6.0,1.6.0,MSVC 1944,Windows,x86_64,unreported,stencil_2d,double,1048576,contiguous,1024,stable,19,25.887499999999999,0,0,0,0,1,1,1,1,ThreadPool,Fast,adaptive,native,none,ThreadPool,8,8
1,1.6.0,1.6.0,MSVC 1944,Windows,x86_64,unreported,stencil_2d,double,1048576,contiguous,1024,stable,20,25.9529,0,0,0,0,1,1,1,1,ThreadPool,Fast,adaptive,native,none,ThreadPool,8,8
1,1.6.0,1.6.0,MSVC 1944,Windows,x86_64,unreported,stencil_2d,double,1048576,contiguous,1024,stable,21,25.929400000000001,0,0,0,0,1,1,1,1,ThreadPool,Fast,adaptive,native,none,ThreadPool,8,8
1,1.6.0,1.6.0,MSVC 1944,Windows,x86_64,unreported,stencil_2d,double,1048576,contiguous,1024,stable,22,26.011099999999999,0,0,0,0,1,1,1,1,ThreadPool,Fast,adaptive,native,none,ThreadPool,8,8
1,1.6.0,1.6.0,MSVC 1944,Windows,x86_64,unreported,stencil_2d,double,1048576,contiguous,1024,stable,23,25.935700000000001,0,0,0,0,1,1,1,1,ThreadPool,Fast,adaptive,native,none,ThreadPool,8,8
1,1.6.0,1.6.0,MSVC 1944,Windows,x86_64,unreported,stencil_2d,double,1048576,contiguous,1024,stable,24,33.058999999999997,0,0,0,0,1,1,1,1,ThreadPool,Fast,adaptive,native,none,ThreadPool,8,8
1,1.6.0,1.6.0,MSVC 1944,Windows,x86_64,unreported,stencil_2d,double,1048576,contiguous,1024,stable,25,26.007899999999999,0,0,0,0,1,1,1,1,ThreadPool,Fast,adaptive,native,none,ThreadPool,8,8
1,1.6.0,1.6.0,MSVC 1944,Windows,x86_64,unreported,stencil_2d,double,1048576,contiguous,1024,stable,26,25.921399999999998,0,0,0,0,1,1,1,1,ThreadPool,Fast,adaptive,native,none,ThreadPool,8,8
1,1.6.0,1.6.0,MSVC 1944,Windows,x86_64,unreported,stencil_2d,double,1048576,contiguous,1024,stable,27,25.988299999999999,0,0,0,0,1,1,1,1,ThreadPool,Fast,adaptive,native,none,ThreadPool,8,8
1,1.6.0,1.6.0,MSVC 1944,Windows,x86_64,unreported,stencil_2d,double,1048576,contiguous,1024,stable,28,25.991099999999999,0,0,0,0,1,1,1,1,ThreadPool,Fast,adaptive,native,none,ThreadPool,8,8
1,1.6.0,1.6.0,MSVC 1944,Windows,x86_64,unreported,stencil_2d,double,1048576,contiguous,1024,stable,29,26.0261,0,0,0,0,1,1,1,1,ThreadPool,Fast,adaptive,native,none,ThreadPool,8,8
1,1.6.0,1.6.0,MSVC 1944,Windows,x86_64,unreported,stencil_2d,double,1048576,contiguous,1024,stable,30,17.885000000000002,0,0,0,0,1,1,1,1,ThreadPool,Fast,adaptive,native,none,ThreadPool,8,8
1,1.6.0,1.6.0,MSVC 1944,Windows,x86_64,unreported,stencil_2d,double,1048576,contiguous,1024,stable,31,33.039499999999997,0,0,0,0,1,1,1,1,ThreadPool,Fast,adaptive,native,none,ThreadPool,8,8
1,1.6.0,1.6.0,MSVC 1944,Windows,x86_64,unreported,stencil_2d,double,1048576,contiguous,1024,first_call,0,137.48660000000001,0,0,0,0,1,1,1,1,Sequential,Reproducible,canonical,native,canonical-pairwise-v1-leaf1024,ThreadPool,8,1
1,1.6.0,1.6.0,MSVC 1944,Windows,x86_64,unreported,stencil_2d,double,1048576,contiguous,1024,stable,1,138.374,0,0,0,0,1,1,1,1,Sequential,Reproducible,canonical,native,canonical-pairwise-v1-leaf1024,ThreadPool,8,1
1,1.6.0,1.6.0,MSVC 1944,Windows,x86_64,unreported,stencil_2d,double,1048576,contiguous,1024,stable,2,136.24189999999999,0,0,0,0,1,1,1,1,Sequential,Reproducible,canonical,native,canonical-pairwise-v1-leaf1024,ThreadPool,8,1
1,1.6.0,1.6.0,MSVC 1944,Windows,x86_64,unreported,stencil_2d,double,1048576,contiguous,1024,stable,3,134.2139,0,0,0,0,1,1,1,1,Sequential,Reproducible,canonical,native,canonical-pairwise-v1-leaf1024,ThreadPool,8,1
1,1.6.0,1.6.0,MSVC 1944,Windows,x86_64,unreported,stencil_2d,double,1048576,contiguous,1024,stable,4,133.57050000000001,0,0,0,0,1,1,1,1,Sequential,Reproducible,canonical,native,canonical-pairwise-v1-leaf1024,ThreadPool,8,1
1,1.6.0,1.6.0,MSVC 1944,Windows,x86_64,unreported,stencil_2d,double,1048576,contiguous,1024,stable,5,133.6036,0,0,0,0,1,1,1,1,Sequential,Reproducible,canonical,native,canonical-pairwise-v1-leaf1024,ThreadPool,8,1
1,1.6.0,1.6.0,MSVC 1944,Windows,x86_64,unreported,stencil_2d,double,1048576,contiguous,1024,stable,6,133.63239999999999,0,0,0,0,1,1,1,1,Sequential,Reproducible,canonical,native,canonical-pairwise-v1-leaf1024,ThreadPool,8,1
1,1.6.0,1.6.0,MSVC 1944,Windows,x86_64,unreported,stencil_2d,double,1048576,contiguous,1024,stable,7,133.7893,0,0,0,0,1,1,1,1,Sequential,Reproducible,canonical,native,canonical-pairwise-v1-leaf1024,ThreadPool,8,1
1,1.6.0,1.6.0,MSVC 1944,Windows,x86_64,unreported,stencil_2d,double,1048576,contiguous,1024,stable,8,133.79589999999999,0,0,0,0,1,1,1,1,Sequential,Reproducible,canonical,native,canonical-pairwise-v1-leaf1024,ThreadPool,8,1
1,1.6.0,1.6.0,MSVC 1944,Windows,x86_64,unreported,stencil_2d,double,1048576,contiguous,1024,stable,9,133.95140000000001,0,0,0,0,1,1,1,1,Sequential,Reproducible,canonical,native,canonical-pairwise-v1-leaf1024,ThreadPool,8,1
1,1.6.0,1.6.0,MSVC 1944,Windows,x86_64,unreported,stencil_2d,double,1048576,contiguous,1024,stable,10,133.54820000000001,0,0,0,0,1,1,1,1,Sequential,Reproducible,canonical,native,canonical-pairwise-v1-leaf1024,ThreadPool,8,1
1,1.6.0,1.6.0,MSVC 1944,Windows,x86_64,unreported,stencil_2d,double,1048576,contiguous,1024,stable,11,133.67429999999999,0,0,0,0,1,1,1,1,Sequential,Reproducible,canonical,native,canonical-pairwise-v1-leaf1024,ThreadPool,8,1
1,1.6.0,1.6.0,MSVC 1944,Windows,x86_64,unreported,stencil_2d,double,1048576,contiguous,1024,stable,12,133.7946,0,0,0,0,1,1,1,1,Sequential,Reproducible,canonical,native,canonical-pairwise-v1-leaf1024,ThreadPool,8,1
1,1.6.0,1.6.0,MSVC 1944,Windows,x86_64,unreported,stencil_2d,double,1048576,contiguous,1024,stable,13,133.72040000000001,0,0,0,0,1,1,1,1,Sequential,Reproducible,canonical,native,canonical-pairwise-v1-leaf1024,ThreadPool,8,1
1,1.6.0,1.6.0,MSVC 1944,Windows,x86_64,unreported,stencil_2d,double,1048576,contiguous,1024,stable,14,133.90770000000001,0,0,0,0,1,1,1,1,Sequential,Reproducible,canonical,native,canonical-pairwise-v1-leaf1024,ThreadPool,8,1
1,1.6.0,1.6.0,MSVC 1944,Windows,x86_64,unreported,stencil_2d,double,1048576,contiguous,1024,stable,15,133.83340000000001,0,0,0,0,1,1,1,1,Sequential,Reproducible,canonical,native,canonical-pairwise-v1-leaf1024,ThreadPool,8,1
1,1.6.0,1.6.0,MSVC 1944,Windows,x86_64,unreported,stencil_2d,double,1048576,contiguous,1024,stable,16,134.45519999999999,0,0,0,0,1,1,1,1,Sequential,Reproducible,canonical,native,canonical-pairwise-v1-leaf1024,ThreadPool,8,1
1,1.6.0,1.6.0,MSVC 1944,Windows,x86_64,unreported,stencil_2d,double,1048576,contiguous,1024,stable,17,134.1181,0,0,0,0,1,1,1,1,Sequential,Reproducible,canonical,native,canonical-pairwise-v1-leaf1024,ThreadPool,8,1
1,1.6.0,1.6.0,MSVC 1944,Windows,x86_64,unreported,stencil_2d,double,1048576,contiguous,1024,stable,18,134.42500000000001,0,0,0,0,1,1,1,1,Sequential,Reproducible,canonical,native,canonical-pairwise-v1-leaf1024,ThreadPool,8,1
1,1.6.0,1.6.0,MSVC 1944,Windows,x86_64,unreported,stencil_2d,double,1048576,contiguous,1024,stable,19,133.66759999999999,0,0,0,0,1,1,1,1,Sequential,Reproducible,canonical,native,canonical-pairwise-v1-leaf1024,ThreadPool,8,1
1,1.6.0,1.6.0,MSVC 1944,Windows,x86_64,unreported,stencil_2d,double,1048576,contiguous,1024,stable,20,133.4145,0,0,0,0,1,1,1,1,Sequential,Reproducible,canonical,native,canonical-pairwise-v1-leaf1024,ThreadPool,8,1
1,1.6.0,1.6.0,MSVC 1944,Windows,x86_64,unreported,stencil_2d,double,1048576,contiguous,1024,stable,21,133.52529999999999,0,0,0,0,1,1,1,1,Sequential,Reproducible,canonical,native,canonical-pairwise-v1-leaf1024,ThreadPool,8,1
1,1.6.0,1.6.0,MSVC 1944,Windows,x86_64,unreported,stencil_2d,double,1048576,contiguous,1024,stable,22,133.91679999999999,0,0,0,0,1,1,1,1,Sequential,Reproducible,canonical,native,canonical-pairwise-v1-leaf1024,ThreadPool,8,1
1,1.6.0,1.6.0,MSVC 1944,Windows,x86_64,unreported,stencil_2d,double,1048576,contiguous,1024,stable,23,133.89869999999999,0,0,0,0,1,1,1,1,Sequential,Reproducible,canonical,native,canonical-pairwise-v1-leaf1024,ThreadPool,8,1
1,1.6.0,1.6.0,MSVC 1944,Windows,x86_64,unreported,stencil_2d,double,1048576,contiguous,1024,stable,24,134.0574,0,0,0,0,1,1,1,1,Sequential,Reproducible,canonical,native,canonical-pairwise-v1-leaf1024,ThreadPool,8,1
1,1.6.0,1.6.0,MSVC 1944,Windows,x86_64,unreported,stencil_2d,double,1048576,contiguous,1024,stable,25,133.98779999999999,0,0,0,0,1,1,1,1,Sequential,Reproducible,canonical,native,canonical-pairwise-v1-leaf1024,ThreadPool,8,1
1,1.6.0,1.6.0,MSVC 1944,Windows,x86_64,unreported,stencil_2d,double,1048576,contiguous,1024,stable,26,135.5043,0,0,0,0,1,1,1,1,Sequential,Reproducible,canonical,native,canonical-pairwise-v1-leaf1024,ThreadPool,8,1
1,1.6.0,1.6.0,MSVC 1944,Windows,x86_64,unreported,stencil_2d,double,1048576,contiguous,1024,stable,27,134.18539999999999,0,0,0,0,1,1,1,1,Sequential,Reproducible,canonical,native,canonical-pairwise-v1-leaf1024,ThreadPool,8,1
1,1.6.0,1.6.0,MSVC 1944,Windows,x86_64,unreported,stencil_2d,double,1048576,contiguous,1024,stable,28,132.98910000000001,0,0,0,0,1,1,1,1,Sequential,Reproducible,canonical,native,canonical-pairwise-v1-leaf1024,ThreadPool,8,1
1,1.6.0,1.6.0,MSVC 1944,Windows,x86_64,unreported,stencil_2d,double,1048576,contiguous,1024,stable,29,133.3039,0,0,0,0,1,1,1,1,Sequential,Reproducible,canonical,native,canonical-pairwise-v1-leaf1024,ThreadPool,8,1
1,1.6.0,1.6.0,MSVC 1944,Windows,x86_64,unreported,stencil_2d,double,1048576,contiguous,1024,stable,30,132.8015,0,0,0,0,1,1,1,1,Sequential,Reproducible,canonical,native,canonical-pairwise-v1-leaf1024,ThreadPool,8,1
1,1.6.0,1.6.0,MSVC 1944,Windows,x86_64,unreported,stencil_2d,double,1048576,contiguous,1024,stable,31,132.79429999999999,0,0,0,0,1,1,1,1,Sequential,Reproducible,canonical,native,canonical-pairwise-v1-leaf1024,ThreadPool,8,1
1,1.6.0,1.6.0,MSVC 1944,Windows,x86_64,unreported,stencil_2d,double,1048576,contiguous,1024,first_call,0,132.0615,0,0,0,0,1,1,1,1,Sequential,Accurate,canonical,native,canonical-pairwise-v1-leaf1024,ThreadPool,8,1
1,1.6.0,1.6.0,MSVC 1944,Windows,x86_64,unreported,stencil_2d,double,1048576,contiguous,1024,stable,1,132.5127,0,0,0,0,1,1,1,1,Sequential,Accurate,canonical,native,canonical-pairwise-v1-leaf1024,ThreadPool,8,1
1,1.6.0,1.6.0,MSVC 1944,Windows,x86_64,unreported,stencil_2d,double,1048576,contiguous,1024,stable,2,133.14529999999999,0,0,0,0,1,1,1,1,Sequential,Accurate,canonical,native,canonical-pairwise-v1-leaf1024,ThreadPool,8,1
1,1.6.0,1.6.0,MSVC 1944,Windows,x86_64,unreported,stencil_2d,double,1048576,contiguous,1024,stable,3,132.9273,0,0,0,0,1,1,1,1,Sequential,Accurate,canonical,native,canonical-pairwise-v1-leaf1024,ThreadPool,8,1
1,1.6.0,1.6.0,MSVC 1944,Windows,x86_64,unreported,stencil_2d,double,1048576,contiguous,1024,stable,4,132.69049999999999,0,0,0,0,1,1,1,1,Sequential,Accurate,canonical,native,canonical-pairwise-v1-leaf1024,ThreadPool,8,1
1,1.6.0,1.6.0,MSVC 1944,Windows,x86_64,unreported,stencil_2d,double,1048576,contiguous,1024,stable,5,133.07329999999999,0,0,0,0,1,1,1,1,Sequential,Accurate,canonical,native,canonical-pairwise-v1-leaf1024,ThreadPool,8,1
1,1.6.0,1.6.0,MSVC 1944,Windows,x86_64,unreported,stencil_2d,double,1048576,contiguous,1024,stable,6,132.965,0,0,0,0,1,1,1,1,Sequential,Accurate,canonical,native,canonical-pairwise-v1-leaf1024,ThreadPool,8,1
1,1.6.0,1.6.0,MSVC 1944,Windows,x86_64,unreported,stencil_2d,double,1048576,contiguous,1024,stable,7,132.43530000000001,0,0,0,0,1,1,1,1,Sequential,Accurate,canonical,native,canonical-pairwise-v1-leaf1024,ThreadPool,8,1
1,1.6.0,1.6.0,MSVC 1944,Windows,x86_64,unreported,stencil_2d,double,1048576,contiguous,1024,stable,8,132.91669999999999,0,0,0,0,1,1,1,1,Sequential,Accurate,canonical,native,canonical-pairwise-v1-leaf1024,ThreadPool,8,1
1,1.6.0,1.6.0,MSVC 1944,Windows,x86_64,unreported,stencil_2d,double,1048576,contiguous,1024,stable,9,132.77549999999999,0,0,0,0,1,1,1,1,Sequential,Accurate,canonical,native,canonical-pairwise-v1-leaf1024,ThreadPool,8,1
1,1.6.0,1.6.0,MSVC 1944,Windows,x86_64,unreported,stencil_2d,double,1048576,contiguous,1024,stable,10,133.041,0,0,0,0,1,1,1,1,Sequential,Accurate,canonical,native,canonical-pairwise-v1-leaf1024,ThreadPool,8,1
1,1.6.0,1.6.0,MSVC 1944,Windows,x86_64,unreported,stencil_2d,double,1048576,contiguous,1024,stable,11,133.64439999999999,0,0,0,0,1,1,1,1,Sequential,Accurate,canonical,native,canonical-pairwise-v1-leaf1024,ThreadPool,8,1
1,1.6.0,1.6.0,MSVC 1944,Windows,x86_64,unreported,stencil_2d,double,1048576,contiguous,1024,stable,12,132.71449999999999,0,0,0,0,1,1,1,1,Sequential,Accurate,canonical,native,canonical-pairwise-v1-leaf1024,ThreadPool,8,1
1,1.6.0,1.6.0,MSVC 1944,Windows,x86_64,unreported,stencil_2d,double,1048576,contiguous,1024,stable,13,133.3938,0,0,0,0,1,1,1,1,Sequential,Accurate,canonical,native,canonical-pairwise-v1-leaf1024,ThreadPool,8,1
1,1.6.0,1.6.0,MSVC 1944,Windows,x86_64,unreported,stencil_2d,double,1048576,contiguous,1024,stable,14,135.6454,0,0,0,0,1,1,1,1,Sequential,Accurate,canonical,native,canonical-pairwise-v1-leaf1024,ThreadPool,8,1
1,1.6.0,1.6.0,MSVC 1944,Windows,x86_64,unreported,stencil_2d,double,1048576,contiguous,1024,stable,15,134.86519999999999,0,0,0,0,1,1,1,1,Sequential,Accurate,canonical,native,canonical-pairwise-v1-leaf1024,ThreadPool,8,1
1,1.6.0,1.6.0,MSVC 1944,Windows,x86_64,unreported,stencil_2d,double,1048576,contiguous,1024,stable,16,132.1771,0,0,0,0,1,1,1,1,Sequential,Accurate,canonical,native,canonical-pairwise-v1-leaf1024,ThreadPool,8,1
1,1.6.0,1.6.0,MSVC 1944,Windows,x86_64,unreported,stencil_2d,double,1048576,contiguous,1024,stable,17,132.57499999999999,0,0,0,0,1,1,1,1,Sequential,Accurate,canonical,native,canonical-pairwise-v1-leaf1024,ThreadPool,8,1
1,1.6.0,1.6.0,MSVC 1944,Windows,x86_64,unreported,stencil_2d,double,1048576,contiguous,1024,stable,18,133.00290000000001,0,0,0,0,1,1,1,1,Sequential,Accurate,canonical,native,canonical-pairwise-v1-leaf1024,ThreadPool,8,1
1,1.6.0,1.6.0,MSVC 1944,Windows,x86_64,unreported,stencil_2d,double,1048576,contiguous,1024,stable,19,132.59200000000001,0,0,0,0,1,1,1,1,Sequential,Accurate,canonical,native,canonical-pairwise-v1-leaf1024,ThreadPool,8,1
1,1.6.0,1.6.0,MSVC 1944,Windows,x86_64,unreported,stencil_2d,double,1048576,contiguous,1024,stable,20,132.5307,0,0,0,0,1,1,1,1,Sequential,Accurate,canonical,native,canonical-pairwise-v1-leaf1024,ThreadPool,8,1
1,1.6.0,1.6.0,MSVC 1944,Windows,x86_64,unreported,stencil_2d,double,1048576,contiguous,1024,stable,21,132.51599999999999,0,0,0,0,1,1,1,1,Sequential,Accurate,canonical,native,canonical-pairwise-v1-leaf1024,ThreadPool,8,1
1,1.6.0,1.6.0,MSVC 1944,Windows,x86_64,unreported,stencil_2d,double,1048576,contiguous,1024,stable,22,132.89420000000001,0,0,0,0,1,1,1,1,Sequential,Accurate,canonical,native,canonical-pairwise-v1-leaf1024,ThreadPool,8,1
1,1.6.0,1.6.0,MSVC 1944,Windows,x86_64,unreported,stencil_2d,double,1048576,contiguous,1024,stable,23,132.78389999999999,0,0,0,0,1,1,1,1,Sequential,Accurate,canonical,native,canonical-pairwise-v1-leaf1024,ThreadPool,8,1
1,1.6.0,1.6.0,MSVC 1944,Windows,x86_64,unreported,stencil_2d,double,1048576,contiguous,1024,stable,24,132.44030000000001,0,0,0,0,1,1,1,1,Sequential,Accurate,canonical,native,canonical-pairwise-v1-leaf1024,ThreadPool,8,1
1,1.6.0,1.6.0,MSVC 1944,Windows,x86_64,unreported,stencil_2d,double,1048576,contiguous,1024,stable,25,132.60380000000001,0,0,0,0,1,1,1,1,Sequential,Accurate,canonical,native,canonical-pairwise-v1-leaf1024,ThreadPool,8,1
1,1.6.0,1.6.0,MSVC 1944,Windows,x86_64,unreported,stencil_2d,double,1048576,contiguous,1024,stable,26,133.14410000000001,0,0,0,0,1,1,1,1,Sequential,Accurate,canonical,native,canonical-pairwise-v1-leaf1024,ThreadPool,8,1
1,1.6.0,1.6.0,MSVC 1944,Windows,x86_64,unreported,stencil_2d,double,1048576,contiguous,1024,stable,27,133.3048,0,0,0,0,1,1,1,1,Sequential,Accurate,canonical,native,canonical-pairwise-v1-leaf1024,ThreadPool,8,1
1,1.6.0,1.6.0,MSVC 1944,Windows,x86_64,unreported,stencil_2d,double,1048576,contiguous,1024,stable,28,131.9845,0,0,0,0,1,1,1,1,Sequential,Accurate,canonical,native,canonical-pairwise-v1-leaf1024,ThreadPool,8,1
1,1.6.0,1.6.0,MSVC 1944,Windows,x86_64,unreported,stencil_2d,double,1048576,contiguous,1024,stable,29,132.62870000000001,0,0,0,0,1,1,1,1,Sequential,Accurate,canonical,native,canonical-pairwise-v1-leaf1024,ThreadPool,8,1
1,1.6.0,1.6.0,MSVC 1944,Windows,x86_64,unreported,stencil_2d,double,1048576,contiguous,1024,stable,30,132.56819999999999,0,0,0,0,1,1,1,1,Sequential,Accurate,canonical,native,canonical-pairwise-v1-leaf1024,ThreadPool,8,1
1,1.6.0,1.6.0,MSVC 1944,Windows,x86_64,unreported,stencil_2d,double,1048576,contiguous,1024,stable,31,133.4049,0,0,0,0,1,1,1,1,Sequential,Accurate,canonical,native,canonical-pairwise-v1-leaf1024,ThreadPool,8,1
1,1.6.0,1.6.0,MSVC 1944,Windows,x86_64,unreported,stencil_2d_direct_sequential,double,1048576,contiguous,1024,first_call,0,1.716,0,0,0,0,1,1,1,1,DirectSequential,Fast,adaptive,native,none,Auto,1,1
1,1.6.0,1.6.0,MSVC 1944,Windows,x86_64,unreported,stencil_2d_direct_sequential,double,1048576,contiguous,1024,stable,1,1.7445999999999999,0,0,0,0,1,1,1,1,DirectSequential,Fast,adaptive,native,none,Auto,1,1
1,1.6.0,1.6.0,MSVC 1944,Windows,x86_64,unreported,stencil_2d_direct_sequential,double,1048576,contiguous,1024,stable,2,1.7421,0,0,0,0,1,1,1,1,DirectSequential,Fast,adaptive,native,none,Auto,1,1
1,1.6.0,1.6.0,MSVC 1944,Windows,x86_64,unreported,stencil_2d_direct_sequential,double,1048576,contiguous,1024,stable,3,1.7593000000000001,0,0,0,0,1,1,1,1,DirectSequential,Fast,adaptive,native,none,Auto,1,1
1,1.6.0,1.6.0,MSVC 1944,Windows,x86_64,unreported,stencil_2d_direct_sequential,double,1048576,contiguous,1024,stable,4,1.8117000000000001,0,0,0,0,1,1,1,1,DirectSequential,Fast,adaptive,native,none,Auto,1,1
1,1.6.0,1.6.0,MSVC 1944,Windows,x86_64,unreported,stencil_2d_direct_sequential,double,1048576,contiguous,1024,stable,5,1.7895000000000001,0,0,0,0,1,1,1,1,DirectSequential,Fast,adaptive,native,none,Auto,1,1
1,1.6.0,1.6.0,MSVC 1944,Windows,x86_64,unreported,stencil_2d_direct_sequential,double,1048576,contiguous,1024,stable,6,1.7545999999999999,0,0,0,0,1,1,1,1,DirectSequential,Fast,adaptive,native,none,Auto,1,1
1,1.6.0,1.6.0,MSVC 1944,Windows,x86_64,unreported,stencil_2d_direct_sequential,double,1048576,contiguous,1024,stable,7,1.7842,0,0,0,0,1,1,1,1,DirectSequential,Fast,adaptive,native,none,Auto,1,1
1,1.6.0,1.6.0,MSVC 1944,Windows,x86_64,unreported,stencil_2d_direct_sequential,double,1048576,contiguous,1024,stable,8,1.8126,0,0,0,0,1,1,1,1,DirectSequential,Fast,adaptive,native,none,Auto,1,1
1,1.6.0,1.6.0,MSVC 1944,Windows,x86_64,unreported,stencil_2d_direct_sequential,double,1048576,contiguous,1024,stable,9,1.7209000000000001,0,0,0,0,1,1,1,1,DirectSequential,Fast,adaptive,native,none,Auto,1,1
1,1.6.0,1.6.0,MSVC 1944,Windows,x86_64,unreported,stencil_2d_direct_sequential,double,1048576,contiguous,1024,stable,10,1.7322,0,0,0,0,1,1,1,1,DirectSequential,Fast,adaptive,native,none,Auto,1,1
1,1.6.0,1.6.0,MSVC 1944,Windows,x86_64,unreported,stencil_2d_direct_sequential,double,1048576,contiguous,1024,stable,11,1.7634000000000001,0,0,0,0,1,1,1,1,DirectSequential,Fast,adaptive,native,none,Auto,1,1
1,1.6.0,1.6.0,MSVC 1944,Windows,x86_64,unreported,stencil_2d_direct_sequential,double,1048576,contiguous,1024,stable,12,1.7619,0,0,0,0,1,1,1,1,DirectSequential,Fast,adaptive,native,none,Auto,1,1
1,1.6.0,1.6.0,MSVC 1944,Windows,x86_64,unreported,stencil_2d_direct_sequential,double,1048576,contiguous,1024,stable,13,1.7684,0,0,0,0,1,1,1,1,DirectSequential,Fast,adaptive,native,none,Auto,1,1
1,1.6.0,1.6.0,MSVC 1944,Windows,x86_64,unreported,stencil_2d_direct_sequential,double,1048576,contiguous,1024,stable,14,1.7514000000000001,0,0,0,0,1,1,1,1,DirectSequential,Fast,adaptive,native,none,Auto,1,1
1,1.6.0,1.6.0,MSVC 1944,Windows,x86_64,unreported,stencil_2d_direct_sequential,double,1048576,contiguous,1024,stable,15,1.7282,0,0,0,0,1,1,1,1,DirectSequential,Fast,adaptive,native,none,Auto,1,1
1,1.6.0,1.6.0,MSVC 1944,Windows,x86_64,unreported,stencil_2d_direct_sequential,double,1048576,contiguous,1024,stable,16,1.7493000000000001,0,0,0,0,1,1,1,1,DirectSequential,Fast,adaptive,native,none,Auto,1,1
1,1.6.0,1.6.0,MSVC 1944,Windows,x86_64,unreported,stencil_2d_direct_sequential,double,1048576,contiguous,1024,stable,17,1.8230999999999999,0,0,0,0,1,1,1,1,DirectSequential,Fast,adaptive,native,none,Auto,1,1
1,1.6.0,1.6.0,MSVC 1944,Windows,x86_64,unreported,stencil_2d_direct_sequential,double,1048576,contiguous,1024,stable,18,1.7683,0,0,0,0,1,1,1,1,DirectSequential,Fast,adaptive,native,none,Auto,1,1
1,1.6.0,1.6.0,MSVC 1944,Windows,x86_64,unreported,stencil_2d_direct_sequential,double,1048576,contiguous,1024,stable,19,1.7451000000000001,0,0,0,0,1,1,1,1,DirectSequential,Fast,adaptive,native,none,Auto,1,1
1,1.6.0,1.6.0,MSVC 1944,Windows,x86_64,unreported,stencil_2d_direct_sequential,double,1048576,contiguous,1024,stable,20,1.7302999999999999,0,0,0,0,1,1,1,1,DirectSequential,Fast,adaptive,native,none,Auto,1,1
1,1.6.0,1.6.0,MSVC 1944,Windows,x86_64,unreported,stencil_2d_direct_sequential,double,1048576,contiguous,1024,stable,21,1.7763,0,0,0,0,1,1,1,1,DirectSequential,Fast,adaptive,native,none,Auto,1,1
1,1.6.0,1.6.0,MSVC 1944,Windows,x86_64,unreported,stencil_2d_direct_sequential,double,1048576,contiguous,1024,stable,22,1.7535000000000001,0,0,0,0,1,1,1,1,DirectSequential,Fast,adaptive,native,none,Auto,1,1
1,1.6.0,1.6.0,MSVC 1944,Windows,x86_64,unreported,stencil_2d_direct_sequential,double,1048576,contiguous,1024,stable,23,1.7239,0,0,0,0,1,1,1,1,DirectSequential,Fast,adaptive,native,none,Auto,1,1
1,1.6.0,1.6.0,MSVC 1944,Windows,x86_64,unreported,stencil_2d_direct_sequential,double,1048576,contiguous,1024,stable,24,1.7661,0,0,0,0,1,1,1,1,DirectSequential,Fast,adaptive,native,none,Auto,1,1
1,1.6.0,1.6.0,MSVC 1944,Windows,x86_64,unreported,stencil_2d_direct_sequential,double,1048576,contiguous,1024,stable,25,1.7317,0,0,0,0,1,1,1,1,DirectSequential,Fast,adaptive,native,none,Auto,1,1
1,1.6.0,1.6.0,MSVC 1944,Windows,x86_64,unreported,stencil_2d_direct_sequential,double,1048576,contiguous,1024,stable,26,1.7790999999999999,0,0,0,0,1,1,1,1,DirectSequential,Fast,adaptive,native,none,Auto,1,1
1,1.6.0,1.6.0,MSVC 1944,Windows,x86_64,unreported,stencil_2d_direct_sequential,double,1048576,contiguous,1024,stable,27,1.7699,0,0,0,0,1,1,1,1,DirectSequential,Fast,adaptive,native,none,Auto,1,1
1,1.6.0,1.6.0,MSVC 1944,Windows,x86_64,unreported,stencil_2d_direct_sequential,double,1048576,contiguous,1024,stable,28,1.7557,0,0,0,0,1,1,1,1,DirectSequential,Fast,adaptive,native,none,Auto,1,1
1,1.6.0,1.6.0,MSVC 1944,Windows,x86_64,unreported,stencil_2d_direct_sequential,double,1048576,contiguous,1024,stable,29,1.7310000000000001,0,0,0,0,1,1,1,1,DirectSequential,Fast,adaptive,native,none,Auto,1,1
1,1.6.0,1.6.0,MSVC 1944,Windows,x86_64,unreported,stencil_2d_direct_sequential,double,1048576,contiguous,1024,stable,30,1.7423999999999999,0,0,0,0,1,1,1,1,DirectSequential,Fast,adaptive,native,none,Auto,1,1
1,1.6.0,1.6.0,MSVC 1944,Windows,x86_64,unreported,stencil_2d_direct_sequential,double,1048576,contiguous,1024,stable,31,1.7475000000000001,0,0,0,0,1,1,1,1,DirectSequential,Fast,adaptive,native,none,Auto,1,1
1,1.6.0,1.6.0,MSVC 1944,Windows,x86_64,unreported,stencil_2d_padded,double,65536,padded,263,first_call,0,1.6586000000000001,0,0,0,0,1,1,1,1,ThreadPool,Fast,adaptive,native,none,ThreadPool,8,8
1,1.6.0,1.6.0,MSVC 1944,Windows,x86_64,unreported,stencil_2d_padded,double,65536,padded,263,stable,1,1.6415999999999999,0,0,0,0,1,1,1,1,ThreadPool,Fast,adaptive,native,none,ThreadPool,8,8
1,1.6.0,1.6.0,MSVC 1944,Windows,x86_64,unreported,stencil_2d_padded,double,65536,padded,263,stable,2,1.6386000000000001,0,0,0,0,1,1,1,1,ThreadPool,Fast,adaptive,native,none,ThreadPool,8,8
1,1.6.0,1.6.0,MSVC 1944,Windows,x86_64,unreported,stencil_2d_padded,double,65536,padded,263,stable,3,1.6496,0,0,0,0,1,1,1,1,ThreadPool,Fast,adaptive,native,none,ThreadPool,8,8
1,1.6.0,1.6.0,MSVC 1944,Windows,x86_64,unreported,stencil_2d_padded,double,65536,padded,263,stable,4,1.6287,0,0,0,0,1,1,1,1,ThreadPool,Fast,adaptive,native,none,ThreadPool,8,8
1,1.6.0,1.6.0,MSVC 1944,Windows,x86_64,unreported,stencil_2d_padded,double,65536,padded,263,stable,5,1.6355999999999999,0,0,0,0,1,1,1,1,ThreadPool,Fast,adaptive,native,none,ThreadPool,8,8
1,1.6.0,1.6.0,MSVC 1944,Windows,x86_64,unreported,stencil_2d_padded,double,65536,padded,263,stable,6,1.6442000000000001,0,0,0,0,1,1,1,1,ThreadPool,Fast,adaptive,native,none,ThreadPool,8,8
1,1.6.0,1.6.0,MSVC 1944,Windows,x86_64,unreported,stencil_2d_padded,double,65536,padded,263,stable,7,1.6677,0,0,0,0,1,1,1,1,ThreadPool,Fast,adaptive,native,none,ThreadPool,8,8
1,1.6.0,1.6.0,MSVC 1944,Windows,x86_64,unreported,stencil_2d_padded,double,65536,padded,263,stable,8,1.6870000000000001,0,0,0,0,1,1,1,1,ThreadPool,Fast,adaptive,native,none,ThreadPool,8,8
1,1.6.0,1.6.0,MSVC 1944,Windows,x86_64,unreported,stencil_2d_padded,double,65536,padded,263,stable,9,1.645,0,0,0,0,1,1,1,1,ThreadPool,Fast,adaptive,native,none,ThreadPool,8,8
1,1.6.0,1.6.0,MSVC 1944,Windows,x86_64,unreported,stencil_2d_padded,double,65536,padded,263,stable,10,1.6292,0,0,0,0,1,1,1,1,ThreadPool,Fast,adaptive,native,none,ThreadPool,8,8
1,1.6.0,1.6.0,MSVC 1944,Windows,x86_64,unreported,stencil_2d_padded,double,65536,padded,263,stable,11,1.6367,0,0,0,0,1,1,1,1,ThreadPool,Fast,adaptive,native,none,ThreadPool,8,8
1,1.6.0,1.6.0,MSVC 1944,Windows,x86_64,unreported,stencil_2d_padded,double,65536,padded,263,stable,12,1.6284000000000001,0,0,0,0,1,1,1,1,ThreadPool,Fast,adaptive,native,none,ThreadPool,8,8
1,1.6.0,1.6.0,MSVC 1944,Windows,x86_64,unreported,stencil_2d_padded,double,65536,padded,263,stable,13,2.2145999999999999,0,0,0,0,1,1,1,1,ThreadPool,Fast,adaptive,native,none,ThreadPool,8,8
1,1.6.0,1.6.0,MSVC 1944,Windows,x86_64,unreported,stencil_2d_padded,double,65536,padded,263,stable,14,1.6471,0,0,0,0,1,1,1,1,ThreadPool,Fast,adaptive,native,none,ThreadPool,8,8
1,1.6.0,1.6.0,MSVC 1944,Windows,x86_64,unreported,stencil_2d_padded,double,65536,padded,263,stable,15,1.6499999999999999,0,0,0,0,1,1,1,1,ThreadPool,Fast,adaptive,native,none,ThreadPool,8,8
1,1.6.0,1.6.0,MSVC 1944,Windows,x86_64,unreported,stencil_2d_padded,double,65536,padded,263,stable,16,1.6346000000000001,0,0,0,0,1,1,1,1,ThreadPool,Fast,adaptive,native,none,ThreadPool,8,8
1,1.6.0,1.6.0,MSVC 1944,Windows,x86_64,unreported,stencil_2d_padded,double,65536,padded,263,stable,17,1.6315,0,0,0,0,1,1,1,1,ThreadPool,Fast,adaptive,native,none,ThreadPool,8,8
1,1.6.0,1.6.0,MSVC 1944,Windows,x86_64,unreported,stencil_2d_padded,double,65536,padded,263,stable,18,1.6336999999999999,0,0,0,0,1,1,1,1,ThreadPool,Fast,adaptive,native,none,ThreadPool,8,8
1,1.6.0,1.6.0,MSVC 1944,Windows,x86_64,unreported,stencil_2d_padded,double,65536,padded,263,stable,19,1.633,0,0,0,0,1,1,1,1,ThreadPool,Fast,adaptive,native,none,ThreadPool,8,8
1,1.6.0,1.6.0,MSVC 1944,Windows,x86_64,unreported,stencil_2d_padded,double,65536,padded,263,stable,20,1.6305000000000001,0,0,0,0,1,1,1,1,ThreadPool,Fast,adaptive,native,none,ThreadPool,8,8
1,1.6.0,1.6.0,MSVC 1944,Windows,x86_64,unreported,stencil_2d_padded,double,65536,padded,263,stable,21,1.6411,0,0,0,0,1,1,1,1,ThreadPool,Fast,adaptive,native,none,ThreadPool,8,8
1,1.6.0,1.6.0,MSVC 1944,Windows,x86_64,unreported,stencil_2d_padded,double,65536,padded,263,stable,22,1.6469,0,0,0,0,1,1,1,1,ThreadPool,Fast,adaptive,native,none,ThreadPool,8,8
1,1.6.0,1.6.0,MSVC 1944,Windows,x86_64,unreported,stencil_2d_padded,double,65536,padded,263,stable,23,1.6316999999999999,0,0,0,0,1,1,1,1,ThreadPool,Fast,adaptive,native,none,ThreadPool,8,8
1,1.6.0,1.6.0,MSVC 1944,Windows,x86_64,unreported,stencil_2d_padded,double,65536,padded,263,stable,24,1.6459999999999999,0,0,0,0,1,1,1,1,ThreadPool,Fast,adaptive,native,none,ThreadPool,8,8
1,1.6.0,1.6.0,MSVC 1944,Windows,x86_64,unreported,stencil_2d_padded,double,65536,padded,263,stable,25,1.6329,0,0,0,0,1,1,1,1,ThreadPool,Fast,adaptive,native,none,ThreadPool,8,8
1,1.6.0,1.6.0,MSVC 1944,Windows,x86_64,unreported,stencil_2d_padded,double,65536,padded,263,stable,26,1.6297999999999999,0,0,0,0,1,1,1,1,ThreadPool,Fast,adaptive,native,none,ThreadPool,8,8
1,1.6.0,1.6.0,MSVC 1944,Windows,x86_64,unreported,stencil_2d_padded,double,65536,padded,263,stable,27,1.6329,0,0,0,0,1,1,1,1,ThreadPool,Fast,adaptive,native,none,ThreadPool,8,8
1,1.6.0,1.6.0,MSVC 1944,Windows,x86_64,unreported,stencil_2d_padded,double,65536,padded,263,stable,28,1.657,0,0,0,0,1,1,1,1,ThreadPool,Fast,adaptive,native,none,ThreadPool,8,8
1,1.6.0,1.6.0,MSVC 1944,Windows,x86_64,unreported,stencil_2d_padded,double,65536,padded,263,stable,29,1.6286,0,0,0,0,1,1,1,1,ThreadPool,Fast,adaptive,native,none,ThreadPool,8,8
1,1.6.0,1.6.0,MSVC 1944,Windows,x86_64,unreported,stencil_2d_padded,double,65536,padded,263,stable,30,1.6315999999999999,0,0,0,0,1,1,1,1,ThreadPool,Fast,adaptive,native,none,ThreadPool,8,8
1,1.6.0,1.6.0,MSVC 1944,Windows,x86_64,unreported,stencil_2d_padded,double,65536,padded,263,stable,31,1.6293,0,0,0,0,1,1,1,1,ThreadPool,Fast,adaptive,native,none,ThreadPool,8,8
1,1.6.0,1.6.0,MSVC 1944,Windows,x86_64,unreported,stencil_2d_padded,double,65536,padded,263,first_call,0,8.6066000000000003,0,0,0,0,1,1,1,1,Sequential,Reproducible,canonical,native,canonical-pairwise-v1-leaf1024,ThreadPool,8,1
1,1.6.0,1.6.0,MSVC 1944,Windows,x86_64,unreported,stencil_2d_padded,double,65536,padded,263,stable,1,8.5724999999999998,0,0,0,0,1,1,1,1,Sequential,Reproducible,canonical,native,canonical-pairwise-v1-leaf1024,ThreadPool,8,1
1,1.6.0,1.6.0,MSVC 1944,Windows,x86_64,unreported,stencil_2d_padded,double,65536,padded,263,stable,2,8.5609999999999999,0,0,0,0,1,1,1,1,Sequential,Reproducible,canonical,native,canonical-pairwise-v1-leaf1024,ThreadPool,8,1
1,1.6.0,1.6.0,MSVC 1944,Windows,x86_64,unreported,stencil_2d_padded,double,65536,padded,263,stable,3,8.5721000000000007,0,0,0,0,1,1,1,1,Sequential,Reproducible,canonical,native,canonical-pairwise-v1-leaf1024,ThreadPool,8,1
1,1.6.0,1.6.0,MSVC 1944,Windows,x86_64,unreported,stencil_2d_padded,double,65536,padded,263,stable,4,8.5620999999999992,0,0,0,0,1,1,1,1,Sequential,Reproducible,canonical,native,canonical-pairwise-v1-leaf1024,ThreadPool,8,1
1,1.6.0,1.6.0,MSVC 1944,Windows,x86_64,unreported,stencil_2d_padded,double,65536,padded,263,stable,5,8.5713000000000008,0,0,0,0,1,1,1,1,Sequential,Reproducible,canonical,native,canonical-pairwise-v1-leaf1024,ThreadPool,8,1
1,1.6.0,1.6.0,MSVC 1944,Windows,x86_64,unreported,stencil_2d_padded,double,65536,padded,263,stable,6,8.5592000000000006,0,0,0,0,1,1,1,1,Sequential,Reproducible,canonical,native,canonical-pairwise-v1-leaf1024,ThreadPool,8,1
1,1.6.0,1.6.0,MSVC 1944,Windows,x86_64,unreported,stencil_2d_padded,double,65536,padded,263,stable,7,8.5626999999999995,0,0,0,0,1,1,1,1,Sequential,Reproducible,canonical,native,canonical-pairwise-v1-leaf1024,ThreadPool,8,1
1,1.6.0,1.6.0,MSVC 1944,Windows,x86_64,unreported,stencil_2d_padded,double,65536,padded,263,stable,8,8.5639000000000003,0,0,0,0,1,1,1,1,Sequential,Reproducible,canonical,native,canonical-pairwise-v1-leaf1024,ThreadPool,8,1
1,1.6.0,1.6.0,MSVC 1944,Windows,x86_64,unreported,stencil_2d_padded,double,65536,padded,263,stable,9,8.5678000000000001,0,0,0,0,1,1,1,1,Sequential,Reproducible,canonical,native,canonical-pairwise-v1-leaf1024,ThreadPool,8,1
1,1.6.0,1.6.0,MSVC 1944,Windows,x86_64,unreported,stencil_2d_padded,double,65536,padded,263,stable,10,8.5879999999999992,0,0,0,0,1,1,1,1,Sequential,Reproducible,canonical,native,canonical-pairwise-v1-leaf1024,ThreadPool,8,1
1,1.6.0,1.6.0,MSVC 1944,Windows,x86_64,unreported,stencil_2d_padded,double,65536,padded,263,stable,11,8.5792999999999999,0,0,0,0,1,1,1,1,Sequential,Reproducible,canonical,native,canonical-pairwise-v1-leaf1024,ThreadPool,8,1
1,1.6.0,1.6.0,MSVC 1944,Windows,x86_64,unreported,stencil_2d_padded,double,65536,padded,263,stable,12,8.5871999999999993,0,0,0,0,1,1,1,1,Sequential,Reproducible,canonical,native,canonical-pairwise-v1-leaf1024,ThreadPool,8,1
1,1.6.0,1.6.0,MSVC 1944,Windows,x86_64,unreported,stencil_2d_padded,double,65536,padded,263,stable,13,8.5911000000000008,0,0,0,0,1,1,1,1,Sequential,Reproducible,canonical,native,canonical-pairwise-v1-leaf1024,ThreadPool,8,1
1,1.6.0,1.6.0,MSVC 1944,Windows,x86_64,unreported,stencil_2d_padded,double,65536,padded,263,stable,14,8.5969999999999995,0,0,0,0,1,1,1,1,Sequential,Reproducible,canonical,native,canonical-pairwise-v1-leaf1024,ThreadPool,8,1
1,1.6.0,1.6.0,MSVC 1944,Windows,x86_64,unreported,stencil_2d_padded,double,65536,padded,263,stable,15,8.5787999999999993,0,0,0,0,1,1,1,1,Sequential,Reproducible,canonical,native,canonical-pairwise-v1-leaf1024,ThreadPool,8,1
1,1.6.0,1.6.0,MSVC 1944,Windows,x86_64,unreported,stencil_2d_padded,double,65536,padded,263,stable,16,8.5799000000000003,0,0,0,0,1,1,1,1,Sequential,Reproducible,canonical,native,canonical-pairwise-v1-leaf1024,ThreadPool,8,1
1,1.6.0,1.6.0,MSVC 1944,Windows,x86_64,unreported,stencil_2d_padded,double,65536,padded,263,stable,17,8.5662000000000003,0,0,0,0,1,1,1,1,Sequential,Reproducible,canonical,native,canonical-pairwise-v1-leaf1024,ThreadPool,8,1
1,1.6.0,1.6.0,MSVC 1944,Windows,x86_64,unreported,stencil_2d_padded,double,65536,padded,263,stable,18,8.4656000000000002,0,0,0,0,1,1,1,1,Sequential,Reproducible,canonical,native,canonical-pairwise-v1-leaf1024,ThreadPool,8,1
1,1.6.0,1.6.0,MSVC 1944,Windows,x86_64,unreported,stencil_2d_padded,double,65536,padded,263,stable,19,8.4406999999999996,0,0,0,0,1,1,1,1,Sequential,Reproducible,canonical,native,canonical-pairwise-v1-leaf1024,ThreadPool,8,1
1,1.6.0,1.6.0,MSVC 1944,Windows,x86_64,unreported,stencil_2d_padded,double,65536,padded,263,stable,20,8.4381000000000004,0,0,0,0,1,1,1,1,Sequential,Reproducible,canonical,native,canonical-pairwise-v1-leaf1024,ThreadPool,8,1
1,1.6.0,1.6.0,MSVC 1944,Windows,x86_64,unreported,stencil_2d_padded,double,65536,padded,263,stable,21,8.3682999999999996,0,0,0,0,1,1,1,1,Sequential,Reproducible,canonical,native,canonical-pairwise-v1-leaf1024,ThreadPool,8,1
1,1.6.0,1.6.0,MSVC 1944,Windows,x86_64,unreported,stencil_2d_padded,double,65536,padded,263,stable,22,8.3393999999999995,0,0,0,0,1,1,1,1,Sequential,Reproducible,canonical,native,canonical-pairwise-v1-leaf1024,ThreadPool,8,1
1,1.6.0,1.6.0,MSVC 1944,Windows,x86_64,unreported,stencil_2d_padded,double,65536,padded,263,stable,23,8.3338999999999999,0,0,0,0,1,1,1,1,Sequential,Reproducible,canonical,native,canonical-pairwise-v1-leaf1024,ThreadPool,8,1
1,1.6.0,1.6.0,MSVC 1944,Windows,x86_64,unreported,stencil_2d_padded,double,65536,padded,263,stable,24,8.3472000000000008,0,0,0,0,1,1,1,1,Sequential,Reproducible,canonical,native,canonical-pairwise-v1-leaf1024,ThreadPool,8,1
1,1.6.0,1.6.0,MSVC 1944,Windows,x86_64,unreported,stencil_2d_padded,double,65536,padded,263,stable,25,8.3324999999999996,0,0,0,0,1,1,1,1,Sequential,Reproducible,canonical,native,canonical-pairwise-v1-leaf1024,ThreadPool,8,1
1,1.6.0,1.6.0,MSVC 1944,Windows,x86_64,unreported,stencil_2d_padded,double,65536,padded,263,stable,26,8.3370999999999995,0,0,0,0,1,1,1,1,Sequential,Reproducible,canonical,native,canonical-pairwise-v1-leaf1024,ThreadPool,8,1
1,1.6.0,1.6.0,MSVC 1944,Windows,x86_64,unreported,stencil_2d_padded,double,65536,padded,263,stable,27,8.3348999999999993,0,0,0,0,1,1,1,1,Sequential,Reproducible,canonical,native,canonical-pairwise-v1-leaf1024,ThreadPool,8,1
1,1.6.0,1.6.0,MSVC 1944,Windows,x86_64,unreported,stencil_2d_padded,double,65536,padded,263,stable,28,8.4273000000000007,0,0,0,0,1,1,1,1,Sequential,Reproducible,canonical,native,canonical-pairwise-v1-leaf1024,ThreadPool,8,1
1,1.6.0,1.6.0,MSVC 1944,Windows,x86_64,unreported,stencil_2d_padded,double,65536,padded,263,stable,29,8.3643000000000001,0,0,0,0,1,1,1,1,Sequential,Reproducible,canonical,native,canonical-pairwise-v1-leaf1024,ThreadPool,8,1
1,1.6.0,1.6.0,MSVC 1944,Windows,x86_64,unreported,stencil_2d_padded,double,65536,padded,263,stable,30,8.3855000000000004,0,0,0,0,1,1,1,1,Sequential,Reproducible,canonical,native,canonical-pairwise-v1-leaf1024,ThreadPool,8,1
1,1.6.0,1.6.0,MSVC 1944,Windows,x86_64,unreported,stencil_2d_padded,double,65536,padded,263,stable,31,8.3523999999999994,0,0,0,0,1,1,1,1,Sequential,Reproducible,canonical,native,canonical-pairwise-v1-leaf1024,ThreadPool,8,1
1,1.6.0,1.6.0,MSVC 1944,Windows,x86_64,unreported,stencil_2d_padded,double,65536,padded,263,first_call,0,8.3352000000000004,0,0,0,0,1,1,1,1,Sequential,Accurate,canonical,native,canonical-pairwise-v1-leaf1024,ThreadPool,8,1
1,1.6.0,1.6.0,MSVC 1944,Windows,x86_64,unreported,stencil_2d_padded,double,65536,padded,263,stable,1,8.3378999999999994,0,0,0,0,1,1,1,1,Sequential,Accurate,canonical,native,canonical-pairwise-v1-leaf1024,ThreadPool,8,1
1,1.6.0,1.6.0,MSVC 1944,Windows,x86_64,unreported,stencil_2d_padded,double,65536,padded,263,stable,2,8.4129000000000005,0,0,0,0,1,1,1,1,Sequential,Accurate,canonical,native,canonical-pairwise-v1-leaf1024,ThreadPool,8,1
1,1.6.0,1.6.0,MSVC 1944,Windows,x86_64,unreported,stencil_2d_padded,double,65536,padded,263,stable,3,8.2702000000000009,0,0,0,0,1,1,1,1,Sequential,Accurate,canonical,native,canonical-pairwise-v1-leaf1024,ThreadPool,8,1
1,1.6.0,1.6.0,MSVC 1944,Windows,x86_64,unreported,stencil_2d_padded,double,65536,padded,263,stable,4,8.2702000000000009,0,0,0,0,1,1,1,1,Sequential,Accurate,canonical,native,canonical-pairwise-v1-leaf1024,ThreadPool,8,1
1,1.6.0,1.6.0,MSVC 1944,Windows,x86_64,unreported,stencil_2d_padded,double,65536,padded,263,stable,5,8.3305000000000007,0,0,0,0,1,1,1,1,Sequential,Accurate,canonical,native,canonical-pairwise-v1-leaf1024,ThreadPool,8,1
1,1.6.0,1.6.0,MSVC 1944,Windows,x86_64,unreported,stencil_2d_padded,double,65536,padded,263,stable,6,8.3550000000000004,0,0,0,0,1,1,1,1,Sequential,Accurate,canonical,native,canonical-pairwise-v1-leaf1024,ThreadPool,8,1
1,1.6.0,1.6.0,MSVC 1944,Windows,x86_64,unreported,stencil_2d_padded,double,65536,padded,263,stable,7,8.5696999999999992,0,0,0,0,1,1,1,1,Sequential,Accurate,canonical,native,canonical-pairwise-v1-leaf1024,ThreadPool,8,1
1,1.6.0,1.6.0,MSVC 1944,Windows,x86_64,unreported,stencil_2d_padded,double,65536,padded,263,stable,8,8.3297000000000008,0,0,0,0,1,1,1,1,Sequential,Accurate,canonical,native,canonical-pairwise-v1-leaf1024,ThreadPool,8,1
1,1.6.0,1.6.0,MSVC 1944,Windows,x86_64,unreported,stencil_2d_padded,double,65536,padded,263,stable,9,8.3717000000000006,0,0,0,0,1,1,1,1,Sequential,Accurate,canonical,native,canonical-pairwise-v1-leaf1024,ThreadPool,8,1
1,1.6.0,1.6.0,MSVC 1944,Windows,x86_64,unreported,stencil_2d_padded,double,65536,padded,263,stable,10,8.2971000000000004,0,0,0,0,1,1,1,1,Sequential,Accurate,canonical,native,canonical-pairwise-v1-leaf1024,ThreadPool,8,1
1,1.6.0,1.6.0,MSVC 1944,Windows,x86_64,unreported,stencil_2d_padded,double,65536,padded,263,stable,11,8.3312000000000008,0,0,0,0,1,1,1,1,Sequential,Accurate,canonical,native,canonical-pairwise-v1-leaf1024,ThreadPool,8,1
1,1.6.0,1.6.0,MSVC 1944,Windows,x86_64,unreported,stencil_2d_padded,double,65536,padded,263,stable,12,8.3140999999999998,0,0,0,0,1,1,1,1,Sequential,Accurate,canonical,native,canonical-pairwise-v1-leaf1024,ThreadPool,8,1
1,1.6.0,1.6.0,MSVC 1944,Windows,x86_64,unreported,stencil_2d_padded,double,65536,padded,263,stable,13,8.3018999999999998,0,0,0,0,1,1,1,1,Sequential,Accurate,canonical,native,canonical-pairwise-v1-leaf1024,ThreadPool,8,1
1,1.6.0,1.6.0,MSVC 1944,Windows,x86_64,unreported,stencil_2d_padded,double,65536,padded,263,stable,14,8.3021999999999991,0,0,0,0,1,1,1,1,Sequential,Accurate,canonical,native,canonical-pairwise-v1-leaf1024,ThreadPool,8,1
1,1.6.0,1.6.0,MSVC 1944,Windows,x86_64,unreported,stencil_2d_padded,double,65536,padded,263,stable,15,8.2977000000000007,0,0,0,0,1,1,1,1,Sequential,Accurate,canonical,native,canonical-pairwise-v1-leaf1024,ThreadPool,8,1
1,1.6.0,1.6.0,MSVC 1944,Windows,x86_64,unreported,stencil_2d_padded,double,65536,padded,263,stable,16,8.2565000000000008,0,0,0,0,1,1,1,1,Sequential,Accurate,canonical,native,canonical-pairwise-v1-leaf1024,ThreadPool,8,1
1,1.6.0,1.6.0,MSVC 1944,Windows,x86_64,unreported,stencil_2d_padded,double,65536,padded,263,stable,17,8.2676999999999996,0,0,0,0,1,1,1,1,Sequential,Accurate,canonical,native,canonical-pairwise-v1-leaf1024,ThreadPool,8,1
1,1.6.0,1.6.0,MSVC 1944,Windows,x86_64,unreported,stencil_2d_padded,double,65536,padded,263,stable,18,8.2508999999999997,0,0,0,0,1,1,1,1,Sequential,Accurate,canonical,native,canonical-pairwise-v1-leaf1024,ThreadPool,8,1
1,1.6.0,1.6.0,MSVC 1944,Windows,x86_64,unreported,stencil_2d_padded,double,65536,padded,263,stable,19,8.3324999999999996,0,0,0,0,1,1,1,1,Sequential,Accurate,canonical,native,canonical-pairwise-v1-leaf1024,ThreadPool,8,1
1,1.6.0,1.6.0,MSVC 1944,Windows,x86_64,unreported,stencil_2d_padded,double,65536,padded,263,stable,20,8.2415000000000003,0,0,0,0,1,1,1,1,Sequential,Accurate,canonical,native,canonical-pairwise-v1-leaf1024,ThreadPool,8,1
1,1.6.0,1.6.0,MSVC 1944,Windows,x86_64,unreported,stencil_2d_padded,double,65536,padded,263,stable,21,8.3003999999999998,0,0,0,0,1,1,1,1,Sequential,Accurate,canonical,native,canonical-pairwise-v1-leaf1024,ThreadPool,8,1
1,1.6.0,1.6.0,MSVC 1944,Windows,x86_64,unreported,stencil_2d_padded,double,65536,padded,263,stable,22,8.2561,0,0,0,0,1,1,1,1,Sequential,Accurate,canonical,native,canonical-pairwise-v1-leaf1024,ThreadPool,8,1
1,1.6.0,1.6.0,MSVC 1944,Windows,x86_64,unreported,stencil_2d_padded,double,65536,padded,263,stable,23,8.2763000000000009,0,0,0,0,1,1,1,1,Sequential,Accurate,canonical,native,canonical-pairwise-v1-leaf1024,ThreadPool,8,1
1,1.6.0,1.6.0,MSVC 1944,Windows,x86_64,unreported,stencil_2d_padded,double,65536,padded,263,stable,24,8.2424999999999997,0,0,0,0,1,1,1,1,Sequential,Accurate,canonical,native,canonical-pairwise-v1-leaf1024,ThreadPool,8,1
1,1.6.0,1.6.0,MSVC 1944,Windows,x86_64,unreported,stencil_2d_padded,double,65536,padded,263,stable,25,8.2848000000000006,0,0,0,0,1,1,1,1,Sequential,Accurate,canonical,native,canonical-pairwise-v1-leaf1024,ThreadPool,8,1
1,1.6.0,1.6.0,MSVC 1944,Windows,x86_64,unreported,stencil_2d_padded,double,65536,padded,263,stable,26,8.2393999999999998,0,0,0,0,1,1,1,1,Sequential,Accurate,canonical,native,canonical-pairwise-v1-leaf1024,ThreadPool,8,1
1,1.6.0,1.6.0,MSVC 1944,Windows,x86_64,unreported,stencil_2d_padded,double,65536,padded,263,stable,27,8.2500999999999998,0,0,0,0,1,1,1,1,Sequential,Accurate,canonical,native,canonical-pairwise-v1-leaf1024,ThreadPool,8,1
1,1.6.0,1.6.0,MSVC 1944,Windows,x86_64,unreported,stencil_2d_padded,double,65536,padded,263,stable,28,8.2699999999999996,0,0,0,0,1,1,1,1,Sequential,Accurate,canonical,native,canonical-pairwise-v1-leaf1024,ThreadPool,8,1
1,1.6.0,1.6.0,MSVC 1944,Windows,x86_64,unreported,stencil_2d_padded,double,65536,padded,263,stable,29,8.4375999999999998,0,0,0,0,1,1,1,1,Sequential,Accurate,canonical,native,canonical-pairwise-v1-leaf1024,ThreadPool,8,1
1,1.6.0,1.6.0,MSVC 1944,Windows,x86_64,unreported,stencil_2d_padded,double,65536,padded,263,stable,30,8.3513000000000002,0,0,0,0,1,1,1,1,Sequential,Accurate,canonical,native,canonical-pairwise-v1-leaf1024,ThreadPool,8,1
1,1.6.0,1.6.0,MSVC 1944,Windows,x86_64,unreported,stencil_2d_padded,double,65536,padded,263,stable,31,8.3440999999999992,0,0,0,0,1,1,1,1,Sequential,Accurate,canonical,native,canonical-pairwise-v1-leaf1024,ThreadPool,8,1
1,1.6.0,1.6.0,MSVC 1944,Windows,x86_64,unreported,heat_diffusion_20,double,262144,contiguous,512,first_call,0,129.30549999999999,0,0,0,0,1,1,1,1,ThreadPool,Fast,adaptive,native,none,ThreadPool,8,8
1,1.6.0,1.6.0,MSVC 1944,Windows,x86_64,unreported,heat_diffusion_20,double,262144,contiguous,512,stable,1,134.23330000000001,0,0,0,0,1,1,1,1,ThreadPool,Fast,adaptive,native,none,ThreadPool,8,8
1,1.6.0,1.6.0,MSVC 1944,Windows,x86_64,unreported,heat_diffusion_20,double,262144,contiguous,512,stable,2,129.95060000000001,0,0,0,0,1,1,1,1,ThreadPool,Fast,adaptive,native,none,ThreadPool,8,8
1,1.6.0,1.6.0,MSVC 1944,Windows,x86_64,unreported,heat_diffusion_20,double,262144,contiguous,512,stable,3,129.7081,0,0,0,0,1,1,1,1,ThreadPool,Fast,adaptive,native,none,ThreadPool,8,8
1,1.6.0,1.6.0,MSVC 1944,Windows,x86_64,unreported,heat_diffusion_20,double,262144,contiguous,512,stable,4,131.89619999999999,0,0,0,0,1,1,1,1,ThreadPool,Fast,adaptive,native,none,ThreadPool,8,8
1,1.6.0,1.6.0,MSVC 1944,Windows,x86_64,unreported,heat_diffusion_20,double,262144,contiguous,512,stable,5,129.4468,0,0,0,0,1,1,1,1,ThreadPool,Fast,adaptive,native,none,ThreadPool,8,8
1,1.6.0,1.6.0,MSVC 1944,Windows,x86_64,unreported,heat_diffusion_20,double,262144,contiguous,512,stable,6,133.7518,0,0,0,0,1,1,1,1,ThreadPool,Fast,adaptive,native,none,ThreadPool,8,8
1,1.6.0,1.6.0,MSVC 1944,Windows,x86_64,unreported,heat_diffusion_20,double,262144,contiguous,512,stable,7,135.50399999999999,0,0,0,0,1,1,1,1,ThreadPool,Fast,adaptive,native,none,ThreadPool,8,8
1,1.6.0,1.6.0,MSVC 1944,Windows,x86_64,unreported,heat_diffusion_20,double,262144,contiguous,512,stable,8,131.3623,0,0,0,0,1,1,1,1,ThreadPool,Fast,adaptive,native,none,ThreadPool,8,8
1,1.6.0,1.6.0,MSVC 1944,Windows,x86_64,unreported,heat_diffusion_20,double,262144,contiguous,512,stable,9,129.6498,0,0,0,0,1,1,1,1,ThreadPool,Fast,adaptive,native,none,ThreadPool,8,8
1,1.6.0,1.6.0,MSVC 1944,Windows,x86_64,unreported,heat_diffusion_20,double,262144,contiguous,512,stable,10,125.7033,0,0,0,0,1,1,1,1,ThreadPool,Fast,adaptive,native,none,ThreadPool,8,8
1,1.6.0,1.6.0,MSVC 1944,Windows,x86_64,unreported,heat_diffusion_20,double,262144,contiguous,512,stable,11,123.4931,0,0,0,0,1,1,1,1,ThreadPool,Fast,adaptive,native,none,ThreadPool,8,8
1,1.6.0,1.6.0,MSVC 1944,Windows,x86_64,unreported,heat_diffusion_20,double,262144,contiguous,512,stable,12,127.8909,0,0,0,0,1,1,1,1,ThreadPool,Fast,adaptive,native,none,ThreadPool,8,8
1,1.6.0,1.6.0,MSVC 1944,Windows,x86_64,unreported,heat_diffusion_20,double,262144,contiguous,512,stable,13,132.23939999999999,0,0,0,0,1,1,1,1,ThreadPool,Fast,adaptive,native,none,ThreadPool,8,8
1,1.6.0,1.6.0,MSVC 1944,Windows,x86_64,unreported,heat_diffusion_20,double,262144,contiguous,512,stable,14,129.982,0,0,0,0,1,1,1,1,ThreadPool,Fast,adaptive,native,none,ThreadPool,8,8
1,1.6.0,1.6.0,MSVC 1944,Windows,x86_64,unreported,heat_diffusion_20,double,262144,contiguous,512,stable,15,121.6409,0,0,0,0,1,1,1,1,ThreadPool,Fast,adaptive,native,none,ThreadPool,8,8
1,1.6.0,1.6.0,MSVC 1944,Windows,x86_64,unreported,heat_diffusion_20,double,262144,contiguous,512,stable,16,129.9273,0,0,0,0,1,1,1,1,ThreadPool,Fast,adaptive,native,none,ThreadPool,8,8
1,1.6.0,1.6.0,MSVC 1944,Windows,x86_64,unreported,heat_diffusion_20,double,262144,contiguous,512,stable,17,129.07429999999999,0,0,0,0,1,1,1,1,ThreadPool,Fast,adaptive,native,none,ThreadPool,8,8
1,1.6.0,1.6.0,MSVC 1944,Windows,x86_64,unreported,heat_diffusion_20,double,262144,contiguous,512,stable,18,125.35169999999999,0,0,0,0,1,1,1,1,ThreadPool,Fast,adaptive,native,none,ThreadPool,8,8
1,1.6.0,1.6.0,MSVC 1944,Windows,x86_64,unreported,heat_diffusion_20,double,262144,contiguous,512,stable,19,131.50729999999999,0,0,0,0,1,1,1,1,ThreadPool,Fast,adaptive,native,none,ThreadPool,8,8
1,1.6.0,1.6.0,MSVC 1944,Windows,x86_64,unreported,heat_diffusion_20,double,262144,contiguous,512,stable,20,129.93010000000001,0,0,0,0,1,1,1,1,ThreadPool,Fast,adaptive,native,none,ThreadPool,8,8
1,1.6.0,1.6.0,MSVC 1944,Windows,x86_64,unreported,heat_diffusion_20,double,262144,contiguous,512,stable,21,129.8965,0,0,0,0,1,1,1,1,ThreadPool,Fast,adaptive,native,none,ThreadPool,8,8
1,1.6.0,1.6.0,MSVC 1944,Windows,x86_64,unreported,heat_diffusion_20,double,262144,contiguous,512,stable,22,131.49170000000001,0,0,0,0,1,1,1,1,ThreadPool,Fast,adaptive,native,none,ThreadPool,8,8
1,1.6.0,1.6.0,MSVC 1944,Windows,x86_64,unreported,heat_diffusion_20,double,262144,contiguous,512,stable,23,136.154,0,0,0,0,1,1,1,1,ThreadPool,Fast,adaptive,native,none,ThreadPool,8,8
1,1.6.0,1.6.0,MSVC 1944,Windows,x86_64,unreported,heat_diffusion_20,double,262144,contiguous,512,stable,24,128.1345,0,0,0,0,1,1,1,1,ThreadPool,Fast,adaptive,native,none,ThreadPool,8,8
1,1.6.0,1.6.0,MSVC 1944,Windows,x86_64,unreported,heat_diffusion_20,double,262144,contiguous,512,stable,25,127.9252,0,0,0,0,1,1,1,1,ThreadPool,Fast,adaptive,native,none,ThreadPool,8,8
1,1.6.0,1.6.0,MSVC 1944,Windows,x86_64,unreported,heat_diffusion_20,double,262144,contiguous,512,stable,26,127.6695,0,0,0,0,1,1,1,1,ThreadPool,Fast,adaptive,native,none,ThreadPool,8,8
1,1.6.0,1.6.0,MSVC 1944,Windows,x86_64,unreported,heat_diffusion_20,double,262144,contiguous,512,stable,27,124.4662,0,0,0,0,1,1,1,1,ThreadPool,Fast,adaptive,native,none,ThreadPool,8,8
1,1.6.0,1.6.0,MSVC 1944,Windows,x86_64,unreported,heat_diffusion_20,double,262144,contiguous,512,stable,28,130.07490000000001,0,0,0,0,1,1,1,1,ThreadPool,Fast,adaptive,native,none,ThreadPool,8,8
1,1.6.0,1.6.0,MSVC 1944,Windows,x86_64,unreported,heat_diffusion_20,double,262144,contiguous,512,stable,29,132.0985,0,0,0,0,1,1,1,1,ThreadPool,Fast,adaptive,native,none,ThreadPool,8,8
1,1.6.0,1.6.0,MSVC 1944,Windows,x86_64,unreported,heat_diffusion_20,double,262144,contiguous,512,stable,30,133.31120000000001,0,0,0,0,1,1,1,1,ThreadPool,Fast,adaptive,native,none,ThreadPool,8,8
1,1.6.0,1.6.0,MSVC 1944,Windows,x86_64,unreported,heat_diffusion_20,double,262144,contiguous,512,stable,31,133.42490000000001,0,0,0,0,1,1,1,1,ThreadPool,Fast,adaptive,native,none,ThreadPool,8,8
1,1.6.0,1.6.0,MSVC 1944,Windows,x86_64,unreported,heat_diffusion_20,double,262144,contiguous,512,first_call,0,678.32129999999995,0,0,0,0,1,1,1,1,Sequential,Reproducible,canonical,native,canonical-pairwise-v1-leaf1024,ThreadPool,8,1
1,1.6.0,1.6.0,MSVC 1944,Windows,x86_64,unreported,heat_diffusion_20,double,262144,contiguous,512,stable,1,672.23339999999996,0,0,0,0,1,1,1,1,Sequential,Reproducible,canonical,native,canonical-pairwise-v1-leaf1024,ThreadPool,8,1
1,1.6.0,1.6.0,MSVC 1944,Windows,x86_64,unreported,heat_diffusion_20,double,262144,contiguous,512,stable,2,670.77260000000001,0,0,0,0,1,1,1,1,Sequential,Reproducible,canonical,native,canonical-pairwise-v1-leaf1024,ThreadPool,8,1
1,1.6.0,1.6.0,MSVC 1944,Windows,x86_64,unreported,heat_diffusion_20,double,262144,contiguous,512,stable,3,673.42100000000005,0,0,0,0,1,1,1,1,Sequential,Reproducible,canonical,native,canonical-pairwise-v1-leaf1024,ThreadPool,8,1
1,1.6.0,1.6.0,MSVC 1944,Windows,x86_64,unreported,heat_diffusion_20,double,262144,contiguous,512,stable,4,675.81309999999996,0,0,0,0,1,1,1,1,Sequential,Reproducible,canonical,native,canonical-pairwise-v1-leaf1024,ThreadPool,8,1
1,1.6.0,1.6.0,MSVC 1944,Windows,x86_64,unreported,heat_diffusion_20,double,262144,contiguous,512,stable,5,672.46709999999996,0,0,0,0,1,1,1,1,Sequential,Reproducible,canonical,native,canonical-pairwise-v1-leaf1024,ThreadPool,8,1
1,1.6.0,1.6.0,MSVC 1944,Windows,x86_64,unreported,heat_diffusion_20,double,262144,contiguous,512,stable,6,673.25369999999998,0,0,0,0,1,1,1,1,Sequential,Reproducible,canonical,native,canonical-pairwise-v1-leaf1024,ThreadPool,8,1
1,1.6.0,1.6.0,MSVC 1944,Windows,x86_64,unreported,heat_diffusion_20,double,262144,contiguous,512,stable,7,670.60599999999999,0,0,0,0,1,1,1,1,Sequential,Reproducible,canonical,native,canonical-pairwise-v1-leaf1024,ThreadPool,8,1
1,1.6.0,1.6.0,MSVC 1944,Windows,x86_64,unreported,heat_diffusion_20,double,262144,contiguous,512,stable,8,669.67039999999997,0,0,0,0,1,1,1,1,Sequential,Reproducible,canonical,native,canonical-pairwise-v1-leaf1024,ThreadPool,8,1
1,1.6.0,1.6.0,MSVC 1944,Windows,x86_64,unreported,heat_diffusion_20,double,262144,contiguous,512,stable,9,669.6961,0,0,0,0,1,1,1,1,Sequential,Reproducible,canonical,native,canonical-pairwise-v1-leaf1024,ThreadPool,8,1
1,1.6.0,1.6.0,MSVC 1944,Windows,x86_64,unreported,heat_diffusion_20,double,262144,contiguous,512,stable,10,677.80700000000002,0,0,0,0,1,1,1,1,Sequential,Reproducible,canonical,native,canonical-pairwise-v1-leaf1024,ThreadPool,8,1
1,1.6.0,1.6.0,MSVC 1944,Windows,x86_64,unreported,heat_diffusion_20,double,262144,contiguous,512,stable,11,674.1703,0,0,0,0,1,1,1,1,Sequential,Reproducible,canonical,native,canonical-pairwise-v1-leaf1024,ThreadPool,8,1
1,1.6.0,1.6.0,MSVC 1944,Windows,x86_64,unreported,heat_diffusion_20,double,262144,contiguous,512,stable,12,675.60230000000001,0,0,0,0,1,1,1,1,Sequential,Reproducible,canonical,native,canonical-pairwise-v1-leaf1024,ThreadPool,8,1
1,1.6.0,1.6.0,MSVC 1944,Windows,x86_64,unreported,heat_diffusion_20,double,262144,contiguous,512,stable,13,674.87860000000001,0,0,0,0,1,1,1,1,Sequential,Reproducible,canonical,native,canonical-pairwise-v1-leaf1024,ThreadPool,8,1
1,1.6.0,1.6.0,MSVC 1944,Windows,x86_64,unreported,heat_diffusion_20,double,262144,contiguous,512,stable,14,674.26499999999999,0,0,0,0,1,1,1,1,Sequential,Reproducible,canonical,native,canonical-pairwise-v1-leaf1024,ThreadPool,8,1
1,1.6.0,1.6.0,MSVC 1944,Windows,x86_64,unreported,heat_diffusion_20,double,262144,contiguous,512,stable,15,676.3519,0,0,0,0,1,1,1,1,Sequential,Reproducible,canonical,native,canonical-pairwise-v1-leaf1024,ThreadPool,8,1
1,1.6.0,1.6.0,MSVC 1944,Windows,x86_64,unreported,heat_diffusion_20,double,262144,contiguous,512,stable,16,678.88350000000003,0,0,0,0,1,1,1,1,Sequential,Reproducible,canonical,native,canonical-pairwise-v1-leaf1024,ThreadPool,8,1
1,1.6.0,1.6.0,MSVC 1944,Windows,x86_64,unreported,heat_diffusion_20,double,262144,contiguous,512,stable,17,672.22929999999997,0,0,0,0,1,1,1,1,Sequential,Reproducible,canonical,native,canonical-pairwise-v1-leaf1024,ThreadPool,8,1
1,1.6.0,1.6.0,MSVC 1944,Windows,x86_64,unreported,heat_diffusion_20,double,262144,contiguous,512,stable,18,672.56410000000005,0,0,0,0,1,1,1,1,Sequential,Reproducible,canonical,native,canonical-pairwise-v1-leaf1024,ThreadPool,8,1
1,1.6.0,1.6.0,MSVC 1944,Windows,x86_64,unreported,heat_diffusion_20,double,262144,contiguous,512,stable,19,675.05709999999999,0,0,0,0,1,1,1,1,Sequential,Reproducible,canonical,native,canonical-pairwise-v1-leaf1024,ThreadPool,8,1
1,1.6.0,1.6.0,MSVC 1944,Windows,x86_64,unreported,heat_diffusion_20,double,262144,contiguous,512,stable,20,673.06920000000002,0,0,0,0,1,1,1,1,Sequential,Reproducible,canonical,native,canonical-pairwise-v1-leaf1024,ThreadPool,8,1
1,1.6.0,1.6.0,MSVC 1944,Windows,x86_64,unreported,heat_diffusion_20,double,262144,contiguous,512,stable,21,672.45010000000002,0,0,0,0,1,1,1,1,Sequential,Reproducible,canonical,native,canonical-pairwise-v1-leaf1024,ThreadPool,8,1
1,1.6.0,1.6.0,MSVC 1944,Windows,x86_64,unreported,heat_diffusion_20,double,262144,contiguous,512,stable,22,673.95860000000005,0,0,0,0,1,1,1,1,Sequential,Reproducible,canonical,native,canonical-pairwise-v1-leaf1024,ThreadPool,8,1
1,1.6.0,1.6.0,MSVC 1944,Windows,x86_64,unreported,heat_diffusion_20,double,262144,contiguous,512,stable,23,674.34019999999998,0,0,0,0,1,1,1,1,Sequential,Reproducible,canonical,native,canonical-pairwise-v1-leaf1024,ThreadPool,8,1
1,1.6.0,1.6.0,MSVC 1944,Windows,x86_64,unreported,heat_diffusion_20,double,262144,contiguous,512,stable,24,670.39390000000003,0,0,0,0,1,1,1,1,Sequential,Reproducible,canonical,native,canonical-pairwise-v1-leaf1024,ThreadPool,8,1
1,1.6.0,1.6.0,MSVC 1944,Windows,x86_64,unreported,heat_diffusion_20,double,262144,contiguous,512,stable,25,676.73350000000005,0,0,0,0,1,1,1,1,Sequential,Reproducible,canonical,native,canonical-pairwise-v1-leaf1024,ThreadPool,8,1
1,1.6.0,1.6.0,MSVC 1944,Windows,x86_64,unreported,heat_diffusion_20,double,262144,contiguous,512,stable,26,671.08249999999998,0,0,0,0,1,1,1,1,Sequential,Reproducible,canonical,native,canonical-pairwise-v1-leaf1024,ThreadPool,8,1
1,1.6.0,1.6.0,MSVC 1944,Windows,x86_64,unreported,heat_diffusion_20,double,262144,contiguous,512,stable,27,681.7989,0,0,0,0,1,1,1,1,Sequential,Reproducible,canonical,native,canonical-pairwise-v1-leaf1024,ThreadPool,8,1
1,1.6.0,1.6.0,MSVC 1944,Windows,x86_64,unreported,heat_diffusion_20,double,262144,contiguous,512,stable,28,680.97609999999997,0,0,0,0,1,1,1,1,Sequential,Reproducible,canonical,native,canonical-pairwise-v1-leaf1024,ThreadPool,8,1
1,1.6.0,1.6.0,MSVC 1944,Windows,x86_64,unreported,heat_diffusion_20,double,262144,contiguous,512,stable,29,672.35149999999999,0,0,0,0,1,1,1,1,Sequential,Reproducible,canonical,native,canonical-pairwise-v1-leaf1024,ThreadPool,8,1
1,1.6.0,1.6.0,MSVC 1944,Windows,x86_64,unreported,heat_diffusion_20,double,262144,contiguous,512,stable,30,669.02170000000001,0,0,0,0,1,1,1,1,Sequential,Reproducible,canonical,native,canonical-pairwise-v1-leaf1024,ThreadPool,8,1
1,1.6.0,1.6.0,MSVC 1944,Windows,x86_64,unreported,heat_diffusion_20,double,262144,contiguous,512,stable,31,671.57510000000002,0,0,0,0,1,1,1,1,Sequential,Reproducible,canonical,native,canonical-pairwise-v1-leaf1024,ThreadPool,8,1
1,1.6.0,1.6.0,MSVC 1944,Windows,x86_64,unreported,heat_diffusion_20,double,262144,contiguous,512,first_call,0,668.48810000000003,0,0,0,0,1,1,1,1,Sequential,Accurate,canonical,native,canonical-pairwise-v1-leaf1024,ThreadPool,8,1
1,1.6.0,1.6.0,MSVC 1944,Windows,x86_64,unreported,heat_diffusion_20,double,262144,contiguous,512,stable,1,667.18110000000001,0,0,0,0,1,1,1,1,Sequential,Accurate,canonical,native,canonical-pairwise-v1-leaf1024,ThreadPool,8,1
1,1.6.0,1.6.0,MSVC 1944,Windows,x86_64,unreported,heat_diffusion_20,double,262144,contiguous,512,stable,2,676.39930000000004,0,0,0,0,1,1,1,1,Sequential,Accurate,canonical,native,canonical-pairwise-v1-leaf1024,ThreadPool,8,1
1,1.6.0,1.6.0,MSVC 1944,Windows,x86_64,unreported,heat_diffusion_20,double,262144,contiguous,512,stable,3,669.08510000000001,0,0,0,0,1,1,1,1,Sequential,Accurate,canonical,native,canonical-pairwise-v1-leaf1024,ThreadPool,8,1
1,1.6.0,1.6.0,MSVC 1944,Windows,x86_64,unreported,heat_diffusion_20,double,262144,contiguous,512,stable,4,670.41989999999998,0,0,0,0,1,1,1,1,Sequential,Accurate,canonical,native,canonical-pairwise-v1-leaf1024,ThreadPool,8,1
1,1.6.0,1.6.0,MSVC 1944,Windows,x86_64,unreported,heat_diffusion_20,double,262144,contiguous,512,stable,5,675.71690000000001,0,0,0,0,1,1,1,1,Sequential,Accurate,canonical,native,canonical-pairwise-v1-leaf1024,ThreadPool,8,1
1,1.6.0,1.6.0,MSVC 1944,Windows,x86_64,unreported,heat_diffusion_20,double,262144,contiguous,512,stable,6,671.99429999999995,0,0,0,0,1,1,1,1,Sequential,Accurate,canonical,native,canonical-pairwise-v1-leaf1024,ThreadPool,8,1
1,1.6.0,1.6.0,MSVC 1944,Windows,x86_64,unreported,heat_diffusion_20,double,262144,contiguous,512,stable,7,685.59770000000003,0,0,0,0,1,1,1,1,Sequential,Accurate,canonical,native,canonical-pairwise-v1-leaf1024,ThreadPool,8,1
1,1.6.0,1.6.0,MSVC 1944,Windows,x86_64,unreported,heat_diffusion_20,double,262144,contiguous,512,stable,8,672.91809999999998,0,0,0,0,1,1,1,1,Sequential,Accurate,canonical,native,canonical-pairwise-v1-leaf1024,ThreadPool,8,1
1,1.6.0,1.6.0,MSVC 1944,Windows,x86_64,unreported,heat_diffusion_20,double,262144,contiguous,512,stable,9,671.24680000000001,0,0,0,0,1,1,1,1,Sequential,Accurate,canonical,native,canonical-pairwise-v1-leaf1024,ThreadPool,8,1
1,1.6.0,1.6.0,MSVC 1944,Windows,x86_64,unreported,heat_diffusion_20,double,262144,contiguous,512,stable,10,669.32799999999997,0,0,0,0,1,1,1,1,Sequential,Accurate,canonical,native,canonical-pairwise-v1-leaf1024,ThreadPool,8,1
1,1.6.0,1.6.0,MSVC 1944,Windows,x86_64,unreported,heat_diffusion_20,double,262144,contiguous,512,stable,11,677.93349999999998,0,0,0,0,1,1,1,1,Sequential,Accurate,canonical,native,canonical-pairwise-v1-leaf1024,ThreadPool,8,1
1,1.6.0,1.6.0,MSVC 1944,Windows,x86_64,unreported,heat_diffusion_20,double,262144,contiguous,512,stable,12,679.19539999999995,0,0,0,0,1,1,1,1,Sequential,Accurate,canonical,native,canonical-pairwise-v1-leaf1024,ThreadPool,8,1
1,1.6.0,1.6.0,MSVC 1944,Windows,x86_64,unreported,heat_diffusion_20,double,262144,contiguous,512,stable,13,674.38879999999995,0,0,0,0,1,1,1,1,Sequential,Accurate,canonical,native,canonical-pairwise-v1-leaf1024,ThreadPool,8,1
1,1.6.0,1.6.0,MSVC 1944,Windows,x86_64,unreported,heat_diffusion_20,double,262144,contiguous,512,stable,14,674.55539999999996,0,0,0,0,1,1,1,1,Sequential,Accurate,canonical,native,canonical-pairwise-v1-leaf1024,ThreadPool,8,1
1,1.6.0,1.6.0,MSVC 1944,Windows,x86_64,unreported,heat_diffusion_20,double,262144,contiguous,512,stable,15,675.76120000000003,0,0,0,0,1,1,1,1,Sequential,Accurate,canonical,native,canonical-pairwise-v1-leaf1024,ThreadPool,8,1
1,1.6.0,1.6.0,MSVC 1944,Windows,x86_64,unreported,heat_diffusion_20,double,262144,contiguous,512,stable,16,673.5326,0,0,0,0,1,1,1,1,Sequential,Accurate,canonical,native,canonical-pairwise-v1-leaf1024,ThreadPool,8,1
1,1.6.0,1.6.0,MSVC 1944,Windows,x86_64,unreported,heat_diffusion_20,double,262144,contiguous,512,stable,17,717.92420000000004,0,0,0,0,1,1,1,1,Sequential,Accurate,canonical,native,canonical-pairwise-v1-leaf1024,ThreadPool,8,1
1,1.6.0,1.6.0,MSVC 1944,Windows,x86_64,unreported,heat_diffusion_20,double,262144,contiguous,512,stable,18,773.88760000000002,0,0,0,0,1,1,1,1,Sequential,Accurate,canonical,native,canonical-pairwise-v1-leaf1024,ThreadPool,8,1
1,1.6.0,1.6.0,MSVC 1944,Windows,x86_64,unreported,heat_diffusion_20,double,262144,contiguous,512,stable,19,774.29660000000001,0,0,0,0,1,1,1,1,Sequential,Accurate,canonical,native,canonical-pairwise-v1-leaf1024,ThreadPool,8,1
1,1.6.0,1.6.0,MSVC 1944,Windows,x86_64,unreported,heat_diffusion_20,double,262144,contiguous,512,stable,20,776.19539999999995,0,0,0,0,1,1,1,1,Sequential,Accurate,canonical,native,canonical-pairwise-v1-leaf1024,ThreadPool,8,1
1,1.6.0,1.6.0,MSVC 1944,Windows,x86_64,unreported,heat_diffusion_20,double,262144,contiguous,512,stable,21,776.37490000000003,0,0,0,0,1,1,1,1,Sequential,Accurate,canonical,native,canonical-pairwise-v1-leaf1024,ThreadPool,8,1
1,1.6.0,1.6.0,MSVC 1944,Windows,x86_64,unreported,heat_diffusion_20,double,262144,contiguous,512,stable,22,776.70280000000002,0,0,0,0,1,1,1,1,Sequential,Accurate,canonical,native,canonical-pairwise-v1-leaf1024,ThreadPool,8,1
1,1.6.0,1.6.0,MSVC 1944,Windows,x86_64,unreported,heat_diffusion_20,double,262144,contiguous,512,stable,23,760.20399999999995,0,0,0,0,1,1,1,1,Sequential,Accurate,canonical,native,canonical-pairwise-v1-leaf1024,ThreadPool,8,1
1,1.6.0,1.6.0,MSVC 1944,Windows,x86_64,unreported,heat_diffusion_20,double,262144,contiguous,512,stable,24,739.16959999999995,0,0,0,0,1,1,1,1,Sequential,Accurate,canonical,native,canonical-pairwise-v1-leaf1024,ThreadPool,8,1
1,1.6.0,1.6.0,MSVC 1944,Windows,x86_64,unreported,heat_diffusion_20,double,262144,contiguous,512,stable,25,719.30880000000002,0,0,0,0,1,1,1,1,Sequential,Accurate,canonical,native,canonical-pairwise-v1-leaf1024,ThreadPool,8,1
1,1.6.0,1.6.0,MSVC 1944,Windows,x86_64,unreported,heat_diffusion_20,double,262144,contiguous,512,stable,26,716.86099999999999,0,0,0,0,1,1,1,1,Sequential,Accurate,canonical,native,canonical-pairwise-v1-leaf1024,ThreadPool,8,1
1,1.6.0,1.6.0,MSVC 1944,Windows,x86_64,unreported,heat_diffusion_20,double,262144,contiguous,512,stable,27,725.83140000000003,0,0,0,0,1,1,1,1,Sequential,Accurate,canonical,native,canonical-pairwise-v1-leaf1024,ThreadPool,8,1
1,1.6.0,1.6.0,MSVC 1944,Windows,x86_64,unreported,heat_diffusion_20,double,262144,contiguous,512,stable,28,722.83849999999995,0,0,0,0,1,1,1,1,Sequential,Accurate,canonical,native,canonical-pairwise-v1-leaf1024,ThreadPool,8,1
1,1.6.0,1.6.0,MSVC 1944,Windows,x86_64,unreported,heat_diffusion_20,double,262144,contiguous,512,stable,29,709.13049999999998,0,0,0,0,1,1,1,1,Sequential,Accurate,canonical,native,canonical-pairwise-v1-leaf1024,ThreadPool,8,1
1,1.6.0,1.6.0,MSVC 1944,Windows,x86_64,unreported,heat_diffusion_20,double,262144,contiguous,512,stable,30,705.88940000000002,0,0,0,0,1,1,1,1,Sequential,Accurate,canonical,native,canonical-pairwise-v1-leaf1024,ThreadPool,8,1
1,1.6.0,1.6.0,MSVC 1944,Windows,x86_64,unreported,heat_diffusion_20,double,262144,contiguous,512,stable,31,698.91989999999998,0,0,0,0,1,1,1,1,Sequential,Accurate,canonical,native,canonical-pairwise-v1-leaf1024,ThreadPool,8,1
1,1.6.0,1.6.0,MSVC 1944,Windows,x86_64,unreported,heat_diffusion_20_direct_sequential,double,262144,contiguous,512,first_call,0,8.6875999999999998,0,0,0,0,1,1,1,1,DirectSequential,Fast,adaptive,native,none,Auto,1,1
1,1.6.0,1.6.0,MSVC 1944,Windows,x86_64,unreported,heat_diffusion_20_direct_sequential,double,262144,contiguous,512,stable,1,8.5100999999999996,0,0,0,0,1,1,1,1,DirectSequential,Fast,adaptive,native,none,Auto,1,1
1,1.6.0,1.6.0,MSVC 1944,Windows,x86_64,unreported,heat_diffusion_20_direct_sequential,double,262144,contiguous,512,stable,2,8.5558999999999994,0,0,0,0,1,1,1,1,DirectSequential,Fast,adaptive,native,none,Auto,1,1
1,1.6.0,1.6.0,MSVC 1944,Windows,x86_64,unreported,heat_diffusion_20_direct_sequential,double,262144,contiguous,512,stable,3,8.5546000000000006,0,0,0,0,1,1,1,1,DirectSequential,Fast,adaptive,native,none,Auto,1,1
1,1.6.0,1.6.0,MSVC 1944,Windows,x86_64,unreported,heat_diffusion_20_direct_sequential,double,262144,contiguous,512,stable,4,8.5495000000000001,0,0,0,0,1,1,1,1,DirectSequential,Fast,adaptive,native,none,Auto,1,1
1,1.6.0,1.6.0,MSVC 1944,Windows,x86_64,unreported,heat_diffusion_20_direct_sequential,double,262144,contiguous,512,stable,5,8.5466999999999995,0,0,0,0,1,1,1,1,DirectSequential,Fast,adaptive,native,none,Auto,1,1
1,1.6.0,1.6.0,MSVC 1944,Windows,x86_64,unreported,heat_diffusion_20_direct_sequential,double,262144,contiguous,512,stable,6,8.5709,0,0,0,0,1,1,1,1,DirectSequential,Fast,adaptive,native,none,Auto,1,1
1,1.6.0,1.6.0,MSVC 1944,Windows,x86_64,unreported,heat_diffusion_20_direct_sequential,double,262144,contiguous,512,stable,7,8.5404999999999998,0,0,0,0,1,1,1,1,DirectSequential,Fast,adaptive,native,none,Auto,1,1
1,1.6.0,1.6.0,MSVC 1944,Windows,x86_64,unreported,heat_diffusion_20_direct_sequential,double,262144,contiguous,512,stable,8,8.5731999999999999,0,0,0,0,1,1,1,1,DirectSequential,Fast,adaptive,native,none,Auto,1,1
1,1.6.0,1.6.0,MSVC 1944,Windows,x86_64,unreported,heat_diffusion_20_direct_sequential,double,262144,contiguous,512,stable,9,8.5309000000000008,0,0,0,0,1,1,1,1,DirectSequential,Fast,adaptive,native,none,Auto,1,1
1,1.6.0,1.6.0,MSVC 1944,Windows,x86_64,unreported,heat_diffusion_20_direct_sequential,double,262144,contiguous,512,stable,10,8.5813000000000006,0,0,0,0,1,1,1,1,DirectSequential,Fast,adaptive,native,none,Auto,1,1
1,1.6.0,1.6.0,MSVC 1944,Windows,x86_64,unreported,heat_diffusion_20_direct_sequential,double,262144,contiguous,512,stable,11,8.5359999999999996,0,0,0,0,1,1,1,1,DirectSequential,Fast,adaptive,native,none,Auto,1,1
1,1.6.0,1.6.0,MSVC 1944,Windows,x86_64,unreported,heat_diffusion_20_direct_sequential,double,262144,contiguous,512,stable,12,8.5648999999999997,0,0,0,0,1,1,1,1,DirectSequential,Fast,adaptive,native,none,Auto,1,1
1,1.6.0,1.6.0,MSVC 1944,Windows,x86_64,unreported,heat_diffusion_20_direct_sequential,double,262144,contiguous,512,stable,13,8.5883000000000003,0,0,0,0,1,1,1,1,DirectSequential,Fast,adaptive,native,none,Auto,1,1
1,1.6.0,1.6.0,MSVC 1944,Windows,x86_64,unreported,heat_diffusion_20_direct_sequential,double,262144,contiguous,512,stable,14,8.5473999999999997,0,0,0,0,1,1,1,1,DirectSequential,Fast,adaptive,native,none,Auto,1,1
1,1.6.0,1.6.0,MSVC 1944,Windows,x86_64,unreported,heat_diffusion_20_direct_sequential,double,262144,contiguous,512,stable,15,8.5861000000000001,0,0,0,0,1,1,1,1,DirectSequential,Fast,adaptive,native,none,Auto,1,1
1,1.6.0,1.6.0,MSVC 1944,Windows,x86_64,unreported,heat_diffusion_20_direct_sequential,double,262144,contiguous,512,stable,16,8.5298999999999996,0,0,0,0,1,1,1,1,DirectSequential,Fast,adaptive,native,none,Auto,1,1
1,1.6.0,1.6.0,MSVC 1944,Windows,x86_64,unreported,heat_diffusion_20_direct_sequential,double,262144,contiguous,512,stable,17,8.6150000000000002,0,0,0,0,1,1,1,1,DirectSequential,Fast,adaptive,native,none,Auto,1,1
1,1.6.0,1.6.0,MSVC 1944,Windows,x86_64,unreported,heat_diffusion_20_direct_sequential,double,262144,contiguous,512,stable,18,8.5533000000000001,0,0,0,0,1,1,1,1,DirectSequential,Fast,adaptive,native,none,Auto,1,1
1,1.6.0,1.6.0,MSVC 1944,Windows,x86_64,unreported,heat_diffusion_20_direct_sequential,double,262144,contiguous,512,stable,19,8.5970999999999993,0,0,0,0,1,1,1,1,DirectSequential,Fast,adaptive,native,none,Auto,1,1
1,1.6.0,1.6.0,MSVC 1944,Windows,x86_64,unreported,heat_diffusion_20_direct_sequential,double,262144,contiguous,512,stable,20,8.5532000000000004,0,0,0,0,1,1,1,1,DirectSequential,Fast,adaptive,native,none,Auto,1,1
1,1.6.0,1.6.0,MSVC 1944,Windows,x86_64,unreported,heat_diffusion_20_direct_sequential,double,262144,contiguous,512,stable,21,8.5593000000000004,0,0,0,0,1,1,1,1,DirectSequential,Fast,adaptive,native,none,Auto,1,1
1,1.6.0,1.6.0,MSVC 1944,Windows,x86_64,unreported,heat_diffusion_20_direct_sequential,double,262144,contiguous,512,stable,22,8.5472000000000001,0,0,0,0,1,1,1,1,DirectSequential,Fast,adaptive,native,none,Auto,1,1
1,1.6.0,1.6.0,MSVC 1944,Windows,x86_64,unreported,heat_diffusion_20_direct_sequential,double,262144,contiguous,512,stable,23,8.5724999999999998,0,0,0,0,1,1,1,1,DirectSequential,Fast,adaptive,native,none,Auto,1,1
1,1.6.0,1.6.0,MSVC 1944,Windows,x86_64,unreported,heat_diffusion_20_direct_sequential,double,262144,contiguous,512,stable,24,8.5780999999999992,0,0,0,0,1,1,1,1,DirectSequential,Fast,adaptive,native,none,Auto,1,1
1,1.6.0,1.6.0,MSVC 1944,Windows,x86_64,unreported,heat_diffusion_20_direct_sequential,double,262144,contiguous,512,stable,25,8.5648,0,0,0,0,1,1,1,1,DirectSequential,Fast,adaptive,native,none,Auto,1,1
1,1.6.0,1.6.0,MSVC 1944,Windows,x86_64,unreported,heat_diffusion_20_direct_sequential,double,262144,contiguous,512,stable,26,8.5678000000000001,0,0,0,0,1,1,1,1,DirectSequential,Fast,adaptive,native,none,Auto,1,1
1,1.6.0,1.6.0,MSVC 1944,Windows,x86_64,unreported,heat_diffusion_20_direct_sequential,double,262144,contiguous,512,stable,27,8.5617999999999999,0,0,0,0,1,1,1,1,DirectSequential,Fast,adaptive,native,none,Auto,1,1
1,1.6.0,1.6.0,MSVC 1944,Windows,x86_64,unreported,heat_diffusion_20_direct_sequential,double,262144,contiguous,512,stable,28,8.5405999999999995,0,0,0,0,1,1,1,1,DirectSequential,Fast,adaptive,native,none,Auto,1,1
1,1.6.0,1.6.0,MSVC 1944,Windows,x86_64,unreported,heat_diffusion_20_direct_sequential,double,262144,contiguous,512,stable,29,8.5488,0,0,0,0,1,1,1,1,DirectSequential,Fast,adaptive,native,none,Auto,1,1
1,1.6.0,1.6.0,MSVC 1944,Windows,x86_64,unreported,heat_diffusion_20_direct_sequential,double,262144,contiguous,512,stable,30,8.5619999999999994,0,0,0,0,1,1,1,1,DirectSequential,Fast,adaptive,native,none,Auto,1,1
1,1.6.0,1.6.0,MSVC 1944,Windows,x86_64,unreported,heat_diffusion_20_direct_sequential,double,262144,contiguous,512,stable,31,8.5214999999999996,0,0,0,0,1,1,1,1,DirectSequential,Fast,adaptive,native,none,Auto,1,1
