schema_version,benchmark_version,smartparallel_version,compiler,operating_system,architecture,cpu_description,operation,data_type,workload_size,view_layout,stride,phase,repetition,duration_ms,result_bits,result_digest,reference,reference_digest,absolute_error,relative_error,execution_valid,reference_accuracy_pass,reproducibility_pass,route_authentication_pass,numerical_capability_pass,scheduler,numerical_policy,evaluation_order,accumulation_algorithm,canonical_plan,requested_scheduler,worker_budget,actual_workers
2,1.6.0,1.6.0,GCC 14.2,Linux,x86_64,AMD EPYC 9V74 80-Core Processor,sum,double,1024,contiguous,1,first_call,0,0.75546000000000002,4642632424477329671,406df197a3ae8907,239.54976066674158,scalar-reference,1.5709655798445965e-14,6.5579926920908215e-17,1,1,1,1,1,ThreadPool,Fast,adaptive,native,none,ThreadPool,8,5
2,1.6.0,1.6.0,GCC 14.2,Linux,x86_64,AMD EPYC 9V74 80-Core Processor,sum,double,1024,contiguous,1,stable,1,0.044677000000000001,4642632424477329671,406df197a3ae8907,239.54976066674158,scalar-reference,1.5709655798445965e-14,6.5579926920908215e-17,1,1,1,1,1,ThreadPool,Fast,adaptive,native,none,ThreadPool,8,5
2,1.6.0,1.6.0,GCC 14.2,Linux,x86_64,AMD EPYC 9V74 80-Core Processor,sum,double,1024,contiguous,1,stable,2,0.036935000000000003,4642632424477329671,406df197a3ae8907,239.54976066674158,scalar-reference,1.5709655798445965e-14,6.5579926920908215e-17,1,1,1,1,1,ThreadPool,Fast,adaptive,native,none,ThreadPool,8,5
2,1.6.0,1.6.0,GCC 14.2,Linux,x86_64,AMD EPYC 9V74 80-Core Processor,sum,double,1024,contiguous,1,stable,3,0.038476999999999997,4642632424477329671,406df197a3ae8907,239.54976066674158,scalar-reference,1.5709655798445965e-14,6.5579926920908215e-17,1,1,1,1,1,ThreadPool,Fast,adaptive,native,none,ThreadPool,8,5
2,1.6.0,1.6.0,GCC 14.2,Linux,x86_64,AMD EPYC 9V74 80-Core Processor,sum,double,1024,contiguous,1,stable,4,0.021131,4642632424477329671,406df197a3ae8907,239.54976066674158,scalar-reference,1.5709655798445965e-14,6.5579926920908215e-17,1,1,1,1,1,ThreadPool,Fast,adaptive,native,none,ThreadPool,8,5
2,1.6.0,1.6.0,GCC 14.2,Linux,x86_64,AMD EPYC 9V74 80-Core Processor,sum,double,1024,contiguous,1,stable,5,0.025316999999999999,4642632424477329671,406df197a3ae8907,239.54976066674158,scalar-reference,1.5709655798445965e-14,6.5579926920908215e-17,1,1,1,1,1,ThreadPool,Fast,adaptive,native,none,ThreadPool,8,5
2,1.6.0,1.6.0,GCC 14.2,Linux,x86_64,AMD EPYC 9V74 80-Core Processor,sum,double,1024,contiguous,1,stable,6,0.018838000000000001,4642632424477329671,406df197a3ae8907,239.54976066674158,scalar-reference,1.5709655798445965e-14,6.5579926920908215e-17,1,1,1,1,1,ThreadPool,Fast,adaptive,native,none,ThreadPool,8,5
2,1.6.0,1.6.0,GCC 14.2,Linux,x86_64,AMD EPYC 9V74 80-Core Processor,sum,double,1024,contiguous,1,stable,7,0.025166999999999998,4642632424477329671,406df197a3ae8907,239.54976066674158,scalar-reference,1.5709655798445965e-14,6.5579926920908215e-17,1,1,1,1,1,ThreadPool,Fast,adaptive,native,none,ThreadPool,8,5
2,1.6.0,1.6.0,GCC 14.2,Linux,x86_64,AMD EPYC 9V74 80-Core Processor,sum,double,1024,contiguous,1,stable,8,0.023855999999999999,4642632424477329671,406df197a3ae8907,239.54976066674158,scalar-reference,1.5709655798445965e-14,6.5579926920908215e-17,1,1,1,1,1,ThreadPool,Fast,adaptive,native,none,ThreadPool,8,5
2,1.6.0,1.6.0,GCC 14.2,Linux,x86_64,AMD EPYC 9V74 80-Core Processor,sum,double,1024,contiguous,1,stable,9,0.024627,4642632424477329671,406df197a3ae8907,239.54976066674158,scalar-reference,1.5709655798445965e-14,6.5579926920908215e-17,1,1,1,1,1,ThreadPool,Fast,adaptive,native,none,ThreadPool,8,5
2,1.6.0,1.6.0,GCC 14.2,Linux,x86_64,AMD EPYC 9V74 80-Core Processor,sum,double,1024,contiguous,1,stable,10,0.025037,4642632424477329671,406df197a3ae8907,239.54976066674158,scalar-reference,1.5709655798445965e-14,6.5579926920908215e-17,1,1,1,1,1,ThreadPool,Fast,adaptive,native,none,ThreadPool,8,5
2,1.6.0,1.6.0,GCC 14.2,Linux,x86_64,AMD EPYC 9V74 80-Core Processor,sum,double,1024,contiguous,1,stable,11,0.025187000000000001,4642632424477329671,406df197a3ae8907,239.54976066674158,scalar-reference,1.5709655798445965e-14,6.5579926920908215e-17,1,1,1,1,1,ThreadPool,Fast,adaptive,native,none,ThreadPool,8,5
2,1.6.0,1.6.0,GCC 14.2,Linux,x86_64,AMD EPYC 9V74 80-Core Processor,sum,double,1024,contiguous,1,stable,12,0.024105000000000001,4642632424477329671,406df197a3ae8907,239.54976066674158,scalar-reference,1.5709655798445965e-14,6.5579926920908215e-17,1,1,1,1,1,ThreadPool,Fast,adaptive,native,none,ThreadPool,8,5
2,1.6.0,1.6.0,GCC 14.2,Linux,x86_64,AMD EPYC 9V74 80-Core Processor,sum,double,1024,contiguous,1,stable,13,0.033799999999999997,4642632424477329671,406df197a3ae8907,239.54976066674158,scalar-reference,1.5709655798445965e-14,6.5579926920908215e-17,1,1,1,1,1,ThreadPool,Fast,adaptive,native,none,ThreadPool,8,5
2,1.6.0,1.6.0,GCC 14.2,Linux,x86_64,AMD EPYC 9V74 80-Core Processor,sum,double,1024,contiguous,1,stable,14,0.026249000000000001,4642632424477329671,406df197a3ae8907,239.54976066674158,scalar-reference,1.5709655798445965e-14,6.5579926920908215e-17,1,1,1,1,1,ThreadPool,Fast,adaptive,native,none,ThreadPool,8,5
2,1.6.0,1.6.0,GCC 14.2,Linux,x86_64,AMD EPYC 9V74 80-Core Processor,sum,double,1024,contiguous,1,stable,15,0.020721,4642632424477329671,406df197a3ae8907,239.54976066674158,scalar-reference,1.5709655798445965e-14,6.5579926920908215e-17,1,1,1,1,1,ThreadPool,Fast,adaptive,native,none,ThreadPool,8,5
2,1.6.0,1.6.0,GCC 14.2,Linux,x86_64,AMD EPYC 9V74 80-Core Processor,sum,double,1024,contiguous,1,stable,16,0.034460999999999999,4642632424477329671,406df197a3ae8907,239.54976066674158,scalar-reference,1.5709655798445965e-14,6.5579926920908215e-17,1,1,1,1,1,ThreadPool,Fast,adaptive,native,none,ThreadPool,8,5
2,1.6.0,1.6.0,GCC 14.2,Linux,x86_64,AMD EPYC 9V74 80-Core Processor,sum,double,1024,contiguous,1,stable,17,0.024777,4642632424477329671,406df197a3ae8907,239.54976066674158,scalar-reference,1.5709655798445965e-14,6.5579926920908215e-17,1,1,1,1,1,ThreadPool,Fast,adaptive,native,none,ThreadPool,8,5
2,1.6.0,1.6.0,GCC 14.2,Linux,x86_64,AMD EPYC 9V74 80-Core Processor,sum,double,1024,contiguous,1,stable,18,0.021010999999999998,4642632424477329671,406df197a3ae8907,239.54976066674158,scalar-reference,1.5709655798445965e-14,6.5579926920908215e-17,1,1,1,1,1,ThreadPool,Fast,adaptive,native,none,ThreadPool,8,5
2,1.6.0,1.6.0,GCC 14.2,Linux,x86_64,AMD EPYC 9V74 80-Core Processor,sum,double,1024,contiguous,1,stable,19,0.028162,4642632424477329671,406df197a3ae8907,239.54976066674158,scalar-reference,1.5709655798445965e-14,6.5579926920908215e-17,1,1,1,1,1,ThreadPool,Fast,adaptive,native,none,ThreadPool,8,5
2,1.6.0,1.6.0,GCC 14.2,Linux,x86_64,AMD EPYC 9V74 80-Core Processor,sum,double,1024,contiguous,1,stable,20,0.027181,4642632424477329671,406df197a3ae8907,239.54976066674158,scalar-reference,1.5709655798445965e-14,6.5579926920908215e-17,1,1,1,1,1,ThreadPool,Fast,adaptive,native,none,ThreadPool,8,5
2,1.6.0,1.6.0,GCC 14.2,Linux,x86_64,AMD EPYC 9V74 80-Core Processor,sum,double,1024,contiguous,1,stable,21,0.014472,4642632424477329671,406df197a3ae8907,239.54976066674158,scalar-reference,1.5709655798445965e-14,6.5579926920908215e-17,1,1,1,1,1,ThreadPool,Fast,adaptive,native,none,ThreadPool,8,5
2,1.6.0,1.6.0,GCC 14.2,Linux,x86_64,AMD EPYC 9V74 80-Core Processor,dot,double,1024,contiguous,1,first_call,0,0.017375999999999999,4630844172786283600,4044103d691d3450,40.126874102840368,scalar-reference,6.1756155744774333e-15,1.5390223416481611e-16,1,1,1,1,1,ThreadPool,Fast,adaptive,native,none,ThreadPool,8,5
2,1.6.0,1.6.0,GCC 14.2,Linux,x86_64,AMD EPYC 9V74 80-Core Processor,dot,double,1024,contiguous,1,stable,1,0.024086,4630844172786283600,4044103d691d3450,40.126874102840368,scalar-reference,6.1756155744774333e-15,1.5390223416481611e-16,1,1,1,1,1,ThreadPool,Fast,adaptive,native,none,ThreadPool,8,5
2,1.6.0,1.6.0,GCC 14.2,Linux,x86_64,AMD EPYC 9V74 80-Core Processor,dot,double,1024,contiguous,1,stable,2,0.026068999999999998,4630844172786283600,4044103d691d3450,40.126874102840368,scalar-reference,6.1756155744774333e-15,1.5390223416481611e-16,1,1,1,1,1,ThreadPool,Fast,adaptive,native,none,ThreadPool,8,5
2,1.6.0,1.6.0,GCC 14.2,Linux,x86_64,AMD EPYC 9V74 80-Core Processor,dot,double,1024,contiguous,1,stable,3,0.021260999999999999,4630844172786283600,4044103d691d3450,40.126874102840368,scalar-reference,6.1756155744774333e-15,1.5390223416481611e-16,1,1,1,1,1,ThreadPool,Fast,adaptive,native,none,ThreadPool,8,5
2,1.6.0,1.6.0,GCC 14.2,Linux,x86_64,AMD EPYC 9V74 80-Core Processor,dot,double,1024,contiguous,1,stable,4,0.035913,4630844172786283600,4044103d691d3450,40.126874102840368,scalar-reference,6.1756155744774333e-15,1.5390223416481611e-16,1,1,1,1,1,ThreadPool,Fast,adaptive,native,none,ThreadPool,8,5
2,1.6.0,1.6.0,GCC 14.2,Linux,x86_64,AMD EPYC 9V74 80-Core Processor,dot,double,1024,contiguous,1,stable,5,0.025859,4630844172786283600,4044103d691d3450,40.126874102840368,scalar-reference,6.1756155744774333e-15,1.5390223416481611e-16,1,1,1,1,1,ThreadPool,Fast,adaptive,native,none,ThreadPool,8,5
2,1.6.0,1.6.0,GCC 14.2,Linux,x86_64,AMD EPYC 9V74 80-Core Processor,dot,double,1024,contiguous,1,stable,6,0.038788000000000003,4630844172786283600,4044103d691d3450,40.126874102840368,scalar-reference,6.1756155744774333e-15,1.5390223416481611e-16,1,1,1,1,1,ThreadPool,Fast,adaptive,native,none,ThreadPool,8,5
2,1.6.0,1.6.0,GCC 14.2,Linux,x86_64,AMD EPYC 9V74 80-Core Processor,dot,double,1024,contiguous,1,stable,7,0.023494000000000001,4630844172786283600,4044103d691d3450,40.126874102840368,scalar-reference,6.1756155744774333e-15,1.5390223416481611e-16,1,1,1,1,1,ThreadPool,Fast,adaptive,native,none,ThreadPool,8,5
2,1.6.0,1.6.0,GCC 14.2,Linux,x86_64,AMD EPYC 9V74 80-Core Processor,dot,double,1024,contiguous,1,stable,8,0.023895,4630844172786283600,4044103d691d3450,40.126874102840368,scalar-reference,6.1756155744774333e-15,1.5390223416481611e-16,1,1,1,1,1,ThreadPool,Fast,adaptive,native,none,ThreadPool,8,5
2,1.6.0,1.6.0,GCC 14.2,Linux,x86_64,AMD EPYC 9V74 80-Core Processor,dot,double,1024,contiguous,1,stable,9,0.020018999999999999,4630844172786283600,4044103d691d3450,40.126874102840368,scalar-reference,6.1756155744774333e-15,1.5390223416481611e-16,1,1,1,1,1,ThreadPool,Fast,adaptive,native,none,ThreadPool,8,5
2,1.6.0,1.6.0,GCC 14.2,Linux,x86_64,AMD EPYC 9V74 80-Core Processor,dot,double,1024,contiguous,1,stable,10,0.025187999999999999,4630844172786283600,4044103d691d3450,40.126874102840368,scalar-reference,6.1756155744774333e-15,1.5390223416481611e-16,1,1,1,1,1,ThreadPool,Fast,adaptive,native,none,ThreadPool,8,5
2,1.6.0,1.6.0,GCC 14.2,Linux,x86_64,AMD EPYC 9V74 80-Core Processor,dot,double,1024,contiguous,1,stable,11,0.020691000000000001,4630844172786283600,4044103d691d3450,40.126874102840368,scalar-reference,6.1756155744774333e-15,1.5390223416481611e-16,1,1,1,1,1,ThreadPool,Fast,adaptive,native,none,ThreadPool,8,5
2,1.6.0,1.6.0,GCC 14.2,Linux,x86_64,AMD EPYC 9V74 80-Core Processor,dot,double,1024,contiguous,1,stable,12,0.035263000000000003,4630844172786283600,4044103d691d3450,40.126874102840368,scalar-reference,6.1756155744774333e-15,1.5390223416481611e-16,1,1,1,1,1,ThreadPool,Fast,adaptive,native,none,ThreadPool,8,5
2,1.6.0,1.6.0,GCC 14.2,Linux,x86_64,AMD EPYC 9V74 80-Core Processor,dot,double,1024,contiguous,1,stable,13,0.023085000000000001,4630844172786283600,4044103d691d3450,40.126874102840368,scalar-reference,6.1756155744774333e-15,1.5390223416481611e-16,1,1,1,1,1,ThreadPool,Fast,adaptive,native,none,ThreadPool,8,5
2,1.6.0,1.6.0,GCC 14.2,Linux,x86_64,AMD EPYC 9V74 80-Core Processor,dot,double,1024,contiguous,1,stable,14,0.023335000000000002,4630844172786283600,4044103d691d3450,40.126874102840368,scalar-reference,6.1756155744774333e-15,1.5390223416481611e-16,1,1,1,1,1,ThreadPool,Fast,adaptive,native,none,ThreadPool,8,5
2,1.6.0,1.6.0,GCC 14.2,Linux,x86_64,AMD EPYC 9V74 80-Core Processor,dot,double,1024,contiguous,1,stable,15,0.027521,4630844172786283600,4044103d691d3450,40.126874102840368,scalar-reference,6.1756155744774333e-15,1.5390223416481611e-16,1,1,1,1,1,ThreadPool,Fast,adaptive,native,none,ThreadPool,8,5
2,1.6.0,1.6.0,GCC 14.2,Linux,x86_64,AMD EPYC 9V74 80-Core Processor,dot,double,1024,contiguous,1,stable,16,0.019377999999999999,4630844172786283600,4044103d691d3450,40.126874102840368,scalar-reference,6.1756155744774333e-15,1.5390223416481611e-16,1,1,1,1,1,ThreadPool,Fast,adaptive,native,none,ThreadPool,8,5
2,1.6.0,1.6.0,GCC 14.2,Linux,x86_64,AMD EPYC 9V74 80-Core Processor,dot,double,1024,contiguous,1,stable,17,0.021031000000000001,4630844172786283600,4044103d691d3450,40.126874102840368,scalar-reference,6.1756155744774333e-15,1.5390223416481611e-16,1,1,1,1,1,ThreadPool,Fast,adaptive,native,none,ThreadPool,8,5
2,1.6.0,1.6.0,GCC 14.2,Linux,x86_64,AMD EPYC 9V74 80-Core Processor,dot,double,1024,contiguous,1,stable,18,0.025427999999999999,4630844172786283600,4044103d691d3450,40.126874102840368,scalar-reference,6.1756155744774333e-15,1.5390223416481611e-16,1,1,1,1,1,ThreadPool,Fast,adaptive,native,none,ThreadPool,8,5
2,1.6.0,1.6.0,GCC 14.2,Linux,x86_64,AMD EPYC 9V74 80-Core Processor,dot,double,1024,contiguous,1,stable,19,0.037484999999999997,4630844172786283600,4044103d691d3450,40.126874102840368,scalar-reference,6.1756155744774333e-15,1.5390223416481611e-16,1,1,1,1,1,ThreadPool,Fast,adaptive,native,none,ThreadPool,8,5
2,1.6.0,1.6.0,GCC 14.2,Linux,x86_64,AMD EPYC 9V74 80-Core Processor,dot,double,1024,contiguous,1,stable,20,0.025236999999999999,4630844172786283600,4044103d691d3450,40.126874102840368,scalar-reference,6.1756155744774333e-15,1.5390223416481611e-16,1,1,1,1,1,ThreadPool,Fast,adaptive,native,none,ThreadPool,8,5
2,1.6.0,1.6.0,GCC 14.2,Linux,x86_64,AMD EPYC 9V74 80-Core Processor,dot,double,1024,contiguous,1,stable,21,0.026068000000000001,4630844172786283600,4044103d691d3450,40.126874102840368,scalar-reference,6.1756155744774333e-15,1.5390223416481611e-16,1,1,1,1,1,ThreadPool,Fast,adaptive,native,none,ThreadPool,8,5
2,1.6.0,1.6.0,GCC 14.2,Linux,x86_64,AMD EPYC 9V74 80-Core Processor,norm,double,1024,contiguous,1,first_call,0,0.023004,4621059684392777255,40214d4cae1c3627,8.6509756478727251,scalar-reference,8.3440199194484421e-16,9.645177907188119e-17,1,1,1,1,1,ThreadPool,Fast,adaptive,native,none,ThreadPool,8,5
2,1.6.0,1.6.0,GCC 14.2,Linux,x86_64,AMD EPYC 9V74 80-Core Processor,norm,double,1024,contiguous,1,stable,1,0.026058000000000001,4621059684392777255,40214d4cae1c3627,8.6509756478727251,scalar-reference,8.3440199194484421e-16,9.645177907188119e-17,1,1,1,1,1,ThreadPool,Fast,adaptive,native,none,ThreadPool,8,5
2,1.6.0,1.6.0,GCC 14.2,Linux,x86_64,AMD EPYC 9V74 80-Core Processor,norm,double,1024,contiguous,1,stable,2,0.025738,4621059684392777255,40214d4cae1c3627,8.6509756478727251,scalar-reference,8.3440199194484421e-16,9.645177907188119e-17,1,1,1,1,1,ThreadPool,Fast,adaptive,native,none,ThreadPool,8,5
2,1.6.0,1.6.0,GCC 14.2,Linux,x86_64,AMD EPYC 9V74 80-Core Processor,norm,double,1024,contiguous,1,stable,3,0.024215,4621059684392777255,40214d4cae1c3627,8.6509756478727251,scalar-reference,8.3440199194484421e-16,9.645177907188119e-17,1,1,1,1,1,ThreadPool,Fast,adaptive,native,none,ThreadPool,8,5
2,1.6.0,1.6.0,GCC 14.2,Linux,x86_64,AMD EPYC 9V74 80-Core Processor,norm,double,1024,contiguous,1,stable,4,0.026610000000000002,4621059684392777255,40214d4cae1c3627,8.6509756478727251,scalar-reference,8.3440199194484421e-16,9.645177907188119e-17,1,1,1,1,1,ThreadPool,Fast,adaptive,native,none,ThreadPool,8,5
2,1.6.0,1.6.0,GCC 14.2,Linux,x86_64,AMD EPYC 9V74 80-Core Processor,norm,double,1024,contiguous,1,stable,5,0.024406000000000001,4621059684392777255,40214d4cae1c3627,8.6509756478727251,scalar-reference,8.3440199194484421e-16,9.645177907188119e-17,1,1,1,1,1,ThreadPool,Fast,adaptive,native,none,ThreadPool,8,5
2,1.6.0,1.6.0,GCC 14.2,Linux,x86_64,AMD EPYC 9V74 80-Core Processor,norm,double,1024,contiguous,1,stable,6,0.025177000000000001,4621059684392777255,40214d4cae1c3627,8.6509756478727251,scalar-reference,8.3440199194484421e-16,9.645177907188119e-17,1,1,1,1,1,ThreadPool,Fast,adaptive,native,none,ThreadPool,8,5
2,1.6.0,1.6.0,GCC 14.2,Linux,x86_64,AMD EPYC 9V74 80-Core Processor,norm,double,1024,contiguous,1,stable,7,0.024386000000000001,4621059684392777255,40214d4cae1c3627,8.6509756478727251,scalar-reference,8.3440199194484421e-16,9.645177907188119e-17,1,1,1,1,1,ThreadPool,Fast,adaptive,native,none,ThreadPool,8,5
2,1.6.0,1.6.0,GCC 14.2,Linux,x86_64,AMD EPYC 9V74 80-Core Processor,norm,double,1024,contiguous,1,stable,8,0.022572999999999999,4621059684392777255,40214d4cae1c3627,8.6509756478727251,scalar-reference,8.3440199194484421e-16,9.645177907188119e-17,1,1,1,1,1,ThreadPool,Fast,adaptive,native,none,ThreadPool,8,5
2,1.6.0,1.6.0,GCC 14.2,Linux,x86_64,AMD EPYC 9V74 80-Core Processor,norm,double,1024,contiguous,1,stable,9,0.025427999999999999,4621059684392777255,40214d4cae1c3627,8.6509756478727251,scalar-reference,8.3440199194484421e-16,9.645177907188119e-17,1,1,1,1,1,ThreadPool,Fast,adaptive,native,none,ThreadPool,8,5
2,1.6.0,1.6.0,GCC 14.2,Linux,x86_64,AMD EPYC 9V74 80-Core Processor,norm,double,1024,contiguous,1,stable,10,0.014491,4621059684392777255,40214d4cae1c3627,8.6509756478727251,scalar-reference,8.3440199194484421e-16,9.645177907188119e-17,1,1,1,1,1,ThreadPool,Fast,adaptive,native,none,ThreadPool,8,5
2,1.6.0,1.6.0,GCC 14.2,Linux,x86_64,AMD EPYC 9V74 80-Core Processor,norm,double,1024,contiguous,1,stable,11,0.019317999999999998,4621059684392777255,40214d4cae1c3627,8.6509756478727251,scalar-reference,8.3440199194484421e-16,9.645177907188119e-17,1,1,1,1,1,ThreadPool,Fast,adaptive,native,none,ThreadPool,8,5
2,1.6.0,1.6.0,GCC 14.2,Linux,x86_64,AMD EPYC 9V74 80-Core Processor,norm,double,1024,contiguous,1,stable,12,0.020740000000000001,4621059684392777255,40214d4cae1c3627,8.6509756478727251,scalar-reference,8.3440199194484421e-16,9.645177907188119e-17,1,1,1,1,1,ThreadPool,Fast,adaptive,native,none,ThreadPool,8,5
2,1.6.0,1.6.0,GCC 14.2,Linux,x86_64,AMD EPYC 9V74 80-Core Processor,norm,double,1024,contiguous,1,stable,13,0.019539000000000001,4621059684392777255,40214d4cae1c3627,8.6509756478727251,scalar-reference,8.3440199194484421e-16,9.645177907188119e-17,1,1,1,1,1,ThreadPool,Fast,adaptive,native,none,ThreadPool,8,5
2,1.6.0,1.6.0,GCC 14.2,Linux,x86_64,AMD EPYC 9V74 80-Core Processor,norm,double,1024,contiguous,1,stable,14,0.025597999999999999,4621059684392777255,40214d4cae1c3627,8.6509756478727251,scalar-reference,8.3440199194484421e-16,9.645177907188119e-17,1,1,1,1,1,ThreadPool,Fast,adaptive,native,none,ThreadPool,8,5
2,1.6.0,1.6.0,GCC 14.2,Linux,x86_64,AMD EPYC 9V74 80-Core Processor,norm,double,1024,contiguous,1,stable,15,0.019949000000000001,4621059684392777255,40214d4cae1c3627,8.6509756478727251,scalar-reference,8.3440199194484421e-16,9.645177907188119e-17,1,1,1,1,1,ThreadPool,Fast,adaptive,native,none,ThreadPool,8,5
2,1.6.0,1.6.0,GCC 14.2,Linux,x86_64,AMD EPYC 9V74 80-Core Processor,norm,double,1024,contiguous,1,stable,16,0.021781999999999999,4621059684392777255,40214d4cae1c3627,8.6509756478727251,scalar-reference,8.3440199194484421e-16,9.645177907188119e-17,1,1,1,1,1,ThreadPool,Fast,adaptive,native,none,ThreadPool,8,5
2,1.6.0,1.6.0,GCC 14.2,Linux,x86_64,AMD EPYC 9V74 80-Core Processor,norm,double,1024,contiguous,1,stable,17,0.019869999999999999,4621059684392777255,40214d4cae1c3627,8.6509756478727251,scalar-reference,8.3440199194484421e-16,9.645177907188119e-17,1,1,1,1,1,ThreadPool,Fast,adaptive,native,none,ThreadPool,8,5
2,1.6.0,1.6.0,GCC 14.2,Linux,x86_64,AMD EPYC 9V74 80-Core Processor,norm,double,1024,contiguous,1,stable,18,0.022803,4621059684392777255,40214d4cae1c3627,8.6509756478727251,scalar-reference,8.3440199194484421e-16,9.645177907188119e-17,1,1,1,1,1,ThreadPool,Fast,adaptive,native,none,ThreadPool,8,5
2,1.6.0,1.6.0,GCC 14.2,Linux,x86_64,AMD EPYC 9V74 80-Core Processor,norm,double,1024,contiguous,1,stable,19,0.019158000000000001,4621059684392777255,40214d4cae1c3627,8.6509756478727251,scalar-reference,8.3440199194484421e-16,9.645177907188119e-17,1,1,1,1,1,ThreadPool,Fast,adaptive,native,none,ThreadPool,8,5
2,1.6.0,1.6.0,GCC 14.2,Linux,x86_64,AMD EPYC 9V74 80-Core Processor,norm,double,1024,contiguous,1,stable,20,0.023785000000000001,4621059684392777255,40214d4cae1c3627,8.6509756478727251,scalar-reference,8.3440199194484421e-16,9.645177907188119e-17,1,1,1,1,1,ThreadPool,Fast,adaptive,native,none,ThreadPool,8,5
2,1.6.0,1.6.0,GCC 14.2,Linux,x86_64,AMD EPYC 9V74 80-Core Processor,norm,double,1024,contiguous,1,stable,21,0.018797999999999999,4621059684392777255,40214d4cae1c3627,8.6509756478727251,scalar-reference,8.3440199194484421e-16,9.645177907188119e-17,1,1,1,1,1,ThreadPool,Fast,adaptive,native,none,ThreadPool,8,5
2,1.6.0,1.6.0,GCC 14.2,Linux,x86_64,AMD EPYC 9V74 80-Core Processor,sum,double,1024,contiguous,1,first_call,0,0.0038560000000000001,4642632424477329673,406df197a3ae8909,239.54976066674158,scalar-reference,4.113376306236205e-14,1.7171281218513423e-16,1,1,1,1,1,Sequential,Reproducible,canonical-reduction,pairwise,canonical-pairwise-v1-leaf1024,ThreadPool,8,1
2,1.6.0,1.6.0,GCC 14.2,Linux,x86_64,AMD EPYC 9V74 80-Core Processor,sum,double,1024,contiguous,1,stable,1,0.0027539999999999999,4642632424477329673,406df197a3ae8909,239.54976066674158,scalar-reference,4.113376306236205e-14,1.7171281218513423e-16,1,1,1,1,1,Sequential,Reproducible,canonical-reduction,pairwise,canonical-pairwise-v1-leaf1024,ThreadPool,8,1
2,1.6.0,1.6.0,GCC 14.2,Linux,x86_64,AMD EPYC 9V74 80-Core Processor,sum,double,1024,contiguous,1,stable,2,0.0025439999999999998,4642632424477329673,406df197a3ae8909,239.54976066674158,scalar-reference,4.113376306236205e-14,1.7171281218513423e-16,1,1,1,1,1,Sequential,Reproducible,canonical-reduction,pairwise,canonical-pairwise-v1-leaf1024,ThreadPool,8,1
2,1.6.0,1.6.0,GCC 14.2,Linux,x86_64,AMD EPYC 9V74 80-Core Processor,sum,double,1024,contiguous,1,stable,3,0.0025240000000000002,4642632424477329673,406df197a3ae8909,239.54976066674158,scalar-reference,4.113376306236205e-14,1.7171281218513423e-16,1,1,1,1,1,Sequential,Reproducible,canonical-reduction,pairwise,canonical-pairwise-v1-leaf1024,ThreadPool,8,1
2,1.6.0,1.6.0,GCC 14.2,Linux,x86_64,AMD EPYC 9V74 80-Core Processor,sum,double,1024,contiguous,1,stable,4,0.0025330000000000001,4642632424477329673,406df197a3ae8909,239.54976066674158,scalar-reference,4.113376306236205e-14,1.7171281218513423e-16,1,1,1,1,1,Sequential,Reproducible,canonical-reduction,pairwise,canonical-pairwise-v1-leaf1024,ThreadPool,8,1
2,1.6.0,1.6.0,GCC 14.2,Linux,x86_64,AMD EPYC 9V74 80-Core Processor,sum,double,1024,contiguous,1,stable,5,0.0025240000000000002,4642632424477329673,406df197a3ae8909,239.54976066674158,scalar-reference,4.113376306236205e-14,1.7171281218513423e-16,1,1,1,1,1,Sequential,Reproducible,canonical-reduction,pairwise,canonical-pairwise-v1-leaf1024,ThreadPool,8,1
2,1.6.0,1.6.0,GCC 14.2,Linux,x86_64,AMD EPYC 9V74 80-Core Processor,sum,double,1024,contiguous,1,stable,6,0.0026340000000000001,4642632424477329673,406df197a3ae8909,239.54976066674158,scalar-reference,4.113376306236205e-14,1.7171281218513423e-16,1,1,1,1,1,Sequential,Reproducible,canonical-reduction,pairwise,canonical-pairwise-v1-leaf1024,ThreadPool,8,1
2,1.6.0,1.6.0,GCC 14.2,Linux,x86_64,AMD EPYC 9V74 80-Core Processor,sum,double,1024,contiguous,1,stable,7,0.0024740000000000001,4642632424477329673,406df197a3ae8909,239.54976066674158,scalar-reference,4.113376306236205e-14,1.7171281218513423e-16,1,1,1,1,1,Sequential,Reproducible,canonical-reduction,pairwise,canonical-pairwise-v1-leaf1024,ThreadPool,8,1
2,1.6.0,1.6.0,GCC 14.2,Linux,x86_64,AMD EPYC 9V74 80-Core Processor,sum,double,1024,contiguous,1,stable,8,0.0024629999999999999,4642632424477329673,406df197a3ae8909,239.54976066674158,scalar-reference,4.113376306236205e-14,1.7171281218513423e-16,1,1,1,1,1,Sequential,Reproducible,canonical-reduction,pairwise,canonical-pairwise-v1-leaf1024,ThreadPool,8,1
2,1.6.0,1.6.0,GCC 14.2,Linux,x86_64,AMD EPYC 9V74 80-Core Processor,sum,double,1024,contiguous,1,stable,9,0.0025839999999999999,4642632424477329673,406df197a3ae8909,239.54976066674158,scalar-reference,4.113376306236205e-14,1.7171281218513423e-16,1,1,1,1,1,Sequential,Reproducible,canonical-reduction,pairwise,canonical-pairwise-v1-leaf1024,ThreadPool,8,1
2,1.6.0,1.6.0,GCC 14.2,Linux,x86_64,AMD EPYC 9V74 80-Core Processor,sum,double,1024,contiguous,1,stable,10,0.0025439999999999998,4642632424477329673,406df197a3ae8909,239.54976066674158,scalar-reference,4.113376306236205e-14,1.7171281218513423e-16,1,1,1,1,1,Sequential,Reproducible,canonical-reduction,pairwise,canonical-pairwise-v1-leaf1024,ThreadPool,8,1
2,1.6.0,1.6.0,GCC 14.2,Linux,x86_64,AMD EPYC 9V74 80-Core Processor,sum,double,1024,contiguous,1,stable,11,0.0026740000000000002,4642632424477329673,406df197a3ae8909,239.54976066674158,scalar-reference,4.113376306236205e-14,1.7171281218513423e-16,1,1,1,1,1,Sequential,Reproducible,canonical-reduction,pairwise,canonical-pairwise-v1-leaf1024,ThreadPool,8,1
2,1.6.0,1.6.0,GCC 14.2,Linux,x86_64,AMD EPYC 9V74 80-Core Processor,sum,double,1024,contiguous,1,stable,12,0.0024740000000000001,4642632424477329673,406df197a3ae8909,239.54976066674158,scalar-reference,4.113376306236205e-14,1.7171281218513423e-16,1,1,1,1,1,Sequential,Reproducible,canonical-reduction,pairwise,canonical-pairwise-v1-leaf1024,ThreadPool,8,1
2,1.6.0,1.6.0,GCC 14.2,Linux,x86_64,AMD EPYC 9V74 80-Core Processor,sum,double,1024,contiguous,1,stable,13,0.002483,4642632424477329673,406df197a3ae8909,239.54976066674158,scalar-reference,4.113376306236205e-14,1.7171281218513423e-16,1,1,1,1,1,Sequential,Reproducible,canonical-reduction,pairwise,canonical-pairwise-v1-leaf1024,ThreadPool,8,1
2,1.6.0,1.6.0,GCC 14.2,Linux,x86_64,AMD EPYC 9V74 80-Core Processor,sum,double,1024,contiguous,1,stable,14,0.0024529999999999999,4642632424477329673,406df197a3ae8909,239.54976066674158,scalar-reference,4.113376306236205e-14,1.7171281218513423e-16,1,1,1,1,1,Sequential,Reproducible,canonical-reduction,pairwise,canonical-pairwise-v1-leaf1024,ThreadPool,8,1
2,1.6.0,1.6.0,GCC 14.2,Linux,x86_64,AMD EPYC 9V74 80-Core Processor,sum,double,1024,contiguous,1,stable,15,0.0024940000000000001,4642632424477329673,406df197a3ae8909,239.54976066674158,scalar-reference,4.113376306236205e-14,1.7171281218513423e-16,1,1,1,1,1,Sequential,Reproducible,canonical-reduction,pairwise,canonical-pairwise-v1-leaf1024,ThreadPool,8,1
2,1.6.0,1.6.0,GCC 14.2,Linux,x86_64,AMD EPYC 9V74 80-Core Processor,sum,double,1024,contiguous,1,stable,16,0.0024840000000000001,4642632424477329673,406df197a3ae8909,239.54976066674158,scalar-reference,4.113376306236205e-14,1.7171281218513423e-16,1,1,1,1,1,Sequential,Reproducible,canonical-reduction,pairwise,canonical-pairwise-v1-leaf1024,ThreadPool,8,1
2,1.6.0,1.6.0,GCC 14.2,Linux,x86_64,AMD EPYC 9V74 80-Core Processor,sum,double,1024,contiguous,1,stable,17,0.0024729999999999999,4642632424477329673,406df197a3ae8909,239.54976066674158,scalar-reference,4.113376306236205e-14,1.7171281218513423e-16,1,1,1,1,1,Sequential,Reproducible,canonical-reduction,pairwise,canonical-pairwise-v1-leaf1024,ThreadPool,8,1
2,1.6.0,1.6.0,GCC 14.2,Linux,x86_64,AMD EPYC 9V74 80-Core Processor,sum,double,1024,contiguous,1,stable,18,0.002464,4642632424477329673,406df197a3ae8909,239.54976066674158,scalar-reference,4.113376306236205e-14,1.7171281218513423e-16,1,1,1,1,1,Sequential,Reproducible,canonical-reduction,pairwise,canonical-pairwise-v1-leaf1024,ThreadPool,8,1
2,1.6.0,1.6.0,GCC 14.2,Linux,x86_64,AMD EPYC 9V74 80-Core Processor,sum,double,1024,contiguous,1,stable,19,0.0025240000000000002,4642632424477329673,406df197a3ae8909,239.54976066674158,scalar-reference,4.113376306236205e-14,1.7171281218513423e-16,1,1,1,1,1,Sequential,Reproducible,canonical-reduction,pairwise,canonical-pairwise-v1-leaf1024,ThreadPool,8,1
2,1.6.0,1.6.0,GCC 14.2,Linux,x86_64,AMD EPYC 9V74 80-Core Processor,sum,double,1024,contiguous,1,stable,20,0.002513,4642632424477329673,406df197a3ae8909,239.54976066674158,scalar-reference,4.113376306236205e-14,1.7171281218513423e-16,1,1,1,1,1,Sequential,Reproducible,canonical-reduction,pairwise,canonical-pairwise-v1-leaf1024,ThreadPool,8,1
2,1.6.0,1.6.0,GCC 14.2,Linux,x86_64,AMD EPYC 9V74 80-Core Processor,sum,double,1024,contiguous,1,stable,21,0.002464,4642632424477329673,406df197a3ae8909,239.54976066674158,scalar-reference,4.113376306236205e-14,1.7171281218513423e-16,1,1,1,1,1,Sequential,Reproducible,canonical-reduction,pairwise,canonical-pairwise-v1-leaf1024,ThreadPool,8,1
2,1.6.0,1.6.0,GCC 14.2,Linux,x86_64,AMD EPYC 9V74 80-Core Processor,dot,double,1024,contiguous,1,first_call,0,0.002764,4630844172786283601,4044103d691d3451,40.126874102840368,scalar-reference,9.298117831235686e-16,2.317179705402849e-17,1,1,1,1,1,Sequential,Reproducible,canonical-reduction,pairwise,canonical-pairwise-v1-leaf1024,ThreadPool,8,1
2,1.6.0,1.6.0,GCC 14.2,Linux,x86_64,AMD EPYC 9V74 80-Core Processor,dot,double,1024,contiguous,1,stable,1,0.002483,4630844172786283601,4044103d691d3451,40.126874102840368,scalar-reference,9.298117831235686e-16,2.317179705402849e-17,1,1,1,1,1,Sequential,Reproducible,canonical-reduction,pairwise,canonical-pairwise-v1-leaf1024,ThreadPool,8,1
2,1.6.0,1.6.0,GCC 14.2,Linux,x86_64,AMD EPYC 9V74 80-Core Processor,dot,double,1024,contiguous,1,stable,2,0.0024139999999999999,4630844172786283601,4044103d691d3451,40.126874102840368,scalar-reference,9.298117831235686e-16,2.317179705402849e-17,1,1,1,1,1,Sequential,Reproducible,canonical-reduction,pairwise,canonical-pairwise-v1-leaf1024,ThreadPool,8,1
2,1.6.0,1.6.0,GCC 14.2,Linux,x86_64,AMD EPYC 9V74 80-Core Processor,dot,double,1024,contiguous,1,stable,3,0.0023939999999999999,4630844172786283601,4044103d691d3451,40.126874102840368,scalar-reference,9.298117831235686e-16,2.317179705402849e-17,1,1,1,1,1,Sequential,Reproducible,canonical-reduction,pairwise,canonical-pairwise-v1-leaf1024,ThreadPool,8,1
2,1.6.0,1.6.0,GCC 14.2,Linux,x86_64,AMD EPYC 9V74 80-Core Processor,dot,double,1024,contiguous,1,stable,4,0.0024130000000000002,4630844172786283601,4044103d691d3451,40.126874102840368,scalar-reference,9.298117831235686e-16,2.317179705402849e-17,1,1,1,1,1,Sequential,Reproducible,canonical-reduction,pairwise,canonical-pairwise-v1-leaf1024,ThreadPool,8,1
2,1.6.0,1.6.0,GCC 14.2,Linux,x86_64,AMD EPYC 9V74 80-Core Processor,dot,double,1024,contiguous,1,stable,5,0.0024039999999999999,4630844172786283601,4044103d691d3451,40.126874102840368,scalar-reference,9.298117831235686e-16,2.317179705402849e-17,1,1,1,1,1,Sequential,Reproducible,canonical-reduction,pairwise,canonical-pairwise-v1-leaf1024,ThreadPool,8,1
2,1.6.0,1.6.0,GCC 14.2,Linux,x86_64,AMD EPYC 9V74 80-Core Processor,dot,double,1024,contiguous,1,stable,6,0.0023830000000000001,4630844172786283601,4044103d691d3451,40.126874102840368,scalar-reference,9.298117831235686e-16,2.317179705402849e-17,1,1,1,1,1,Sequential,Reproducible,canonical-reduction,pairwise,canonical-pairwise-v1-leaf1024,ThreadPool,8,1
2,1.6.0,1.6.0,GCC 14.2,Linux,x86_64,AMD EPYC 9V74 80-Core Processor,dot,double,1024,contiguous,1,stable,7,0.0024039999999999999,4630844172786283601,4044103d691d3451,40.126874102840368,scalar-reference,9.298117831235686e-16,2.317179705402849e-17,1,1,1,1,1,Sequential,Reproducible,canonical-reduction,pairwise,canonical-pairwise-v1-leaf1024,ThreadPool,8,1
2,1.6.0,1.6.0,GCC 14.2,Linux,x86_64,AMD EPYC 9V74 80-Core Processor,dot,double,1024,contiguous,1,stable,8,0.0023630000000000001,4630844172786283601,4044103d691d3451,40.126874102840368,scalar-reference,9.298117831235686e-16,2.317179705402849e-17,1,1,1,1,1,Sequential,Reproducible,canonical-reduction,pairwise,canonical-pairwise-v1-leaf1024,ThreadPool,8,1
2,1.6.0,1.6.0,GCC 14.2,Linux,x86_64,AMD EPYC 9V74 80-Core Processor,dot,double,1024,contiguous,1,stable,9,0.0023739999999999998,4630844172786283601,4044103d691d3451,40.126874102840368,scalar-reference,9.298117831235686e-16,2.317179705402849e-17,1,1,1,1,1,Sequential,Reproducible,canonical-reduction,pairwise,canonical-pairwise-v1-leaf1024,ThreadPool,8,1
2,1.6.0,1.6.0,GCC 14.2,Linux,x86_64,AMD EPYC 9V74 80-Core Processor,dot,double,1024,contiguous,1,stable,10,0.0023830000000000001,4630844172786283601,4044103d691d3451,40.126874102840368,scalar-reference,9.298117831235686e-16,2.317179705402849e-17,1,1,1,1,1,Sequential,Reproducible,canonical-reduction,pairwise,canonical-pairwise-v1-leaf1024,ThreadPool,8,1
2,1.6.0,1.6.0,GCC 14.2,Linux,x86_64,AMD EPYC 9V74 80-Core Processor,dot,double,1024,contiguous,1,stable,11,0.0023739999999999998,4630844172786283601,4044103d691d3451,40.126874102840368,scalar-reference,9.298117831235686e-16,2.317179705402849e-17,1,1,1,1,1,Sequential,Reproducible,canonical-reduction,pairwise,canonical-pairwise-v1-leaf1024,ThreadPool,8,1
2,1.6.0,1.6.0,GCC 14.2,Linux,x86_64,AMD EPYC 9V74 80-Core Processor,dot,double,1024,contiguous,1,stable,12,0.0023930000000000002,4630844172786283601,4044103d691d3451,40.126874102840368,scalar-reference,9.298117831235686e-16,2.317179705402849e-17,1,1,1,1,1,Sequential,Reproducible,canonical-reduction,pairwise,canonical-pairwise-v1-leaf1024,ThreadPool,8,1
2,1.6.0,1.6.0,GCC 14.2,Linux,x86_64,AMD EPYC 9V74 80-Core Processor,dot,double,1024,contiguous,1,stable,13,0.0024139999999999999,4630844172786283601,4044103d691d3451,40.126874102840368,scalar-reference,9.298117831235686e-16,2.317179705402849e-17,1,1,1,1,1,Sequential,Reproducible,canonical-reduction,pairwise,canonical-pairwise-v1-leaf1024,ThreadPool,8,1
2,1.6.0,1.6.0,GCC 14.2,Linux,x86_64,AMD EPYC 9V74 80-Core Processor,dot,double,1024,contiguous,1,stable,14,0.0023730000000000001,4630844172786283601,4044103d691d3451,40.126874102840368,scalar-reference,9.298117831235686e-16,2.317179705402849e-17,1,1,1,1,1,Sequential,Reproducible,canonical-reduction,pairwise,canonical-pairwise-v1-leaf1024,ThreadPool,8,1
2,1.6.0,1.6.0,GCC 14.2,Linux,x86_64,AMD EPYC 9V74 80-Core Processor,dot,double,1024,contiguous,1,stable,15,0.0023739999999999998,4630844172786283601,4044103d691d3451,40.126874102840368,scalar-reference,9.298117831235686e-16,2.317179705402849e-17,1,1,1,1,1,Sequential,Reproducible,canonical-reduction,pairwise,canonical-pairwise-v1-leaf1024,ThreadPool,8,1
2,1.6.0,1.6.0,GCC 14.2,Linux,x86_64,AMD EPYC 9V74 80-Core Processor,dot,double,1024,contiguous,1,stable,16,0.0023739999999999998,4630844172786283601,4044103d691d3451,40.126874102840368,scalar-reference,9.298117831235686e-16,2.317179705402849e-17,1,1,1,1,1,Sequential,Reproducible,canonical-reduction,pairwise,canonical-pairwise-v1-leaf1024,ThreadPool,8,1
2,1.6.0,1.6.0,GCC 14.2,Linux,x86_64,AMD EPYC 9V74 80-Core Processor,dot,double,1024,contiguous,1,stable,17,0.0024030000000000002,4630844172786283601,4044103d691d3451,40.126874102840368,scalar-reference,9.298117831235686e-16,2.317179705402849e-17,1,1,1,1,1,Sequential,Reproducible,canonical-reduction,pairwise,canonical-pairwise-v1-leaf1024,ThreadPool,8,1
2,1.6.0,1.6.0,GCC 14.2,Linux,x86_64,AMD EPYC 9V74 80-Core Processor,dot,double,1024,contiguous,1,stable,18,0.0023730000000000001,4630844172786283601,4044103d691d3451,40.126874102840368,scalar-reference,9.298117831235686e-16,2.317179705402849e-17,1,1,1,1,1,Sequential,Reproducible,canonical-reduction,pairwise,canonical-pairwise-v1-leaf1024,ThreadPool,8,1
2,1.6.0,1.6.0,GCC 14.2,Linux,x86_64,AMD EPYC 9V74 80-Core Processor,dot,double,1024,contiguous,1,stable,19,0.0023839999999999998,4630844172786283601,4044103d691d3451,40.126874102840368,scalar-reference,9.298117831235686e-16,2.317179705402849e-17,1,1,1,1,1,Sequential,Reproducible,canonical-reduction,pairwise,canonical-pairwise-v1-leaf1024,ThreadPool,8,1
2,1.6.0,1.6.0,GCC 14.2,Linux,x86_64,AMD EPYC 9V74 80-Core Processor,dot,double,1024,contiguous,1,stable,20,0.0023830000000000001,4630844172786283601,4044103d691d3451,40.126874102840368,scalar-reference,9.298117831235686e-16,2.317179705402849e-17,1,1,1,1,1,Sequential,Reproducible,canonical-reduction,pairwise,canonical-pairwise-v1-leaf1024,ThreadPool,8,1
2,1.6.0,1.6.0,GCC 14.2,Linux,x86_64,AMD EPYC 9V74 80-Core Processor,dot,double,1024,contiguous,1,stable,21,0.0024139999999999999,4630844172786283601,4044103d691d3451,40.126874102840368,scalar-reference,9.298117831235686e-16,2.317179705402849e-17,1,1,1,1,1,Sequential,Reproducible,canonical-reduction,pairwise,canonical-pairwise-v1-leaf1024,ThreadPool,8,1
2,1.6.0,1.6.0,GCC 14.2,Linux,x86_64,AMD EPYC 9V74 80-Core Processor,norm,double,1024,contiguous,1,first_call,0,0.0024629999999999999,4621059684392777249,40214d4cae1c3621,8.6509756478727251,scalar-reference,9.8237390444566586e-15,1.1355642928982602e-15,1,1,1,1,1,Sequential,Reproducible,canonical-reduction,pairwise,canonical-pairwise-v1-leaf1024,ThreadPool,8,1
2,1.6.0,1.6.0,GCC 14.2,Linux,x86_64,AMD EPYC 9V74 80-Core Processor,norm,double,1024,contiguous,1,stable,1,0.002434,4621059684392777249,40214d4cae1c3621,8.6509756478727251,scalar-reference,9.8237390444566586e-15,1.1355642928982602e-15,1,1,1,1,1,Sequential,Reproducible,canonical-reduction,pairwise,canonical-pairwise-v1-leaf1024,ThreadPool,8,1
2,1.6.0,1.6.0,GCC 14.2,Linux,x86_64,AMD EPYC 9V74 80-Core Processor,norm,double,1024,contiguous,1,stable,2,0.0023730000000000001,4621059684392777249,40214d4cae1c3621,8.6509756478727251,scalar-reference,9.8237390444566586e-15,1.1355642928982602e-15,1,1,1,1,1,Sequential,Reproducible,canonical-reduction,pairwise,canonical-pairwise-v1-leaf1024,ThreadPool,8,1
2,1.6.0,1.6.0,GCC 14.2,Linux,x86_64,AMD EPYC 9V74 80-Core Processor,norm,double,1024,contiguous,1,stable,3,0.0023839999999999998,4621059684392777249,40214d4cae1c3621,8.6509756478727251,scalar-reference,9.8237390444566586e-15,1.1355642928982602e-15,1,1,1,1,1,Sequential,Reproducible,canonical-reduction,pairwise,canonical-pairwise-v1-leaf1024,ThreadPool,8,1
2,1.6.0,1.6.0,GCC 14.2,Linux,x86_64,AMD EPYC 9V74 80-Core Processor,norm,double,1024,contiguous,1,stable,4,0.0024229999999999998,4621059684392777249,40214d4cae1c3621,8.6509756478727251,scalar-reference,9.8237390444566586e-15,1.1355642928982602e-15,1,1,1,1,1,Sequential,Reproducible,canonical-reduction,pairwise,canonical-pairwise-v1-leaf1024,ThreadPool,8,1
2,1.6.0,1.6.0,GCC 14.2,Linux,x86_64,AMD EPYC 9V74 80-Core Processor,norm,double,1024,contiguous,1,stable,5,0.0023939999999999999,4621059684392777249,40214d4cae1c3621,8.6509756478727251,scalar-reference,9.8237390444566586e-15,1.1355642928982602e-15,1,1,1,1,1,Sequential,Reproducible,canonical-reduction,pairwise,canonical-pairwise-v1-leaf1024,ThreadPool,8,1
2,1.6.0,1.6.0,GCC 14.2,Linux,x86_64,AMD EPYC 9V74 80-Core Processor,norm,double,1024,contiguous,1,stable,6,0.0024039999999999999,4621059684392777249,40214d4cae1c3621,8.6509756478727251,scalar-reference,9.8237390444566586e-15,1.1355642928982602e-15,1,1,1,1,1,Sequential,Reproducible,canonical-reduction,pairwise,canonical-pairwise-v1-leaf1024,ThreadPool,8,1
2,1.6.0,1.6.0,GCC 14.2,Linux,x86_64,AMD EPYC 9V74 80-Core Processor,norm,double,1024,contiguous,1,stable,7,0.0024030000000000002,4621059684392777249,40214d4cae1c3621,8.6509756478727251,scalar-reference,9.8237390444566586e-15,1.1355642928982602e-15,1,1,1,1,1,Sequential,Reproducible,canonical-reduction,pairwise,canonical-pairwise-v1-leaf1024,ThreadPool,8,1
2,1.6.0,1.6.0,GCC 14.2,Linux,x86_64,AMD EPYC 9V74 80-Core Processor,norm,double,1024,contiguous,1,stable,8,0.0024039999999999999,4621059684392777249,40214d4cae1c3621,8.6509756478727251,scalar-reference,9.8237390444566586e-15,1.1355642928982602e-15,1,1,1,1,1,Sequential,Reproducible,canonical-reduction,pairwise,canonical-pairwise-v1-leaf1024,ThreadPool,8,1
2,1.6.0,1.6.0,GCC 14.2,Linux,x86_64,AMD EPYC 9V74 80-Core Processor,norm,double,1024,contiguous,1,stable,9,0.0024130000000000002,4621059684392777249,40214d4cae1c3621,8.6509756478727251,scalar-reference,9.8237390444566586e-15,1.1355642928982602e-15,1,1,1,1,1,Sequential,Reproducible,canonical-reduction,pairwise,canonical-pairwise-v1-leaf1024,ThreadPool,8,1
2,1.6.0,1.6.0,GCC 14.2,Linux,x86_64,AMD EPYC 9V74 80-Core Processor,norm,double,1024,contiguous,1,stable,10,0.0024039999999999999,4621059684392777249,40214d4cae1c3621,8.6509756478727251,scalar-reference,9.8237390444566586e-15,1.1355642928982602e-15,1,1,1,1,1,Sequential,Reproducible,canonical-reduction,pairwise,canonical-pairwise-v1-leaf1024,ThreadPool,8,1
2,1.6.0,1.6.0,GCC 14.2,Linux,x86_64,AMD EPYC 9V74 80-Core Processor,norm,double,1024,contiguous,1,stable,11,0.0024239999999999999,4621059684392777249,40214d4cae1c3621,8.6509756478727251,scalar-reference,9.8237390444566586e-15,1.1355642928982602e-15,1,1,1,1,1,Sequential,Reproducible,canonical-reduction,pairwise,canonical-pairwise-v1-leaf1024,ThreadPool,8,1
2,1.6.0,1.6.0,GCC 14.2,Linux,x86_64,AMD EPYC 9V74 80-Core Processor,norm,double,1024,contiguous,1,stable,12,0.0023830000000000001,4621059684392777249,40214d4cae1c3621,8.6509756478727251,scalar-reference,9.8237390444566586e-15,1.1355642928982602e-15,1,1,1,1,1,Sequential,Reproducible,canonical-reduction,pairwise,canonical-pairwise-v1-leaf1024,ThreadPool,8,1
2,1.6.0,1.6.0,GCC 14.2,Linux,x86_64,AMD EPYC 9V74 80-Core Processor,norm,double,1024,contiguous,1,stable,13,0.0024039999999999999,4621059684392777249,40214d4cae1c3621,8.6509756478727251,scalar-reference,9.8237390444566586e-15,1.1355642928982602e-15,1,1,1,1,1,Sequential,Reproducible,canonical-reduction,pairwise,canonical-pairwise-v1-leaf1024,ThreadPool,8,1
2,1.6.0,1.6.0,GCC 14.2,Linux,x86_64,AMD EPYC 9V74 80-Core Processor,norm,double,1024,contiguous,1,stable,14,0.0024429999999999999,4621059684392777249,40214d4cae1c3621,8.6509756478727251,scalar-reference,9.8237390444566586e-15,1.1355642928982602e-15,1,1,1,1,1,Sequential,Reproducible,canonical-reduction,pairwise,canonical-pairwise-v1-leaf1024,ThreadPool,8,1
2,1.6.0,1.6.0,GCC 14.2,Linux,x86_64,AMD EPYC 9V74 80-Core Processor,norm,double,1024,contiguous,1,stable,15,0.0024039999999999999,4621059684392777249,40214d4cae1c3621,8.6509756478727251,scalar-reference,9.8237390444566586e-15,1.1355642928982602e-15,1,1,1,1,1,Sequential,Reproducible,canonical-reduction,pairwise,canonical-pairwise-v1-leaf1024,ThreadPool,8,1
2,1.6.0,1.6.0,GCC 14.2,Linux,x86_64,AMD EPYC 9V74 80-Core Processor,norm,double,1024,contiguous,1,stable,16,0.0024229999999999998,4621059684392777249,40214d4cae1c3621,8.6509756478727251,scalar-reference,9.8237390444566586e-15,1.1355642928982602e-15,1,1,1,1,1,Sequential,Reproducible,canonical-reduction,pairwise,canonical-pairwise-v1-leaf1024,ThreadPool,8,1
2,1.6.0,1.6.0,GCC 14.2,Linux,x86_64,AMD EPYC 9V74 80-Core Processor,norm,double,1024,contiguous,1,stable,17,0.0024039999999999999,4621059684392777249,40214d4cae1c3621,8.6509756478727251,scalar-reference,9.8237390444566586e-15,1.1355642928982602e-15,1,1,1,1,1,Sequential,Reproducible,canonical-reduction,pairwise,canonical-pairwise-v1-leaf1024,ThreadPool,8,1
2,1.6.0,1.6.0,GCC 14.2,Linux,x86_64,AMD EPYC 9V74 80-Core Processor,norm,double,1024,contiguous,1,stable,18,0.0023830000000000001,4621059684392777249,40214d4cae1c3621,8.6509756478727251,scalar-reference,9.8237390444566586e-15,1.1355642928982602e-15,1,1,1,1,1,Sequential,Reproducible,canonical-reduction,pairwise,canonical-pairwise-v1-leaf1024,ThreadPool,8,1
2,1.6.0,1.6.0,GCC 14.2,Linux,x86_64,AMD EPYC 9V74 80-Core Processor,norm,double,1024,contiguous,1,stable,19,0.0024039999999999999,4621059684392777249,40214d4cae1c3621,8.6509756478727251,scalar-reference,9.8237390444566586e-15,1.1355642928982602e-15,1,1,1,1,1,Sequential,Reproducible,canonical-reduction,pairwise,canonical-pairwise-v1-leaf1024,ThreadPool,8,1
2,1.6.0,1.6.0,GCC 14.2,Linux,x86_64,AMD EPYC 9V74 80-Core Processor,norm,double,1024,contiguous,1,stable,20,0.0023930000000000002,4621059684392777249,40214d4cae1c3621,8.6509756478727251,scalar-reference,9.8237390444566586e-15,1.1355642928982602e-15,1,1,1,1,1,Sequential,Reproducible,canonical-reduction,pairwise,canonical-pairwise-v1-leaf1024,ThreadPool,8,1
2,1.6.0,1.6.0,GCC 14.2,Linux,x86_64,AMD EPYC 9V74 80-Core Processor,norm,double,1024,contiguous,1,stable,21,0.0024239999999999999,4621059684392777249,40214d4cae1c3621,8.6509756478727251,scalar-reference,9.8237390444566586e-15,1.1355642928982602e-15,1,1,1,1,1,Sequential,Reproducible,canonical-reduction,pairwise,canonical-pairwise-v1-leaf1024,ThreadPool,8,1
2,1.6.0,1.6.0,GCC 14.2,Linux,x86_64,AMD EPYC 9V74 80-Core Processor,sum,double,1024,contiguous,1,first_call,0,0.0056979999999999999,4642632424477329672,406df197a3ae8908,239.54976066674158,scalar-reference,1.2712053631958042e-14,5.3066442632113005e-17,1,1,1,1,1,Sequential,Accurate,canonical-reduction,compensated,canonical-neumaier-v1-leaf1024,ThreadPool,8,1
2,1.6.0,1.6.0,GCC 14.2,Linux,x86_64,AMD EPYC 9V74 80-Core Processor,sum,double,1024,contiguous,1,stable,1,0.0054180000000000001,4642632424477329672,406df197a3ae8908,239.54976066674158,scalar-reference,1.2712053631958042e-14,5.3066442632113005e-17,1,1,1,1,1,Sequential,Accurate,canonical-reduction,compensated,canonical-neumaier-v1-leaf1024,ThreadPool,8,1
2,1.6.0,1.6.0,GCC 14.2,Linux,x86_64,AMD EPYC 9V74 80-Core Processor,sum,double,1024,contiguous,1,stable,2,0.0052579999999999997,4642632424477329672,406df197a3ae8908,239.54976066674158,scalar-reference,1.2712053631958042e-14,5.3066442632113005e-17,1,1,1,1,1,Sequential,Accurate,canonical-reduction,compensated,canonical-neumaier-v1-leaf1024,ThreadPool,8,1
2,1.6.0,1.6.0,GCC 14.2,Linux,x86_64,AMD EPYC 9V74 80-Core Processor,sum,double,1024,contiguous,1,stable,3,0.005228,4642632424477329672,406df197a3ae8908,239.54976066674158,scalar-reference,1.2712053631958042e-14,5.3066442632113005e-17,1,1,1,1,1,Sequential,Accurate,canonical-reduction,compensated,canonical-neumaier-v1-leaf1024,ThreadPool,8,1
2,1.6.0,1.6.0,GCC 14.2,Linux,x86_64,AMD EPYC 9V74 80-Core Processor,sum,double,1024,contiguous,1,stable,4,0.0052069999999999998,4642632424477329672,406df197a3ae8908,239.54976066674158,scalar-reference,1.2712053631958042e-14,5.3066442632113005e-17,1,1,1,1,1,Sequential,Accurate,canonical-reduction,compensated,canonical-neumaier-v1-leaf1024,ThreadPool,8,1
2,1.6.0,1.6.0,GCC 14.2,Linux,x86_64,AMD EPYC 9V74 80-Core Processor,sum,double,1024,contiguous,1,stable,5,0.0052180000000000004,4642632424477329672,406df197a3ae8908,239.54976066674158,scalar-reference,1.2712053631958042e-14,5.3066442632113005e-17,1,1,1,1,1,Sequential,Accurate,canonical-reduction,compensated,canonical-neumaier-v1-leaf1024,ThreadPool,8,1
2,1.6.0,1.6.0,GCC 14.2,Linux,x86_64,AMD EPYC 9V74 80-Core Processor,sum,double,1024,contiguous,1,stable,6,0.005208,4642632424477329672,406df197a3ae8908,239.54976066674158,scalar-reference,1.2712053631958042e-14,5.3066442632113005e-17,1,1,1,1,1,Sequential,Accurate,canonical-reduction,compensated,canonical-neumaier-v1-leaf1024,ThreadPool,8,1
2,1.6.0,1.6.0,GCC 14.2,Linux,x86_64,AMD EPYC 9V74 80-Core Processor,sum,double,1024,contiguous,1,stable,7,0.0051879999999999999,4642632424477329672,406df197a3ae8908,239.54976066674158,scalar-reference,1.2712053631958042e-14,5.3066442632113005e-17,1,1,1,1,1,Sequential,Accurate,canonical-reduction,compensated,canonical-neumaier-v1-leaf1024,ThreadPool,8,1
2,1.6.0,1.6.0,GCC 14.2,Linux,x86_64,AMD EPYC 9V74 80-Core Processor,sum,double,1024,contiguous,1,stable,8,0.0052069999999999998,4642632424477329672,406df197a3ae8908,239.54976066674158,scalar-reference,1.2712053631958042e-14,5.3066442632113005e-17,1,1,1,1,1,Sequential,Accurate,canonical-reduction,compensated,canonical-neumaier-v1-leaf1024,ThreadPool,8,1
2,1.6.0,1.6.0,GCC 14.2,Linux,x86_64,AMD EPYC 9V74 80-Core Processor,sum,double,1024,contiguous,1,stable,9,0.0051879999999999999,4642632424477329672,406df197a3ae8908,239.54976066674158,scalar-reference,1.2712053631958042e-14,5.3066442632113005e-17,1,1,1,1,1,Sequential,Accurate,canonical-reduction,compensated,canonical-neumaier-v1-leaf1024,ThreadPool,8,1
2,1.6.0,1.6.0,GCC 14.2,Linux,x86_64,AMD EPYC 9V74 80-Core Processor,sum,double,1024,contiguous,1,stable,10,0.0052379999999999996,4642632424477329672,406df197a3ae8908,239.54976066674158,scalar-reference,1.2712053631958042e-14,5.3066442632113005e-17,1,1,1,1,1,Sequential,Accurate,canonical-reduction,compensated,canonical-neumaier-v1-leaf1024,ThreadPool,8,1
2,1.6.0,1.6.0,GCC 14.2,Linux,x86_64,AMD EPYC 9V74 80-Core Processor,sum,double,1024,contiguous,1,stable,11,0.005228,4642632424477329672,406df197a3ae8908,239.54976066674158,scalar-reference,1.2712053631958042e-14,5.3066442632113005e-17,1,1,1,1,1,Sequential,Accurate,canonical-reduction,compensated,canonical-neumaier-v1-leaf1024,ThreadPool,8,1
2,1.6.0,1.6.0,GCC 14.2,Linux,x86_64,AMD EPYC 9V74 80-Core Processor,sum,double,1024,contiguous,1,stable,12,0.0051869999999999998,4642632424477329672,406df197a3ae8908,239.54976066674158,scalar-reference,1.2712053631958042e-14,5.3066442632113005e-17,1,1,1,1,1,Sequential,Accurate,canonical-reduction,compensated,canonical-neumaier-v1-leaf1024,ThreadPool,8,1
2,1.6.0,1.6.0,GCC 14.2,Linux,x86_64,AMD EPYC 9V74 80-Core Processor,sum,double,1024,contiguous,1,stable,13,0.0052180000000000004,4642632424477329672,406df197a3ae8908,239.54976066674158,scalar-reference,1.2712053631958042e-14,5.3066442632113005e-17,1,1,1,1,1,Sequential,Accurate,canonical-reduction,compensated,canonical-neumaier-v1-leaf1024,ThreadPool,8,1
2,1.6.0,1.6.0,GCC 14.2,Linux,x86_64,AMD EPYC 9V74 80-Core Processor,sum,double,1024,contiguous,1,stable,14,0.0051980000000000004,4642632424477329672,406df197a3ae8908,239.54976066674158,scalar-reference,1.2712053631958042e-14,5.3066442632113005e-17,1,1,1,1,1,Sequential,Accurate,canonical-reduction,compensated,canonical-neumaier-v1-leaf1024,ThreadPool,8,1
2,1.6.0,1.6.0,GCC 14.2,Linux,x86_64,AMD EPYC 9V74 80-Core Processor,sum,double,1024,contiguous,1,stable,15,0.0052979999999999998,4642632424477329672,406df197a3ae8908,239.54976066674158,scalar-reference,1.2712053631958042e-14,5.3066442632113005e-17,1,1,1,1,1,Sequential,Accurate,canonical-reduction,compensated,canonical-neumaier-v1-leaf1024,ThreadPool,8,1
2,1.6.0,1.6.0,GCC 14.2,Linux,x86_64,AMD EPYC 9V74 80-Core Processor,sum,double,1024,contiguous,1,stable,16,0.005228,4642632424477329672,406df197a3ae8908,239.54976066674158,scalar-reference,1.2712053631958042e-14,5.3066442632113005e-17,1,1,1,1,1,Sequential,Accurate,canonical-reduction,compensated,canonical-neumaier-v1-leaf1024,ThreadPool,8,1
2,1.6.0,1.6.0,GCC 14.2,Linux,x86_64,AMD EPYC 9V74 80-Core Processor,sum,double,1024,contiguous,1,stable,17,0.005228,4642632424477329672,406df197a3ae8908,239.54976066674158,scalar-reference,1.2712053631958042e-14,5.3066442632113005e-17,1,1,1,1,1,Sequential,Accurate,canonical-reduction,compensated,canonical-neumaier-v1-leaf1024,ThreadPool,8,1
2,1.6.0,1.6.0,GCC 14.2,Linux,x86_64,AMD EPYC 9V74 80-Core Processor,sum,double,1024,contiguous,1,stable,18,0.0052069999999999998,4642632424477329672,406df197a3ae8908,239.54976066674158,scalar-reference,1.2712053631958042e-14,5.3066442632113005e-17,1,1,1,1,1,Sequential,Accurate,canonical-reduction,compensated,canonical-neumaier-v1-leaf1024,ThreadPool,8,1
2,1.6.0,1.6.0,GCC 14.2,Linux,x86_64,AMD EPYC 9V74 80-Core Processor,sum,double,1024,contiguous,1,stable,19,0.0051780000000000003,4642632424477329672,406df197a3ae8908,239.54976066674158,scalar-reference,1.2712053631958042e-14,5.3066442632113005e-17,1,1,1,1,1,Sequential,Accurate,canonical-reduction,compensated,canonical-neumaier-v1-leaf1024,ThreadPool,8,1
2,1.6.0,1.6.0,GCC 14.2,Linux,x86_64,AMD EPYC 9V74 80-Core Processor,sum,double,1024,contiguous,1,stable,20,0.0052180000000000004,4642632424477329672,406df197a3ae8908,239.54976066674158,scalar-reference,1.2712053631958042e-14,5.3066442632113005e-17,1,1,1,1,1,Sequential,Accurate,canonical-reduction,compensated,canonical-neumaier-v1-leaf1024,ThreadPool,8,1
2,1.6.0,1.6.0,GCC 14.2,Linux,x86_64,AMD EPYC 9V74 80-Core Processor,sum,double,1024,contiguous,1,stable,21,0.0051770000000000002,4642632424477329672,406df197a3ae8908,239.54976066674158,scalar-reference,1.2712053631958042e-14,5.3066442632113005e-17,1,1,1,1,1,Sequential,Accurate,canonical-reduction,compensated,canonical-neumaier-v1-leaf1024,ThreadPool,8,1
2,1.6.0,1.6.0,GCC 14.2,Linux,x86_64,AMD EPYC 9V74 80-Core Processor,dot,double,1024,contiguous,1,first_call,0,0.0056680000000000003,4630844172786283601,4044103d691d3451,40.126874102840368,scalar-reference,9.298117831235686e-16,2.317179705402849e-17,1,1,1,1,1,Sequential,Accurate,canonical-reduction,compensated,canonical-neumaier-v1-leaf1024,ThreadPool,8,1
2,1.6.0,1.6.0,GCC 14.2,Linux,x86_64,AMD EPYC 9V74 80-Core Processor,dot,double,1024,contiguous,1,stable,1,0.0053080000000000002,4630844172786283601,4044103d691d3451,40.126874102840368,scalar-reference,9.298117831235686e-16,2.317179705402849e-17,1,1,1,1,1,Sequential,Accurate,canonical-reduction,compensated,canonical-neumaier-v1-leaf1024,ThreadPool,8,1
2,1.6.0,1.6.0,GCC 14.2,Linux,x86_64,AMD EPYC 9V74 80-Core Processor,dot,double,1024,contiguous,1,stable,2,0.0052379999999999996,4630844172786283601,4044103d691d3451,40.126874102840368,scalar-reference,9.298117831235686e-16,2.317179705402849e-17,1,1,1,1,1,Sequential,Accurate,canonical-reduction,compensated,canonical-neumaier-v1-leaf1024,ThreadPool,8,1
2,1.6.0,1.6.0,GCC 14.2,Linux,x86_64,AMD EPYC 9V74 80-Core Processor,dot,double,1024,contiguous,1,stable,3,0.0052180000000000004,4630844172786283601,4044103d691d3451,40.126874102840368,scalar-reference,9.298117831235686e-16,2.317179705402849e-17,1,1,1,1,1,Sequential,Accurate,canonical-reduction,compensated,canonical-neumaier-v1-leaf1024,ThreadPool,8,1
2,1.6.0,1.6.0,GCC 14.2,Linux,x86_64,AMD EPYC 9V74 80-Core Processor,dot,double,1024,contiguous,1,stable,4,0.0052180000000000004,4630844172786283601,4044103d691d3451,40.126874102840368,scalar-reference,9.298117831235686e-16,2.317179705402849e-17,1,1,1,1,1,Sequential,Accurate,canonical-reduction,compensated,canonical-neumaier-v1-leaf1024,ThreadPool,8,1
2,1.6.0,1.6.0,GCC 14.2,Linux,x86_64,AMD EPYC 9V74 80-Core Processor,dot,double,1024,contiguous,1,stable,5,0.005208,4630844172786283601,4044103d691d3451,40.126874102840368,scalar-reference,9.298117831235686e-16,2.317179705402849e-17,1,1,1,1,1,Sequential,Accurate,canonical-reduction,compensated,canonical-neumaier-v1-leaf1024,ThreadPool,8,1
2,1.6.0,1.6.0,GCC 14.2,Linux,x86_64,AMD EPYC 9V74 80-Core Processor,dot,double,1024,contiguous,1,stable,6,0.0051980000000000004,4630844172786283601,4044103d691d3451,40.126874102840368,scalar-reference,9.298117831235686e-16,2.317179705402849e-17,1,1,1,1,1,Sequential,Accurate,canonical-reduction,compensated,canonical-neumaier-v1-leaf1024,ThreadPool,8,1
2,1.6.0,1.6.0,GCC 14.2,Linux,x86_64,AMD EPYC 9V74 80-Core Processor,dot,double,1024,contiguous,1,stable,7,0.0051580000000000003,4630844172786283601,4044103d691d3451,40.126874102840368,scalar-reference,9.298117831235686e-16,2.317179705402849e-17,1,1,1,1,1,Sequential,Accurate,canonical-reduction,compensated,canonical-neumaier-v1-leaf1024,ThreadPool,8,1
2,1.6.0,1.6.0,GCC 14.2,Linux,x86_64,AMD EPYC 9V74 80-Core Processor,dot,double,1024,contiguous,1,stable,8,0.0051770000000000002,4630844172786283601,4044103d691d3451,40.126874102840368,scalar-reference,9.298117831235686e-16,2.317179705402849e-17,1,1,1,1,1,Sequential,Accurate,canonical-reduction,compensated,canonical-neumaier-v1-leaf1024,ThreadPool,8,1
2,1.6.0,1.6.0,GCC 14.2,Linux,x86_64,AMD EPYC 9V74 80-Core Processor,dot,double,1024,contiguous,1,stable,9,0.0051980000000000004,4630844172786283601,4044103d691d3451,40.126874102840368,scalar-reference,9.298117831235686e-16,2.317179705402849e-17,1,1,1,1,1,Sequential,Accurate,canonical-reduction,compensated,canonical-neumaier-v1-leaf1024,ThreadPool,8,1
2,1.6.0,1.6.0,GCC 14.2,Linux,x86_64,AMD EPYC 9V74 80-Core Processor,dot,double,1024,contiguous,1,stable,10,0.0051679999999999999,4630844172786283601,4044103d691d3451,40.126874102840368,scalar-reference,9.298117831235686e-16,2.317179705402849e-17,1,1,1,1,1,Sequential,Accurate,canonical-reduction,compensated,canonical-neumaier-v1-leaf1024,ThreadPool,8,1
2,1.6.0,1.6.0,GCC 14.2,Linux,x86_64,AMD EPYC 9V74 80-Core Processor,dot,double,1024,contiguous,1,stable,11,0.0051570000000000001,4630844172786283601,4044103d691d3451,40.126874102840368,scalar-reference,9.298117831235686e-16,2.317179705402849e-17,1,1,1,1,1,Sequential,Accurate,canonical-reduction,compensated,canonical-neumaier-v1-leaf1024,ThreadPool,8,1
2,1.6.0,1.6.0,GCC 14.2,Linux,x86_64,AMD EPYC 9V74 80-Core Processor,dot,double,1024,contiguous,1,stable,12,0.0051580000000000003,4630844172786283601,4044103d691d3451,40.126874102840368,scalar-reference,9.298117831235686e-16,2.317179705402849e-17,1,1,1,1,1,Sequential,Accurate,canonical-reduction,compensated,canonical-neumaier-v1-leaf1024,ThreadPool,8,1
2,1.6.0,1.6.0,GCC 14.2,Linux,x86_64,AMD EPYC 9V74 80-Core Processor,dot,double,1024,contiguous,1,stable,13,0.0051580000000000003,4630844172786283601,4044103d691d3451,40.126874102840368,scalar-reference,9.298117831235686e-16,2.317179705402849e-17,1,1,1,1,1,Sequential,Accurate,canonical-reduction,compensated,canonical-neumaier-v1-leaf1024,ThreadPool,8,1
2,1.6.0,1.6.0,GCC 14.2,Linux,x86_64,AMD EPYC 9V74 80-Core Processor,dot,double,1024,contiguous,1,stable,14,0.0051780000000000003,4630844172786283601,4044103d691d3451,40.126874102840368,scalar-reference,9.298117831235686e-16,2.317179705402849e-17,1,1,1,1,1,Sequential,Accurate,canonical-reduction,compensated,canonical-neumaier-v1-leaf1024,ThreadPool,8,1
2,1.6.0,1.6.0,GCC 14.2,Linux,x86_64,AMD EPYC 9V74 80-Core Processor,dot,double,1024,contiguous,1,stable,15,0.0051980000000000004,4630844172786283601,4044103d691d3451,40.126874102840368,scalar-reference,9.298117831235686e-16,2.317179705402849e-17,1,1,1,1,1,Sequential,Accurate,canonical-reduction,compensated,canonical-neumaier-v1-leaf1024,ThreadPool,8,1
2,1.6.0,1.6.0,GCC 14.2,Linux,x86_64,AMD EPYC 9V74 80-Core Processor,dot,double,1024,contiguous,1,stable,16,0.0052379999999999996,4630844172786283601,4044103d691d3451,40.126874102840368,scalar-reference,9.298117831235686e-16,2.317179705402849e-17,1,1,1,1,1,Sequential,Accurate,canonical-reduction,compensated,canonical-neumaier-v1-leaf1024,ThreadPool,8,1
2,1.6.0,1.6.0,GCC 14.2,Linux,x86_64,AMD EPYC 9V74 80-Core Processor,dot,double,1024,contiguous,1,stable,17,0.0052069999999999998,4630844172786283601,4044103d691d3451,40.126874102840368,scalar-reference,9.298117831235686e-16,2.317179705402849e-17,1,1,1,1,1,Sequential,Accurate,canonical-reduction,compensated,canonical-neumaier-v1-leaf1024,ThreadPool,8,1
2,1.6.0,1.6.0,GCC 14.2,Linux,x86_64,AMD EPYC 9V74 80-Core Processor,dot,double,1024,contiguous,1,stable,18,0.005228,4630844172786283601,4044103d691d3451,40.126874102840368,scalar-reference,9.298117831235686e-16,2.317179705402849e-17,1,1,1,1,1,Sequential,Accurate,canonical-reduction,compensated,canonical-neumaier-v1-leaf1024,ThreadPool,8,1
2,1.6.0,1.6.0,GCC 14.2,Linux,x86_64,AMD EPYC 9V74 80-Core Processor,dot,double,1024,contiguous,1,stable,19,0.005208,4630844172786283601,4044103d691d3451,40.126874102840368,scalar-reference,9.298117831235686e-16,2.317179705402849e-17,1,1,1,1,1,Sequential,Accurate,canonical-reduction,compensated,canonical-neumaier-v1-leaf1024,ThreadPool,8,1
2,1.6.0,1.6.0,GCC 14.2,Linux,x86_64,AMD EPYC 9V74 80-Core Processor,dot,double,1024,contiguous,1,stable,20,0.0051780000000000003,4630844172786283601,4044103d691d3451,40.126874102840368,scalar-reference,9.298117831235686e-16,2.317179705402849e-17,1,1,1,1,1,Sequential,Accurate,canonical-reduction,compensated,canonical-neumaier-v1-leaf1024,ThreadPool,8,1
2,1.6.0,1.6.0,GCC 14.2,Linux,x86_64,AMD EPYC 9V74 80-Core Processor,dot,double,1024,contiguous,1,stable,21,0.0051780000000000003,4630844172786283601,4044103d691d3451,40.126874102840368,scalar-reference,9.298117831235686e-16,2.317179705402849e-17,1,1,1,1,1,Sequential,Accurate,canonical-reduction,compensated,canonical-neumaier-v1-leaf1024,ThreadPool,8,1
2,1.6.0,1.6.0,GCC 14.2,Linux,x86_64,AMD EPYC 9V74 80-Core Processor,norm,double,1024,contiguous,1,first_call,0,0.0032550000000000001,4621059684392777255,40214d4cae1c3627,8.6509756478727251,scalar-reference,8.3440199194484421e-16,9.645177907188119e-17,1,1,1,1,1,Sequential,Accurate,canonical-reduction,scaled_sumsq,canonical-scaled-sumsq-v1-leaf1024,ThreadPool,8,1
2,1.6.0,1.6.0,GCC 14.2,Linux,x86_64,AMD EPYC 9V74 80-Core Processor,norm,double,1024,contiguous,1,stable,1,0.0033649999999999999,4621059684392777255,40214d4cae1c3627,8.6509756478727251,scalar-reference,8.3440199194484421e-16,9.645177907188119e-17,1,1,1,1,1,Sequential,Accurate,canonical-reduction,scaled_sumsq,canonical-scaled-sumsq-v1-leaf1024,ThreadPool,8,1
2,1.6.0,1.6.0,GCC 14.2,Linux,x86_64,AMD EPYC 9V74 80-Core Processor,norm,double,1024,contiguous,1,stable,2,0.0031150000000000001,4621059684392777255,40214d4cae1c3627,8.6509756478727251,scalar-reference,8.3440199194484421e-16,9.645177907188119e-17,1,1,1,1,1,Sequential,Accurate,canonical-reduction,scaled_sumsq,canonical-scaled-sumsq-v1-leaf1024,ThreadPool,8,1
2,1.6.0,1.6.0,GCC 14.2,Linux,x86_64,AMD EPYC 9V74 80-Core Processor,norm,double,1024,contiguous,1,stable,3,0.0030539999999999999,4621059684392777255,40214d4cae1c3627,8.6509756478727251,scalar-reference,8.3440199194484421e-16,9.645177907188119e-17,1,1,1,1,1,Sequential,Accurate,canonical-reduction,scaled_sumsq,canonical-scaled-sumsq-v1-leaf1024,ThreadPool,8,1
2,1.6.0,1.6.0,GCC 14.2,Linux,x86_64,AMD EPYC 9V74 80-Core Processor,norm,double,1024,contiguous,1,stable,4,0.0030149999999999999,4621059684392777255,40214d4cae1c3627,8.6509756478727251,scalar-reference,8.3440199194484421e-16,9.645177907188119e-17,1,1,1,1,1,Sequential,Accurate,canonical-reduction,scaled_sumsq,canonical-scaled-sumsq-v1-leaf1024,ThreadPool,8,1
2,1.6.0,1.6.0,GCC 14.2,Linux,x86_64,AMD EPYC 9V74 80-Core Processor,norm,double,1024,contiguous,1,stable,5,0.0029650000000000002,4621059684392777255,40214d4cae1c3627,8.6509756478727251,scalar-reference,8.3440199194484421e-16,9.645177907188119e-17,1,1,1,1,1,Sequential,Accurate,canonical-reduction,scaled_sumsq,canonical-scaled-sumsq-v1-leaf1024,ThreadPool,8,1
2,1.6.0,1.6.0,GCC 14.2,Linux,x86_64,AMD EPYC 9V74 80-Core Processor,norm,double,1024,contiguous,1,stable,6,0.0029940000000000001,4621059684392777255,40214d4cae1c3627,8.6509756478727251,scalar-reference,8.3440199194484421e-16,9.645177907188119e-17,1,1,1,1,1,Sequential,Accurate,canonical-reduction,scaled_sumsq,canonical-scaled-sumsq-v1-leaf1024,ThreadPool,8,1
2,1.6.0,1.6.0,GCC 14.2,Linux,x86_64,AMD EPYC 9V74 80-Core Processor,norm,double,1024,contiguous,1,stable,7,0.003075,4621059684392777255,40214d4cae1c3627,8.6509756478727251,scalar-reference,8.3440199194484421e-16,9.645177907188119e-17,1,1,1,1,1,Sequential,Accurate,canonical-reduction,scaled_sumsq,canonical-scaled-sumsq-v1-leaf1024,ThreadPool,8,1
2,1.6.0,1.6.0,GCC 14.2,Linux,x86_64,AMD EPYC 9V74 80-Core Processor,norm,double,1024,contiguous,1,stable,8,0.002944,4621059684392777255,40214d4cae1c3627,8.6509756478727251,scalar-reference,8.3440199194484421e-16,9.645177907188119e-17,1,1,1,1,1,Sequential,Accurate,canonical-reduction,scaled_sumsq,canonical-scaled-sumsq-v1-leaf1024,ThreadPool,8,1
2,1.6.0,1.6.0,GCC 14.2,Linux,x86_64,AMD EPYC 9V74 80-Core Processor,norm,double,1024,contiguous,1,stable,9,0.0030339999999999998,4621059684392777255,40214d4cae1c3627,8.6509756478727251,scalar-reference,8.3440199194484421e-16,9.645177907188119e-17,1,1,1,1,1,Sequential,Accurate,canonical-reduction,scaled_sumsq,canonical-scaled-sumsq-v1-leaf1024,ThreadPool,8,1
2,1.6.0,1.6.0,GCC 14.2,Linux,x86_64,AMD EPYC 9V74 80-Core Processor,norm,double,1024,contiguous,1,stable,10,0.0029949999999999998,4621059684392777255,40214d4cae1c3627,8.6509756478727251,scalar-reference,8.3440199194484421e-16,9.645177907188119e-17,1,1,1,1,1,Sequential,Accurate,canonical-reduction,scaled_sumsq,canonical-scaled-sumsq-v1-leaf1024,ThreadPool,8,1
2,1.6.0,1.6.0,GCC 14.2,Linux,x86_64,AMD EPYC 9V74 80-Core Processor,norm,double,1024,contiguous,1,stable,11,0.0030040000000000002,4621059684392777255,40214d4cae1c3627,8.6509756478727251,scalar-reference,8.3440199194484421e-16,9.645177907188119e-17,1,1,1,1,1,Sequential,Accurate,canonical-reduction,scaled_sumsq,canonical-scaled-sumsq-v1-leaf1024,ThreadPool,8,1
2,1.6.0,1.6.0,GCC 14.2,Linux,x86_64,AMD EPYC 9V74 80-Core Processor,norm,double,1024,contiguous,1,stable,12,0.0030140000000000002,4621059684392777255,40214d4cae1c3627,8.6509756478727251,scalar-reference,8.3440199194484421e-16,9.645177907188119e-17,1,1,1,1,1,Sequential,Accurate,canonical-reduction,scaled_sumsq,canonical-scaled-sumsq-v1-leaf1024,ThreadPool,8,1
2,1.6.0,1.6.0,GCC 14.2,Linux,x86_64,AMD EPYC 9V74 80-Core Processor,norm,double,1024,contiguous,1,stable,13,0.0029949999999999998,4621059684392777255,40214d4cae1c3627,8.6509756478727251,scalar-reference,8.3440199194484421e-16,9.645177907188119e-17,1,1,1,1,1,Sequential,Accurate,canonical-reduction,scaled_sumsq,canonical-scaled-sumsq-v1-leaf1024,ThreadPool,8,1
2,1.6.0,1.6.0,GCC 14.2,Linux,x86_64,AMD EPYC 9V74 80-Core Processor,norm,double,1024,contiguous,1,stable,14,0.0030149999999999999,4621059684392777255,40214d4cae1c3627,8.6509756478727251,scalar-reference,8.3440199194484421e-16,9.645177907188119e-17,1,1,1,1,1,Sequential,Accurate,canonical-reduction,scaled_sumsq,canonical-scaled-sumsq-v1-leaf1024,ThreadPool,8,1
2,1.6.0,1.6.0,GCC 14.2,Linux,x86_64,AMD EPYC 9V74 80-Core Processor,norm,double,1024,contiguous,1,stable,15,0.0029940000000000001,4621059684392777255,40214d4cae1c3627,8.6509756478727251,scalar-reference,8.3440199194484421e-16,9.645177907188119e-17,1,1,1,1,1,Sequential,Accurate,canonical-reduction,scaled_sumsq,canonical-scaled-sumsq-v1-leaf1024,ThreadPool,8,1
2,1.6.0,1.6.0,GCC 14.2,Linux,x86_64,AMD EPYC 9V74 80-Core Processor,norm,double,1024,contiguous,1,stable,16,0.0030249999999999999,4621059684392777255,40214d4cae1c3627,8.6509756478727251,scalar-reference,8.3440199194484421e-16,9.645177907188119e-17,1,1,1,1,1,Sequential,Accurate,canonical-reduction,scaled_sumsq,canonical-scaled-sumsq-v1-leaf1024,ThreadPool,8,1
2,1.6.0,1.6.0,GCC 14.2,Linux,x86_64,AMD EPYC 9V74 80-Core Processor,norm,double,1024,contiguous,1,stable,17,0.0030739999999999999,4621059684392777255,40214d4cae1c3627,8.6509756478727251,scalar-reference,8.3440199194484421e-16,9.645177907188119e-17,1,1,1,1,1,Sequential,Accurate,canonical-reduction,scaled_sumsq,canonical-scaled-sumsq-v1-leaf1024,ThreadPool,8,1
2,1.6.0,1.6.0,GCC 14.2,Linux,x86_64,AMD EPYC 9V74 80-Core Processor,norm,double,1024,contiguous,1,stable,18,0.0030249999999999999,4621059684392777255,40214d4cae1c3627,8.6509756478727251,scalar-reference,8.3440199194484421e-16,9.645177907188119e-17,1,1,1,1,1,Sequential,Accurate,canonical-reduction,scaled_sumsq,canonical-scaled-sumsq-v1-leaf1024,ThreadPool,8,1
2,1.6.0,1.6.0,GCC 14.2,Linux,x86_64,AMD EPYC 9V74 80-Core Processor,norm,double,1024,contiguous,1,stable,19,0.0030049999999999999,4621059684392777255,40214d4cae1c3627,8.6509756478727251,scalar-reference,8.3440199194484421e-16,9.645177907188119e-17,1,1,1,1,1,Sequential,Accurate,canonical-reduction,scaled_sumsq,canonical-scaled-sumsq-v1-leaf1024,ThreadPool,8,1
2,1.6.0,1.6.0,GCC 14.2,Linux,x86_64,AMD EPYC 9V74 80-Core Processor,norm,double,1024,contiguous,1,stable,20,0.0029840000000000001,4621059684392777255,40214d4cae1c3627,8.6509756478727251,scalar-reference,8.3440199194484421e-16,9.645177907188119e-17,1,1,1,1,1,Sequential,Accurate,canonical-reduction,scaled_sumsq,canonical-scaled-sumsq-v1-leaf1024,ThreadPool,8,1
2,1.6.0,1.6.0,GCC 14.2,Linux,x86_64,AMD EPYC 9V74 80-Core Processor,norm,double,1024,contiguous,1,stable,21,0.031616999999999999,4621059684392777255,40214d4cae1c3627,8.6509756478727251,scalar-reference,8.3440199194484421e-16,9.645177907188119e-17,1,1,1,1,1,Sequential,Accurate,canonical-reduction,scaled_sumsq,canonical-scaled-sumsq-v1-leaf1024,ThreadPool,8,1
2,1.6.0,1.6.0,GCC 14.2,Linux,x86_64,AMD EPYC 9V74 80-Core Processor,sum_legacy_fast,double,1024,contiguous,1,first_call,0,0.020549999999999999,4642632424477329671,406df197a3ae8907,239.54976066674158,scalar-reference,1.5709655798445965e-14,6.5579926920908215e-17,1,1,1,1,1,ThreadPool,Fast,adaptive,native,none,ThreadPool,8,5
2,1.6.0,1.6.0,GCC 14.2,Linux,x86_64,AMD EPYC 9V74 80-Core Processor,sum_legacy_fast,double,1024,contiguous,1,stable,1,0.016114,4642632424477329671,406df197a3ae8907,239.54976066674158,scalar-reference,1.5709655798445965e-14,6.5579926920908215e-17,1,1,1,1,1,ThreadPool,Fast,adaptive,native,none,ThreadPool,8,5
2,1.6.0,1.6.0,GCC 14.2,Linux,x86_64,AMD EPYC 9V74 80-Core Processor,sum_legacy_fast,double,1024,contiguous,1,stable,2,0.016303999999999999,4642632424477329671,406df197a3ae8907,239.54976066674158,scalar-reference,1.5709655798445965e-14,6.5579926920908215e-17,1,1,1,1,1,ThreadPool,Fast,adaptive,native,none,ThreadPool,8,5
2,1.6.0,1.6.0,GCC 14.2,Linux,x86_64,AMD EPYC 9V74 80-Core Processor,sum_legacy_fast,double,1024,contiguous,1,stable,3,0.017926999999999998,4642632424477329671,406df197a3ae8907,239.54976066674158,scalar-reference,1.5709655798445965e-14,6.5579926920908215e-17,1,1,1,1,1,ThreadPool,Fast,adaptive,native,none,ThreadPool,8,5
2,1.6.0,1.6.0,GCC 14.2,Linux,x86_64,AMD EPYC 9V74 80-Core Processor,sum_legacy_fast,double,1024,contiguous,1,stable,4,0.017805999999999999,4642632424477329671,406df197a3ae8907,239.54976066674158,scalar-reference,1.5709655798445965e-14,6.5579926920908215e-17,1,1,1,1,1,ThreadPool,Fast,adaptive,native,none,ThreadPool,8,5
2,1.6.0,1.6.0,GCC 14.2,Linux,x86_64,AMD EPYC 9V74 80-Core Processor,sum_legacy_fast,double,1024,contiguous,1,stable,5,0.025918,4642632424477329671,406df197a3ae8907,239.54976066674158,scalar-reference,1.5709655798445965e-14,6.5579926920908215e-17,1,1,1,1,1,ThreadPool,Fast,adaptive,native,none,ThreadPool,8,5
2,1.6.0,1.6.0,GCC 14.2,Linux,x86_64,AMD EPYC 9V74 80-Core Processor,sum_legacy_fast,double,1024,contiguous,1,stable,6,0.010064999999999999,4642632424477329671,406df197a3ae8907,239.54976066674158,scalar-reference,1.5709655798445965e-14,6.5579926920908215e-17,1,1,1,1,1,ThreadPool,Fast,adaptive,native,none,ThreadPool,8,5
2,1.6.0,1.6.0,GCC 14.2,Linux,x86_64,AMD EPYC 9V74 80-Core Processor,sum_legacy_fast,double,1024,contiguous,1,stable,7,0.020811,4642632424477329671,406df197a3ae8907,239.54976066674158,scalar-reference,1.5709655798445965e-14,6.5579926920908215e-17,1,1,1,1,1,ThreadPool,Fast,adaptive,native,none,ThreadPool,8,5
2,1.6.0,1.6.0,GCC 14.2,Linux,x86_64,AMD EPYC 9V74 80-Core Processor,sum_legacy_fast,double,1024,contiguous,1,stable,8,0.022613000000000001,4642632424477329671,406df197a3ae8907,239.54976066674158,scalar-reference,1.5709655798445965e-14,6.5579926920908215e-17,1,1,1,1,1,ThreadPool,Fast,adaptive,native,none,ThreadPool,8,5
2,1.6.0,1.6.0,GCC 14.2,Linux,x86_64,AMD EPYC 9V74 80-Core Processor,sum_legacy_fast,double,1024,contiguous,1,stable,9,0.024656999999999998,4642632424477329671,406df197a3ae8907,239.54976066674158,scalar-reference,1.5709655798445965e-14,6.5579926920908215e-17,1,1,1,1,1,ThreadPool,Fast,adaptive,native,none,ThreadPool,8,5
2,1.6.0,1.6.0,GCC 14.2,Linux,x86_64,AMD EPYC 9V74 80-Core Processor,sum_legacy_fast,double,1024,contiguous,1,stable,10,0.026519000000000001,4642632424477329671,406df197a3ae8907,239.54976066674158,scalar-reference,1.5709655798445965e-14,6.5579926920908215e-17,1,1,1,1,1,ThreadPool,Fast,adaptive,native,none,ThreadPool,8,5
2,1.6.0,1.6.0,GCC 14.2,Linux,x86_64,AMD EPYC 9V74 80-Core Processor,sum_legacy_fast,double,1024,contiguous,1,stable,11,0.042463000000000001,4642632424477329671,406df197a3ae8907,239.54976066674158,scalar-reference,1.5709655798445965e-14,6.5579926920908215e-17,1,1,1,1,1,ThreadPool,Fast,adaptive,native,none,ThreadPool,8,5
2,1.6.0,1.6.0,GCC 14.2,Linux,x86_64,AMD EPYC 9V74 80-Core Processor,sum_legacy_fast,double,1024,contiguous,1,stable,12,0.026369,4642632424477329671,406df197a3ae8907,239.54976066674158,scalar-reference,1.5709655798445965e-14,6.5579926920908215e-17,1,1,1,1,1,ThreadPool,Fast,adaptive,native,none,ThreadPool,8,5
2,1.6.0,1.6.0,GCC 14.2,Linux,x86_64,AMD EPYC 9V74 80-Core Processor,sum_legacy_fast,double,1024,contiguous,1,stable,13,0.022674,4642632424477329671,406df197a3ae8907,239.54976066674158,scalar-reference,1.5709655798445965e-14,6.5579926920908215e-17,1,1,1,1,1,ThreadPool,Fast,adaptive,native,none,ThreadPool,8,5
2,1.6.0,1.6.0,GCC 14.2,Linux,x86_64,AMD EPYC 9V74 80-Core Processor,sum_legacy_fast,double,1024,contiguous,1,stable,14,0.022252999999999998,4642632424477329671,406df197a3ae8907,239.54976066674158,scalar-reference,1.5709655798445965e-14,6.5579926920908215e-17,1,1,1,1,1,ThreadPool,Fast,adaptive,native,none,ThreadPool,8,5
2,1.6.0,1.6.0,GCC 14.2,Linux,x86_64,AMD EPYC 9V74 80-Core Processor,sum_legacy_fast,double,1024,contiguous,1,stable,15,0.020920999999999999,4642632424477329671,406df197a3ae8907,239.54976066674158,scalar-reference,1.5709655798445965e-14,6.5579926920908215e-17,1,1,1,1,1,ThreadPool,Fast,adaptive,native,none,ThreadPool,8,5
2,1.6.0,1.6.0,GCC 14.2,Linux,x86_64,AMD EPYC 9V74 80-Core Processor,sum_legacy_fast,double,1024,contiguous,1,stable,16,0.019820000000000001,4642632424477329671,406df197a3ae8907,239.54976066674158,scalar-reference,1.5709655798445965e-14,6.5579926920908215e-17,1,1,1,1,1,ThreadPool,Fast,adaptive,native,none,ThreadPool,8,5
2,1.6.0,1.6.0,GCC 14.2,Linux,x86_64,AMD EPYC 9V74 80-Core Processor,sum_legacy_fast,double,1024,contiguous,1,stable,17,0.018748000000000001,4642632424477329671,406df197a3ae8907,239.54976066674158,scalar-reference,1.5709655798445965e-14,6.5579926920908215e-17,1,1,1,1,1,ThreadPool,Fast,adaptive,native,none,ThreadPool,8,5
2,1.6.0,1.6.0,GCC 14.2,Linux,x86_64,AMD EPYC 9V74 80-Core Processor,sum_legacy_fast,double,1024,contiguous,1,stable,18,0.024146000000000001,4642632424477329671,406df197a3ae8907,239.54976066674158,scalar-reference,1.5709655798445965e-14,6.5579926920908215e-17,1,1,1,1,1,ThreadPool,Fast,adaptive,native,none,ThreadPool,8,5
2,1.6.0,1.6.0,GCC 14.2,Linux,x86_64,AMD EPYC 9V74 80-Core Processor,sum_legacy_fast,double,1024,contiguous,1,stable,19,0.035233,4642632424477329671,406df197a3ae8907,239.54976066674158,scalar-reference,1.5709655798445965e-14,6.5579926920908215e-17,1,1,1,1,1,ThreadPool,Fast,adaptive,native,none,ThreadPool,8,5
2,1.6.0,1.6.0,GCC 14.2,Linux,x86_64,AMD EPYC 9V74 80-Core Processor,sum_legacy_fast,double,1024,contiguous,1,stable,20,0.022082999999999998,4642632424477329671,406df197a3ae8907,239.54976066674158,scalar-reference,1.5709655798445965e-14,6.5579926920908215e-17,1,1,1,1,1,ThreadPool,Fast,adaptive,native,none,ThreadPool,8,5
2,1.6.0,1.6.0,GCC 14.2,Linux,x86_64,AMD EPYC 9V74 80-Core Processor,sum_legacy_fast,double,1024,contiguous,1,stable,21,0.02061,4642632424477329671,406df197a3ae8907,239.54976066674158,scalar-reference,1.5709655798445965e-14,6.5579926920908215e-17,1,1,1,1,1,ThreadPool,Fast,adaptive,native,none,ThreadPool,8,5
2,1.6.0,1.6.0,GCC 14.2,Linux,x86_64,AMD EPYC 9V74 80-Core Processor,sum_direct_sequential,double,1024,contiguous,1,first_call,0,0.00086200000000000003,4642632424477329673,406df197a3ae8909,239.54976066674158,scalar-reference,4.113376306236205e-14,1.7171281218513423e-16,1,1,1,1,1,DirectSequential,Fast,adaptive,native,none,Auto,1,1
2,1.6.0,1.6.0,GCC 14.2,Linux,x86_64,AMD EPYC 9V74 80-Core Processor,sum_direct_sequential,double,1024,contiguous,1,stable,1,0.00085099999999999998,4642632424477329673,406df197a3ae8909,239.54976066674158,scalar-reference,4.113376306236205e-14,1.7171281218513423e-16,1,1,1,1,1,DirectSequential,Fast,adaptive,native,none,Auto,1,1
2,1.6.0,1.6.0,GCC 14.2,Linux,x86_64,AMD EPYC 9V74 80-Core Processor,sum_direct_sequential,double,1024,contiguous,1,stable,2,0.00084099999999999995,4642632424477329673,406df197a3ae8909,239.54976066674158,scalar-reference,4.113376306236205e-14,1.7171281218513423e-16,1,1,1,1,1,DirectSequential,Fast,adaptive,native,none,Auto,1,1
2,1.6.0,1.6.0,GCC 14.2,Linux,x86_64,AMD EPYC 9V74 80-Core Processor,sum_direct_sequential,double,1024,contiguous,1,stable,3,0.00085099999999999998,4642632424477329673,406df197a3ae8909,239.54976066674158,scalar-reference,4.113376306236205e-14,1.7171281218513423e-16,1,1,1,1,1,DirectSequential,Fast,adaptive,native,none,Auto,1,1
2,1.6.0,1.6.0,GCC 14.2,Linux,x86_64,AMD EPYC 9V74 80-Core Processor,sum_direct_sequential,double,1024,contiguous,1,stable,4,0.00085099999999999998,4642632424477329673,406df197a3ae8909,239.54976066674158,scalar-reference,4.113376306236205e-14,1.7171281218513423e-16,1,1,1,1,1,DirectSequential,Fast,adaptive,native,none,Auto,1,1
2,1.6.0,1.6.0,GCC 14.2,Linux,x86_64,AMD EPYC 9V74 80-Core Processor,sum_direct_sequential,double,1024,contiguous,1,stable,5,0.00084099999999999995,4642632424477329673,406df197a3ae8909,239.54976066674158,scalar-reference,4.113376306236205e-14,1.7171281218513423e-16,1,1,1,1,1,DirectSequential,Fast,adaptive,native,none,Auto,1,1
2,1.6.0,1.6.0,GCC 14.2,Linux,x86_64,AMD EPYC 9V74 80-Core Processor,sum_direct_sequential,double,1024,contiguous,1,stable,6,0.00084099999999999995,4642632424477329673,406df197a3ae8909,239.54976066674158,scalar-reference,4.113376306236205e-14,1.7171281218513423e-16,1,1,1,1,1,DirectSequential,Fast,adaptive,native,none,Auto,1,1
2,1.6.0,1.6.0,GCC 14.2,Linux,x86_64,AMD EPYC 9V74 80-Core Processor,sum_direct_sequential,double,1024,contiguous,1,stable,7,0.00084099999999999995,4642632424477329673,406df197a3ae8909,239.54976066674158,scalar-reference,4.113376306236205e-14,1.7171281218513423e-16,1,1,1,1,1,DirectSequential,Fast,adaptive,native,none,Auto,1,1
2,1.6.0,1.6.0,GCC 14.2,Linux,x86_64,AMD EPYC 9V74 80-Core Processor,sum_direct_sequential,double,1024,contiguous,1,stable,8,0.000852,4642632424477329673,406df197a3ae8909,239.54976066674158,scalar-reference,4.113376306236205e-14,1.7171281218513423e-16,1,1,1,1,1,DirectSequential,Fast,adaptive,native,none,Auto,1,1
2,1.6.0,1.6.0,GCC 14.2,Linux,x86_64,AMD EPYC 9V74 80-Core Processor,sum_direct_sequential,double,1024,contiguous,1,stable,9,0.000852,4642632424477329673,406df197a3ae8909,239.54976066674158,scalar-reference,4.113376306236205e-14,1.7171281218513423e-16,1,1,1,1,1,DirectSequential,Fast,adaptive,native,none,Auto,1,1
2,1.6.0,1.6.0,GCC 14.2,Linux,x86_64,AMD EPYC 9V74 80-Core Processor,sum_direct_sequential,double,1024,contiguous,1,stable,10,0.00084199999999999998,4642632424477329673,406df197a3ae8909,239.54976066674158,scalar-reference,4.113376306236205e-14,1.7171281218513423e-16,1,1,1,1,1,DirectSequential,Fast,adaptive,native,none,Auto,1,1
2,1.6.0,1.6.0,GCC 14.2,Linux,x86_64,AMD EPYC 9V74 80-Core Processor,sum_direct_sequential,double,1024,contiguous,1,stable,11,0.000852,4642632424477329673,406df197a3ae8909,239.54976066674158,scalar-reference,4.113376306236205e-14,1.7171281218513423e-16,1,1,1,1,1,DirectSequential,Fast,adaptive,native,none,Auto,1,1
2,1.6.0,1.6.0,GCC 14.2,Linux,x86_64,AMD EPYC 9V74 80-Core Processor,sum_direct_sequential,double,1024,contiguous,1,stable,12,0.00084199999999999998,4642632424477329673,406df197a3ae8909,239.54976066674158,scalar-reference,4.113376306236205e-14,1.7171281218513423e-16,1,1,1,1,1,DirectSequential,Fast,adaptive,native,none,Auto,1,1
2,1.6.0,1.6.0,GCC 14.2,Linux,x86_64,AMD EPYC 9V74 80-Core Processor,sum_direct_sequential,double,1024,contiguous,1,stable,13,0.00084099999999999995,4642632424477329673,406df197a3ae8909,239.54976066674158,scalar-reference,4.113376306236205e-14,1.7171281218513423e-16,1,1,1,1,1,DirectSequential,Fast,adaptive,native,none,Auto,1,1
2,1.6.0,1.6.0,GCC 14.2,Linux,x86_64,AMD EPYC 9V74 80-Core Processor,sum_direct_sequential,double,1024,contiguous,1,stable,14,0.00085099999999999998,4642632424477329673,406df197a3ae8909,239.54976066674158,scalar-reference,4.113376306236205e-14,1.7171281218513423e-16,1,1,1,1,1,DirectSequential,Fast,adaptive,native,none,Auto,1,1
2,1.6.0,1.6.0,GCC 14.2,Linux,x86_64,AMD EPYC 9V74 80-Core Processor,sum_direct_sequential,double,1024,contiguous,1,stable,15,0.00085099999999999998,4642632424477329673,406df197a3ae8909,239.54976066674158,scalar-reference,4.113376306236205e-14,1.7171281218513423e-16,1,1,1,1,1,DirectSequential,Fast,adaptive,native,none,Auto,1,1
2,1.6.0,1.6.0,GCC 14.2,Linux,x86_64,AMD EPYC 9V74 80-Core Processor,sum_direct_sequential,double,1024,contiguous,1,stable,16,0.00085099999999999998,4642632424477329673,406df197a3ae8909,239.54976066674158,scalar-reference,4.113376306236205e-14,1.7171281218513423e-16,1,1,1,1,1,DirectSequential,Fast,adaptive,native,none,Auto,1,1
2,1.6.0,1.6.0,GCC 14.2,Linux,x86_64,AMD EPYC 9V74 80-Core Processor,sum_direct_sequential,double,1024,contiguous,1,stable,17,0.00085099999999999998,4642632424477329673,406df197a3ae8909,239.54976066674158,scalar-reference,4.113376306236205e-14,1.7171281218513423e-16,1,1,1,1,1,DirectSequential,Fast,adaptive,native,none,Auto,1,1
2,1.6.0,1.6.0,GCC 14.2,Linux,x86_64,AMD EPYC 9V74 80-Core Processor,sum_direct_sequential,double,1024,contiguous,1,stable,18,0.00085099999999999998,4642632424477329673,406df197a3ae8909,239.54976066674158,scalar-reference,4.113376306236205e-14,1.7171281218513423e-16,1,1,1,1,1,DirectSequential,Fast,adaptive,native,none,Auto,1,1
2,1.6.0,1.6.0,GCC 14.2,Linux,x86_64,AMD EPYC 9V74 80-Core Processor,sum_direct_sequential,double,1024,contiguous,1,stable,19,0.00085099999999999998,4642632424477329673,406df197a3ae8909,239.54976066674158,scalar-reference,4.113376306236205e-14,1.7171281218513423e-16,1,1,1,1,1,DirectSequential,Fast,adaptive,native,none,Auto,1,1
2,1.6.0,1.6.0,GCC 14.2,Linux,x86_64,AMD EPYC 9V74 80-Core Processor,sum_direct_sequential,double,1024,contiguous,1,stable,20,0.00085099999999999998,4642632424477329673,406df197a3ae8909,239.54976066674158,scalar-reference,4.113376306236205e-14,1.7171281218513423e-16,1,1,1,1,1,DirectSequential,Fast,adaptive,native,none,Auto,1,1
2,1.6.0,1.6.0,GCC 14.2,Linux,x86_64,AMD EPYC 9V74 80-Core Processor,sum_direct_sequential,double,1024,contiguous,1,stable,21,0.00085099999999999998,4642632424477329673,406df197a3ae8909,239.54976066674158,scalar-reference,4.113376306236205e-14,1.7171281218513423e-16,1,1,1,1,1,DirectSequential,Fast,adaptive,native,none,Auto,1,1
2,1.6.0,1.6.0,GCC 14.2,Linux,x86_64,AMD EPYC 9V74 80-Core Processor,dot_direct_sequential,double,1024,contiguous,1,first_call,0,0.000861,4630844172786283601,4044103d691d3451,40.126874102840368,scalar-reference,9.298117831235686e-16,2.317179705402849e-17,1,1,1,1,1,DirectSequential,Fast,adaptive,native,none,Auto,1,1
2,1.6.0,1.6.0,GCC 14.2,Linux,x86_64,AMD EPYC 9V74 80-Core Processor,dot_direct_sequential,double,1024,contiguous,1,stable,1,0.00085099999999999998,4630844172786283601,4044103d691d3451,40.126874102840368,scalar-reference,9.298117831235686e-16,2.317179705402849e-17,1,1,1,1,1,DirectSequential,Fast,adaptive,native,none,Auto,1,1
2,1.6.0,1.6.0,GCC 14.2,Linux,x86_64,AMD EPYC 9V74 80-Core Processor,dot_direct_sequential,double,1024,contiguous,1,stable,2,0.00086200000000000003,4630844172786283601,4044103d691d3451,40.126874102840368,scalar-reference,9.298117831235686e-16,2.317179705402849e-17,1,1,1,1,1,DirectSequential,Fast,adaptive,native,none,Auto,1,1
2,1.6.0,1.6.0,GCC 14.2,Linux,x86_64,AMD EPYC 9V74 80-Core Processor,dot_direct_sequential,double,1024,contiguous,1,stable,3,0.00085099999999999998,4630844172786283601,4044103d691d3451,40.126874102840368,scalar-reference,9.298117831235686e-16,2.317179705402849e-17,1,1,1,1,1,DirectSequential,Fast,adaptive,native,none,Auto,1,1
2,1.6.0,1.6.0,GCC 14.2,Linux,x86_64,AMD EPYC 9V74 80-Core Processor,dot_direct_sequential,double,1024,contiguous,1,stable,4,0.00084199999999999998,4630844172786283601,4044103d691d3451,40.126874102840368,scalar-reference,9.298117831235686e-16,2.317179705402849e-17,1,1,1,1,1,DirectSequential,Fast,adaptive,native,none,Auto,1,1
2,1.6.0,1.6.0,GCC 14.2,Linux,x86_64,AMD EPYC 9V74 80-Core Processor,dot_direct_sequential,double,1024,contiguous,1,stable,5,0.000852,4630844172786283601,4044103d691d3451,40.126874102840368,scalar-reference,9.298117831235686e-16,2.317179705402849e-17,1,1,1,1,1,DirectSequential,Fast,adaptive,native,none,Auto,1,1
2,1.6.0,1.6.0,GCC 14.2,Linux,x86_64,AMD EPYC 9V74 80-Core Processor,dot_direct_sequential,double,1024,contiguous,1,stable,6,0.000852,4630844172786283601,4044103d691d3451,40.126874102840368,scalar-reference,9.298117831235686e-16,2.317179705402849e-17,1,1,1,1,1,DirectSequential,Fast,adaptive,native,none,Auto,1,1
2,1.6.0,1.6.0,GCC 14.2,Linux,x86_64,AMD EPYC 9V74 80-Core Processor,dot_direct_sequential,double,1024,contiguous,1,stable,7,0.00084099999999999995,4630844172786283601,4044103d691d3451,40.126874102840368,scalar-reference,9.298117831235686e-16,2.317179705402849e-17,1,1,1,1,1,DirectSequential,Fast,adaptive,native,none,Auto,1,1
2,1.6.0,1.6.0,GCC 14.2,Linux,x86_64,AMD EPYC 9V74 80-Core Processor,dot_direct_sequential,double,1024,contiguous,1,stable,8,0.00085099999999999998,4630844172786283601,4044103d691d3451,40.126874102840368,scalar-reference,9.298117831235686e-16,2.317179705402849e-17,1,1,1,1,1,DirectSequential,Fast,adaptive,native,none,Auto,1,1
2,1.6.0,1.6.0,GCC 14.2,Linux,x86_64,AMD EPYC 9V74 80-Core Processor,dot_direct_sequential,double,1024,contiguous,1,stable,9,0.00084099999999999995,4630844172786283601,4044103d691d3451,40.126874102840368,scalar-reference,9.298117831235686e-16,2.317179705402849e-17,1,1,1,1,1,DirectSequential,Fast,adaptive,native,none,Auto,1,1
2,1.6.0,1.6.0,GCC 14.2,Linux,x86_64,AMD EPYC 9V74 80-Core Processor,dot_direct_sequential,double,1024,contiguous,1,stable,10,0.00085099999999999998,4630844172786283601,4044103d691d3451,40.126874102840368,scalar-reference,9.298117831235686e-16,2.317179705402849e-17,1,1,1,1,1,DirectSequential,Fast,adaptive,native,none,Auto,1,1
2,1.6.0,1.6.0,GCC 14.2,Linux,x86_64,AMD EPYC 9V74 80-Core Processor,dot_direct_sequential,double,1024,contiguous,1,stable,11,0.00085099999999999998,4630844172786283601,4044103d691d3451,40.126874102840368,scalar-reference,9.298117831235686e-16,2.317179705402849e-17,1,1,1,1,1,DirectSequential,Fast,adaptive,native,none,Auto,1,1
2,1.6.0,1.6.0,GCC 14.2,Linux,x86_64,AMD EPYC 9V74 80-Core Processor,dot_direct_sequential,double,1024,contiguous,1,stable,12,0.00084099999999999995,4630844172786283601,4044103d691d3451,40.126874102840368,scalar-reference,9.298117831235686e-16,2.317179705402849e-17,1,1,1,1,1,DirectSequential,Fast,adaptive,native,none,Auto,1,1
2,1.6.0,1.6.0,GCC 14.2,Linux,x86_64,AMD EPYC 9V74 80-Core Processor,dot_direct_sequential,double,1024,contiguous,1,stable,13,0.00085099999999999998,4630844172786283601,4044103d691d3451,40.126874102840368,scalar-reference,9.298117831235686e-16,2.317179705402849e-17,1,1,1,1,1,DirectSequential,Fast,adaptive,native,none,Auto,1,1
2,1.6.0,1.6.0,GCC 14.2,Linux,x86_64,AMD EPYC 9V74 80-Core Processor,dot_direct_sequential,double,1024,contiguous,1,stable,14,0.00085099999999999998,4630844172786283601,4044103d691d3451,40.126874102840368,scalar-reference,9.298117831235686e-16,2.317179705402849e-17,1,1,1,1,1,DirectSequential,Fast,adaptive,native,none,Auto,1,1
2,1.6.0,1.6.0,GCC 14.2,Linux,x86_64,AMD EPYC 9V74 80-Core Processor,dot_direct_sequential,double,1024,contiguous,1,stable,15,0.000852,4630844172786283601,4044103d691d3451,40.126874102840368,scalar-reference,9.298117831235686e-16,2.317179705402849e-17,1,1,1,1,1,DirectSequential,Fast,adaptive,native,none,Auto,1,1
2,1.6.0,1.6.0,GCC 14.2,Linux,x86_64,AMD EPYC 9V74 80-Core Processor,dot_direct_sequential,double,1024,contiguous,1,stable,16,0.000852,4630844172786283601,4044103d691d3451,40.126874102840368,scalar-reference,9.298117831235686e-16,2.317179705402849e-17,1,1,1,1,1,DirectSequential,Fast,adaptive,native,none,Auto,1,1
2,1.6.0,1.6.0,GCC 14.2,Linux,x86_64,AMD EPYC 9V74 80-Core Processor,dot_direct_sequential,double,1024,contiguous,1,stable,17,0.00084199999999999998,4630844172786283601,4044103d691d3451,40.126874102840368,scalar-reference,9.298117831235686e-16,2.317179705402849e-17,1,1,1,1,1,DirectSequential,Fast,adaptive,native,none,Auto,1,1
2,1.6.0,1.6.0,GCC 14.2,Linux,x86_64,AMD EPYC 9V74 80-Core Processor,dot_direct_sequential,double,1024,contiguous,1,stable,18,0.00084199999999999998,4630844172786283601,4044103d691d3451,40.126874102840368,scalar-reference,9.298117831235686e-16,2.317179705402849e-17,1,1,1,1,1,DirectSequential,Fast,adaptive,native,none,Auto,1,1
2,1.6.0,1.6.0,GCC 14.2,Linux,x86_64,AMD EPYC 9V74 80-Core Processor,dot_direct_sequential,double,1024,contiguous,1,stable,19,0.00084099999999999995,4630844172786283601,4044103d691d3451,40.126874102840368,scalar-reference,9.298117831235686e-16,2.317179705402849e-17,1,1,1,1,1,DirectSequential,Fast,adaptive,native,none,Auto,1,1
2,1.6.0,1.6.0,GCC 14.2,Linux,x86_64,AMD EPYC 9V74 80-Core Processor,dot_direct_sequential,double,1024,contiguous,1,stable,20,0.00085099999999999998,4630844172786283601,4044103d691d3451,40.126874102840368,scalar-reference,9.298117831235686e-16,2.317179705402849e-17,1,1,1,1,1,DirectSequential,Fast,adaptive,native,none,Auto,1,1
2,1.6.0,1.6.0,GCC 14.2,Linux,x86_64,AMD EPYC 9V74 80-Core Processor,dot_direct_sequential,double,1024,contiguous,1,stable,21,0.00084099999999999995,4630844172786283601,4044103d691d3451,40.126874102840368,scalar-reference,9.298117831235686e-16,2.317179705402849e-17,1,1,1,1,1,DirectSequential,Fast,adaptive,native,none,Auto,1,1
2,1.6.0,1.6.0,GCC 14.2,Linux,x86_64,AMD EPYC 9V74 80-Core Processor,norm_direct_sequential,double,1024,contiguous,1,first_call,0,0.00087100000000000003,4621059684392777249,40214d4cae1c3621,8.6509756478727251,scalar-reference,9.8237390444566586e-15,1.1355642928982602e-15,1,1,1,1,1,DirectSequential,Fast,adaptive,native,none,Auto,1,1
2,1.6.0,1.6.0,GCC 14.2,Linux,x86_64,AMD EPYC 9V74 80-Core Processor,norm_direct_sequential,double,1024,contiguous,1,stable,1,0.00086200000000000003,4621059684392777249,40214d4cae1c3621,8.6509756478727251,scalar-reference,9.8237390444566586e-15,1.1355642928982602e-15,1,1,1,1,1,DirectSequential,Fast,adaptive,native,none,Auto,1,1
2,1.6.0,1.6.0,GCC 14.2,Linux,x86_64,AMD EPYC 9V74 80-Core Processor,norm_direct_sequential,double,1024,contiguous,1,stable,2,0.00086200000000000003,4621059684392777249,40214d4cae1c3621,8.6509756478727251,scalar-reference,9.8237390444566586e-15,1.1355642928982602e-15,1,1,1,1,1,DirectSequential,Fast,adaptive,native,none,Auto,1,1
2,1.6.0,1.6.0,GCC 14.2,Linux,x86_64,AMD EPYC 9V74 80-Core Processor,norm_direct_sequential,double,1024,contiguous,1,stable,3,0.00085099999999999998,4621059684392777249,40214d4cae1c3621,8.6509756478727251,scalar-reference,9.8237390444566586e-15,1.1355642928982602e-15,1,1,1,1,1,DirectSequential,Fast,adaptive,native,none,Auto,1,1
2,1.6.0,1.6.0,GCC 14.2,Linux,x86_64,AMD EPYC 9V74 80-Core Processor,norm_direct_sequential,double,1024,contiguous,1,stable,4,0.00085099999999999998,4621059684392777249,40214d4cae1c3621,8.6509756478727251,scalar-reference,9.8237390444566586e-15,1.1355642928982602e-15,1,1,1,1,1,DirectSequential,Fast,adaptive,native,none,Auto,1,1
2,1.6.0,1.6.0,GCC 14.2,Linux,x86_64,AMD EPYC 9V74 80-Core Processor,norm_direct_sequential,double,1024,contiguous,1,stable,5,0.00085099999999999998,4621059684392777249,40214d4cae1c3621,8.6509756478727251,scalar-reference,9.8237390444566586e-15,1.1355642928982602e-15,1,1,1,1,1,DirectSequential,Fast,adaptive,native,none,Auto,1,1
2,1.6.0,1.6.0,GCC 14.2,Linux,x86_64,AMD EPYC 9V74 80-Core Processor,norm_direct_sequential,double,1024,contiguous,1,stable,6,0.00085099999999999998,4621059684392777249,40214d4cae1c3621,8.6509756478727251,scalar-reference,9.8237390444566586e-15,1.1355642928982602e-15,1,1,1,1,1,DirectSequential,Fast,adaptive,native,none,Auto,1,1
2,1.6.0,1.6.0,GCC 14.2,Linux,x86_64,AMD EPYC 9V74 80-Core Processor,norm_direct_sequential,double,1024,contiguous,1,stable,7,0.000852,4621059684392777249,40214d4cae1c3621,8.6509756478727251,scalar-reference,9.8237390444566586e-15,1.1355642928982602e-15,1,1,1,1,1,DirectSequential,Fast,adaptive,native,none,Auto,1,1
2,1.6.0,1.6.0,GCC 14.2,Linux,x86_64,AMD EPYC 9V74 80-Core Processor,norm_direct_sequential,double,1024,contiguous,1,stable,8,0.000852,4621059684392777249,40214d4cae1c3621,8.6509756478727251,scalar-reference,9.8237390444566586e-15,1.1355642928982602e-15,1,1,1,1,1,DirectSequential,Fast,adaptive,native,none,Auto,1,1
2,1.6.0,1.6.0,GCC 14.2,Linux,x86_64,AMD EPYC 9V74 80-Core Processor,norm_direct_sequential,double,1024,contiguous,1,stable,9,0.00085099999999999998,4621059684392777249,40214d4cae1c3621,8.6509756478727251,scalar-reference,9.8237390444566586e-15,1.1355642928982602e-15,1,1,1,1,1,DirectSequential,Fast,adaptive,native,none,Auto,1,1
2,1.6.0,1.6.0,GCC 14.2,Linux,x86_64,AMD EPYC 9V74 80-Core Processor,norm_direct_sequential,double,1024,contiguous,1,stable,10,0.00085099999999999998,4621059684392777249,40214d4cae1c3621,8.6509756478727251,scalar-reference,9.8237390444566586e-15,1.1355642928982602e-15,1,1,1,1,1,DirectSequential,Fast,adaptive,native,none,Auto,1,1
2,1.6.0,1.6.0,GCC 14.2,Linux,x86_64,AMD EPYC 9V74 80-Core Processor,norm_direct_sequential,double,1024,contiguous,1,stable,11,0.00085099999999999998,4621059684392777249,40214d4cae1c3621,8.6509756478727251,scalar-reference,9.8237390444566586e-15,1.1355642928982602e-15,1,1,1,1,1,DirectSequential,Fast,adaptive,native,none,Auto,1,1
2,1.6.0,1.6.0,GCC 14.2,Linux,x86_64,AMD EPYC 9V74 80-Core Processor,norm_direct_sequential,double,1024,contiguous,1,stable,12,0.00085099999999999998,4621059684392777249,40214d4cae1c3621,8.6509756478727251,scalar-reference,9.8237390444566586e-15,1.1355642928982602e-15,1,1,1,1,1,DirectSequential,Fast,adaptive,native,none,Auto,1,1
2,1.6.0,1.6.0,GCC 14.2,Linux,x86_64,AMD EPYC 9V74 80-Core Processor,norm_direct_sequential,double,1024,contiguous,1,stable,13,0.000852,4621059684392777249,40214d4cae1c3621,8.6509756478727251,scalar-reference,9.8237390444566586e-15,1.1355642928982602e-15,1,1,1,1,1,DirectSequential,Fast,adaptive,native,none,Auto,1,1
2,1.6.0,1.6.0,GCC 14.2,Linux,x86_64,AMD EPYC 9V74 80-Core Processor,norm_direct_sequential,double,1024,contiguous,1,stable,14,0.000852,4621059684392777249,40214d4cae1c3621,8.6509756478727251,scalar-reference,9.8237390444566586e-15,1.1355642928982602e-15,1,1,1,1,1,DirectSequential,Fast,adaptive,native,none,Auto,1,1
2,1.6.0,1.6.0,GCC 14.2,Linux,x86_64,AMD EPYC 9V74 80-Core Processor,norm_direct_sequential,double,1024,contiguous,1,stable,15,0.000861,4621059684392777249,40214d4cae1c3621,8.6509756478727251,scalar-reference,9.8237390444566586e-15,1.1355642928982602e-15,1,1,1,1,1,DirectSequential,Fast,adaptive,native,none,Auto,1,1
2,1.6.0,1.6.0,GCC 14.2,Linux,x86_64,AMD EPYC 9V74 80-Core Processor,norm_direct_sequential,double,1024,contiguous,1,stable,16,0.00085099999999999998,4621059684392777249,40214d4cae1c3621,8.6509756478727251,scalar-reference,9.8237390444566586e-15,1.1355642928982602e-15,1,1,1,1,1,DirectSequential,Fast,adaptive,native,none,Auto,1,1
2,1.6.0,1.6.0,GCC 14.2,Linux,x86_64,AMD EPYC 9V74 80-Core Processor,norm_direct_sequential,double,1024,contiguous,1,stable,17,0.00085099999999999998,4621059684392777249,40214d4cae1c3621,8.6509756478727251,scalar-reference,9.8237390444566586e-15,1.1355642928982602e-15,1,1,1,1,1,DirectSequential,Fast,adaptive,native,none,Auto,1,1
2,1.6.0,1.6.0,GCC 14.2,Linux,x86_64,AMD EPYC 9V74 80-Core Processor,norm_direct_sequential,double,1024,contiguous,1,stable,18,0.00085099999999999998,4621059684392777249,40214d4cae1c3621,8.6509756478727251,scalar-reference,9.8237390444566586e-15,1.1355642928982602e-15,1,1,1,1,1,DirectSequential,Fast,adaptive,native,none,Auto,1,1
2,1.6.0,1.6.0,GCC 14.2,Linux,x86_64,AMD EPYC 9V74 80-Core Processor,norm_direct_sequential,double,1024,contiguous,1,stable,19,0.00085099999999999998,4621059684392777249,40214d4cae1c3621,8.6509756478727251,scalar-reference,9.8237390444566586e-15,1.1355642928982602e-15,1,1,1,1,1,DirectSequential,Fast,adaptive,native,none,Auto,1,1
2,1.6.0,1.6.0,GCC 14.2,Linux,x86_64,AMD EPYC 9V74 80-Core Processor,norm_direct_sequential,double,1024,contiguous,1,stable,20,0.000852,4621059684392777249,40214d4cae1c3621,8.6509756478727251,scalar-reference,9.8237390444566586e-15,1.1355642928982602e-15,1,1,1,1,1,DirectSequential,Fast,adaptive,native,none,Auto,1,1
2,1.6.0,1.6.0,GCC 14.2,Linux,x86_64,AMD EPYC 9V74 80-Core Processor,norm_direct_sequential,double,1024,contiguous,1,stable,21,0.00085099999999999998,4621059684392777249,40214d4cae1c3621,8.6509756478727251,scalar-reference,9.8237390444566586e-15,1.1355642928982602e-15,1,1,1,1,1,DirectSequential,Fast,adaptive,native,none,Auto,1,1
2,1.6.0,1.6.0,GCC 14.2,Linux,x86_64,AMD EPYC 9V74 80-Core Processor,axpy,double,1024,contiguous,1,first_call,0,0.026099000000000001,4652745190568290448,c91cfc4b9d984a6d,1143.7748803333707,c91cfc4b9d984a6d,0,0,1,1,1,1,1,ThreadPool,Fast,adaptive,native,none,ThreadPool,8,5
2,1.6.0,1.6.0,GCC 14.2,Linux,x86_64,AMD EPYC 9V74 80-Core Processor,axpy,double,1024,contiguous,1,stable,1,0.026939999999999999,4652745190568290448,c91cfc4b9d984a6d,1143.7748803333707,c91cfc4b9d984a6d,0,0,1,1,1,1,1,ThreadPool,Fast,adaptive,native,none,ThreadPool,8,5
2,1.6.0,1.6.0,GCC 14.2,Linux,x86_64,AMD EPYC 9V74 80-Core Processor,axpy,double,1024,contiguous,1,stable,2,0.019939999999999999,4652745190568290448,c91cfc4b9d984a6d,1143.7748803333707,c91cfc4b9d984a6d,0,0,1,1,1,1,1,ThreadPool,Fast,adaptive,native,none,ThreadPool,8,5
2,1.6.0,1.6.0,GCC 14.2,Linux,x86_64,AMD EPYC 9V74 80-Core Processor,axpy,double,1024,contiguous,1,stable,3,0.016334000000000001,4652745190568290448,c91cfc4b9d984a6d,1143.7748803333707,c91cfc4b9d984a6d,0,0,1,1,1,1,1,ThreadPool,Fast,adaptive,native,none,ThreadPool,8,5
2,1.6.0,1.6.0,GCC 14.2,Linux,x86_64,AMD EPYC 9V74 80-Core Processor,axpy,double,1024,contiguous,1,stable,4,0.015803999999999999,4652745190568290448,c91cfc4b9d984a6d,1143.7748803333707,c91cfc4b9d984a6d,0,0,1,1,1,1,1,ThreadPool,Fast,adaptive,native,none,ThreadPool,8,5
2,1.6.0,1.6.0,GCC 14.2,Linux,x86_64,AMD EPYC 9V74 80-Core Processor,axpy,double,1024,contiguous,1,stable,5,0.024646999999999999,4652745190568290448,c91cfc4b9d984a6d,1143.7748803333707,c91cfc4b9d984a6d,0,0,1,1,1,1,1,ThreadPool,Fast,adaptive,native,none,ThreadPool,8,5
2,1.6.0,1.6.0,GCC 14.2,Linux,x86_64,AMD EPYC 9V74 80-Core Processor,axpy,double,1024,contiguous,1,stable,6,0.017014999999999999,4652745190568290448,c91cfc4b9d984a6d,1143.7748803333707,c91cfc4b9d984a6d,0,0,1,1,1,1,1,ThreadPool,Fast,adaptive,native,none,ThreadPool,8,5
2,1.6.0,1.6.0,GCC 14.2,Linux,x86_64,AMD EPYC 9V74 80-Core Processor,axpy,double,1024,contiguous,1,stable,7,0.018096999999999999,4652745190568290448,c91cfc4b9d984a6d,1143.7748803333707,c91cfc4b9d984a6d,0,0,1,1,1,1,1,ThreadPool,Fast,adaptive,native,none,ThreadPool,8,5
2,1.6.0,1.6.0,GCC 14.2,Linux,x86_64,AMD EPYC 9V74 80-Core Processor,axpy,double,1024,contiguous,1,stable,8,0.036124000000000003,4652745190568290448,c91cfc4b9d984a6d,1143.7748803333707,c91cfc4b9d984a6d,0,0,1,1,1,1,1,ThreadPool,Fast,adaptive,native,none,ThreadPool,8,5
2,1.6.0,1.6.0,GCC 14.2,Linux,x86_64,AMD EPYC 9V74 80-Core Processor,axpy,double,1024,contiguous,1,stable,9,0.023625,4652745190568290448,c91cfc4b9d984a6d,1143.7748803333707,c91cfc4b9d984a6d,0,0,1,1,1,1,1,ThreadPool,Fast,adaptive,native,none,ThreadPool,8,5
2,1.6.0,1.6.0,GCC 14.2,Linux,x86_64,AMD EPYC 9V74 80-Core Processor,axpy,double,1024,contiguous,1,stable,10,0.033529999999999997,4652745190568290448,c91cfc4b9d984a6d,1143.7748803333707,c91cfc4b9d984a6d,0,0,1,1,1,1,1,ThreadPool,Fast,adaptive,native,none,ThreadPool,8,5
2,1.6.0,1.6.0,GCC 14.2,Linux,x86_64,AMD EPYC 9V74 80-Core Processor,axpy,double,1024,contiguous,1,stable,11,0.018697999999999999,4652745190568290448,c91cfc4b9d984a6d,1143.7748803333707,c91cfc4b9d984a6d,0,0,1,1,1,1,1,ThreadPool,Fast,adaptive,native,none,ThreadPool,8,5
2,1.6.0,1.6.0,GCC 14.2,Linux,x86_64,AMD EPYC 9V74 80-Core Processor,axpy,double,1024,contiguous,1,stable,12,0.045317000000000003,4652745190568290448,c91cfc4b9d984a6d,1143.7748803333707,c91cfc4b9d984a6d,0,0,1,1,1,1,1,ThreadPool,Fast,adaptive,native,none,ThreadPool,8,5
2,1.6.0,1.6.0,GCC 14.2,Linux,x86_64,AMD EPYC 9V74 80-Core Processor,axpy,double,1024,contiguous,1,stable,13,0.032889000000000002,4652745190568290448,c91cfc4b9d984a6d,1143.7748803333707,c91cfc4b9d984a6d,0,0,1,1,1,1,1,ThreadPool,Fast,adaptive,native,none,ThreadPool,8,5
2,1.6.0,1.6.0,GCC 14.2,Linux,x86_64,AMD EPYC 9V74 80-Core Processor,axpy,double,1024,contiguous,1,stable,14,0.036364,4652745190568290448,c91cfc4b9d984a6d,1143.7748803333707,c91cfc4b9d984a6d,0,0,1,1,1,1,1,ThreadPool,Fast,adaptive,native,none,ThreadPool,8,5
2,1.6.0,1.6.0,GCC 14.2,Linux,x86_64,AMD EPYC 9V74 80-Core Processor,axpy,double,1024,contiguous,1,stable,15,0.019559,4652745190568290448,c91cfc4b9d984a6d,1143.7748803333707,c91cfc4b9d984a6d,0,0,1,1,1,1,1,ThreadPool,Fast,adaptive,native,none,ThreadPool,8,5
2,1.6.0,1.6.0,GCC 14.2,Linux,x86_64,AMD EPYC 9V74 80-Core Processor,axpy,double,1024,contiguous,1,stable,16,0.012919999999999999,4652745190568290448,c91cfc4b9d984a6d,1143.7748803333707,c91cfc4b9d984a6d,0,0,1,1,1,1,1,ThreadPool,Fast,adaptive,native,none,ThreadPool,8,5
2,1.6.0,1.6.0,GCC 14.2,Linux,x86_64,AMD EPYC 9V74 80-Core Processor,axpy,double,1024,contiguous,1,stable,17,0.039799000000000001,4652745190568290448,c91cfc4b9d984a6d,1143.7748803333707,c91cfc4b9d984a6d,0,0,1,1,1,1,1,ThreadPool,Fast,adaptive,native,none,ThreadPool,8,5
2,1.6.0,1.6.0,GCC 14.2,Linux,x86_64,AMD EPYC 9V74 80-Core Processor,axpy,double,1024,contiguous,1,stable,18,0.021061,4652745190568290448,c91cfc4b9d984a6d,1143.7748803333707,c91cfc4b9d984a6d,0,0,1,1,1,1,1,ThreadPool,Fast,adaptive,native,none,ThreadPool,8,5
2,1.6.0,1.6.0,GCC 14.2,Linux,x86_64,AMD EPYC 9V74 80-Core Processor,axpy,double,1024,contiguous,1,stable,19,0.035212,4652745190568290448,c91cfc4b9d984a6d,1143.7748803333707,c91cfc4b9d984a6d,0,0,1,1,1,1,1,ThreadPool,Fast,adaptive,native,none,ThreadPool,8,5
2,1.6.0,1.6.0,GCC 14.2,Linux,x86_64,AMD EPYC 9V74 80-Core Processor,axpy,double,1024,contiguous,1,stable,20,0.025277000000000001,4652745190568290448,c91cfc4b9d984a6d,1143.7748803333707,c91cfc4b9d984a6d,0,0,1,1,1,1,1,ThreadPool,Fast,adaptive,native,none,ThreadPool,8,5
2,1.6.0,1.6.0,GCC 14.2,Linux,x86_64,AMD EPYC 9V74 80-Core Processor,axpy,double,1024,contiguous,1,stable,21,0.042793999999999999,4652745190568290448,c91cfc4b9d984a6d,1143.7748803333707,c91cfc4b9d984a6d,0,0,1,1,1,1,1,ThreadPool,Fast,adaptive,native,none,ThreadPool,8,5
2,1.6.0,1.6.0,GCC 14.2,Linux,x86_64,AMD EPYC 9V74 80-Core Processor,axpy,double,1024,contiguous,1,first_call,0,0.0027239999999999999,4652745190568290448,c91cfc4b9d984a6d,1143.7748803333707,c91cfc4b9d984a6d,0,0,1,1,1,1,1,Sequential,Reproducible,canonical-pointwise,fixed_pointwise_expression,canonical-pointwise-v1-target4096,ThreadPool,8,1
2,1.6.0,1.6.0,GCC 14.2,Linux,x86_64,AMD EPYC 9V74 80-Core Processor,axpy,double,1024,contiguous,1,stable,1,0.001853,4652745190568290448,c91cfc4b9d984a6d,1143.7748803333707,c91cfc4b9d984a6d,0,0,1,1,1,1,1,Sequential,Reproducible,canonical-pointwise,fixed_pointwise_expression,canonical-pointwise-v1-target4096,ThreadPool,8,1
2,1.6.0,1.6.0,GCC 14.2,Linux,x86_64,AMD EPYC 9V74 80-Core Processor,axpy,double,1024,contiguous,1,stable,2,0.001833,4652745190568290448,c91cfc4b9d984a6d,1143.7748803333707,c91cfc4b9d984a6d,0,0,1,1,1,1,1,Sequential,Reproducible,canonical-pointwise,fixed_pointwise_expression,canonical-pointwise-v1-target4096,ThreadPool,8,1
2,1.6.0,1.6.0,GCC 14.2,Linux,x86_64,AMD EPYC 9V74 80-Core Processor,axpy,double,1024,contiguous,1,stable,3,0.001712,4652745190568290448,c91cfc4b9d984a6d,1143.7748803333707,c91cfc4b9d984a6d,0,0,1,1,1,1,1,Sequential,Reproducible,canonical-pointwise,fixed_pointwise_expression,canonical-pointwise-v1-target4096,ThreadPool,8,1
2,1.6.0,1.6.0,GCC 14.2,Linux,x86_64,AMD EPYC 9V74 80-Core Processor,axpy,double,1024,contiguous,1,stable,4,0.0017520000000000001,4652745190568290448,c91cfc4b9d984a6d,1143.7748803333707,c91cfc4b9d984a6d,0,0,1,1,1,1,1,Sequential,Reproducible,canonical-pointwise,fixed_pointwise_expression,canonical-pointwise-v1-target4096,ThreadPool,8,1
2,1.6.0,1.6.0,GCC 14.2,Linux,x86_64,AMD EPYC 9V74 80-Core Processor,axpy,double,1024,contiguous,1,stable,5,0.001753,4652745190568290448,c91cfc4b9d984a6d,1143.7748803333707,c91cfc4b9d984a6d,0,0,1,1,1,1,1,Sequential,Reproducible,canonical-pointwise,fixed_pointwise_expression,canonical-pointwise-v1-target4096,ThreadPool,8,1
2,1.6.0,1.6.0,GCC 14.2,Linux,x86_64,AMD EPYC 9V74 80-Core Processor,axpy,double,1024,contiguous,1,stable,6,0.001732,4652745190568290448,c91cfc4b9d984a6d,1143.7748803333707,c91cfc4b9d984a6d,0,0,1,1,1,1,1,Sequential,Reproducible,canonical-pointwise,fixed_pointwise_expression,canonical-pointwise-v1-target4096,ThreadPool,8,1
2,1.6.0,1.6.0,GCC 14.2,Linux,x86_64,AMD EPYC 9V74 80-Core Processor,axpy,double,1024,contiguous,1,stable,7,0.001743,4652745190568290448,c91cfc4b9d984a6d,1143.7748803333707,c91cfc4b9d984a6d,0,0,1,1,1,1,1,Sequential,Reproducible,canonical-pointwise,fixed_pointwise_expression,canonical-pointwise-v1-target4096,ThreadPool,8,1
2,1.6.0,1.6.0,GCC 14.2,Linux,x86_64,AMD EPYC 9V74 80-Core Processor,axpy,double,1024,contiguous,1,stable,8,0.0017329999999999999,4652745190568290448,c91cfc4b9d984a6d,1143.7748803333707,c91cfc4b9d984a6d,0,0,1,1,1,1,1,Sequential,Reproducible,canonical-pointwise,fixed_pointwise_expression,canonical-pointwise-v1-target4096,ThreadPool,8,1
2,1.6.0,1.6.0,GCC 14.2,Linux,x86_64,AMD EPYC 9V74 80-Core Processor,axpy,double,1024,contiguous,1,stable,9,0.0017619999999999999,4652745190568290448,c91cfc4b9d984a6d,1143.7748803333707,c91cfc4b9d984a6d,0,0,1,1,1,1,1,Sequential,Reproducible,canonical-pointwise,fixed_pointwise_expression,canonical-pointwise-v1-target4096,ThreadPool,8,1
2,1.6.0,1.6.0,GCC 14.2,Linux,x86_64,AMD EPYC 9V74 80-Core Processor,axpy,double,1024,contiguous,1,stable,10,0.001753,4652745190568290448,c91cfc4b9d984a6d,1143.7748803333707,c91cfc4b9d984a6d,0,0,1,1,1,1,1,Sequential,Reproducible,canonical-pointwise,fixed_pointwise_expression,canonical-pointwise-v1-target4096,ThreadPool,8,1
2,1.6.0,1.6.0,GCC 14.2,Linux,x86_64,AMD EPYC 9V74 80-Core Processor,axpy,double,1024,contiguous,1,stable,11,0.001732,4652745190568290448,c91cfc4b9d984a6d,1143.7748803333707,c91cfc4b9d984a6d,0,0,1,1,1,1,1,Sequential,Reproducible,canonical-pointwise,fixed_pointwise_expression,canonical-pointwise-v1-target4096,ThreadPool,8,1
2,1.6.0,1.6.0,GCC 14.2,Linux,x86_64,AMD EPYC 9V74 80-Core Processor,axpy,double,1024,contiguous,1,stable,12,0.001702,4652745190568290448,c91cfc4b9d984a6d,1143.7748803333707,c91cfc4b9d984a6d,0,0,1,1,1,1,1,Sequential,Reproducible,canonical-pointwise,fixed_pointwise_expression,canonical-pointwise-v1-target4096,ThreadPool,8,1
2,1.6.0,1.6.0,GCC 14.2,Linux,x86_64,AMD EPYC 9V74 80-Core Processor,axpy,double,1024,contiguous,1,stable,13,0.001743,4652745190568290448,c91cfc4b9d984a6d,1143.7748803333707,c91cfc4b9d984a6d,0,0,1,1,1,1,1,Sequential,Reproducible,canonical-pointwise,fixed_pointwise_expression,canonical-pointwise-v1-target4096,ThreadPool,8,1
2,1.6.0,1.6.0,GCC 14.2,Linux,x86_64,AMD EPYC 9V74 80-Core Processor,axpy,double,1024,contiguous,1,stable,14,0.001722,4652745190568290448,c91cfc4b9d984a6d,1143.7748803333707,c91cfc4b9d984a6d,0,0,1,1,1,1,1,Sequential,Reproducible,canonical-pointwise,fixed_pointwise_expression,canonical-pointwise-v1-target4096,ThreadPool,8,1
2,1.6.0,1.6.0,GCC 14.2,Linux,x86_64,AMD EPYC 9V74 80-Core Processor,axpy,double,1024,contiguous,1,stable,15,0.001802,4652745190568290448,c91cfc4b9d984a6d,1143.7748803333707,c91cfc4b9d984a6d,0,0,1,1,1,1,1,Sequential,Reproducible,canonical-pointwise,fixed_pointwise_expression,canonical-pointwise-v1-target4096,ThreadPool,8,1
2,1.6.0,1.6.0,GCC 14.2,Linux,x86_64,AMD EPYC 9V74 80-Core Processor,axpy,double,1024,contiguous,1,stable,16,0.001743,4652745190568290448,c91cfc4b9d984a6d,1143.7748803333707,c91cfc4b9d984a6d,0,0,1,1,1,1,1,Sequential,Reproducible,canonical-pointwise,fixed_pointwise_expression,canonical-pointwise-v1-target4096,ThreadPool,8,1
2,1.6.0,1.6.0,GCC 14.2,Linux,x86_64,AMD EPYC 9V74 80-Core Processor,axpy,double,1024,contiguous,1,stable,17,0.001763,4652745190568290448,c91cfc4b9d984a6d,1143.7748803333707,c91cfc4b9d984a6d,0,0,1,1,1,1,1,Sequential,Reproducible,canonical-pointwise,fixed_pointwise_expression,canonical-pointwise-v1-target4096,ThreadPool,8,1
2,1.6.0,1.6.0,GCC 14.2,Linux,x86_64,AMD EPYC 9V74 80-Core Processor,axpy,double,1024,contiguous,1,stable,18,0.0017520000000000001,4652745190568290448,c91cfc4b9d984a6d,1143.7748803333707,c91cfc4b9d984a6d,0,0,1,1,1,1,1,Sequential,Reproducible,canonical-pointwise,fixed_pointwise_expression,canonical-pointwise-v1-target4096,ThreadPool,8,1
2,1.6.0,1.6.0,GCC 14.2,Linux,x86_64,AMD EPYC 9V74 80-Core Processor,axpy,double,1024,contiguous,1,stable,19,0.001743,4652745190568290448,c91cfc4b9d984a6d,1143.7748803333707,c91cfc4b9d984a6d,0,0,1,1,1,1,1,Sequential,Reproducible,canonical-pointwise,fixed_pointwise_expression,canonical-pointwise-v1-target4096,ThreadPool,8,1
2,1.6.0,1.6.0,GCC 14.2,Linux,x86_64,AMD EPYC 9V74 80-Core Processor,axpy,double,1024,contiguous,1,stable,20,0.001712,4652745190568290448,c91cfc4b9d984a6d,1143.7748803333707,c91cfc4b9d984a6d,0,0,1,1,1,1,1,Sequential,Reproducible,canonical-pointwise,fixed_pointwise_expression,canonical-pointwise-v1-target4096,ThreadPool,8,1
2,1.6.0,1.6.0,GCC 14.2,Linux,x86_64,AMD EPYC 9V74 80-Core Processor,axpy,double,1024,contiguous,1,stable,21,0.0017229999999999999,4652745190568290448,c91cfc4b9d984a6d,1143.7748803333707,c91cfc4b9d984a6d,0,0,1,1,1,1,1,Sequential,Reproducible,canonical-pointwise,fixed_pointwise_expression,canonical-pointwise-v1-target4096,ThreadPool,8,1
2,1.6.0,1.6.0,GCC 14.2,Linux,x86_64,AMD EPYC 9V74 80-Core Processor,axpy,double,1024,contiguous,1,first_call,0,0.001732,4652745190568290448,c91cfc4b9d984a6d,1143.7748803333707,c91cfc4b9d984a6d,0,0,1,1,1,1,1,Sequential,Accurate,canonical-pointwise,fixed_pointwise_expression,canonical-pointwise-v1-target4096,ThreadPool,8,1
2,1.6.0,1.6.0,GCC 14.2,Linux,x86_64,AMD EPYC 9V74 80-Core Processor,axpy,double,1024,contiguous,1,stable,1,0.0018129999999999999,4652745190568290448,c91cfc4b9d984a6d,1143.7748803333707,c91cfc4b9d984a6d,0,0,1,1,1,1,1,Sequential,Accurate,canonical-pointwise,fixed_pointwise_expression,canonical-pointwise-v1-target4096,ThreadPool,8,1
2,1.6.0,1.6.0,GCC 14.2,Linux,x86_64,AMD EPYC 9V74 80-Core Processor,axpy,double,1024,contiguous,1,stable,2,0.0017830000000000001,4652745190568290448,c91cfc4b9d984a6d,1143.7748803333707,c91cfc4b9d984a6d,0,0,1,1,1,1,1,Sequential,Accurate,canonical-pointwise,fixed_pointwise_expression,canonical-pointwise-v1-target4096,ThreadPool,8,1
2,1.6.0,1.6.0,GCC 14.2,Linux,x86_64,AMD EPYC 9V74 80-Core Processor,axpy,double,1024,contiguous,1,stable,3,0.001732,4652745190568290448,c91cfc4b9d984a6d,1143.7748803333707,c91cfc4b9d984a6d,0,0,1,1,1,1,1,Sequential,Accurate,canonical-pointwise,fixed_pointwise_expression,canonical-pointwise-v1-target4096,ThreadPool,8,1
2,1.6.0,1.6.0,GCC 14.2,Linux,x86_64,AMD EPYC 9V74 80-Core Processor,axpy,double,1024,contiguous,1,stable,4,0.0017229999999999999,4652745190568290448,c91cfc4b9d984a6d,1143.7748803333707,c91cfc4b9d984a6d,0,0,1,1,1,1,1,Sequential,Accurate,canonical-pointwise,fixed_pointwise_expression,canonical-pointwise-v1-target4096,ThreadPool,8,1
2,1.6.0,1.6.0,GCC 14.2,Linux,x86_64,AMD EPYC 9V74 80-Core Processor,axpy,double,1024,contiguous,1,stable,5,0.001712,4652745190568290448,c91cfc4b9d984a6d,1143.7748803333707,c91cfc4b9d984a6d,0,0,1,1,1,1,1,Sequential,Accurate,canonical-pointwise,fixed_pointwise_expression,canonical-pointwise-v1-target4096,ThreadPool,8,1
2,1.6.0,1.6.0,GCC 14.2,Linux,x86_64,AMD EPYC 9V74 80-Core Processor,axpy,double,1024,contiguous,1,stable,6,0.0017229999999999999,4652745190568290448,c91cfc4b9d984a6d,1143.7748803333707,c91cfc4b9d984a6d,0,0,1,1,1,1,1,Sequential,Accurate,canonical-pointwise,fixed_pointwise_expression,canonical-pointwise-v1-target4096,ThreadPool,8,1
2,1.6.0,1.6.0,GCC 14.2,Linux,x86_64,AMD EPYC 9V74 80-Core Processor,axpy,double,1024,contiguous,1,stable,7,0.0017229999999999999,4652745190568290448,c91cfc4b9d984a6d,1143.7748803333707,c91cfc4b9d984a6d,0,0,1,1,1,1,1,Sequential,Accurate,canonical-pointwise,fixed_pointwise_expression,canonical-pointwise-v1-target4096,ThreadPool,8,1
2,1.6.0,1.6.0,GCC 14.2,Linux,x86_64,AMD EPYC 9V74 80-Core Processor,axpy,double,1024,contiguous,1,stable,8,0.0017329999999999999,4652745190568290448,c91cfc4b9d984a6d,1143.7748803333707,c91cfc4b9d984a6d,0,0,1,1,1,1,1,Sequential,Accurate,canonical-pointwise,fixed_pointwise_expression,canonical-pointwise-v1-target4096,ThreadPool,8,1
2,1.6.0,1.6.0,GCC 14.2,Linux,x86_64,AMD EPYC 9V74 80-Core Processor,axpy,double,1024,contiguous,1,stable,9,0.0017229999999999999,4652745190568290448,c91cfc4b9d984a6d,1143.7748803333707,c91cfc4b9d984a6d,0,0,1,1,1,1,1,Sequential,Accurate,canonical-pointwise,fixed_pointwise_expression,canonical-pointwise-v1-target4096,ThreadPool,8,1
2,1.6.0,1.6.0,GCC 14.2,Linux,x86_64,AMD EPYC 9V74 80-Core Processor,axpy,double,1024,contiguous,1,stable,10,0.001712,4652745190568290448,c91cfc4b9d984a6d,1143.7748803333707,c91cfc4b9d984a6d,0,0,1,1,1,1,1,Sequential,Accurate,canonical-pointwise,fixed_pointwise_expression,canonical-pointwise-v1-target4096,ThreadPool,8,1
2,1.6.0,1.6.0,GCC 14.2,Linux,x86_64,AMD EPYC 9V74 80-Core Processor,axpy,double,1024,contiguous,1,stable,11,0.0017030000000000001,4652745190568290448,c91cfc4b9d984a6d,1143.7748803333707,c91cfc4b9d984a6d,0,0,1,1,1,1,1,Sequential,Accurate,canonical-pointwise,fixed_pointwise_expression,canonical-pointwise-v1-target4096,ThreadPool,8,1
2,1.6.0,1.6.0,GCC 14.2,Linux,x86_64,AMD EPYC 9V74 80-Core Processor,axpy,double,1024,contiguous,1,stable,12,0.0016919999999999999,4652745190568290448,c91cfc4b9d984a6d,1143.7748803333707,c91cfc4b9d984a6d,0,0,1,1,1,1,1,Sequential,Accurate,canonical-pointwise,fixed_pointwise_expression,canonical-pointwise-v1-target4096,ThreadPool,8,1
2,1.6.0,1.6.0,GCC 14.2,Linux,x86_64,AMD EPYC 9V74 80-Core Processor,axpy,double,1024,contiguous,1,stable,13,0.0017030000000000001,4652745190568290448,c91cfc4b9d984a6d,1143.7748803333707,c91cfc4b9d984a6d,0,0,1,1,1,1,1,Sequential,Accurate,canonical-pointwise,fixed_pointwise_expression,canonical-pointwise-v1-target4096,ThreadPool,8,1
2,1.6.0,1.6.0,GCC 14.2,Linux,x86_64,AMD EPYC 9V74 80-Core Processor,axpy,double,1024,contiguous,1,stable,14,0.0016919999999999999,4652745190568290448,c91cfc4b9d984a6d,1143.7748803333707,c91cfc4b9d984a6d,0,0,1,1,1,1,1,Sequential,Accurate,canonical-pointwise,fixed_pointwise_expression,canonical-pointwise-v1-target4096,ThreadPool,8,1
2,1.6.0,1.6.0,GCC 14.2,Linux,x86_64,AMD EPYC 9V74 80-Core Processor,axpy,double,1024,contiguous,1,stable,15,0.0017229999999999999,4652745190568290448,c91cfc4b9d984a6d,1143.7748803333707,c91cfc4b9d984a6d,0,0,1,1,1,1,1,Sequential,Accurate,canonical-pointwise,fixed_pointwise_expression,canonical-pointwise-v1-target4096,ThreadPool,8,1
2,1.6.0,1.6.0,GCC 14.2,Linux,x86_64,AMD EPYC 9V74 80-Core Processor,axpy,double,1024,contiguous,1,stable,16,0.0017520000000000001,4652745190568290448,c91cfc4b9d984a6d,1143.7748803333707,c91cfc4b9d984a6d,0,0,1,1,1,1,1,Sequential,Accurate,canonical-pointwise,fixed_pointwise_expression,canonical-pointwise-v1-target4096,ThreadPool,8,1
2,1.6.0,1.6.0,GCC 14.2,Linux,x86_64,AMD EPYC 9V74 80-Core Processor,axpy,double,1024,contiguous,1,stable,17,0.001753,4652745190568290448,c91cfc4b9d984a6d,1143.7748803333707,c91cfc4b9d984a6d,0,0,1,1,1,1,1,Sequential,Accurate,canonical-pointwise,fixed_pointwise_expression,canonical-pointwise-v1-target4096,ThreadPool,8,1
2,1.6.0,1.6.0,GCC 14.2,Linux,x86_64,AMD EPYC 9V74 80-Core Processor,axpy,double,1024,contiguous,1,stable,18,0.001792,4652745190568290448,c91cfc4b9d984a6d,1143.7748803333707,c91cfc4b9d984a6d,0,0,1,1,1,1,1,Sequential,Accurate,canonical-pointwise,fixed_pointwise_expression,canonical-pointwise-v1-target4096,ThreadPool,8,1
2,1.6.0,1.6.0,GCC 14.2,Linux,x86_64,AMD EPYC 9V74 80-Core Processor,axpy,double,1024,contiguous,1,stable,19,0.001743,4652745190568290448,c91cfc4b9d984a6d,1143.7748803333707,c91cfc4b9d984a6d,0,0,1,1,1,1,1,Sequential,Accurate,canonical-pointwise,fixed_pointwise_expression,canonical-pointwise-v1-target4096,ThreadPool,8,1
2,1.6.0,1.6.0,GCC 14.2,Linux,x86_64,AMD EPYC 9V74 80-Core Processor,axpy,double,1024,contiguous,1,stable,20,0.0017129999999999999,4652745190568290448,c91cfc4b9d984a6d,1143.7748803333707,c91cfc4b9d984a6d,0,0,1,1,1,1,1,Sequential,Accurate,canonical-pointwise,fixed_pointwise_expression,canonical-pointwise-v1-target4096,ThreadPool,8,1
2,1.6.0,1.6.0,GCC 14.2,Linux,x86_64,AMD EPYC 9V74 80-Core Processor,axpy,double,1024,contiguous,1,stable,21,0.001802,4652745190568290448,c91cfc4b9d984a6d,1143.7748803333707,c91cfc4b9d984a6d,0,0,1,1,1,1,1,Sequential,Accurate,canonical-pointwise,fixed_pointwise_expression,canonical-pointwise-v1-target4096,ThreadPool,8,1
2,1.6.0,1.6.0,GCC 14.2,Linux,x86_64,AMD EPYC 9V74 80-Core Processor,axpy_direct_sequential,double,1024,contiguous,1,first_call,0,0.00022000000000000001,4652745190568290448,c91cfc4b9d984a6d,1143.7748803333707,c91cfc4b9d984a6d,0,0,1,1,1,1,1,DirectSequential,Fast,adaptive,native,none,Auto,1,1
2,1.6.0,1.6.0,GCC 14.2,Linux,x86_64,AMD EPYC 9V74 80-Core Processor,axpy_direct_sequential,double,1024,contiguous,1,stable,1,0.00019000000000000001,4652745190568290448,c91cfc4b9d984a6d,1143.7748803333707,c91cfc4b9d984a6d,0,0,1,1,1,1,1,DirectSequential,Fast,adaptive,native,none,Auto,1,1
2,1.6.0,1.6.0,GCC 14.2,Linux,x86_64,AMD EPYC 9V74 80-Core Processor,axpy_direct_sequential,double,1024,contiguous,1,stable,2,0.00025000000000000001,4652745190568290448,c91cfc4b9d984a6d,1143.7748803333707,c91cfc4b9d984a6d,0,0,1,1,1,1,1,DirectSequential,Fast,adaptive,native,none,Auto,1,1
2,1.6.0,1.6.0,GCC 14.2,Linux,x86_64,AMD EPYC 9V74 80-Core Processor,axpy_direct_sequential,double,1024,contiguous,1,stable,3,0.00019000000000000001,4652745190568290448,c91cfc4b9d984a6d,1143.7748803333707,c91cfc4b9d984a6d,0,0,1,1,1,1,1,DirectSequential,Fast,adaptive,native,none,Auto,1,1
2,1.6.0,1.6.0,GCC 14.2,Linux,x86_64,AMD EPYC 9V74 80-Core Processor,axpy_direct_sequential,double,1024,contiguous,1,stable,4,0.00019000000000000001,4652745190568290448,c91cfc4b9d984a6d,1143.7748803333707,c91cfc4b9d984a6d,0,0,1,1,1,1,1,DirectSequential,Fast,adaptive,native,none,Auto,1,1
2,1.6.0,1.6.0,GCC 14.2,Linux,x86_64,AMD EPYC 9V74 80-Core Processor,axpy_direct_sequential,double,1024,contiguous,1,stable,5,0.00019000000000000001,4652745190568290448,c91cfc4b9d984a6d,1143.7748803333707,c91cfc4b9d984a6d,0,0,1,1,1,1,1,DirectSequential,Fast,adaptive,native,none,Auto,1,1
2,1.6.0,1.6.0,GCC 14.2,Linux,x86_64,AMD EPYC 9V74 80-Core Processor,axpy_direct_sequential,double,1024,contiguous,1,stable,6,0.00019000000000000001,4652745190568290448,c91cfc4b9d984a6d,1143.7748803333707,c91cfc4b9d984a6d,0,0,1,1,1,1,1,DirectSequential,Fast,adaptive,native,none,Auto,1,1
2,1.6.0,1.6.0,GCC 14.2,Linux,x86_64,AMD EPYC 9V74 80-Core Processor,axpy_direct_sequential,double,1024,contiguous,1,stable,7,0.00019000000000000001,4652745190568290448,c91cfc4b9d984a6d,1143.7748803333707,c91cfc4b9d984a6d,0,0,1,1,1,1,1,DirectSequential,Fast,adaptive,native,none,Auto,1,1
2,1.6.0,1.6.0,GCC 14.2,Linux,x86_64,AMD EPYC 9V74 80-Core Processor,axpy_direct_sequential,double,1024,contiguous,1,stable,8,0.00019000000000000001,4652745190568290448,c91cfc4b9d984a6d,1143.7748803333707,c91cfc4b9d984a6d,0,0,1,1,1,1,1,DirectSequential,Fast,adaptive,native,none,Auto,1,1
2,1.6.0,1.6.0,GCC 14.2,Linux,x86_64,AMD EPYC 9V74 80-Core Processor,axpy_direct_sequential,double,1024,contiguous,1,stable,9,0.00019000000000000001,4652745190568290448,c91cfc4b9d984a6d,1143.7748803333707,c91cfc4b9d984a6d,0,0,1,1,1,1,1,DirectSequential,Fast,adaptive,native,none,Auto,1,1
2,1.6.0,1.6.0,GCC 14.2,Linux,x86_64,AMD EPYC 9V74 80-Core Processor,axpy_direct_sequential,double,1024,contiguous,1,stable,10,0.00019100000000000001,4652745190568290448,c91cfc4b9d984a6d,1143.7748803333707,c91cfc4b9d984a6d,0,0,1,1,1,1,1,DirectSequential,Fast,adaptive,native,none,Auto,1,1
2,1.6.0,1.6.0,GCC 14.2,Linux,x86_64,AMD EPYC 9V74 80-Core Processor,axpy_direct_sequential,double,1024,contiguous,1,stable,11,0.00019100000000000001,4652745190568290448,c91cfc4b9d984a6d,1143.7748803333707,c91cfc4b9d984a6d,0,0,1,1,1,1,1,DirectSequential,Fast,adaptive,native,none,Auto,1,1
2,1.6.0,1.6.0,GCC 14.2,Linux,x86_64,AMD EPYC 9V74 80-Core Processor,axpy_direct_sequential,double,1024,contiguous,1,stable,12,0.00019100000000000001,4652745190568290448,c91cfc4b9d984a6d,1143.7748803333707,c91cfc4b9d984a6d,0,0,1,1,1,1,1,DirectSequential,Fast,adaptive,native,none,Auto,1,1
2,1.6.0,1.6.0,GCC 14.2,Linux,x86_64,AMD EPYC 9V74 80-Core Processor,axpy_direct_sequential,double,1024,contiguous,1,stable,13,0.00019100000000000001,4652745190568290448,c91cfc4b9d984a6d,1143.7748803333707,c91cfc4b9d984a6d,0,0,1,1,1,1,1,DirectSequential,Fast,adaptive,native,none,Auto,1,1
2,1.6.0,1.6.0,GCC 14.2,Linux,x86_64,AMD EPYC 9V74 80-Core Processor,axpy_direct_sequential,double,1024,contiguous,1,stable,14,0.00019000000000000001,4652745190568290448,c91cfc4b9d984a6d,1143.7748803333707,c91cfc4b9d984a6d,0,0,1,1,1,1,1,DirectSequential,Fast,adaptive,native,none,Auto,1,1
2,1.6.0,1.6.0,GCC 14.2,Linux,x86_64,AMD EPYC 9V74 80-Core Processor,axpy_direct_sequential,double,1024,contiguous,1,stable,15,0.00019000000000000001,4652745190568290448,c91cfc4b9d984a6d,1143.7748803333707,c91cfc4b9d984a6d,0,0,1,1,1,1,1,DirectSequential,Fast,adaptive,native,none,Auto,1,1
2,1.6.0,1.6.0,GCC 14.2,Linux,x86_64,AMD EPYC 9V74 80-Core Processor,axpy_direct_sequential,double,1024,contiguous,1,stable,16,0.00019000000000000001,4652745190568290448,c91cfc4b9d984a6d,1143.7748803333707,c91cfc4b9d984a6d,0,0,1,1,1,1,1,DirectSequential,Fast,adaptive,native,none,Auto,1,1
2,1.6.0,1.6.0,GCC 14.2,Linux,x86_64,AMD EPYC 9V74 80-Core Processor,axpy_direct_sequential,double,1024,contiguous,1,stable,17,0.00019000000000000001,4652745190568290448,c91cfc4b9d984a6d,1143.7748803333707,c91cfc4b9d984a6d,0,0,1,1,1,1,1,DirectSequential,Fast,adaptive,native,none,Auto,1,1
2,1.6.0,1.6.0,GCC 14.2,Linux,x86_64,AMD EPYC 9V74 80-Core Processor,axpy_direct_sequential,double,1024,contiguous,1,stable,18,0.00019000000000000001,4652745190568290448,c91cfc4b9d984a6d,1143.7748803333707,c91cfc4b9d984a6d,0,0,1,1,1,1,1,DirectSequential,Fast,adaptive,native,none,Auto,1,1
2,1.6.0,1.6.0,GCC 14.2,Linux,x86_64,AMD EPYC 9V74 80-Core Processor,axpy_direct_sequential,double,1024,contiguous,1,stable,19,0.00019000000000000001,4652745190568290448,c91cfc4b9d984a6d,1143.7748803333707,c91cfc4b9d984a6d,0,0,1,1,1,1,1,DirectSequential,Fast,adaptive,native,none,Auto,1,1
2,1.6.0,1.6.0,GCC 14.2,Linux,x86_64,AMD EPYC 9V74 80-Core Processor,axpy_direct_sequential,double,1024,contiguous,1,stable,20,0.00019000000000000001,4652745190568290448,c91cfc4b9d984a6d,1143.7748803333707,c91cfc4b9d984a6d,0,0,1,1,1,1,1,DirectSequential,Fast,adaptive,native,none,Auto,1,1
2,1.6.0,1.6.0,GCC 14.2,Linux,x86_64,AMD EPYC 9V74 80-Core Processor,axpy_direct_sequential,double,1024,contiguous,1,stable,21,0.00019000000000000001,4652745190568290448,c91cfc4b9d984a6d,1143.7748803333707,c91cfc4b9d984a6d,0,0,1,1,1,1,1,DirectSequential,Fast,adaptive,native,none,Auto,1,1
2,1.6.0,1.6.0,GCC 14.2,Linux,x86_64,AMD EPYC 9V74 80-Core Processor,sum,double,65536,contiguous,1,first_call,0,0.068081000000000003,4651591538215037804,408dc5dbdb852b6c,952.73235229528836,scalar-reference,3.157862860092564e-12,3.314533040139505e-15,1,1,1,1,1,ThreadPool,Fast,adaptive,native,none,ThreadPool,8,5
2,1.6.0,1.6.0,GCC 14.2,Linux,x86_64,AMD EPYC 9V74 80-Core Processor,sum,double,65536,contiguous,1,stable,1,0.057195000000000003,4651591538215037804,408dc5dbdb852b6c,952.73235229528836,scalar-reference,3.157862860092564e-12,3.314533040139505e-15,1,1,1,1,1,ThreadPool,Fast,adaptive,native,none,ThreadPool,8,5
2,1.6.0,1.6.0,GCC 14.2,Linux,x86_64,AMD EPYC 9V74 80-Core Processor,sum,double,65536,contiguous,1,stable,2,0.085396,4651591538215037804,408dc5dbdb852b6c,952.73235229528836,scalar-reference,3.157862860092564e-12,3.314533040139505e-15,1,1,1,1,1,ThreadPool,Fast,adaptive,native,none,ThreadPool,8,5
2,1.6.0,1.6.0,GCC 14.2,Linux,x86_64,AMD EPYC 9V74 80-Core Processor,sum,double,65536,contiguous,1,stable,3,0.052828,4651591538215037804,408dc5dbdb852b6c,952.73235229528836,scalar-reference,3.157862860092564e-12,3.314533040139505e-15,1,1,1,1,1,ThreadPool,Fast,adaptive,native,none,ThreadPool,8,5
2,1.6.0,1.6.0,GCC 14.2,Linux,x86_64,AMD EPYC 9V74 80-Core Processor,sum,double,65536,contiguous,1,stable,4,0.034481999999999999,4651591538215037804,408dc5dbdb852b6c,952.73235229528836,scalar-reference,3.157862860092564e-12,3.314533040139505e-15,1,1,1,1,1,ThreadPool,Fast,adaptive,native,none,ThreadPool,8,5
2,1.6.0,1.6.0,GCC 14.2,Linux,x86_64,AMD EPYC 9V74 80-Core Processor,sum,double,65536,contiguous,1,stable,5,0.043755000000000002,4651591538215037804,408dc5dbdb852b6c,952.73235229528836,scalar-reference,3.157862860092564e-12,3.314533040139505e-15,1,1,1,1,1,ThreadPool,Fast,adaptive,native,none,ThreadPool,8,5
2,1.6.0,1.6.0,GCC 14.2,Linux,x86_64,AMD EPYC 9V74 80-Core Processor,sum,double,65536,contiguous,1,stable,6,0.039729,4651591538215037804,408dc5dbdb852b6c,952.73235229528836,scalar-reference,3.157862860092564e-12,3.314533040139505e-15,1,1,1,1,1,ThreadPool,Fast,adaptive,native,none,ThreadPool,8,5
2,1.6.0,1.6.0,GCC 14.2,Linux,x86_64,AMD EPYC 9V74 80-Core Processor,sum,double,65536,contiguous,1,stable,7,0.044546000000000002,4651591538215037804,408dc5dbdb852b6c,952.73235229528836,scalar-reference,3.157862860092564e-12,3.314533040139505e-15,1,1,1,1,1,ThreadPool,Fast,adaptive,native,none,ThreadPool,8,5
2,1.6.0,1.6.0,GCC 14.2,Linux,x86_64,AMD EPYC 9V74 80-Core Processor,sum,double,65536,contiguous,1,stable,8,0.039337999999999998,4651591538215037804,408dc5dbdb852b6c,952.73235229528836,scalar-reference,3.157862860092564e-12,3.314533040139505e-15,1,1,1,1,1,ThreadPool,Fast,adaptive,native,none,ThreadPool,8,5
2,1.6.0,1.6.0,GCC 14.2,Linux,x86_64,AMD EPYC 9V74 80-Core Processor,sum,double,65536,contiguous,1,stable,9,0.037225000000000001,4651591538215037804,408dc5dbdb852b6c,952.73235229528836,scalar-reference,3.157862860092564e-12,3.314533040139505e-15,1,1,1,1,1,ThreadPool,Fast,adaptive,native,none,ThreadPool,8,5
2,1.6.0,1.6.0,GCC 14.2,Linux,x86_64,AMD EPYC 9V74 80-Core Processor,sum,double,65536,contiguous,1,stable,10,0.057355000000000003,4651591538215037804,408dc5dbdb852b6c,952.73235229528836,scalar-reference,3.157862860092564e-12,3.314533040139505e-15,1,1,1,1,1,ThreadPool,Fast,adaptive,native,none,ThreadPool,8,5
2,1.6.0,1.6.0,GCC 14.2,Linux,x86_64,AMD EPYC 9V74 80-Core Processor,sum,double,65536,contiguous,1,stable,11,0.067891000000000007,4651591538215037804,408dc5dbdb852b6c,952.73235229528836,scalar-reference,3.157862860092564e-12,3.314533040139505e-15,1,1,1,1,1,ThreadPool,Fast,adaptive,native,none,ThreadPool,8,5
2,1.6.0,1.6.0,GCC 14.2,Linux,x86_64,AMD EPYC 9V74 80-Core Processor,sum,double,65536,contiguous,1,stable,12,0.041491,4651591538215037804,408dc5dbdb852b6c,952.73235229528836,scalar-reference,3.157862860092564e-12,3.314533040139505e-15,1,1,1,1,1,ThreadPool,Fast,adaptive,native,none,ThreadPool,8,5
2,1.6.0,1.6.0,GCC 14.2,Linux,x86_64,AMD EPYC 9V74 80-Core Processor,sum,double,65536,contiguous,1,stable,13,0.053298999999999999,4651591538215037804,408dc5dbdb852b6c,952.73235229528836,scalar-reference,3.157862860092564e-12,3.314533040139505e-15,1,1,1,1,1,ThreadPool,Fast,adaptive,native,none,ThreadPool,8,5
2,1.6.0,1.6.0,GCC 14.2,Linux,x86_64,AMD EPYC 9V74 80-Core Processor,sum,double,65536,contiguous,1,stable,14,0.059929000000000003,4651591538215037804,408dc5dbdb852b6c,952.73235229528836,scalar-reference,3.157862860092564e-12,3.314533040139505e-15,1,1,1,1,1,ThreadPool,Fast,adaptive,native,none,ThreadPool,8,5
2,1.6.0,1.6.0,GCC 14.2,Linux,x86_64,AMD EPYC 9V74 80-Core Processor,sum,double,65536,contiguous,1,stable,15,0.043595000000000002,4651591538215037804,408dc5dbdb852b6c,952.73235229528836,scalar-reference,3.157862860092564e-12,3.314533040139505e-15,1,1,1,1,1,ThreadPool,Fast,adaptive,native,none,ThreadPool,8,5
2,1.6.0,1.6.0,GCC 14.2,Linux,x86_64,AMD EPYC 9V74 80-Core Processor,sum,double,65536,contiguous,1,stable,16,0.047920999999999998,4651591538215037804,408dc5dbdb852b6c,952.73235229528836,scalar-reference,3.157862860092564e-12,3.314533040139505e-15,1,1,1,1,1,ThreadPool,Fast,adaptive,native,none,ThreadPool,8,5
2,1.6.0,1.6.0,GCC 14.2,Linux,x86_64,AMD EPYC 9V74 80-Core Processor,sum,double,65536,contiguous,1,stable,17,0.050054000000000001,4651591538215037804,408dc5dbdb852b6c,952.73235229528836,scalar-reference,3.157862860092564e-12,3.314533040139505e-15,1,1,1,1,1,ThreadPool,Fast,adaptive,native,none,ThreadPool,8,5
2,1.6.0,1.6.0,GCC 14.2,Linux,x86_64,AMD EPYC 9V74 80-Core Processor,sum,double,65536,contiguous,1,stable,18,0.044275000000000002,4651591538215037804,408dc5dbdb852b6c,952.73235229528836,scalar-reference,3.157862860092564e-12,3.314533040139505e-15,1,1,1,1,1,ThreadPool,Fast,adaptive,native,none,ThreadPool,8,5
2,1.6.0,1.6.0,GCC 14.2,Linux,x86_64,AMD EPYC 9V74 80-Core Processor,sum,double,65536,contiguous,1,stable,19,0.049713,4651591538215037804,408dc5dbdb852b6c,952.73235229528836,scalar-reference,3.157862860092564e-12,3.314533040139505e-15,1,1,1,1,1,ThreadPool,Fast,adaptive,native,none,ThreadPool,8,5
2,1.6.0,1.6.0,GCC 14.2,Linux,x86_64,AMD EPYC 9V74 80-Core Processor,sum,double,65536,contiguous,1,stable,20,0.052457999999999998,4651591538215037804,408dc5dbdb852b6c,952.73235229528836,scalar-reference,3.157862860092564e-12,3.314533040139505e-15,1,1,1,1,1,ThreadPool,Fast,adaptive,native,none,ThreadPool,8,5
2,1.6.0,1.6.0,GCC 14.2,Linux,x86_64,AMD EPYC 9V74 80-Core Processor,sum,double,65536,contiguous,1,stable,21,0.045567000000000003,4651591538215037804,408dc5dbdb852b6c,952.73235229528836,scalar-reference,3.157862860092564e-12,3.314533040139505e-15,1,1,1,1,1,ThreadPool,Fast,adaptive,native,none,ThreadPool,8,5
2,1.6.0,1.6.0,GCC 14.2,Linux,x86_64,AMD EPYC 9V74 80-Core Processor,dot,double,65536,contiguous,1,first_call,0,0.038668000000000001,4664820074113941794,40bcc52462ac4122,7365.1421306284883,scalar-reference,3.4017233474514796e-12,4.6186798395989687e-16,1,1,1,1,1,ThreadPool,Fast,adaptive,native,none,ThreadPool,8,5
2,1.6.0,1.6.0,GCC 14.2,Linux,x86_64,AMD EPYC 9V74 80-Core Processor,dot,double,65536,contiguous,1,stable,1,0.043594000000000001,4664820074113941794,40bcc52462ac4122,7365.1421306284883,scalar-reference,3.4017233474514796e-12,4.6186798395989687e-16,1,1,1,1,1,ThreadPool,Fast,adaptive,native,none,ThreadPool,8,5
2,1.6.0,1.6.0,GCC 14.2,Linux,x86_64,AMD EPYC 9V74 80-Core Processor,dot,double,65536,contiguous,1,stable,2,0.038487,4664820074113941794,40bcc52462ac4122,7365.1421306284883,scalar-reference,3.4017233474514796e-12,4.6186798395989687e-16,1,1,1,1,1,ThreadPool,Fast,adaptive,native,none,ThreadPool,8,5
2,1.6.0,1.6.0,GCC 14.2,Linux,x86_64,AMD EPYC 9V74 80-Core Processor,dot,double,65536,contiguous,1,stable,3,0.044685999999999997,4664820074113941794,40bcc52462ac4122,7365.1421306284883,scalar-reference,3.4017233474514796e-12,4.6186798395989687e-16,1,1,1,1,1,ThreadPool,Fast,adaptive,native,none,ThreadPool,8,5
2,1.6.0,1.6.0,GCC 14.2,Linux,x86_64,AMD EPYC 9V74 80-Core Processor,dot,double,65536,contiguous,1,stable,4,0.039298,4664820074113941794,40bcc52462ac4122,7365.1421306284883,scalar-reference,3.4017233474514796e-12,4.6186798395989687e-16,1,1,1,1,1,ThreadPool,Fast,adaptive,native,none,ThreadPool,8,5
2,1.6.0,1.6.0,GCC 14.2,Linux,x86_64,AMD EPYC 9V74 80-Core Processor,dot,double,65536,contiguous,1,stable,5,0.070384000000000002,4664820074113941794,40bcc52462ac4122,7365.1421306284883,scalar-reference,3.4017233474514796e-12,4.6186798395989687e-16,1,1,1,1,1,ThreadPool,Fast,adaptive,native,none,ThreadPool,8,5
2,1.6.0,1.6.0,GCC 14.2,Linux,x86_64,AMD EPYC 9V74 80-Core Processor,dot,double,65536,contiguous,1,stable,6,0.034021000000000003,4664820074113941794,40bcc52462ac4122,7365.1421306284883,scalar-reference,3.4017233474514796e-12,4.6186798395989687e-16,1,1,1,1,1,ThreadPool,Fast,adaptive,native,none,ThreadPool,8,5
2,1.6.0,1.6.0,GCC 14.2,Linux,x86_64,AMD EPYC 9V74 80-Core Processor,dot,double,65536,contiguous,1,stable,7,0.039488000000000002,4664820074113941794,40bcc52462ac4122,7365.1421306284883,scalar-reference,3.4017233474514796e-12,4.6186798395989687e-16,1,1,1,1,1,ThreadPool,Fast,adaptive,native,none,ThreadPool,8,5
2,1.6.0,1.6.0,GCC 14.2,Linux,x86_64,AMD EPYC 9V74 80-Core Processor,dot,double,65536,contiguous,1,stable,8,0.042382999999999997,4664820074113941794,40bcc52462ac4122,7365.1421306284883,scalar-reference,3.4017233474514796e-12,4.6186798395989687e-16,1,1,1,1,1,ThreadPool,Fast,adaptive,native,none,ThreadPool,8,5
2,1.6.0,1.6.0,GCC 14.2,Linux,x86_64,AMD EPYC 9V74 80-Core Processor,dot,double,65536,contiguous,1,stable,9,0.042042000000000003,4664820074113941794,40bcc52462ac4122,7365.1421306284883,scalar-reference,3.4017233474514796e-12,4.6186798395989687e-16,1,1,1,1,1,ThreadPool,Fast,adaptive,native,none,ThreadPool,8,5
2,1.6.0,1.6.0,GCC 14.2,Linux,x86_64,AMD EPYC 9V74 80-Core Processor,dot,double,65536,contiguous,1,stable,10,0.039389,4664820074113941794,40bcc52462ac4122,7365.1421306284883,scalar-reference,3.4017233474514796e-12,4.6186798395989687e-16,1,1,1,1,1,ThreadPool,Fast,adaptive,native,none,ThreadPool,8,5
2,1.6.0,1.6.0,GCC 14.2,Linux,x86_64,AMD EPYC 9V74 80-Core Processor,dot,double,65536,contiguous,1,stable,11,0.048321000000000003,4664820074113941794,40bcc52462ac4122,7365.1421306284883,scalar-reference,3.4017233474514796e-12,4.6186798395989687e-16,1,1,1,1,1,ThreadPool,Fast,adaptive,native,none,ThreadPool,8,5
2,1.6.0,1.6.0,GCC 14.2,Linux,x86_64,AMD EPYC 9V74 80-Core Processor,dot,double,65536,contiguous,1,stable,12,0.044276000000000003,4664820074113941794,40bcc52462ac4122,7365.1421306284883,scalar-reference,3.4017233474514796e-12,4.6186798395989687e-16,1,1,1,1,1,ThreadPool,Fast,adaptive,native,none,ThreadPool,8,5
2,1.6.0,1.6.0,GCC 14.2,Linux,x86_64,AMD EPYC 9V74 80-Core Processor,dot,double,65536,contiguous,1,stable,13,0.04691,4664820074113941794,40bcc52462ac4122,7365.1421306284883,scalar-reference,3.4017233474514796e-12,4.6186798395989687e-16,1,1,1,1,1,ThreadPool,Fast,adaptive,native,none,ThreadPool,8,5
2,1.6.0,1.6.0,GCC 14.2,Linux,x86_64,AMD EPYC 9V74 80-Core Processor,dot,double,65536,contiguous,1,stable,14,0.050555000000000003,4664820074113941794,40bcc52462ac4122,7365.1421306284883,scalar-reference,3.4017233474514796e-12,4.6186798395989687e-16,1,1,1,1,1,ThreadPool,Fast,adaptive,native,none,ThreadPool,8,5
2,1.6.0,1.6.0,GCC 14.2,Linux,x86_64,AMD EPYC 9V74 80-Core Processor,dot,double,65536,contiguous,1,stable,15,0.048723000000000002,4664820074113941794,40bcc52462ac4122,7365.1421306284883,scalar-reference,3.4017233474514796e-12,4.6186798395989687e-16,1,1,1,1,1,ThreadPool,Fast,adaptive,native,none,ThreadPool,8,5
2,1.6.0,1.6.0,GCC 14.2,Linux,x86_64,AMD EPYC 9V74 80-Core Processor,dot,double,65536,contiguous,1,stable,16,0.047390000000000002,4664820074113941794,40bcc52462ac4122,7365.1421306284883,scalar-reference,3.4017233474514796e-12,4.6186798395989687e-16,1,1,1,1,1,ThreadPool,Fast,adaptive,native,none,ThreadPool,8,5
2,1.6.0,1.6.0,GCC 14.2,Linux,x86_64,AMD EPYC 9V74 80-Core Processor,dot,double,65536,contiguous,1,stable,17,0.051747000000000001,4664820074113941794,40bcc52462ac4122,7365.1421306284883,scalar-reference,3.4017233474514796e-12,4.6186798395989687e-16,1,1,1,1,1,ThreadPool,Fast,adaptive,native,none,ThreadPool,8,5
2,1.6.0,1.6.0,GCC 14.2,Linux,x86_64,AMD EPYC 9V74 80-Core Processor,dot,double,65536,contiguous,1,stable,18,0.061691000000000003,4664820074113941794,40bcc52462ac4122,7365.1421306284883,scalar-reference,3.4017233474514796e-12,4.6186798395989687e-16,1,1,1,1,1,ThreadPool,Fast,adaptive,native,none,ThreadPool,8,5
2,1.6.0,1.6.0,GCC 14.2,Linux,x86_64,AMD EPYC 9V74 80-Core Processor,dot,double,65536,contiguous,1,stable,19,0.04752,4664820074113941794,40bcc52462ac4122,7365.1421306284883,scalar-reference,3.4017233474514796e-12,4.6186798395989687e-16,1,1,1,1,1,ThreadPool,Fast,adaptive,native,none,ThreadPool,8,5
2,1.6.0,1.6.0,GCC 14.2,Linux,x86_64,AMD EPYC 9V74 80-Core Processor,dot,double,65536,contiguous,1,stable,20,0.042193000000000001,4664820074113941794,40bcc52462ac4122,7365.1421306284883,scalar-reference,3.4017233474514796e-12,4.6186798395989687e-16,1,1,1,1,1,ThreadPool,Fast,adaptive,native,none,ThreadPool,8,5
2,1.6.0,1.6.0,GCC 14.2,Linux,x86_64,AMD EPYC 9V74 80-Core Processor,dot,double,65536,contiguous,1,stable,21,0.049394,4664820074113941794,40bcc52462ac4122,7365.1421306284883,scalar-reference,3.4017233474514796e-12,4.6186798395989687e-16,1,1,1,1,1,ThreadPool,Fast,adaptive,native,none,ThreadPool,8,5
2,1.6.0,1.6.0,GCC 14.2,Linux,x86_64,AMD EPYC 9V74 80-Core Processor,norm,double,65536,contiguous,1,first_call,0,0.071326000000000001,4636148783516150633,4056e8c15756eb69,91.636800608522819,scalar-reference,2.2801205368239152e-14,2.4882149111302007e-16,1,1,1,1,1,ThreadPool,Fast,adaptive,native,none,ThreadPool,8,5
2,1.6.0,1.6.0,GCC 14.2,Linux,x86_64,AMD EPYC 9V74 80-Core Processor,norm,double,65536,contiguous,1,stable,1,0.049443000000000001,4636148783516150633,4056e8c15756eb69,91.636800608522819,scalar-reference,2.2801205368239152e-14,2.4882149111302007e-16,1,1,1,1,1,ThreadPool,Fast,adaptive,native,none,ThreadPool,8,5
2,1.6.0,1.6.0,GCC 14.2,Linux,x86_64,AMD EPYC 9V74 80-Core Processor,norm,double,65536,contiguous,1,stable,2,0.038287000000000002,4636148783516150633,4056e8c15756eb69,91.636800608522819,scalar-reference,2.2801205368239152e-14,2.4882149111302007e-16,1,1,1,1,1,ThreadPool,Fast,adaptive,native,none,ThreadPool,8,5
2,1.6.0,1.6.0,GCC 14.2,Linux,x86_64,AMD EPYC 9V74 80-Core Processor,norm,double,65536,contiguous,1,stable,3,0.037315000000000001,4636148783516150633,4056e8c15756eb69,91.636800608522819,scalar-reference,2.2801205368239152e-14,2.4882149111302007e-16,1,1,1,1,1,ThreadPool,Fast,adaptive,native,none,ThreadPool,8,5
2,1.6.0,1.6.0,GCC 14.2,Linux,x86_64,AMD EPYC 9V74 80-Core Processor,norm,double,65536,contiguous,1,stable,4,0.051186000000000002,4636148783516150633,4056e8c15756eb69,91.636800608522819,scalar-reference,2.2801205368239152e-14,2.4882149111302007e-16,1,1,1,1,1,ThreadPool,Fast,adaptive,native,none,ThreadPool,8,5
2,1.6.0,1.6.0,GCC 14.2,Linux,x86_64,AMD EPYC 9V74 80-Core Processor,norm,double,65536,contiguous,1,stable,5,0.048862999999999997,4636148783516150633,4056e8c15756eb69,91.636800608522819,scalar-reference,2.2801205368239152e-14,2.4882149111302007e-16,1,1,1,1,1,ThreadPool,Fast,adaptive,native,none,ThreadPool,8,5
2,1.6.0,1.6.0,GCC 14.2,Linux,x86_64,AMD EPYC 9V74 80-Core Processor,norm,double,65536,contiguous,1,stable,6,0.066758999999999999,4636148783516150633,4056e8c15756eb69,91.636800608522819,scalar-reference,2.2801205368239152e-14,2.4882149111302007e-16,1,1,1,1,1,ThreadPool,Fast,adaptive,native,none,ThreadPool,8,5
2,1.6.0,1.6.0,GCC 14.2,Linux,x86_64,AMD EPYC 9V74 80-Core Processor,norm,double,65536,contiguous,1,stable,7,0.043464000000000003,4636148783516150633,4056e8c15756eb69,91.636800608522819,scalar-reference,2.2801205368239152e-14,2.4882149111302007e-16,1,1,1,1,1,ThreadPool,Fast,adaptive,native,none,ThreadPool,8,5
2,1.6.0,1.6.0,GCC 14.2,Linux,x86_64,AMD EPYC 9V74 80-Core Processor,norm,double,65536,contiguous,1,stable,8,0.054400999999999998,4636148783516150633,4056e8c15756eb69,91.636800608522819,scalar-reference,2.2801205368239152e-14,2.4882149111302007e-16,1,1,1,1,1,ThreadPool,Fast,adaptive,native,none,ThreadPool,8,5
2,1.6.0,1.6.0,GCC 14.2,Linux,x86_64,AMD EPYC 9V74 80-Core Processor,norm,double,65536,contiguous,1,stable,9,0.039948999999999998,4636148783516150633,4056e8c15756eb69,91.636800608522819,scalar-reference,2.2801205368239152e-14,2.4882149111302007e-16,1,1,1,1,1,ThreadPool,Fast,adaptive,native,none,ThreadPool,8,5
2,1.6.0,1.6.0,GCC 14.2,Linux,x86_64,AMD EPYC 9V74 80-Core Processor,norm,double,65536,contiguous,1,stable,10,0.16020799999999999,4636148783516150633,4056e8c15756eb69,91.636800608522819,scalar-reference,2.2801205368239152e-14,2.4882149111302007e-16,1,1,1,1,1,ThreadPool,Fast,adaptive,native,none,ThreadPool,8,5
2,1.6.0,1.6.0,GCC 14.2,Linux,x86_64,AMD EPYC 9V74 80-Core Processor,norm,double,65536,contiguous,1,stable,11,0.054231000000000001,4636148783516150633,4056e8c15756eb69,91.636800608522819,scalar-reference,2.2801205368239152e-14,2.4882149111302007e-16,1,1,1,1,1,ThreadPool,Fast,adaptive,native,none,ThreadPool,8,5
2,1.6.0,1.6.0,GCC 14.2,Linux,x86_64,AMD EPYC 9V74 80-Core Processor,norm,double,65536,contiguous,1,stable,12,0.045797999999999998,4636148783516150633,4056e8c15756eb69,91.636800608522819,scalar-reference,2.2801205368239152e-14,2.4882149111302007e-16,1,1,1,1,1,ThreadPool,Fast,adaptive,native,none,ThreadPool,8,5
2,1.6.0,1.6.0,GCC 14.2,Linux,x86_64,AMD EPYC 9V74 80-Core Processor,norm,double,65536,contiguous,1,stable,13,0.045616999999999998,4636148783516150633,4056e8c15756eb69,91.636800608522819,scalar-reference,2.2801205368239152e-14,2.4882149111302007e-16,1,1,1,1,1,ThreadPool,Fast,adaptive,native,none,ThreadPool,8,5
2,1.6.0,1.6.0,GCC 14.2,Linux,x86_64,AMD EPYC 9V74 80-Core Processor,norm,double,65536,contiguous,1,stable,14,0.047620999999999997,4636148783516150633,4056e8c15756eb69,91.636800608522819,scalar-reference,2.2801205368239152e-14,2.4882149111302007e-16,1,1,1,1,1,ThreadPool,Fast,adaptive,native,none,ThreadPool,8,5
2,1.6.0,1.6.0,GCC 14.2,Linux,x86_64,AMD EPYC 9V74 80-Core Processor,norm,double,65536,contiguous,1,stable,15,0.045977999999999998,4636148783516150633,4056e8c15756eb69,91.636800608522819,scalar-reference,2.2801205368239152e-14,2.4882149111302007e-16,1,1,1,1,1,ThreadPool,Fast,adaptive,native,none,ThreadPool,8,5
2,1.6.0,1.6.0,GCC 14.2,Linux,x86_64,AMD EPYC 9V74 80-Core Processor,norm,double,65536,contiguous,1,stable,16,0.076674000000000006,4636148783516150633,4056e8c15756eb69,91.636800608522819,scalar-reference,2.2801205368239152e-14,2.4882149111302007e-16,1,1,1,1,1,ThreadPool,Fast,adaptive,native,none,ThreadPool,8,5
2,1.6.0,1.6.0,GCC 14.2,Linux,x86_64,AMD EPYC 9V74 80-Core Processor,norm,double,65536,contiguous,1,stable,17,0.069532999999999998,4636148783516150633,4056e8c15756eb69,91.636800608522819,scalar-reference,2.2801205368239152e-14,2.4882149111302007e-16,1,1,1,1,1,ThreadPool,Fast,adaptive,native,none,ThreadPool,8,5
2,1.6.0,1.6.0,GCC 14.2,Linux,x86_64,AMD EPYC 9V74 80-Core Processor,norm,double,65536,contiguous,1,stable,18,0.045989000000000002,4636148783516150633,4056e8c15756eb69,91.636800608522819,scalar-reference,2.2801205368239152e-14,2.4882149111302007e-16,1,1,1,1,1,ThreadPool,Fast,adaptive,native,none,ThreadPool,8,5
2,1.6.0,1.6.0,GCC 14.2,Linux,x86_64,AMD EPYC 9V74 80-Core Processor,norm,double,65536,contiguous,1,stable,19,0.077123999999999998,4636148783516150633,4056e8c15756eb69,91.636800608522819,scalar-reference,2.2801205368239152e-14,2.4882149111302007e-16,1,1,1,1,1,ThreadPool,Fast,adaptive,native,none,ThreadPool,8,5
2,1.6.0,1.6.0,GCC 14.2,Linux,x86_64,AMD EPYC 9V74 80-Core Processor,norm,double,65536,contiguous,1,stable,20,0.039188000000000001,4636148783516150633,4056e8c15756eb69,91.636800608522819,scalar-reference,2.2801205368239152e-14,2.4882149111302007e-16,1,1,1,1,1,ThreadPool,Fast,adaptive,native,none,ThreadPool,8,5
2,1.6.0,1.6.0,GCC 14.2,Linux,x86_64,AMD EPYC 9V74 80-Core Processor,norm,double,65536,contiguous,1,stable,21,0.045988000000000001,4636148783516150633,4056e8c15756eb69,91.636800608522819,scalar-reference,2.2801205368239152e-14,2.4882149111302007e-16,1,1,1,1,1,ThreadPool,Fast,adaptive,native,none,ThreadPool,8,5
2,1.6.0,1.6.0,GCC 14.2,Linux,x86_64,AMD EPYC 9V74 80-Core Processor,sum,double,65536,contiguous,1,first_call,0,0.079367999999999994,4651591538215037814,408dc5dbdb852b76,952.73235229528836,scalar-reference,4.2947312373087243e-12,4.5078045549329914e-15,1,1,1,1,1,ThreadPool,Reproducible,canonical-reduction,pairwise,canonical-pairwise-v1-leaf1024,ThreadPool,8,5
2,1.6.0,1.6.0,GCC 14.2,Linux,x86_64,AMD EPYC 9V74 80-Core Processor,sum,double,65536,contiguous,1,stable,1,0.038116999999999998,4651591538215037814,408dc5dbdb852b76,952.73235229528836,scalar-reference,4.2947312373087243e-12,4.5078045549329914e-15,1,1,1,1,1,ThreadPool,Reproducible,canonical-reduction,pairwise,canonical-pairwise-v1-leaf1024,ThreadPool,8,5
2,1.6.0,1.6.0,GCC 14.2,Linux,x86_64,AMD EPYC 9V74 80-Core Processor,sum,double,65536,contiguous,1,stable,2,0.044374999999999998,4651591538215037814,408dc5dbdb852b76,952.73235229528836,scalar-reference,4.2947312373087243e-12,4.5078045549329914e-15,1,1,1,1,1,ThreadPool,Reproducible,canonical-reduction,pairwise,canonical-pairwise-v1-leaf1024,ThreadPool,8,5
2,1.6.0,1.6.0,GCC 14.2,Linux,x86_64,AMD EPYC 9V74 80-Core Processor,sum,double,65536,contiguous,1,stable,3,0.054961000000000003,4651591538215037814,408dc5dbdb852b76,952.73235229528836,scalar-reference,4.2947312373087243e-12,4.5078045549329914e-15,1,1,1,1,1,ThreadPool,Reproducible,canonical-reduction,pairwise,canonical-pairwise-v1-leaf1024,ThreadPool,8,5
2,1.6.0,1.6.0,GCC 14.2,Linux,x86_64,AMD EPYC 9V74 80-Core Processor,sum,double,65536,contiguous,1,stable,4,0.078046000000000004,4651591538215037814,408dc5dbdb852b76,952.73235229528836,scalar-reference,4.2947312373087243e-12,4.5078045549329914e-15,1,1,1,1,1,ThreadPool,Reproducible,canonical-reduction,pairwise,canonical-pairwise-v1-leaf1024,ThreadPool,8,5
2,1.6.0,1.6.0,GCC 14.2,Linux,x86_64,AMD EPYC 9V74 80-Core Processor,sum,double,65536,contiguous,1,stable,5,0.050595000000000001,4651591538215037814,408dc5dbdb852b76,952.73235229528836,scalar-reference,4.2947312373087243e-12,4.5078045549329914e-15,1,1,1,1,1,ThreadPool,Reproducible,canonical-reduction,pairwise,canonical-pairwise-v1-leaf1024,ThreadPool,8,5
2,1.6.0,1.6.0,GCC 14.2,Linux,x86_64,AMD EPYC 9V74 80-Core Processor,sum,double,65536,contiguous,1,stable,6,0.042824000000000001,4651591538215037814,408dc5dbdb852b76,952.73235229528836,scalar-reference,4.2947312373087243e-12,4.5078045549329914e-15,1,1,1,1,1,ThreadPool,Reproducible,canonical-reduction,pairwise,canonical-pairwise-v1-leaf1024,ThreadPool,8,5
2,1.6.0,1.6.0,GCC 14.2,Linux,x86_64,AMD EPYC 9V74 80-Core Processor,sum,double,65536,contiguous,1,stable,7,0.043484000000000002,4651591538215037814,408dc5dbdb852b76,952.73235229528836,scalar-reference,4.2947312373087243e-12,4.5078045549329914e-15,1,1,1,1,1,ThreadPool,Reproducible,canonical-reduction,pairwise,canonical-pairwise-v1-leaf1024,ThreadPool,8,5
2,1.6.0,1.6.0,GCC 14.2,Linux,x86_64,AMD EPYC 9V74 80-Core Processor,sum,double,65536,contiguous,1,stable,8,0.047559999999999998,4651591538215037814,408dc5dbdb852b76,952.73235229528836,scalar-reference,4.2947312373087243e-12,4.5078045549329914e-15,1,1,1,1,1,ThreadPool,Reproducible,canonical-reduction,pairwise,canonical-pairwise-v1-leaf1024,ThreadPool,8,5
2,1.6.0,1.6.0,GCC 14.2,Linux,x86_64,AMD EPYC 9V74 80-Core Processor,sum,double,65536,contiguous,1,stable,9,0.043153999999999998,4651591538215037814,408dc5dbdb852b76,952.73235229528836,scalar-reference,4.2947312373087243e-12,4.5078045549329914e-15,1,1,1,1,1,ThreadPool,Reproducible,canonical-reduction,pairwise,canonical-pairwise-v1-leaf1024,ThreadPool,8,5
2,1.6.0,1.6.0,GCC 14.2,Linux,x86_64,AMD EPYC 9V74 80-Core Processor,sum,double,65536,contiguous,1,stable,10,0.075672000000000003,4651591538215037814,408dc5dbdb852b76,952.73235229528836,scalar-reference,4.2947312373087243e-12,4.5078045549329914e-15,1,1,1,1,1,ThreadPool,Reproducible,canonical-reduction,pairwise,canonical-pairwise-v1-leaf1024,ThreadPool,8,5
2,1.6.0,1.6.0,GCC 14.2,Linux,x86_64,AMD EPYC 9V74 80-Core Processor,sum,double,65536,contiguous,1,stable,11,0.035321999999999999,4651591538215037814,408dc5dbdb852b76,952.73235229528836,scalar-reference,4.2947312373087243e-12,4.5078045549329914e-15,1,1,1,1,1,ThreadPool,Reproducible,canonical-reduction,pairwise,canonical-pairwise-v1-leaf1024,ThreadPool,8,5
2,1.6.0,1.6.0,GCC 14.2,Linux,x86_64,AMD EPYC 9V74 80-Core Processor,sum,double,65536,contiguous,1,stable,12,0.044696,4651591538215037814,408dc5dbdb852b76,952.73235229528836,scalar-reference,4.2947312373087243e-12,4.5078045549329914e-15,1,1,1,1,1,ThreadPool,Reproducible,canonical-reduction,pairwise,canonical-pairwise-v1-leaf1024,ThreadPool,8,5
2,1.6.0,1.6.0,GCC 14.2,Linux,x86_64,AMD EPYC 9V74 80-Core Processor,sum,double,65536,contiguous,1,stable,13,0.043795000000000001,4651591538215037814,408dc5dbdb852b76,952.73235229528836,scalar-reference,4.2947312373087243e-12,4.5078045549329914e-15,1,1,1,1,1,ThreadPool,Reproducible,canonical-reduction,pairwise,canonical-pairwise-v1-leaf1024,ThreadPool,8,5
2,1.6.0,1.6.0,GCC 14.2,Linux,x86_64,AMD EPYC 9V74 80-Core Processor,sum,double,65536,contiguous,1,stable,14,0.041931999999999997,4651591538215037814,408dc5dbdb852b76,952.73235229528836,scalar-reference,4.2947312373087243e-12,4.5078045549329914e-15,1,1,1,1,1,ThreadPool,Reproducible,canonical-reduction,pairwise,canonical-pairwise-v1-leaf1024,ThreadPool,8,5
2,1.6.0,1.6.0,GCC 14.2,Linux,x86_64,AMD EPYC 9V74 80-Core Processor,sum,double,65536,contiguous,1,stable,15,0.094961000000000004,4651591538215037814,408dc5dbdb852b76,952.73235229528836,scalar-reference,4.2947312373087243e-12,4.5078045549329914e-15,1,1,1,1,1,ThreadPool,Reproducible,canonical-reduction,pairwise,canonical-pairwise-v1-leaf1024,ThreadPool,8,5
2,1.6.0,1.6.0,GCC 14.2,Linux,x86_64,AMD EPYC 9V74 80-Core Processor,sum,double,65536,contiguous,1,stable,16,0.048551999999999998,4651591538215037814,408dc5dbdb852b76,952.73235229528836,scalar-reference,4.2947312373087243e-12,4.5078045549329914e-15,1,1,1,1,1,ThreadPool,Reproducible,canonical-reduction,pairwise,canonical-pairwise-v1-leaf1024,ThreadPool,8,5
2,1.6.0,1.6.0,GCC 14.2,Linux,x86_64,AMD EPYC 9V74 80-Core Processor,sum,double,65536,contiguous,1,stable,17,0.050194000000000003,4651591538215037814,408dc5dbdb852b76,952.73235229528836,scalar-reference,4.2947312373087243e-12,4.5078045549329914e-15,1,1,1,1,1,ThreadPool,Reproducible,canonical-reduction,pairwise,canonical-pairwise-v1-leaf1024,ThreadPool,8,5
2,1.6.0,1.6.0,GCC 14.2,Linux,x86_64,AMD EPYC 9V74 80-Core Processor,sum,double,65536,contiguous,1,stable,18,0.046309000000000003,4651591538215037814,408dc5dbdb852b76,952.73235229528836,scalar-reference,4.2947312373087243e-12,4.5078045549329914e-15,1,1,1,1,1,ThreadPool,Reproducible,canonical-reduction,pairwise,canonical-pairwise-v1-leaf1024,ThreadPool,8,5
2,1.6.0,1.6.0,GCC 14.2,Linux,x86_64,AMD EPYC 9V74 80-Core Processor,sum,double,65536,contiguous,1,stable,19,0.044176,4651591538215037814,408dc5dbdb852b76,952.73235229528836,scalar-reference,4.2947312373087243e-12,4.5078045549329914e-15,1,1,1,1,1,ThreadPool,Reproducible,canonical-reduction,pairwise,canonical-pairwise-v1-leaf1024,ThreadPool,8,5
2,1.6.0,1.6.0,GCC 14.2,Linux,x86_64,AMD EPYC 9V74 80-Core Processor,sum,double,65536,contiguous,1,stable,20,0.044796999999999997,4651591538215037814,408dc5dbdb852b76,952.73235229528836,scalar-reference,4.2947312373087243e-12,4.5078045549329914e-15,1,1,1,1,1,ThreadPool,Reproducible,canonical-reduction,pairwise,canonical-pairwise-v1-leaf1024,ThreadPool,8,5
2,1.6.0,1.6.0,GCC 14.2,Linux,x86_64,AMD EPYC 9V74 80-Core Processor,sum,double,65536,contiguous,1,stable,21,0.042583000000000003,4651591538215037814,408dc5dbdb852b76,952.73235229528836,scalar-reference,4.2947312373087243e-12,4.5078045549329914e-15,1,1,1,1,1,ThreadPool,Reproducible,canonical-reduction,pairwise,canonical-pairwise-v1-leaf1024,ThreadPool,8,5
2,1.6.0,1.6.0,GCC 14.2,Linux,x86_64,AMD EPYC 9V74 80-Core Processor,dot,double,65536,contiguous,1,first_call,0,0.046559000000000003,4664820074113941792,40bcc52462ac4120,7365.1421306284883,scalar-reference,1.5827339439056232e-12,2.1489523431241155e-16,1,1,1,1,1,ThreadPool,Reproducible,canonical-reduction,pairwise,canonical-pairwise-v1-leaf1024,ThreadPool,8,5
2,1.6.0,1.6.0,GCC 14.2,Linux,x86_64,AMD EPYC 9V74 80-Core Processor,dot,double,65536,contiguous,1,stable,1,0.046800000000000001,4664820074113941792,40bcc52462ac4120,7365.1421306284883,scalar-reference,1.5827339439056232e-12,2.1489523431241155e-16,1,1,1,1,1,ThreadPool,Reproducible,canonical-reduction,pairwise,canonical-pairwise-v1-leaf1024,ThreadPool,8,5
2,1.6.0,1.6.0,GCC 14.2,Linux,x86_64,AMD EPYC 9V74 80-Core Processor,dot,double,65536,contiguous,1,stable,2,0.052387000000000003,4664820074113941792,40bcc52462ac4120,7365.1421306284883,scalar-reference,1.5827339439056232e-12,2.1489523431241155e-16,1,1,1,1,1,ThreadPool,Reproducible,canonical-reduction,pairwise,canonical-pairwise-v1-leaf1024,ThreadPool,8,5
2,1.6.0,1.6.0,GCC 14.2,Linux,x86_64,AMD EPYC 9V74 80-Core Processor,dot,double,65536,contiguous,1,stable,3,0.034962,4664820074113941792,40bcc52462ac4120,7365.1421306284883,scalar-reference,1.5827339439056232e-12,2.1489523431241155e-16,1,1,1,1,1,ThreadPool,Reproducible,canonical-reduction,pairwise,canonical-pairwise-v1-leaf1024,ThreadPool,8,5
2,1.6.0,1.6.0,GCC 14.2,Linux,x86_64,AMD EPYC 9V74 80-Core Processor,dot,double,65536,contiguous,1,stable,4,0.049223000000000003,4664820074113941792,40bcc52462ac4120,7365.1421306284883,scalar-reference,1.5827339439056232e-12,2.1489523431241155e-16,1,1,1,1,1,ThreadPool,Reproducible,canonical-reduction,pairwise,canonical-pairwise-v1-leaf1024,ThreadPool,8,5
2,1.6.0,1.6.0,GCC 14.2,Linux,x86_64,AMD EPYC 9V74 80-Core Processor,dot,double,65536,contiguous,1,stable,5,0.051416000000000003,4664820074113941792,40bcc52462ac4120,7365.1421306284883,scalar-reference,1.5827339439056232e-12,2.1489523431241155e-16,1,1,1,1,1,ThreadPool,Reproducible,canonical-reduction,pairwise,canonical-pairwise-v1-leaf1024,ThreadPool,8,5
2,1.6.0,1.6.0,GCC 14.2,Linux,x86_64,AMD EPYC 9V74 80-Core Processor,dot,double,65536,contiguous,1,stable,6,0.040349999999999997,4664820074113941792,40bcc52462ac4120,7365.1421306284883,scalar-reference,1.5827339439056232e-12,2.1489523431241155e-16,1,1,1,1,1,ThreadPool,Reproducible,canonical-reduction,pairwise,canonical-pairwise-v1-leaf1024,ThreadPool,8,5
2,1.6.0,1.6.0,GCC 14.2,Linux,x86_64,AMD EPYC 9V74 80-Core Processor,dot,double,65536,contiguous,1,stable,7,0.042763000000000002,4664820074113941792,40bcc52462ac4120,7365.1421306284883,scalar-reference,1.5827339439056232e-12,2.1489523431241155e-16,1,1,1,1,1,ThreadPool,Reproducible,canonical-reduction,pairwise,canonical-pairwise-v1-leaf1024,ThreadPool,8,5
2,1.6.0,1.6.0,GCC 14.2,Linux,x86_64,AMD EPYC 9V74 80-Core Processor,dot,double,65536,contiguous,1,stable,8,0.045477999999999998,4664820074113941792,40bcc52462ac4120,7365.1421306284883,scalar-reference,1.5827339439056232e-12,2.1489523431241155e-16,1,1,1,1,1,ThreadPool,Reproducible,canonical-reduction,pairwise,canonical-pairwise-v1-leaf1024,ThreadPool,8,5
2,1.6.0,1.6.0,GCC 14.2,Linux,x86_64,AMD EPYC 9V74 80-Core Processor,dot,double,65536,contiguous,1,stable,9,0.051596000000000003,4664820074113941792,40bcc52462ac4120,7365.1421306284883,scalar-reference,1.5827339439056232e-12,2.1489523431241155e-16,1,1,1,1,1,ThreadPool,Reproducible,canonical-reduction,pairwise,canonical-pairwise-v1-leaf1024,ThreadPool,8,5
2,1.6.0,1.6.0,GCC 14.2,Linux,x86_64,AMD EPYC 9V74 80-Core Processor,dot,double,65536,contiguous,1,stable,10,0.062653,4664820074113941792,40bcc52462ac4120,7365.1421306284883,scalar-reference,1.5827339439056232e-12,2.1489523431241155e-16,1,1,1,1,1,ThreadPool,Reproducible,canonical-reduction,pairwise,canonical-pairwise-v1-leaf1024,ThreadPool,8,5
2,1.6.0,1.6.0,GCC 14.2,Linux,x86_64,AMD EPYC 9V74 80-Core Processor,dot,double,65536,contiguous,1,stable,11,0.046959000000000001,4664820074113941792,40bcc52462ac4120,7365.1421306284883,scalar-reference,1.5827339439056232e-12,2.1489523431241155e-16,1,1,1,1,1,ThreadPool,Reproducible,canonical-reduction,pairwise,canonical-pairwise-v1-leaf1024,ThreadPool,8,5
2,1.6.0,1.6.0,GCC 14.2,Linux,x86_64,AMD EPYC 9V74 80-Core Processor,dot,double,65536,contiguous,1,stable,12,0.063865000000000005,4664820074113941792,40bcc52462ac4120,7365.1421306284883,scalar-reference,1.5827339439056232e-12,2.1489523431241155e-16,1,1,1,1,1,ThreadPool,Reproducible,canonical-reduction,pairwise,canonical-pairwise-v1-leaf1024,ThreadPool,8,5
2,1.6.0,1.6.0,GCC 14.2,Linux,x86_64,AMD EPYC 9V74 80-Core Processor,dot,double,65536,contiguous,1,stable,13,0.042143,4664820074113941792,40bcc52462ac4120,7365.1421306284883,scalar-reference,1.5827339439056232e-12,2.1489523431241155e-16,1,1,1,1,1,ThreadPool,Reproducible,canonical-reduction,pairwise,canonical-pairwise-v1-leaf1024,ThreadPool,8,5
2,1.6.0,1.6.0,GCC 14.2,Linux,x86_64,AMD EPYC 9V74 80-Core Processor,dot,double,65536,contiguous,1,stable,14,0.053058000000000001,4664820074113941792,40bcc52462ac4120,7365.1421306284883,scalar-reference,1.5827339439056232e-12,2.1489523431241155e-16,1,1,1,1,1,ThreadPool,Reproducible,canonical-reduction,pairwise,canonical-pairwise-v1-leaf1024,ThreadPool,8,5
2,1.6.0,1.6.0,GCC 14.2,Linux,x86_64,AMD EPYC 9V74 80-Core Processor,dot,double,65536,contiguous,1,stable,15,0.038397000000000001,4664820074113941792,40bcc52462ac4120,7365.1421306284883,scalar-reference,1.5827339439056232e-12,2.1489523431241155e-16,1,1,1,1,1,ThreadPool,Reproducible,canonical-reduction,pairwise,canonical-pairwise-v1-leaf1024,ThreadPool,8,5
2,1.6.0,1.6.0,GCC 14.2,Linux,x86_64,AMD EPYC 9V74 80-Core Processor,dot,double,65536,contiguous,1,stable,16,0.043203999999999999,4664820074113941792,40bcc52462ac4120,7365.1421306284883,scalar-reference,1.5827339439056232e-12,2.1489523431241155e-16,1,1,1,1,1,ThreadPool,Reproducible,canonical-reduction,pairwise,canonical-pairwise-v1-leaf1024,ThreadPool,8,5
2,1.6.0,1.6.0,GCC 14.2,Linux,x86_64,AMD EPYC 9V74 80-Core Processor,dot,double,65536,contiguous,1,stable,17,0.041312000000000001,4664820074113941792,40bcc52462ac4120,7365.1421306284883,scalar-reference,1.5827339439056232e-12,2.1489523431241155e-16,1,1,1,1,1,ThreadPool,Reproducible,canonical-reduction,pairwise,canonical-pairwise-v1-leaf1024,ThreadPool,8,5
2,1.6.0,1.6.0,GCC 14.2,Linux,x86_64,AMD EPYC 9V74 80-Core Processor,dot,double,65536,contiguous,1,stable,18,0.043344000000000001,4664820074113941792,40bcc52462ac4120,7365.1421306284883,scalar-reference,1.5827339439056232e-12,2.1489523431241155e-16,1,1,1,1,1,ThreadPool,Reproducible,canonical-reduction,pairwise,canonical-pairwise-v1-leaf1024,ThreadPool,8,5
2,1.6.0,1.6.0,GCC 14.2,Linux,x86_64,AMD EPYC 9V74 80-Core Processor,dot,double,65536,contiguous,1,stable,19,0.041281999999999999,4664820074113941792,40bcc52462ac4120,7365.1421306284883,scalar-reference,1.5827339439056232e-12,2.1489523431241155e-16,1,1,1,1,1,ThreadPool,Reproducible,canonical-reduction,pairwise,canonical-pairwise-v1-leaf1024,ThreadPool,8,5
2,1.6.0,1.6.0,GCC 14.2,Linux,x86_64,AMD EPYC 9V74 80-Core Processor,dot,double,65536,contiguous,1,stable,20,0.04054,4664820074113941792,40bcc52462ac4120,7365.1421306284883,scalar-reference,1.5827339439056232e-12,2.1489523431241155e-16,1,1,1,1,1,ThreadPool,Reproducible,canonical-reduction,pairwise,canonical-pairwise-v1-leaf1024,ThreadPool,8,5
2,1.6.0,1.6.0,GCC 14.2,Linux,x86_64,AMD EPYC 9V74 80-Core Processor,dot,double,65536,contiguous,1,stable,21,0.038697000000000002,4664820074113941792,40bcc52462ac4120,7365.1421306284883,scalar-reference,1.5827339439056232e-12,2.1489523431241155e-16,1,1,1,1,1,ThreadPool,Reproducible,canonical-reduction,pairwise,canonical-pairwise-v1-leaf1024,ThreadPool,8,5
2,1.6.0,1.6.0,GCC 14.2,Linux,x86_64,AMD EPYC 9V74 80-Core Processor,norm,double,65536,contiguous,1,first_call,0,0.039459000000000001,4636148783516150635,4056e8c15756eb6b,91.636800608522819,scalar-reference,5.620504062164855e-15,6.1334573281054861e-17,1,1,1,1,1,ThreadPool,Reproducible,canonical-reduction,pairwise,canonical-pairwise-v1-leaf1024,ThreadPool,8,5
2,1.6.0,1.6.0,GCC 14.2,Linux,x86_64,AMD EPYC 9V74 80-Core Processor,norm,double,65536,contiguous,1,stable,1,0.038746999999999997,4636148783516150635,4056e8c15756eb6b,91.636800608522819,scalar-reference,5.620504062164855e-15,6.1334573281054861e-17,1,1,1,1,1,ThreadPool,Reproducible,canonical-reduction,pairwise,canonical-pairwise-v1-leaf1024,ThreadPool,8,5
2,1.6.0,1.6.0,GCC 14.2,Linux,x86_64,AMD EPYC 9V74 80-Core Processor,norm,double,65536,contiguous,1,stable,2,0.042682999999999999,4636148783516150635,4056e8c15756eb6b,91.636800608522819,scalar-reference,5.620504062164855e-15,6.1334573281054861e-17,1,1,1,1,1,ThreadPool,Reproducible,canonical-reduction,pairwise,canonical-pairwise-v1-leaf1024,ThreadPool,8,5
2,1.6.0,1.6.0,GCC 14.2,Linux,x86_64,AMD EPYC 9V74 80-Core Processor,norm,double,65536,contiguous,1,stable,3,0.044916999999999999,4636148783516150635,4056e8c15756eb6b,91.636800608522819,scalar-reference,5.620504062164855e-15,6.1334573281054861e-17,1,1,1,1,1,ThreadPool,Reproducible,canonical-reduction,pairwise,canonical-pairwise-v1-leaf1024,ThreadPool,8,5
2,1.6.0,1.6.0,GCC 14.2,Linux,x86_64,AMD EPYC 9V74 80-Core Processor,norm,double,65536,contiguous,1,stable,4,0.046538999999999997,4636148783516150635,4056e8c15756eb6b,91.636800608522819,scalar-reference,5.620504062164855e-15,6.1334573281054861e-17,1,1,1,1,1,ThreadPool,Reproducible,canonical-reduction,pairwise,canonical-pairwise-v1-leaf1024,ThreadPool,8,5
2,1.6.0,1.6.0,GCC 14.2,Linux,x86_64,AMD EPYC 9V74 80-Core Processor,norm,double,65536,contiguous,1,stable,5,0.043243999999999998,4636148783516150635,4056e8c15756eb6b,91.636800608522819,scalar-reference,5.620504062164855e-15,6.1334573281054861e-17,1,1,1,1,1,ThreadPool,Reproducible,canonical-reduction,pairwise,canonical-pairwise-v1-leaf1024,ThreadPool,8,5
2,1.6.0,1.6.0,GCC 14.2,Linux,x86_64,AMD EPYC 9V74 80-Core Processor,norm,double,65536,contiguous,1,stable,6,0.039648999999999997,4636148783516150635,4056e8c15756eb6b,91.636800608522819,scalar-reference,5.620504062164855e-15,6.1334573281054861e-17,1,1,1,1,1,ThreadPool,Reproducible,canonical-reduction,pairwise,canonical-pairwise-v1-leaf1024,ThreadPool,8,5
2,1.6.0,1.6.0,GCC 14.2,Linux,x86_64,AMD EPYC 9V74 80-Core Processor,norm,double,65536,contiguous,1,stable,7,0.045598,4636148783516150635,4056e8c15756eb6b,91.636800608522819,scalar-reference,5.620504062164855e-15,6.1334573281054861e-17,1,1,1,1,1,ThreadPool,Reproducible,canonical-reduction,pairwise,canonical-pairwise-v1-leaf1024,ThreadPool,8,5
2,1.6.0,1.6.0,GCC 14.2,Linux,x86_64,AMD EPYC 9V74 80-Core Processor,norm,double,65536,contiguous,1,stable,8,0.037005000000000003,4636148783516150635,4056e8c15756eb6b,91.636800608522819,scalar-reference,5.620504062164855e-15,6.1334573281054861e-17,1,1,1,1,1,ThreadPool,Reproducible,canonical-reduction,pairwise,canonical-pairwise-v1-leaf1024,ThreadPool,8,5
2,1.6.0,1.6.0,GCC 14.2,Linux,x86_64,AMD EPYC 9V74 80-Core Processor,norm,double,65536,contiguous,1,stable,9,0.050174999999999997,4636148783516150635,4056e8c15756eb6b,91.636800608522819,scalar-reference,5.620504062164855e-15,6.1334573281054861e-17,1,1,1,1,1,ThreadPool,Reproducible,canonical-reduction,pairwise,canonical-pairwise-v1-leaf1024,ThreadPool,8,5
2,1.6.0,1.6.0,GCC 14.2,Linux,x86_64,AMD EPYC 9V74 80-Core Processor,norm,double,65536,contiguous,1,stable,10,0.041731999999999998,4636148783516150635,4056e8c15756eb6b,91.636800608522819,scalar-reference,5.620504062164855e-15,6.1334573281054861e-17,1,1,1,1,1,ThreadPool,Reproducible,canonical-reduction,pairwise,canonical-pairwise-v1-leaf1024,ThreadPool,8,5
2,1.6.0,1.6.0,GCC 14.2,Linux,x86_64,AMD EPYC 9V74 80-Core Processor,norm,double,65536,contiguous,1,stable,11,0.043133999999999999,4636148783516150635,4056e8c15756eb6b,91.636800608522819,scalar-reference,5.620504062164855e-15,6.1334573281054861e-17,1,1,1,1,1,ThreadPool,Reproducible,canonical-reduction,pairwise,canonical-pairwise-v1-leaf1024,ThreadPool,8,5
2,1.6.0,1.6.0,GCC 14.2,Linux,x86_64,AMD EPYC 9V74 80-Core Processor,norm,double,65536,contiguous,1,stable,12,0.042051999999999999,4636148783516150635,4056e8c15756eb6b,91.636800608522819,scalar-reference,5.620504062164855e-15,6.1334573281054861e-17,1,1,1,1,1,ThreadPool,Reproducible,canonical-reduction,pairwise,canonical-pairwise-v1-leaf1024,ThreadPool,8,5
2,1.6.0,1.6.0,GCC 14.2,Linux,x86_64,AMD EPYC 9V74 80-Core Processor,norm,double,65536,contiguous,1,stable,13,0.041120999999999998,4636148783516150635,4056e8c15756eb6b,91.636800608522819,scalar-reference,5.620504062164855e-15,6.1334573281054861e-17,1,1,1,1,1,ThreadPool,Reproducible,canonical-reduction,pairwise,canonical-pairwise-v1-leaf1024,ThreadPool,8,5
2,1.6.0,1.6.0,GCC 14.2,Linux,x86_64,AMD EPYC 9V74 80-Core Processor,norm,double,65536,contiguous,1,stable,14,0.042251999999999998,4636148783516150635,4056e8c15756eb6b,91.636800608522819,scalar-reference,5.620504062164855e-15,6.1334573281054861e-17,1,1,1,1,1,ThreadPool,Reproducible,canonical-reduction,pairwise,canonical-pairwise-v1-leaf1024,ThreadPool,8,5
2,1.6.0,1.6.0,GCC 14.2,Linux,x86_64,AMD EPYC 9V74 80-Core Processor,norm,double,65536,contiguous,1,stable,15,0.041131000000000001,4636148783516150635,4056e8c15756eb6b,91.636800608522819,scalar-reference,5.620504062164855e-15,6.1334573281054861e-17,1,1,1,1,1,ThreadPool,Reproducible,canonical-reduction,pairwise,canonical-pairwise-v1-leaf1024,ThreadPool,8,5
2,1.6.0,1.6.0,GCC 14.2,Linux,x86_64,AMD EPYC 9V74 80-Core Processor,norm,double,65536,contiguous,1,stable,16,0.041291000000000001,4636148783516150635,4056e8c15756eb6b,91.636800608522819,scalar-reference,5.620504062164855e-15,6.1334573281054861e-17,1,1,1,1,1,ThreadPool,Reproducible,canonical-reduction,pairwise,canonical-pairwise-v1-leaf1024,ThreadPool,8,5
2,1.6.0,1.6.0,GCC 14.2,Linux,x86_64,AMD EPYC 9V74 80-Core Processor,norm,double,65536,contiguous,1,stable,17,0.042062000000000002,4636148783516150635,4056e8c15756eb6b,91.636800608522819,scalar-reference,5.620504062164855e-15,6.1334573281054861e-17,1,1,1,1,1,ThreadPool,Reproducible,canonical-reduction,pairwise,canonical-pairwise-v1-leaf1024,ThreadPool,8,5
2,1.6.0,1.6.0,GCC 14.2,Linux,x86_64,AMD EPYC 9V74 80-Core Processor,norm,double,65536,contiguous,1,stable,18,0.047219999999999998,4636148783516150635,4056e8c15756eb6b,91.636800608522819,scalar-reference,5.620504062164855e-15,6.1334573281054861e-17,1,1,1,1,1,ThreadPool,Reproducible,canonical-reduction,pairwise,canonical-pairwise-v1-leaf1024,ThreadPool,8,5
2,1.6.0,1.6.0,GCC 14.2,Linux,x86_64,AMD EPYC 9V74 80-Core Processor,norm,double,65536,contiguous,1,stable,19,0.058096000000000002,4636148783516150635,4056e8c15756eb6b,91.636800608522819,scalar-reference,5.620504062164855e-15,6.1334573281054861e-17,1,1,1,1,1,ThreadPool,Reproducible,canonical-reduction,pairwise,canonical-pairwise-v1-leaf1024,ThreadPool,8,5
2,1.6.0,1.6.0,GCC 14.2,Linux,x86_64,AMD EPYC 9V74 80-Core Processor,norm,double,65536,contiguous,1,stable,20,0.064376000000000003,4636148783516150635,4056e8c15756eb6b,91.636800608522819,scalar-reference,5.620504062164855e-15,6.1334573281054861e-17,1,1,1,1,1,ThreadPool,Reproducible,canonical-reduction,pairwise,canonical-pairwise-v1-leaf1024,ThreadPool,8,5
2,1.6.0,1.6.0,GCC 14.2,Linux,x86_64,AMD EPYC 9V74 80-Core Processor,norm,double,65536,contiguous,1,stable,21,0.051797000000000003,4636148783516150635,4056e8c15756eb6b,91.636800608522819,scalar-reference,5.620504062164855e-15,6.1334573281054861e-17,1,1,1,1,1,ThreadPool,Reproducible,canonical-reduction,pairwise,canonical-pairwise-v1-leaf1024,ThreadPool,8,5
2,1.6.0,1.6.0,GCC 14.2,Linux,x86_64,AMD EPYC 9V74 80-Core Processor,sum,double,65536,contiguous,1,first_call,0,0.102913,4651591538215037776,408dc5dbdb852b50,952.73235229528836,scalar-reference,2.5368596112684827e-14,2.6627201282256996e-17,1,1,1,1,1,ThreadPool,Accurate,canonical-reduction,compensated,canonical-neumaier-v1-leaf1024,ThreadPool,8,5
2,1.6.0,1.6.0,GCC 14.2,Linux,x86_64,AMD EPYC 9V74 80-Core Processor,sum,double,65536,contiguous,1,stable,1,0.100309,4651591538215037776,408dc5dbdb852b50,952.73235229528836,scalar-reference,2.5368596112684827e-14,2.6627201282256996e-17,1,1,1,1,1,ThreadPool,Accurate,canonical-reduction,compensated,canonical-neumaier-v1-leaf1024,ThreadPool,8,5
2,1.6.0,1.6.0,GCC 14.2,Linux,x86_64,AMD EPYC 9V74 80-Core Processor,sum,double,65536,contiguous,1,stable,2,0.14741899999999999,4651591538215037776,408dc5dbdb852b50,952.73235229528836,scalar-reference,2.5368596112684827e-14,2.6627201282256996e-17,1,1,1,1,1,ThreadPool,Accurate,canonical-reduction,compensated,canonical-neumaier-v1-leaf1024,ThreadPool,8,5
2,1.6.0,1.6.0,GCC 14.2,Linux,x86_64,AMD EPYC 9V74 80-Core Processor,sum,double,65536,contiguous,1,stable,3,0.115922,4651591538215037776,408dc5dbdb852b50,952.73235229528836,scalar-reference,2.5368596112684827e-14,2.6627201282256996e-17,1,1,1,1,1,ThreadPool,Accurate,canonical-reduction,compensated,canonical-neumaier-v1-leaf1024,ThreadPool,8,5
2,1.6.0,1.6.0,GCC 14.2,Linux,x86_64,AMD EPYC 9V74 80-Core Processor,sum,double,65536,contiguous,1,stable,4,0.097234000000000001,4651591538215037776,408dc5dbdb852b50,952.73235229528836,scalar-reference,2.5368596112684827e-14,2.6627201282256996e-17,1,1,1,1,1,ThreadPool,Accurate,canonical-reduction,compensated,canonical-neumaier-v1-leaf1024,ThreadPool,8,5
2,1.6.0,1.6.0,GCC 14.2,Linux,x86_64,AMD EPYC 9V74 80-Core Processor,sum,double,65536,contiguous,1,stable,5,0.10254199999999999,4651591538215037776,408dc5dbdb852b50,952.73235229528836,scalar-reference,2.5368596112684827e-14,2.6627201282256996e-17,1,1,1,1,1,ThreadPool,Accurate,canonical-reduction,compensated,canonical-neumaier-v1-leaf1024,ThreadPool,8,5
2,1.6.0,1.6.0,GCC 14.2,Linux,x86_64,AMD EPYC 9V74 80-Core Processor,sum,double,65536,contiguous,1,stable,6,0.099307000000000006,4651591538215037776,408dc5dbdb852b50,952.73235229528836,scalar-reference,2.5368596112684827e-14,2.6627201282256996e-17,1,1,1,1,1,ThreadPool,Accurate,canonical-reduction,compensated,canonical-neumaier-v1-leaf1024,ThreadPool,8,5
2,1.6.0,1.6.0,GCC 14.2,Linux,x86_64,AMD EPYC 9V74 80-Core Processor,sum,double,65536,contiguous,1,stable,7,0.099858000000000002,4651591538215037776,408dc5dbdb852b50,952.73235229528836,scalar-reference,2.5368596112684827e-14,2.6627201282256996e-17,1,1,1,1,1,ThreadPool,Accurate,canonical-reduction,compensated,canonical-neumaier-v1-leaf1024,ThreadPool,8,5
2,1.6.0,1.6.0,GCC 14.2,Linux,x86_64,AMD EPYC 9V74 80-Core Processor,sum,double,65536,contiguous,1,stable,8,0.111765,4651591538215037776,408dc5dbdb852b50,952.73235229528836,scalar-reference,2.5368596112684827e-14,2.6627201282256996e-17,1,1,1,1,1,ThreadPool,Accurate,canonical-reduction,compensated,canonical-neumaier-v1-leaf1024,ThreadPool,8,5
2,1.6.0,1.6.0,GCC 14.2,Linux,x86_64,AMD EPYC 9V74 80-Core Processor,sum,double,65536,contiguous,1,stable,9,0.10330300000000001,4651591538215037776,408dc5dbdb852b50,952.73235229528836,scalar-reference,2.5368596112684827e-14,2.6627201282256996e-17,1,1,1,1,1,ThreadPool,Accurate,canonical-reduction,compensated,canonical-neumaier-v1-leaf1024,ThreadPool,8,5
2,1.6.0,1.6.0,GCC 14.2,Linux,x86_64,AMD EPYC 9V74 80-Core Processor,sum,double,65536,contiguous,1,stable,10,0.098214999999999997,4651591538215037776,408dc5dbdb852b50,952.73235229528836,scalar-reference,2.5368596112684827e-14,2.6627201282256996e-17,1,1,1,1,1,ThreadPool,Accurate,canonical-reduction,compensated,canonical-neumaier-v1-leaf1024,ThreadPool,8,5
2,1.6.0,1.6.0,GCC 14.2,Linux,x86_64,AMD EPYC 9V74 80-Core Processor,sum,double,65536,contiguous,1,stable,11,0.17411799999999999,4651591538215037776,408dc5dbdb852b50,952.73235229528836,scalar-reference,2.5368596112684827e-14,2.6627201282256996e-17,1,1,1,1,1,ThreadPool,Accurate,canonical-reduction,compensated,canonical-neumaier-v1-leaf1024,ThreadPool,8,5
2,1.6.0,1.6.0,GCC 14.2,Linux,x86_64,AMD EPYC 9V74 80-Core Processor,sum,double,65536,contiguous,1,stable,12,0.12399399999999999,4651591538215037776,408dc5dbdb852b50,952.73235229528836,scalar-reference,2.5368596112684827e-14,2.6627201282256996e-17,1,1,1,1,1,ThreadPool,Accurate,canonical-reduction,compensated,canonical-neumaier-v1-leaf1024,ThreadPool,8,5
2,1.6.0,1.6.0,GCC 14.2,Linux,x86_64,AMD EPYC 9V74 80-Core Processor,sum,double,65536,contiguous,1,stable,13,0.10161100000000001,4651591538215037776,408dc5dbdb852b50,952.73235229528836,scalar-reference,2.5368596112684827e-14,2.6627201282256996e-17,1,1,1,1,1,ThreadPool,Accurate,canonical-reduction,compensated,canonical-neumaier-v1-leaf1024,ThreadPool,8,5
2,1.6.0,1.6.0,GCC 14.2,Linux,x86_64,AMD EPYC 9V74 80-Core Processor,sum,double,65536,contiguous,1,stable,14,0.096513000000000002,4651591538215037776,408dc5dbdb852b50,952.73235229528836,scalar-reference,2.5368596112684827e-14,2.6627201282256996e-17,1,1,1,1,1,ThreadPool,Accurate,canonical-reduction,compensated,canonical-neumaier-v1-leaf1024,ThreadPool,8,5
2,1.6.0,1.6.0,GCC 14.2,Linux,x86_64,AMD EPYC 9V74 80-Core Processor,sum,double,65536,contiguous,1,stable,15,0.099648,4651591538215037776,408dc5dbdb852b50,952.73235229528836,scalar-reference,2.5368596112684827e-14,2.6627201282256996e-17,1,1,1,1,1,ThreadPool,Accurate,canonical-reduction,compensated,canonical-neumaier-v1-leaf1024,ThreadPool,8,5
2,1.6.0,1.6.0,GCC 14.2,Linux,x86_64,AMD EPYC 9V74 80-Core Processor,sum,double,65536,contiguous,1,stable,16,0.11164499999999999,4651591538215037776,408dc5dbdb852b50,952.73235229528836,scalar-reference,2.5368596112684827e-14,2.6627201282256996e-17,1,1,1,1,1,ThreadPool,Accurate,canonical-reduction,compensated,canonical-neumaier-v1-leaf1024,ThreadPool,8,5
2,1.6.0,1.6.0,GCC 14.2,Linux,x86_64,AMD EPYC 9V74 80-Core Processor,sum,double,65536,contiguous,1,stable,17,0.102032,4651591538215037776,408dc5dbdb852b50,952.73235229528836,scalar-reference,2.5368596112684827e-14,2.6627201282256996e-17,1,1,1,1,1,ThreadPool,Accurate,canonical-reduction,compensated,canonical-neumaier-v1-leaf1024,ThreadPool,8,5
2,1.6.0,1.6.0,GCC 14.2,Linux,x86_64,AMD EPYC 9V74 80-Core Processor,sum,double,65536,contiguous,1,stable,18,0.098876000000000006,4651591538215037776,408dc5dbdb852b50,952.73235229528836,scalar-reference,2.5368596112684827e-14,2.6627201282256996e-17,1,1,1,1,1,ThreadPool,Accurate,canonical-reduction,compensated,canonical-neumaier-v1-leaf1024,ThreadPool,8,5
2,1.6.0,1.6.0,GCC 14.2,Linux,x86_64,AMD EPYC 9V74 80-Core Processor,sum,double,65536,contiguous,1,stable,19,0.20394200000000001,4651591538215037776,408dc5dbdb852b50,952.73235229528836,scalar-reference,2.5368596112684827e-14,2.6627201282256996e-17,1,1,1,1,1,ThreadPool,Accurate,canonical-reduction,compensated,canonical-neumaier-v1-leaf1024,ThreadPool,8,5
2,1.6.0,1.6.0,GCC 14.2,Linux,x86_64,AMD EPYC 9V74 80-Core Processor,sum,double,65536,contiguous,1,stable,20,0.110564,4651591538215037776,408dc5dbdb852b50,952.73235229528836,scalar-reference,2.5368596112684827e-14,2.6627201282256996e-17,1,1,1,1,1,ThreadPool,Accurate,canonical-reduction,compensated,canonical-neumaier-v1-leaf1024,ThreadPool,8,5
2,1.6.0,1.6.0,GCC 14.2,Linux,x86_64,AMD EPYC 9V74 80-Core Processor,sum,double,65536,contiguous,1,stable,21,0.125887,4651591538215037776,408dc5dbdb852b50,952.73235229528836,scalar-reference,2.5368596112684827e-14,2.6627201282256996e-17,1,1,1,1,1,ThreadPool,Accurate,canonical-reduction,compensated,canonical-neumaier-v1-leaf1024,ThreadPool,8,5
2,1.6.0,1.6.0,GCC 14.2,Linux,x86_64,AMD EPYC 9V74 80-Core Processor,dot,double,65536,contiguous,1,first_call,0,0.156442,4664820074113941790,40bcc52462ac411e,7365.1421306284883,scalar-reference,2.3625545964023331e-13,3.2077515335073778e-17,1,1,1,1,1,ThreadPool,Accurate,canonical-reduction,compensated,canonical-neumaier-v1-leaf1024,ThreadPool,8,5
2,1.6.0,1.6.0,GCC 14.2,Linux,x86_64,AMD EPYC 9V74 80-Core Processor,dot,double,65536,contiguous,1,stable,1,0.12129,4664820074113941790,40bcc52462ac411e,7365.1421306284883,scalar-reference,2.3625545964023331e-13,3.2077515335073778e-17,1,1,1,1,1,ThreadPool,Accurate,canonical-reduction,compensated,canonical-neumaier-v1-leaf1024,ThreadPool,8,5
2,1.6.0,1.6.0,GCC 14.2,Linux,x86_64,AMD EPYC 9V74 80-Core Processor,dot,double,65536,contiguous,1,stable,2,0.20980099999999999,4664820074113941790,40bcc52462ac411e,7365.1421306284883,scalar-reference,2.3625545964023331e-13,3.2077515335073778e-17,1,1,1,1,1,ThreadPool,Accurate,canonical-reduction,compensated,canonical-neumaier-v1-leaf1024,ThreadPool,8,5
2,1.6.0,1.6.0,GCC 14.2,Linux,x86_64,AMD EPYC 9V74 80-Core Processor,dot,double,65536,contiguous,1,stable,3,0.097264000000000003,4664820074113941790,40bcc52462ac411e,7365.1421306284883,scalar-reference,2.3625545964023331e-13,3.2077515335073778e-17,1,1,1,1,1,ThreadPool,Accurate,canonical-reduction,compensated,canonical-neumaier-v1-leaf1024,ThreadPool,8,5
2,1.6.0,1.6.0,GCC 14.2,Linux,x86_64,AMD EPYC 9V74 80-Core Processor,dot,double,65536,contiguous,1,stable,4,0.10193099999999999,4664820074113941790,40bcc52462ac411e,7365.1421306284883,scalar-reference,2.3625545964023331e-13,3.2077515335073778e-17,1,1,1,1,1,ThreadPool,Accurate,canonical-reduction,compensated,canonical-neumaier-v1-leaf1024,ThreadPool,8,5
2,1.6.0,1.6.0,GCC 14.2,Linux,x86_64,AMD EPYC 9V74 80-Core Processor,dot,double,65536,contiguous,1,stable,5,0.109462,4664820074113941790,40bcc52462ac411e,7365.1421306284883,scalar-reference,2.3625545964023331e-13,3.2077515335073778e-17,1,1,1,1,1,ThreadPool,Accurate,canonical-reduction,compensated,canonical-neumaier-v1-leaf1024,ThreadPool,8,5
2,1.6.0,1.6.0,GCC 14.2,Linux,x86_64,AMD EPYC 9V74 80-Core Processor,dot,double,65536,contiguous,1,stable,6,0.20269999999999999,4664820074113941790,40bcc52462ac411e,7365.1421306284883,scalar-reference,2.3625545964023331e-13,3.2077515335073778e-17,1,1,1,1,1,ThreadPool,Accurate,canonical-reduction,compensated,canonical-neumaier-v1-leaf1024,ThreadPool,8,5
2,1.6.0,1.6.0,GCC 14.2,Linux,x86_64,AMD EPYC 9V74 80-Core Processor,dot,double,65536,contiguous,1,stable,7,0.10833,4664820074113941790,40bcc52462ac411e,7365.1421306284883,scalar-reference,2.3625545964023331e-13,3.2077515335073778e-17,1,1,1,1,1,ThreadPool,Accurate,canonical-reduction,compensated,canonical-neumaier-v1-leaf1024,ThreadPool,8,5
2,1.6.0,1.6.0,GCC 14.2,Linux,x86_64,AMD EPYC 9V74 80-Core Processor,dot,double,65536,contiguous,1,stable,8,0.1552,4664820074113941790,40bcc52462ac411e,7365.1421306284883,scalar-reference,2.3625545964023331e-13,3.2077515335073778e-17,1,1,1,1,1,ThreadPool,Accurate,canonical-reduction,compensated,canonical-neumaier-v1-leaf1024,ThreadPool,8,5
2,1.6.0,1.6.0,GCC 14.2,Linux,x86_64,AMD EPYC 9V74 80-Core Processor,dot,double,65536,contiguous,1,stable,9,0.10120999999999999,4664820074113941790,40bcc52462ac411e,7365.1421306284883,scalar-reference,2.3625545964023331e-13,3.2077515335073778e-17,1,1,1,1,1,ThreadPool,Accurate,canonical-reduction,compensated,canonical-neumaier-v1-leaf1024,ThreadPool,8,5
2,1.6.0,1.6.0,GCC 14.2,Linux,x86_64,AMD EPYC 9V74 80-Core Processor,dot,double,65536,contiguous,1,stable,10,0.25850400000000001,4664820074113941790,40bcc52462ac411e,7365.1421306284883,scalar-reference,2.3625545964023331e-13,3.2077515335073778e-17,1,1,1,1,1,ThreadPool,Accurate,canonical-reduction,compensated,canonical-neumaier-v1-leaf1024,ThreadPool,8,5
2,1.6.0,1.6.0,GCC 14.2,Linux,x86_64,AMD EPYC 9V74 80-Core Processor,dot,double,65536,contiguous,1,stable,11,0.092867000000000005,4664820074113941790,40bcc52462ac411e,7365.1421306284883,scalar-reference,2.3625545964023331e-13,3.2077515335073778e-17,1,1,1,1,1,ThreadPool,Accurate,canonical-reduction,compensated,canonical-neumaier-v1-leaf1024,ThreadPool,8,5
2,1.6.0,1.6.0,GCC 14.2,Linux,x86_64,AMD EPYC 9V74 80-Core Processor,dot,double,65536,contiguous,1,stable,12,0.107179,4664820074113941790,40bcc52462ac411e,7365.1421306284883,scalar-reference,2.3625545964023331e-13,3.2077515335073778e-17,1,1,1,1,1,ThreadPool,Accurate,canonical-reduction,compensated,canonical-neumaier-v1-leaf1024,ThreadPool,8,5
2,1.6.0,1.6.0,GCC 14.2,Linux,x86_64,AMD EPYC 9V74 80-Core Processor,dot,double,65536,contiguous,1,stable,13,0.157163,4664820074113941790,40bcc52462ac411e,7365.1421306284883,scalar-reference,2.3625545964023331e-13,3.2077515335073778e-17,1,1,1,1,1,ThreadPool,Accurate,canonical-reduction,compensated,canonical-neumaier-v1-leaf1024,ThreadPool,8,5
2,1.6.0,1.6.0,GCC 14.2,Linux,x86_64,AMD EPYC 9V74 80-Core Processor,dot,double,65536,contiguous,1,stable,14,0.098826999999999998,4664820074113941790,40bcc52462ac411e,7365.1421306284883,scalar-reference,2.3625545964023331e-13,3.2077515335073778e-17,1,1,1,1,1,ThreadPool,Accurate,canonical-reduction,compensated,canonical-neumaier-v1-leaf1024,ThreadPool,8,5
2,1.6.0,1.6.0,GCC 14.2,Linux,x86_64,AMD EPYC 9V74 80-Core Processor,dot,double,65536,contiguous,1,stable,15,0.15563099999999999,4664820074113941790,40bcc52462ac411e,7365.1421306284883,scalar-reference,2.3625545964023331e-13,3.2077515335073778e-17,1,1,1,1,1,ThreadPool,Accurate,canonical-reduction,compensated,canonical-neumaier-v1-leaf1024,ThreadPool,8,5
2,1.6.0,1.6.0,GCC 14.2,Linux,x86_64,AMD EPYC 9V74 80-Core Processor,dot,double,65536,contiguous,1,stable,16,0.094689999999999996,4664820074113941790,40bcc52462ac411e,7365.1421306284883,scalar-reference,2.3625545964023331e-13,3.2077515335073778e-17,1,1,1,1,1,ThreadPool,Accurate,canonical-reduction,compensated,canonical-neumaier-v1-leaf1024,ThreadPool,8,5
2,1.6.0,1.6.0,GCC 14.2,Linux,x86_64,AMD EPYC 9V74 80-Core Processor,dot,double,65536,contiguous,1,stable,17,0.10175099999999999,4664820074113941790,40bcc52462ac411e,7365.1421306284883,scalar-reference,2.3625545964023331e-13,3.2077515335073778e-17,1,1,1,1,1,ThreadPool,Accurate,canonical-reduction,compensated,canonical-neumaier-v1-leaf1024,ThreadPool,8,5
2,1.6.0,1.6.0,GCC 14.2,Linux,x86_64,AMD EPYC 9V74 80-Core Processor,dot,double,65536,contiguous,1,stable,18,0.104736,4664820074113941790,40bcc52462ac411e,7365.1421306284883,scalar-reference,2.3625545964023331e-13,3.2077515335073778e-17,1,1,1,1,1,ThreadPool,Accurate,canonical-reduction,compensated,canonical-neumaier-v1-leaf1024,ThreadPool,8,5
2,1.6.0,1.6.0,GCC 14.2,Linux,x86_64,AMD EPYC 9V74 80-Core Processor,dot,double,65536,contiguous,1,stable,19,0.12920200000000001,4664820074113941790,40bcc52462ac411e,7365.1421306284883,scalar-reference,2.3625545964023331e-13,3.2077515335073778e-17,1,1,1,1,1,ThreadPool,Accurate,canonical-reduction,compensated,canonical-neumaier-v1-leaf1024,ThreadPool,8,5
2,1.6.0,1.6.0,GCC 14.2,Linux,x86_64,AMD EPYC 9V74 80-Core Processor,dot,double,65536,contiguous,1,stable,20,0.108571,4664820074113941790,40bcc52462ac411e,7365.1421306284883,scalar-reference,2.3625545964023331e-13,3.2077515335073778e-17,1,1,1,1,1,ThreadPool,Accurate,canonical-reduction,compensated,canonical-neumaier-v1-leaf1024,ThreadPool,8,5
2,1.6.0,1.6.0,GCC 14.2,Linux,x86_64,AMD EPYC 9V74 80-Core Processor,dot,double,65536,contiguous,1,stable,21,0.12912100000000001,4664820074113941790,40bcc52462ac411e,7365.1421306284883,scalar-reference,2.3625545964023331e-13,3.2077515335073778e-17,1,1,1,1,1,ThreadPool,Accurate,canonical-reduction,compensated,canonical-neumaier-v1-leaf1024,ThreadPool,8,5
2,1.6.0,1.6.0,GCC 14.2,Linux,x86_64,AMD EPYC 9V74 80-Core Processor,norm,double,65536,contiguous,1,first_call,0,0.065046000000000007,4636148783516150634,4056e8c15756eb6a,91.636800608522819,scalar-reference,8.5903506530371487e-15,9.374345891598261e-17,1,1,1,1,1,ThreadPool,Accurate,canonical-reduction,scaled_sumsq,canonical-scaled-sumsq-v1-leaf1024,ThreadPool,8,5
2,1.6.0,1.6.0,GCC 14.2,Linux,x86_64,AMD EPYC 9V74 80-Core Processor,norm,double,65536,contiguous,1,stable,1,0.052067000000000002,4636148783516150634,4056e8c15756eb6a,91.636800608522819,scalar-reference,8.5903506530371487e-15,9.374345891598261e-17,1,1,1,1,1,ThreadPool,Accurate,canonical-reduction,scaled_sumsq,canonical-scaled-sumsq-v1-leaf1024,ThreadPool,8,5
2,1.6.0,1.6.0,GCC 14.2,Linux,x86_64,AMD EPYC 9V74 80-Core Processor,norm,double,65536,contiguous,1,stable,2,0.059297999999999997,4636148783516150634,4056e8c15756eb6a,91.636800608522819,scalar-reference,8.5903506530371487e-15,9.374345891598261e-17,1,1,1,1,1,ThreadPool,Accurate,canonical-reduction,scaled_sumsq,canonical-scaled-sumsq-v1-leaf1024,ThreadPool,8,5
2,1.6.0,1.6.0,GCC 14.2,Linux,x86_64,AMD EPYC 9V74 80-Core Processor,norm,double,65536,contiguous,1,stable,3,0.055441999999999998,4636148783516150634,4056e8c15756eb6a,91.636800608522819,scalar-reference,8.5903506530371487e-15,9.374345891598261e-17,1,1,1,1,1,ThreadPool,Accurate,canonical-reduction,scaled_sumsq,canonical-scaled-sumsq-v1-leaf1024,ThreadPool,8,5
2,1.6.0,1.6.0,GCC 14.2,Linux,x86_64,AMD EPYC 9V74 80-Core Processor,norm,double,65536,contiguous,1,stable,4,0.053749999999999999,4636148783516150634,4056e8c15756eb6a,91.636800608522819,scalar-reference,8.5903506530371487e-15,9.374345891598261e-17,1,1,1,1,1,ThreadPool,Accurate,canonical-reduction,scaled_sumsq,canonical-scaled-sumsq-v1-leaf1024,ThreadPool,8,5
2,1.6.0,1.6.0,GCC 14.2,Linux,x86_64,AMD EPYC 9V74 80-Core Processor,norm,double,65536,contiguous,1,stable,5,0.053670000000000002,4636148783516150634,4056e8c15756eb6a,91.636800608522819,scalar-reference,8.5903506530371487e-15,9.374345891598261e-17,1,1,1,1,1,ThreadPool,Accurate,canonical-reduction,scaled_sumsq,canonical-scaled-sumsq-v1-leaf1024,ThreadPool,8,5
2,1.6.0,1.6.0,GCC 14.2,Linux,x86_64,AMD EPYC 9V74 80-Core Processor,norm,double,65536,contiguous,1,stable,6,0.072467000000000004,4636148783516150634,4056e8c15756eb6a,91.636800608522819,scalar-reference,8.5903506530371487e-15,9.374345891598261e-17,1,1,1,1,1,ThreadPool,Accurate,canonical-reduction,scaled_sumsq,canonical-scaled-sumsq-v1-leaf1024,ThreadPool,8,5
2,1.6.0,1.6.0,GCC 14.2,Linux,x86_64,AMD EPYC 9V74 80-Core Processor,norm,double,65536,contiguous,1,stable,7,0.054521,4636148783516150634,4056e8c15756eb6a,91.636800608522819,scalar-reference,8.5903506530371487e-15,9.374345891598261e-17,1,1,1,1,1,ThreadPool,Accurate,canonical-reduction,scaled_sumsq,canonical-scaled-sumsq-v1-leaf1024,ThreadPool,8,5
2,1.6.0,1.6.0,GCC 14.2,Linux,x86_64,AMD EPYC 9V74 80-Core Processor,norm,double,65536,contiguous,1,stable,8,0.057044999999999998,4636148783516150634,4056e8c15756eb6a,91.636800608522819,scalar-reference,8.5903506530371487e-15,9.374345891598261e-17,1,1,1,1,1,ThreadPool,Accurate,canonical-reduction,scaled_sumsq,canonical-scaled-sumsq-v1-leaf1024,ThreadPool,8,5
2,1.6.0,1.6.0,GCC 14.2,Linux,x86_64,AMD EPYC 9V74 80-Core Processor,norm,double,65536,contiguous,1,stable,9,0.043915000000000003,4636148783516150634,4056e8c15756eb6a,91.636800608522819,scalar-reference,8.5903506530371487e-15,9.374345891598261e-17,1,1,1,1,1,ThreadPool,Accurate,canonical-reduction,scaled_sumsq,canonical-scaled-sumsq-v1-leaf1024,ThreadPool,8,5
2,1.6.0,1.6.0,GCC 14.2,Linux,x86_64,AMD EPYC 9V74 80-Core Processor,norm,double,65536,contiguous,1,stable,10,0.075651999999999997,4636148783516150634,4056e8c15756eb6a,91.636800608522819,scalar-reference,8.5903506530371487e-15,9.374345891598261e-17,1,1,1,1,1,ThreadPool,Accurate,canonical-reduction,scaled_sumsq,canonical-scaled-sumsq-v1-leaf1024,ThreadPool,8,5
2,1.6.0,1.6.0,GCC 14.2,Linux,x86_64,AMD EPYC 9V74 80-Core Processor,norm,double,65536,contiguous,1,stable,11,0.056453000000000003,4636148783516150634,4056e8c15756eb6a,91.636800608522819,scalar-reference,8.5903506530371487e-15,9.374345891598261e-17,1,1,1,1,1,ThreadPool,Accurate,canonical-reduction,scaled_sumsq,canonical-scaled-sumsq-v1-leaf1024,ThreadPool,8,5
2,1.6.0,1.6.0,GCC 14.2,Linux,x86_64,AMD EPYC 9V74 80-Core Processor,norm,double,65536,contiguous,1,stable,12,0.073699000000000001,4636148783516150634,4056e8c15756eb6a,91.636800608522819,scalar-reference,8.5903506530371487e-15,9.374345891598261e-17,1,1,1,1,1,ThreadPool,Accurate,canonical-reduction,scaled_sumsq,canonical-scaled-sumsq-v1-leaf1024,ThreadPool,8,5
2,1.6.0,1.6.0,GCC 14.2,Linux,x86_64,AMD EPYC 9V74 80-Core Processor,norm,double,65536,contiguous,1,stable,13,0.082392999999999994,4636148783516150634,4056e8c15756eb6a,91.636800608522819,scalar-reference,8.5903506530371487e-15,9.374345891598261e-17,1,1,1,1,1,ThreadPool,Accurate,canonical-reduction,scaled_sumsq,canonical-scaled-sumsq-v1-leaf1024,ThreadPool,8,5
2,1.6.0,1.6.0,GCC 14.2,Linux,x86_64,AMD EPYC 9V74 80-Core Processor,norm,double,65536,contiguous,1,stable,14,0.082332000000000002,4636148783516150634,4056e8c15756eb6a,91.636800608522819,scalar-reference,8.5903506530371487e-15,9.374345891598261e-17,1,1,1,1,1,ThreadPool,Accurate,canonical-reduction,scaled_sumsq,canonical-scaled-sumsq-v1-leaf1024,ThreadPool,8,5
2,1.6.0,1.6.0,GCC 14.2,Linux,x86_64,AMD EPYC 9V74 80-Core Processor,norm,double,65536,contiguous,1,stable,15,0.056453999999999997,4636148783516150634,4056e8c15756eb6a,91.636800608522819,scalar-reference,8.5903506530371487e-15,9.374345891598261e-17,1,1,1,1,1,ThreadPool,Accurate,canonical-reduction,scaled_sumsq,canonical-scaled-sumsq-v1-leaf1024,ThreadPool,8,5
2,1.6.0,1.6.0,GCC 14.2,Linux,x86_64,AMD EPYC 9V74 80-Core Processor,norm,double,65536,contiguous,1,stable,16,0.05416,4636148783516150634,4056e8c15756eb6a,91.636800608522819,scalar-reference,8.5903506530371487e-15,9.374345891598261e-17,1,1,1,1,1,ThreadPool,Accurate,canonical-reduction,scaled_sumsq,canonical-scaled-sumsq-v1-leaf1024,ThreadPool,8,5
2,1.6.0,1.6.0,GCC 14.2,Linux,x86_64,AMD EPYC 9V74 80-Core Processor,norm,double,65536,contiguous,1,stable,17,0.056663999999999999,4636148783516150634,4056e8c15756eb6a,91.636800608522819,scalar-reference,8.5903506530371487e-15,9.374345891598261e-17,1,1,1,1,1,ThreadPool,Accurate,canonical-reduction,scaled_sumsq,canonical-scaled-sumsq-v1-leaf1024,ThreadPool,8,5
2,1.6.0,1.6.0,GCC 14.2,Linux,x86_64,AMD EPYC 9V74 80-Core Processor,norm,double,65536,contiguous,1,stable,18,0.057826000000000002,4636148783516150634,4056e8c15756eb6a,91.636800608522819,scalar-reference,8.5903506530371487e-15,9.374345891598261e-17,1,1,1,1,1,ThreadPool,Accurate,canonical-reduction,scaled_sumsq,canonical-scaled-sumsq-v1-leaf1024,ThreadPool,8,5
2,1.6.0,1.6.0,GCC 14.2,Linux,x86_64,AMD EPYC 9V74 80-Core Processor,norm,double,65536,contiguous,1,stable,19,0.057396000000000003,4636148783516150634,4056e8c15756eb6a,91.636800608522819,scalar-reference,8.5903506530371487e-15,9.374345891598261e-17,1,1,1,1,1,ThreadPool,Accurate,canonical-reduction,scaled_sumsq,canonical-scaled-sumsq-v1-leaf1024,ThreadPool,8,5
2,1.6.0,1.6.0,GCC 14.2,Linux,x86_64,AMD EPYC 9V74 80-Core Processor,norm,double,65536,contiguous,1,stable,20,0.054330000000000003,4636148783516150634,4056e8c15756eb6a,91.636800608522819,scalar-reference,8.5903506530371487e-15,9.374345891598261e-17,1,1,1,1,1,ThreadPool,Accurate,canonical-reduction,scaled_sumsq,canonical-scaled-sumsq-v1-leaf1024,ThreadPool,8,5
2,1.6.0,1.6.0,GCC 14.2,Linux,x86_64,AMD EPYC 9V74 80-Core Processor,norm,double,65536,contiguous,1,stable,21,0.062413000000000003,4636148783516150634,4056e8c15756eb6a,91.636800608522819,scalar-reference,8.5903506530371487e-15,9.374345891598261e-17,1,1,1,1,1,ThreadPool,Accurate,canonical-reduction,scaled_sumsq,canonical-scaled-sumsq-v1-leaf1024,ThreadPool,8,5
2,1.6.0,1.6.0,GCC 14.2,Linux,x86_64,AMD EPYC 9V74 80-Core Processor,sum_legacy_fast,double,65536,contiguous,1,first_call,0,0.041711999999999999,4651591538215037804,408dc5dbdb852b6c,952.73235229528836,scalar-reference,3.157862860092564e-12,3.314533040139505e-15,1,1,1,1,1,ThreadPool,Fast,adaptive,native,none,ThreadPool,8,5
2,1.6.0,1.6.0,GCC 14.2,Linux,x86_64,AMD EPYC 9V74 80-Core Processor,sum_legacy_fast,double,65536,contiguous,1,stable,1,0.053769999999999998,4651591538215037804,408dc5dbdb852b6c,952.73235229528836,scalar-reference,3.157862860092564e-12,3.314533040139505e-15,1,1,1,1,1,ThreadPool,Fast,adaptive,native,none,ThreadPool,8,5
2,1.6.0,1.6.0,GCC 14.2,Linux,x86_64,AMD EPYC 9V74 80-Core Processor,sum_legacy_fast,double,65536,contiguous,1,stable,2,0.050584999999999998,4651591538215037804,408dc5dbdb852b6c,952.73235229528836,scalar-reference,3.157862860092564e-12,3.314533040139505e-15,1,1,1,1,1,ThreadPool,Fast,adaptive,native,none,ThreadPool,8,5
2,1.6.0,1.6.0,GCC 14.2,Linux,x86_64,AMD EPYC 9V74 80-Core Processor,sum_legacy_fast,double,65536,contiguous,1,stable,3,0.036614000000000001,4651591538215037804,408dc5dbdb852b6c,952.73235229528836,scalar-reference,3.157862860092564e-12,3.314533040139505e-15,1,1,1,1,1,ThreadPool,Fast,adaptive,native,none,ThreadPool,8,5
2,1.6.0,1.6.0,GCC 14.2,Linux,x86_64,AMD EPYC 9V74 80-Core Processor,sum_legacy_fast,double,65536,contiguous,1,stable,4,0.040239999999999998,4651591538215037804,408dc5dbdb852b6c,952.73235229528836,scalar-reference,3.157862860092564e-12,3.314533040139505e-15,1,1,1,1,1,ThreadPool,Fast,adaptive,native,none,ThreadPool,8,5
2,1.6.0,1.6.0,GCC 14.2,Linux,x86_64,AMD EPYC 9V74 80-Core Processor,sum_legacy_fast,double,65536,contiguous,1,stable,5,0.048041,4651591538215037804,408dc5dbdb852b6c,952.73235229528836,scalar-reference,3.157862860092564e-12,3.314533040139505e-15,1,1,1,1,1,ThreadPool,Fast,adaptive,native,none,ThreadPool,8,5
2,1.6.0,1.6.0,GCC 14.2,Linux,x86_64,AMD EPYC 9V74 80-Core Processor,sum_legacy_fast,double,65536,contiguous,1,stable,6,0.08745,4651591538215037804,408dc5dbdb852b6c,952.73235229528836,scalar-reference,3.157862860092564e-12,3.314533040139505e-15,1,1,1,1,1,ThreadPool,Fast,adaptive,native,none,ThreadPool,8,5
2,1.6.0,1.6.0,GCC 14.2,Linux,x86_64,AMD EPYC 9V74 80-Core Processor,sum_legacy_fast,double,65536,contiguous,1,stable,7,0.071946999999999997,4651591538215037804,408dc5dbdb852b6c,952.73235229528836,scalar-reference,3.157862860092564e-12,3.314533040139505e-15,1,1,1,1,1,ThreadPool,Fast,adaptive,native,none,ThreadPool,8,5
2,1.6.0,1.6.0,GCC 14.2,Linux,x86_64,AMD EPYC 9V74 80-Core Processor,sum_legacy_fast,double,65536,contiguous,1,stable,8,0.040410000000000001,4651591538215037804,408dc5dbdb852b6c,952.73235229528836,scalar-reference,3.157862860092564e-12,3.314533040139505e-15,1,1,1,1,1,ThreadPool,Fast,adaptive,native,none,ThreadPool,8,5
2,1.6.0,1.6.0,GCC 14.2,Linux,x86_64,AMD EPYC 9V74 80-Core Processor,sum_legacy_fast,double,65536,contiguous,1,stable,9,0.050834999999999998,4651591538215037804,408dc5dbdb852b6c,952.73235229528836,scalar-reference,3.157862860092564e-12,3.314533040139505e-15,1,1,1,1,1,ThreadPool,Fast,adaptive,native,none,ThreadPool,8,5
2,1.6.0,1.6.0,GCC 14.2,Linux,x86_64,AMD EPYC 9V74 80-Core Processor,sum_legacy_fast,double,65536,contiguous,1,stable,10,0.035832999999999997,4651591538215037804,408dc5dbdb852b6c,952.73235229528836,scalar-reference,3.157862860092564e-12,3.314533040139505e-15,1,1,1,1,1,ThreadPool,Fast,adaptive,native,none,ThreadPool,8,5
2,1.6.0,1.6.0,GCC 14.2,Linux,x86_64,AMD EPYC 9V74 80-Core Processor,sum_legacy_fast,double,65536,contiguous,1,stable,11,0.046008,4651591538215037804,408dc5dbdb852b6c,952.73235229528836,scalar-reference,3.157862860092564e-12,3.314533040139505e-15,1,1,1,1,1,ThreadPool,Fast,adaptive,native,none,ThreadPool,8,5
2,1.6.0,1.6.0,GCC 14.2,Linux,x86_64,AMD EPYC 9V74 80-Core Processor,sum_legacy_fast,double,65536,contiguous,1,stable,12,0.052017000000000001,4651591538215037804,408dc5dbdb852b6c,952.73235229528836,scalar-reference,3.157862860092564e-12,3.314533040139505e-15,1,1,1,1,1,ThreadPool,Fast,adaptive,native,none,ThreadPool,8,5
2,1.6.0,1.6.0,GCC 14.2,Linux,x86_64,AMD EPYC 9V74 80-Core Processor,sum_legacy_fast,double,65536,contiguous,1,stable,13,0.049984000000000001,4651591538215037804,408dc5dbdb852b6c,952.73235229528836,scalar-reference,3.157862860092564e-12,3.314533040139505e-15,1,1,1,1,1,ThreadPool,Fast,adaptive,native,none,ThreadPool,8,5
2,1.6.0,1.6.0,GCC 14.2,Linux,x86_64,AMD EPYC 9V74 80-Core Processor,sum_legacy_fast,double,65536,contiguous,1,stable,14,0.050043999999999998,4651591538215037804,408dc5dbdb852b6c,952.73235229528836,scalar-reference,3.157862860092564e-12,3.314533040139505e-15,1,1,1,1,1,ThreadPool,Fast,adaptive,native,none,ThreadPool,8,5
2,1.6.0,1.6.0,GCC 14.2,Linux,x86_64,AMD EPYC 9V74 80-Core Processor,sum_legacy_fast,double,65536,contiguous,1,stable,15,0.044566000000000001,4651591538215037804,408dc5dbdb852b6c,952.73235229528836,scalar-reference,3.157862860092564e-12,3.314533040139505e-15,1,1,1,1,1,ThreadPool,Fast,adaptive,native,none,ThreadPool,8,5
2,1.6.0,1.6.0,GCC 14.2,Linux,x86_64,AMD EPYC 9V74 80-Core Processor,sum_legacy_fast,double,65536,contiguous,1,stable,16,0.042012000000000001,4651591538215037804,408dc5dbdb852b6c,952.73235229528836,scalar-reference,3.157862860092564e-12,3.314533040139505e-15,1,1,1,1,1,ThreadPool,Fast,adaptive,native,none,ThreadPool,8,5
2,1.6.0,1.6.0,GCC 14.2,Linux,x86_64,AMD EPYC 9V74 80-Core Processor,sum_legacy_fast,double,65536,contiguous,1,stable,17,0.040009000000000003,4651591538215037804,408dc5dbdb852b6c,952.73235229528836,scalar-reference,3.157862860092564e-12,3.314533040139505e-15,1,1,1,1,1,ThreadPool,Fast,adaptive,native,none,ThreadPool,8,5
2,1.6.0,1.6.0,GCC 14.2,Linux,x86_64,AMD EPYC 9V74 80-Core Processor,sum_legacy_fast,double,65536,contiguous,1,stable,18,0.048661999999999997,4651591538215037804,408dc5dbdb852b6c,952.73235229528836,scalar-reference,3.157862860092564e-12,3.314533040139505e-15,1,1,1,1,1,ThreadPool,Fast,adaptive,native,none,ThreadPool,8,5
2,1.6.0,1.6.0,GCC 14.2,Linux,x86_64,AMD EPYC 9V74 80-Core Processor,sum_legacy_fast,double,65536,contiguous,1,stable,19,0.048871999999999999,4651591538215037804,408dc5dbdb852b6c,952.73235229528836,scalar-reference,3.157862860092564e-12,3.314533040139505e-15,1,1,1,1,1,ThreadPool,Fast,adaptive,native,none,ThreadPool,8,5
2,1.6.0,1.6.0,GCC 14.2,Linux,x86_64,AMD EPYC 9V74 80-Core Processor,sum_legacy_fast,double,65536,contiguous,1,stable,20,0.045057,4651591538215037804,408dc5dbdb852b6c,952.73235229528836,scalar-reference,3.157862860092564e-12,3.314533040139505e-15,1,1,1,1,1,ThreadPool,Fast,adaptive,native,none,ThreadPool,8,5
2,1.6.0,1.6.0,GCC 14.2,Linux,x86_64,AMD EPYC 9V74 80-Core Processor,sum_legacy_fast,double,65536,contiguous,1,stable,21,0.036724,4651591538215037804,408dc5dbdb852b6c,952.73235229528836,scalar-reference,3.157862860092564e-12,3.314533040139505e-15,1,1,1,1,1,ThreadPool,Fast,adaptive,native,none,ThreadPool,8,5
2,1.6.0,1.6.0,GCC 14.2,Linux,x86_64,AMD EPYC 9V74 80-Core Processor,sum_direct_sequential,double,65536,contiguous,1,first_call,0,0.053228999999999999,4651591538215037730,408dc5dbdb852b22,952.73235229528836,scalar-reference,5.2549631313070222e-12,5.5156761693322943e-15,1,1,1,1,1,DirectSequential,Fast,adaptive,native,none,Auto,1,1
2,1.6.0,1.6.0,GCC 14.2,Linux,x86_64,AMD EPYC 9V74 80-Core Processor,sum_direct_sequential,double,65536,contiguous,1,stable,1,0.053239000000000002,4651591538215037730,408dc5dbdb852b22,952.73235229528836,scalar-reference,5.2549631313070222e-12,5.5156761693322943e-15,1,1,1,1,1,DirectSequential,Fast,adaptive,native,none,Auto,1,1
2,1.6.0,1.6.0,GCC 14.2,Linux,x86_64,AMD EPYC 9V74 80-Core Processor,sum_direct_sequential,double,65536,contiguous,1,stable,2,0.053248999999999998,4651591538215037730,408dc5dbdb852b22,952.73235229528836,scalar-reference,5.2549631313070222e-12,5.5156761693322943e-15,1,1,1,1,1,DirectSequential,Fast,adaptive,native,none,Auto,1,1
2,1.6.0,1.6.0,GCC 14.2,Linux,x86_64,AMD EPYC 9V74 80-Core Processor,sum_direct_sequential,double,65536,contiguous,1,stable,3,0.053259000000000001,4651591538215037730,408dc5dbdb852b22,952.73235229528836,scalar-reference,5.2549631313070222e-12,5.5156761693322943e-15,1,1,1,1,1,DirectSequential,Fast,adaptive,native,none,Auto,1,1
2,1.6.0,1.6.0,GCC 14.2,Linux,x86_64,AMD EPYC 9V74 80-Core Processor,sum_direct_sequential,double,65536,contiguous,1,stable,4,0.053228999999999999,4651591538215037730,408dc5dbdb852b22,952.73235229528836,scalar-reference,5.2549631313070222e-12,5.5156761693322943e-15,1,1,1,1,1,DirectSequential,Fast,adaptive,native,none,Auto,1,1
2,1.6.0,1.6.0,GCC 14.2,Linux,x86_64,AMD EPYC 9V74 80-Core Processor,sum_direct_sequential,double,65536,contiguous,1,stable,5,0.053228999999999999,4651591538215037730,408dc5dbdb852b22,952.73235229528836,scalar-reference,5.2549631313070222e-12,5.5156761693322943e-15,1,1,1,1,1,DirectSequential,Fast,adaptive,native,none,Auto,1,1
2,1.6.0,1.6.0,GCC 14.2,Linux,x86_64,AMD EPYC 9V74 80-Core Processor,sum_direct_sequential,double,65536,contiguous,1,stable,6,0.053239000000000002,4651591538215037730,408dc5dbdb852b22,952.73235229528836,scalar-reference,5.2549631313070222e-12,5.5156761693322943e-15,1,1,1,1,1,DirectSequential,Fast,adaptive,native,none,Auto,1,1
2,1.6.0,1.6.0,GCC 14.2,Linux,x86_64,AMD EPYC 9V74 80-Core Processor,sum_direct_sequential,double,65536,contiguous,1,stable,7,0.053239000000000002,4651591538215037730,408dc5dbdb852b22,952.73235229528836,scalar-reference,5.2549631313070222e-12,5.5156761693322943e-15,1,1,1,1,1,DirectSequential,Fast,adaptive,native,none,Auto,1,1
2,1.6.0,1.6.0,GCC 14.2,Linux,x86_64,AMD EPYC 9V74 80-Core Processor,sum_direct_sequential,double,65536,contiguous,1,stable,8,0.053228999999999999,4651591538215037730,408dc5dbdb852b22,952.73235229528836,scalar-reference,5.2549631313070222e-12,5.5156761693322943e-15,1,1,1,1,1,DirectSequential,Fast,adaptive,native,none,Auto,1,1
2,1.6.0,1.6.0,GCC 14.2,Linux,x86_64,AMD EPYC 9V74 80-Core Processor,sum_direct_sequential,double,65536,contiguous,1,stable,9,0.053228999999999999,4651591538215037730,408dc5dbdb852b22,952.73235229528836,scalar-reference,5.2549631313070222e-12,5.5156761693322943e-15,1,1,1,1,1,DirectSequential,Fast,adaptive,native,none,Auto,1,1
2,1.6.0,1.6.0,GCC 14.2,Linux,x86_64,AMD EPYC 9V74 80-Core Processor,sum_direct_sequential,double,65536,contiguous,1,stable,10,0.053239000000000002,4651591538215037730,408dc5dbdb852b22,952.73235229528836,scalar-reference,5.2549631313070222e-12,5.5156761693322943e-15,1,1,1,1,1,DirectSequential,Fast,adaptive,native,none,Auto,1,1
2,1.6.0,1.6.0,GCC 14.2,Linux,x86_64,AMD EPYC 9V74 80-Core Processor,sum_direct_sequential,double,65536,contiguous,1,stable,11,0.053239000000000002,4651591538215037730,408dc5dbdb852b22,952.73235229528836,scalar-reference,5.2549631313070222e-12,5.5156761693322943e-15,1,1,1,1,1,DirectSequential,Fast,adaptive,native,none,Auto,1,1
2,1.6.0,1.6.0,GCC 14.2,Linux,x86_64,AMD EPYC 9V74 80-Core Processor,sum_direct_sequential,double,65536,contiguous,1,stable,12,0.053239000000000002,4651591538215037730,408dc5dbdb852b22,952.73235229528836,scalar-reference,5.2549631313070222e-12,5.5156761693322943e-15,1,1,1,1,1,DirectSequential,Fast,adaptive,native,none,Auto,1,1
2,1.6.0,1.6.0,GCC 14.2,Linux,x86_64,AMD EPYC 9V74 80-Core Processor,sum_direct_sequential,double,65536,contiguous,1,stable,13,0.053239000000000002,4651591538215037730,408dc5dbdb852b22,952.73235229528836,scalar-reference,5.2549631313070222e-12,5.5156761693322943e-15,1,1,1,1,1,DirectSequential,Fast,adaptive,native,none,Auto,1,1
2,1.6.0,1.6.0,GCC 14.2,Linux,x86_64,AMD EPYC 9V74 80-Core Processor,sum_direct_sequential,double,65536,contiguous,1,stable,14,0.053228999999999999,4651591538215037730,408dc5dbdb852b22,952.73235229528836,scalar-reference,5.2549631313070222e-12,5.5156761693322943e-15,1,1,1,1,1,DirectSequential,Fast,adaptive,native,none,Auto,1,1
2,1.6.0,1.6.0,GCC 14.2,Linux,x86_64,AMD EPYC 9V74 80-Core Processor,sum_direct_sequential,double,65536,contiguous,1,stable,15,0.053239000000000002,4651591538215037730,408dc5dbdb852b22,952.73235229528836,scalar-reference,5.2549631313070222e-12,5.5156761693322943e-15,1,1,1,1,1,DirectSequential,Fast,adaptive,native,none,Auto,1,1
2,1.6.0,1.6.0,GCC 14.2,Linux,x86_64,AMD EPYC 9V74 80-Core Processor,sum_direct_sequential,double,65536,contiguous,1,stable,16,0.053228999999999999,4651591538215037730,408dc5dbdb852b22,952.73235229528836,scalar-reference,5.2549631313070222e-12,5.5156761693322943e-15,1,1,1,1,1,DirectSequential,Fast,adaptive,native,none,Auto,1,1
2,1.6.0,1.6.0,GCC 14.2,Linux,x86_64,AMD EPYC 9V74 80-Core Processor,sum_direct_sequential,double,65536,contiguous,1,stable,17,0.053228999999999999,4651591538215037730,408dc5dbdb852b22,952.73235229528836,scalar-reference,5.2549631313070222e-12,5.5156761693322943e-15,1,1,1,1,1,DirectSequential,Fast,adaptive,native,none,Auto,1,1
2,1.6.0,1.6.0,GCC 14.2,Linux,x86_64,AMD EPYC 9V74 80-Core Processor,sum_direct_sequential,double,65536,contiguous,1,stable,18,0.053239000000000002,4651591538215037730,408dc5dbdb852b22,952.73235229528836,scalar-reference,5.2549631313070222e-12,5.5156761693322943e-15,1,1,1,1,1,DirectSequential,Fast,adaptive,native,none,Auto,1,1
2,1.6.0,1.6.0,GCC 14.2,Linux,x86_64,AMD EPYC 9V74 80-Core Processor,sum_direct_sequential,double,65536,contiguous,1,stable,19,0.053228999999999999,4651591538215037730,408dc5dbdb852b22,952.73235229528836,scalar-reference,5.2549631313070222e-12,5.5156761693322943e-15,1,1,1,1,1,DirectSequential,Fast,adaptive,native,none,Auto,1,1
2,1.6.0,1.6.0,GCC 14.2,Linux,x86_64,AMD EPYC 9V74 80-Core Processor,sum_direct_sequential,double,65536,contiguous,1,stable,20,0.053239000000000002,4651591538215037730,408dc5dbdb852b22,952.73235229528836,scalar-reference,5.2549631313070222e-12,5.5156761693322943e-15,1,1,1,1,1,DirectSequential,Fast,adaptive,native,none,Auto,1,1
2,1.6.0,1.6.0,GCC 14.2,Linux,x86_64,AMD EPYC 9V74 80-Core Processor,sum_direct_sequential,double,65536,contiguous,1,stable,21,0.053239000000000002,4651591538215037730,408dc5dbdb852b22,952.73235229528836,scalar-reference,5.2549631313070222e-12,5.5156761693322943e-15,1,1,1,1,1,DirectSequential,Fast,adaptive,native,none,Auto,1,1
2,1.6.0,1.6.0,GCC 14.2,Linux,x86_64,AMD EPYC 9V74 80-Core Processor,dot_direct_sequential,double,65536,contiguous,1,first_call,0,0.053739000000000002,4664820074113941826,40bcc52462ac4142,7365.1421306284883,scalar-reference,3.2505553804185183e-11,4.4134319783196624e-15,1,1,1,1,1,DirectSequential,Fast,adaptive,native,none,Auto,1,1
2,1.6.0,1.6.0,GCC 14.2,Linux,x86_64,AMD EPYC 9V74 80-Core Processor,dot_direct_sequential,double,65536,contiguous,1,stable,1,0.056543999999999997,4664820074113941826,40bcc52462ac4142,7365.1421306284883,scalar-reference,3.2505553804185183e-11,4.4134319783196624e-15,1,1,1,1,1,DirectSequential,Fast,adaptive,native,none,Auto,1,1
2,1.6.0,1.6.0,GCC 14.2,Linux,x86_64,AMD EPYC 9V74 80-Core Processor,dot_direct_sequential,double,65536,contiguous,1,stable,2,0.053358999999999997,4664820074113941826,40bcc52462ac4142,7365.1421306284883,scalar-reference,3.2505553804185183e-11,4.4134319783196624e-15,1,1,1,1,1,DirectSequential,Fast,adaptive,native,none,Auto,1,1
2,1.6.0,1.6.0,GCC 14.2,Linux,x86_64,AMD EPYC 9V74 80-Core Processor,dot_direct_sequential,double,65536,contiguous,1,stable,3,0.053419000000000001,4664820074113941826,40bcc52462ac4142,7365.1421306284883,scalar-reference,3.2505553804185183e-11,4.4134319783196624e-15,1,1,1,1,1,DirectSequential,Fast,adaptive,native,none,Auto,1,1
2,1.6.0,1.6.0,GCC 14.2,Linux,x86_64,AMD EPYC 9V74 80-Core Processor,dot_direct_sequential,double,65536,contiguous,1,stable,4,0.053259000000000001,4664820074113941826,40bcc52462ac4142,7365.1421306284883,scalar-reference,3.2505553804185183e-11,4.4134319783196624e-15,1,1,1,1,1,DirectSequential,Fast,adaptive,native,none,Auto,1,1
2,1.6.0,1.6.0,GCC 14.2,Linux,x86_64,AMD EPYC 9V74 80-Core Processor,dot_direct_sequential,double,65536,contiguous,1,stable,5,0.053259000000000001,4664820074113941826,40bcc52462ac4142,7365.1421306284883,scalar-reference,3.2505553804185183e-11,4.4134319783196624e-15,1,1,1,1,1,DirectSequential,Fast,adaptive,native,none,Auto,1,1
2,1.6.0,1.6.0,GCC 14.2,Linux,x86_64,AMD EPYC 9V74 80-Core Processor,dot_direct_sequential,double,65536,contiguous,1,stable,6,0.053259000000000001,4664820074113941826,40bcc52462ac4142,7365.1421306284883,scalar-reference,3.2505553804185183e-11,4.4134319783196624e-15,1,1,1,1,1,DirectSequential,Fast,adaptive,native,none,Auto,1,1
2,1.6.0,1.6.0,GCC 14.2,Linux,x86_64,AMD EPYC 9V74 80-Core Processor,dot_direct_sequential,double,65536,contiguous,1,stable,7,0.053499999999999999,4664820074113941826,40bcc52462ac4142,7365.1421306284883,scalar-reference,3.2505553804185183e-11,4.4134319783196624e-15,1,1,1,1,1,DirectSequential,Fast,adaptive,native,none,Auto,1,1
2,1.6.0,1.6.0,GCC 14.2,Linux,x86_64,AMD EPYC 9V74 80-Core Processor,dot_direct_sequential,double,65536,contiguous,1,stable,8,0.053248999999999998,4664820074113941826,40bcc52462ac4142,7365.1421306284883,scalar-reference,3.2505553804185183e-11,4.4134319783196624e-15,1,1,1,1,1,DirectSequential,Fast,adaptive,native,none,Auto,1,1
2,1.6.0,1.6.0,GCC 14.2,Linux,x86_64,AMD EPYC 9V74 80-Core Processor,dot_direct_sequential,double,65536,contiguous,1,stable,9,0.053309000000000002,4664820074113941826,40bcc52462ac4142,7365.1421306284883,scalar-reference,3.2505553804185183e-11,4.4134319783196624e-15,1,1,1,1,1,DirectSequential,Fast,adaptive,native,none,Auto,1,1
2,1.6.0,1.6.0,GCC 14.2,Linux,x86_64,AMD EPYC 9V74 80-Core Processor,dot_direct_sequential,double,65536,contiguous,1,stable,10,0.053309000000000002,4664820074113941826,40bcc52462ac4142,7365.1421306284883,scalar-reference,3.2505553804185183e-11,4.4134319783196624e-15,1,1,1,1,1,DirectSequential,Fast,adaptive,native,none,Auto,1,1
2,1.6.0,1.6.0,GCC 14.2,Linux,x86_64,AMD EPYC 9V74 80-Core Processor,dot_direct_sequential,double,65536,contiguous,1,stable,11,0.053289999999999997,4664820074113941826,40bcc52462ac4142,7365.1421306284883,scalar-reference,3.2505553804185183e-11,4.4134319783196624e-15,1,1,1,1,1,DirectSequential,Fast,adaptive,native,none,Auto,1,1
2,1.6.0,1.6.0,GCC 14.2,Linux,x86_64,AMD EPYC 9V74 80-Core Processor,dot_direct_sequential,double,65536,contiguous,1,stable,12,0.053248999999999998,4664820074113941826,40bcc52462ac4142,7365.1421306284883,scalar-reference,3.2505553804185183e-11,4.4134319783196624e-15,1,1,1,1,1,DirectSequential,Fast,adaptive,native,none,Auto,1,1
2,1.6.0,1.6.0,GCC 14.2,Linux,x86_64,AMD EPYC 9V74 80-Core Processor,dot_direct_sequential,double,65536,contiguous,1,stable,13,0.053329000000000001,4664820074113941826,40bcc52462ac4142,7365.1421306284883,scalar-reference,3.2505553804185183e-11,4.4134319783196624e-15,1,1,1,1,1,DirectSequential,Fast,adaptive,native,none,Auto,1,1
2,1.6.0,1.6.0,GCC 14.2,Linux,x86_64,AMD EPYC 9V74 80-Core Processor,dot_direct_sequential,double,65536,contiguous,1,stable,14,0.053259000000000001,4664820074113941826,40bcc52462ac4142,7365.1421306284883,scalar-reference,3.2505553804185183e-11,4.4134319783196624e-15,1,1,1,1,1,DirectSequential,Fast,adaptive,native,none,Auto,1,1
2,1.6.0,1.6.0,GCC 14.2,Linux,x86_64,AMD EPYC 9V74 80-Core Processor,dot_direct_sequential,double,65536,contiguous,1,stable,15,0.053259000000000001,4664820074113941826,40bcc52462ac4142,7365.1421306284883,scalar-reference,3.2505553804185183e-11,4.4134319783196624e-15,1,1,1,1,1,DirectSequential,Fast,adaptive,native,none,Auto,1,1
2,1.6.0,1.6.0,GCC 14.2,Linux,x86_64,AMD EPYC 9V74 80-Core Processor,dot_direct_sequential,double,65536,contiguous,1,stable,16,0.053519999999999998,4664820074113941826,40bcc52462ac4142,7365.1421306284883,scalar-reference,3.2505553804185183e-11,4.4134319783196624e-15,1,1,1,1,1,DirectSequential,Fast,adaptive,native,none,Auto,1,1
2,1.6.0,1.6.0,GCC 14.2,Linux,x86_64,AMD EPYC 9V74 80-Core Processor,dot_direct_sequential,double,65536,contiguous,1,stable,17,0.053248999999999998,4664820074113941826,40bcc52462ac4142,7365.1421306284883,scalar-reference,3.2505553804185183e-11,4.4134319783196624e-15,1,1,1,1,1,DirectSequential,Fast,adaptive,native,none,Auto,1,1
2,1.6.0,1.6.0,GCC 14.2,Linux,x86_64,AMD EPYC 9V74 80-Core Processor,dot_direct_sequential,double,65536,contiguous,1,stable,18,0.053259000000000001,4664820074113941826,40bcc52462ac4142,7365.1421306284883,scalar-reference,3.2505553804185183e-11,4.4134319783196624e-15,1,1,1,1,1,DirectSequential,Fast,adaptive,native,none,Auto,1,1
2,1.6.0,1.6.0,GCC 14.2,Linux,x86_64,AMD EPYC 9V74 80-Core Processor,dot_direct_sequential,double,65536,contiguous,1,stable,19,0.065186999999999995,4664820074113941826,40bcc52462ac4142,7365.1421306284883,scalar-reference,3.2505553804185183e-11,4.4134319783196624e-15,1,1,1,1,1,DirectSequential,Fast,adaptive,native,none,Auto,1,1
2,1.6.0,1.6.0,GCC 14.2,Linux,x86_64,AMD EPYC 9V74 80-Core Processor,dot_direct_sequential,double,65536,contiguous,1,stable,20,0.053259000000000001,4664820074113941826,40bcc52462ac4142,7365.1421306284883,scalar-reference,3.2505553804185183e-11,4.4134319783196624e-15,1,1,1,1,1,DirectSequential,Fast,adaptive,native,none,Auto,1,1
2,1.6.0,1.6.0,GCC 14.2,Linux,x86_64,AMD EPYC 9V74 80-Core Processor,dot_direct_sequential,double,65536,contiguous,1,stable,21,0.053259000000000001,4664820074113941826,40bcc52462ac4142,7365.1421306284883,scalar-reference,3.2505553804185183e-11,4.4134319783196624e-15,1,1,1,1,1,DirectSequential,Fast,adaptive,native,none,Auto,1,1
2,1.6.0,1.6.0,GCC 14.2,Linux,x86_64,AMD EPYC 9V74 80-Core Processor,norm_direct_sequential,double,65536,contiguous,1,first_call,0,0.053248999999999998,4636148783516150664,4056e8c15756eb88,91.636800608522819,scalar-reference,4.1773529080302296e-13,4.5585975069951413e-15,1,1,1,1,1,DirectSequential,Fast,adaptive,native,none,Auto,1,1
2,1.6.0,1.6.0,GCC 14.2,Linux,x86_64,AMD EPYC 9V74 80-Core Processor,norm_direct_sequential,double,65536,contiguous,1,stable,1,0.053248999999999998,4636148783516150664,4056e8c15756eb88,91.636800608522819,scalar-reference,4.1773529080302296e-13,4.5585975069951413e-15,1,1,1,1,1,DirectSequential,Fast,adaptive,native,none,Auto,1,1
2,1.6.0,1.6.0,GCC 14.2,Linux,x86_64,AMD EPYC 9V74 80-Core Processor,norm_direct_sequential,double,65536,contiguous,1,stable,2,0.053248999999999998,4636148783516150664,4056e8c15756eb88,91.636800608522819,scalar-reference,4.1773529080302296e-13,4.5585975069951413e-15,1,1,1,1,1,DirectSequential,Fast,adaptive,native,none,Auto,1,1
2,1.6.0,1.6.0,GCC 14.2,Linux,x86_64,AMD EPYC 9V74 80-Core Processor,norm_direct_sequential,double,65536,contiguous,1,stable,3,0.053248999999999998,4636148783516150664,4056e8c15756eb88,91.636800608522819,scalar-reference,4.1773529080302296e-13,4.5585975069951413e-15,1,1,1,1,1,DirectSequential,Fast,adaptive,native,none,Auto,1,1
2,1.6.0,1.6.0,GCC 14.2,Linux,x86_64,AMD EPYC 9V74 80-Core Processor,norm_direct_sequential,double,65536,contiguous,1,stable,4,0.053239000000000002,4636148783516150664,4056e8c15756eb88,91.636800608522819,scalar-reference,4.1773529080302296e-13,4.5585975069951413e-15,1,1,1,1,1,DirectSequential,Fast,adaptive,native,none,Auto,1,1
2,1.6.0,1.6.0,GCC 14.2,Linux,x86_64,AMD EPYC 9V74 80-Core Processor,norm_direct_sequential,double,65536,contiguous,1,stable,5,0.05364,4636148783516150664,4056e8c15756eb88,91.636800608522819,scalar-reference,4.1773529080302296e-13,4.5585975069951413e-15,1,1,1,1,1,DirectSequential,Fast,adaptive,native,none,Auto,1,1
2,1.6.0,1.6.0,GCC 14.2,Linux,x86_64,AMD EPYC 9V74 80-Core Processor,norm_direct_sequential,double,65536,contiguous,1,stable,6,0.053358999999999997,4636148783516150664,4056e8c15756eb88,91.636800608522819,scalar-reference,4.1773529080302296e-13,4.5585975069951413e-15,1,1,1,1,1,DirectSequential,Fast,adaptive,native,none,Auto,1,1
2,1.6.0,1.6.0,GCC 14.2,Linux,x86_64,AMD EPYC 9V74 80-Core Processor,norm_direct_sequential,double,65536,contiguous,1,stable,7,0.053248999999999998,4636148783516150664,4056e8c15756eb88,91.636800608522819,scalar-reference,4.1773529080302296e-13,4.5585975069951413e-15,1,1,1,1,1,DirectSequential,Fast,adaptive,native,none,Auto,1,1
2,1.6.0,1.6.0,GCC 14.2,Linux,x86_64,AMD EPYC 9V74 80-Core Processor,norm_direct_sequential,double,65536,contiguous,1,stable,8,0.053239000000000002,4636148783516150664,4056e8c15756eb88,91.636800608522819,scalar-reference,4.1773529080302296e-13,4.5585975069951413e-15,1,1,1,1,1,DirectSequential,Fast,adaptive,native,none,Auto,1,1
2,1.6.0,1.6.0,GCC 14.2,Linux,x86_64,AMD EPYC 9V74 80-Core Processor,norm_direct_sequential,double,65536,contiguous,1,stable,9,0.053239000000000002,4636148783516150664,4056e8c15756eb88,91.636800608522819,scalar-reference,4.1773529080302296e-13,4.5585975069951413e-15,1,1,1,1,1,DirectSequential,Fast,adaptive,native,none,Auto,1,1
2,1.6.0,1.6.0,GCC 14.2,Linux,x86_64,AMD EPYC 9V74 80-Core Processor,norm_direct_sequential,double,65536,contiguous,1,stable,10,0.053239000000000002,4636148783516150664,4056e8c15756eb88,91.636800608522819,scalar-reference,4.1773529080302296e-13,4.5585975069951413e-15,1,1,1,1,1,DirectSequential,Fast,adaptive,native,none,Auto,1,1
2,1.6.0,1.6.0,GCC 14.2,Linux,x86_64,AMD EPYC 9V74 80-Core Processor,norm_direct_sequential,double,65536,contiguous,1,stable,11,0.053248999999999998,4636148783516150664,4056e8c15756eb88,91.636800608522819,scalar-reference,4.1773529080302296e-13,4.5585975069951413e-15,1,1,1,1,1,DirectSequential,Fast,adaptive,native,none,Auto,1,1
2,1.6.0,1.6.0,GCC 14.2,Linux,x86_64,AMD EPYC 9V74 80-Core Processor,norm_direct_sequential,double,65536,contiguous,1,stable,12,0.053239000000000002,4636148783516150664,4056e8c15756eb88,91.636800608522819,scalar-reference,4.1773529080302296e-13,4.5585975069951413e-15,1,1,1,1,1,DirectSequential,Fast,adaptive,native,none,Auto,1,1
2,1.6.0,1.6.0,GCC 14.2,Linux,x86_64,AMD EPYC 9V74 80-Core Processor,norm_direct_sequential,double,65536,contiguous,1,stable,13,0.053247999999999997,4636148783516150664,4056e8c15756eb88,91.636800608522819,scalar-reference,4.1773529080302296e-13,4.5585975069951413e-15,1,1,1,1,1,DirectSequential,Fast,adaptive,native,none,Auto,1,1
2,1.6.0,1.6.0,GCC 14.2,Linux,x86_64,AMD EPYC 9V74 80-Core Processor,norm_direct_sequential,double,65536,contiguous,1,stable,14,0.053228999999999999,4636148783516150664,4056e8c15756eb88,91.636800608522819,scalar-reference,4.1773529080302296e-13,4.5585975069951413e-15,1,1,1,1,1,DirectSequential,Fast,adaptive,native,none,Auto,1,1
2,1.6.0,1.6.0,GCC 14.2,Linux,x86_64,AMD EPYC 9V74 80-Core Processor,norm_direct_sequential,double,65536,contiguous,1,stable,15,0.053279,4636148783516150664,4056e8c15756eb88,91.636800608522819,scalar-reference,4.1773529080302296e-13,4.5585975069951413e-15,1,1,1,1,1,DirectSequential,Fast,adaptive,native,none,Auto,1,1
2,1.6.0,1.6.0,GCC 14.2,Linux,x86_64,AMD EPYC 9V74 80-Core Processor,norm_direct_sequential,double,65536,contiguous,1,stable,16,0.053298999999999999,4636148783516150664,4056e8c15756eb88,91.636800608522819,scalar-reference,4.1773529080302296e-13,4.5585975069951413e-15,1,1,1,1,1,DirectSequential,Fast,adaptive,native,none,Auto,1,1
2,1.6.0,1.6.0,GCC 14.2,Linux,x86_64,AMD EPYC 9V74 80-Core Processor,norm_direct_sequential,double,65536,contiguous,1,stable,17,0.053239000000000002,4636148783516150664,4056e8c15756eb88,91.636800608522819,scalar-reference,4.1773529080302296e-13,4.5585975069951413e-15,1,1,1,1,1,DirectSequential,Fast,adaptive,native,none,Auto,1,1
2,1.6.0,1.6.0,GCC 14.2,Linux,x86_64,AMD EPYC 9V74 80-Core Processor,norm_direct_sequential,double,65536,contiguous,1,stable,18,0.053239000000000002,4636148783516150664,4056e8c15756eb88,91.636800608522819,scalar-reference,4.1773529080302296e-13,4.5585975069951413e-15,1,1,1,1,1,DirectSequential,Fast,adaptive,native,none,Auto,1,1
2,1.6.0,1.6.0,GCC 14.2,Linux,x86_64,AMD EPYC 9V74 80-Core Processor,norm_direct_sequential,double,65536,contiguous,1,stable,19,0.053239000000000002,4636148783516150664,4056e8c15756eb88,91.636800608522819,scalar-reference,4.1773529080302296e-13,4.5585975069951413e-15,1,1,1,1,1,DirectSequential,Fast,adaptive,native,none,Auto,1,1
2,1.6.0,1.6.0,GCC 14.2,Linux,x86_64,AMD EPYC 9V74 80-Core Processor,norm_direct_sequential,double,65536,contiguous,1,stable,20,0.053239000000000002,4636148783516150664,4056e8c15756eb88,91.636800608522819,scalar-reference,4.1773529080302296e-13,4.5585975069951413e-15,1,1,1,1,1,DirectSequential,Fast,adaptive,native,none,Auto,1,1
2,1.6.0,1.6.0,GCC 14.2,Linux,x86_64,AMD EPYC 9V74 80-Core Processor,norm_direct_sequential,double,65536,contiguous,1,stable,21,0.053239000000000002,4636148783516150664,4056e8c15756eb88,91.636800608522819,scalar-reference,4.1773529080302296e-13,4.5585975069951413e-15,1,1,1,1,1,DirectSequential,Fast,adaptive,native,none,Auto,1,1
2,1.6.0,1.6.0,GCC 14.2,Linux,x86_64,AMD EPYC 9V74 80-Core Processor,axpy,double,65536,contiguous,1,first_call,0,0.053460000000000001,4679272748472304939,129406f938ccdada,66012.36617614764,129406f938ccdada,0,0,1,1,1,1,1,ThreadPool,Fast,adaptive,native,none,ThreadPool,8,5
2,1.6.0,1.6.0,GCC 14.2,Linux,x86_64,AMD EPYC 9V74 80-Core Processor,axpy,double,65536,contiguous,1,stable,1,0.048131,4679272748472304939,129406f938ccdada,66012.36617614764,129406f938ccdada,0,0,1,1,1,1,1,ThreadPool,Fast,adaptive,native,none,ThreadPool,8,5
2,1.6.0,1.6.0,GCC 14.2,Linux,x86_64,AMD EPYC 9V74 80-Core Processor,axpy,double,65536,contiguous,1,stable,2,0.042373000000000001,4679272748472304939,129406f938ccdada,66012.36617614764,129406f938ccdada,0,0,1,1,1,1,1,ThreadPool,Fast,adaptive,native,none,ThreadPool,8,5
2,1.6.0,1.6.0,GCC 14.2,Linux,x86_64,AMD EPYC 9V74 80-Core Processor,axpy,double,65536,contiguous,1,stable,3,0.067780000000000007,4679272748472304939,129406f938ccdada,66012.36617614764,129406f938ccdada,0,0,1,1,1,1,1,ThreadPool,Fast,adaptive,native,none,ThreadPool,8,5
2,1.6.0,1.6.0,GCC 14.2,Linux,x86_64,AMD EPYC 9V74 80-Core Processor,axpy,double,65536,contiguous,1,stable,4,0.051476000000000001,4679272748472304939,129406f938ccdada,66012.36617614764,129406f938ccdada,0,0,1,1,1,1,1,ThreadPool,Fast,adaptive,native,none,ThreadPool,8,5
2,1.6.0,1.6.0,GCC 14.2,Linux,x86_64,AMD EPYC 9V74 80-Core Processor,axpy,double,65536,contiguous,1,stable,5,0.043705000000000001,4679272748472304939,129406f938ccdada,66012.36617614764,129406f938ccdada,0,0,1,1,1,1,1,ThreadPool,Fast,adaptive,native,none,ThreadPool,8,5
2,1.6.0,1.6.0,GCC 14.2,Linux,x86_64,AMD EPYC 9V74 80-Core Processor,axpy,double,65536,contiguous,1,stable,6,0.050764999999999998,4679272748472304939,129406f938ccdada,66012.36617614764,129406f938ccdada,0,0,1,1,1,1,1,ThreadPool,Fast,adaptive,native,none,ThreadPool,8,5
2,1.6.0,1.6.0,GCC 14.2,Linux,x86_64,AMD EPYC 9V74 80-Core Processor,axpy,double,65536,contiguous,1,stable,7,0.039949999999999999,4679272748472304939,129406f938ccdada,66012.36617614764,129406f938ccdada,0,0,1,1,1,1,1,ThreadPool,Fast,adaptive,native,none,ThreadPool,8,5
2,1.6.0,1.6.0,GCC 14.2,Linux,x86_64,AMD EPYC 9V74 80-Core Processor,axpy,double,65536,contiguous,1,stable,8,0.038616999999999999,4679272748472304939,129406f938ccdada,66012.36617614764,129406f938ccdada,0,0,1,1,1,1,1,ThreadPool,Fast,adaptive,native,none,ThreadPool,8,5
2,1.6.0,1.6.0,GCC 14.2,Linux,x86_64,AMD EPYC 9V74 80-Core Processor,axpy,double,65536,contiguous,1,stable,9,0.045837000000000003,4679272748472304939,129406f938ccdada,66012.36617614764,129406f938ccdada,0,0,1,1,1,1,1,ThreadPool,Fast,adaptive,native,none,ThreadPool,8,5
2,1.6.0,1.6.0,GCC 14.2,Linux,x86_64,AMD EPYC 9V74 80-Core Processor,axpy,double,65536,contiguous,1,stable,10,0.044115000000000001,4679272748472304939,129406f938ccdada,66012.36617614764,129406f938ccdada,0,0,1,1,1,1,1,ThreadPool,Fast,adaptive,native,none,ThreadPool,8,5
2,1.6.0,1.6.0,GCC 14.2,Linux,x86_64,AMD EPYC 9V74 80-Core Processor,axpy,double,65536,contiguous,1,stable,11,0.040050000000000002,4679272748472304939,129406f938ccdada,66012.36617614764,129406f938ccdada,0,0,1,1,1,1,1,ThreadPool,Fast,adaptive,native,none,ThreadPool,8,5
2,1.6.0,1.6.0,GCC 14.2,Linux,x86_64,AMD EPYC 9V74 80-Core Processor,axpy,double,65536,contiguous,1,stable,12,0.054630999999999999,4679272748472304939,129406f938ccdada,66012.36617614764,129406f938ccdada,0,0,1,1,1,1,1,ThreadPool,Fast,adaptive,native,none,ThreadPool,8,5
2,1.6.0,1.6.0,GCC 14.2,Linux,x86_64,AMD EPYC 9V74 80-Core Processor,axpy,double,65536,contiguous,1,stable,13,0.044926000000000001,4679272748472304939,129406f938ccdada,66012.36617614764,129406f938ccdada,0,0,1,1,1,1,1,ThreadPool,Fast,adaptive,native,none,ThreadPool,8,5
2,1.6.0,1.6.0,GCC 14.2,Linux,x86_64,AMD EPYC 9V74 80-Core Processor,axpy,double,65536,contiguous,1,stable,14,0.043194000000000003,4679272748472304939,129406f938ccdada,66012.36617614764,129406f938ccdada,0,0,1,1,1,1,1,ThreadPool,Fast,adaptive,native,none,ThreadPool,8,5
2,1.6.0,1.6.0,GCC 14.2,Linux,x86_64,AMD EPYC 9V74 80-Core Processor,axpy,double,65536,contiguous,1,stable,15,0.042862999999999998,4679272748472304939,129406f938ccdada,66012.36617614764,129406f938ccdada,0,0,1,1,1,1,1,ThreadPool,Fast,adaptive,native,none,ThreadPool,8,5
2,1.6.0,1.6.0,GCC 14.2,Linux,x86_64,AMD EPYC 9V74 80-Core Processor,axpy,double,65536,contiguous,1,stable,16,0.046948999999999998,4679272748472304939,129406f938ccdada,66012.36617614764,129406f938ccdada,0,0,1,1,1,1,1,ThreadPool,Fast,adaptive,native,none,ThreadPool,8,5
2,1.6.0,1.6.0,GCC 14.2,Linux,x86_64,AMD EPYC 9V74 80-Core Processor,axpy,double,65536,contiguous,1,stable,17,0.037685999999999997,4679272748472304939,129406f938ccdada,66012.36617614764,129406f938ccdada,0,0,1,1,1,1,1,ThreadPool,Fast,adaptive,native,none,ThreadPool,8,5
2,1.6.0,1.6.0,GCC 14.2,Linux,x86_64,AMD EPYC 9V74 80-Core Processor,axpy,double,65536,contiguous,1,stable,18,0.043604999999999998,4679272748472304939,129406f938ccdada,66012.36617614764,129406f938ccdada,0,0,1,1,1,1,1,ThreadPool,Fast,adaptive,native,none,ThreadPool,8,5
2,1.6.0,1.6.0,GCC 14.2,Linux,x86_64,AMD EPYC 9V74 80-Core Processor,axpy,double,65536,contiguous,1,stable,19,0.041091000000000003,4679272748472304939,129406f938ccdada,66012.36617614764,129406f938ccdada,0,0,1,1,1,1,1,ThreadPool,Fast,adaptive,native,none,ThreadPool,8,5
2,1.6.0,1.6.0,GCC 14.2,Linux,x86_64,AMD EPYC 9V74 80-Core Processor,axpy,double,65536,contiguous,1,stable,20,0.034300999999999998,4679272748472304939,129406f938ccdada,66012.36617614764,129406f938ccdada,0,0,1,1,1,1,1,ThreadPool,Fast,adaptive,native,none,ThreadPool,8,5
2,1.6.0,1.6.0,GCC 14.2,Linux,x86_64,AMD EPYC 9V74 80-Core Processor,axpy,double,65536,contiguous,1,stable,21,0.052617999999999998,4679272748472304939,129406f938ccdada,66012.36617614764,129406f938ccdada,0,0,1,1,1,1,1,ThreadPool,Fast,adaptive,native,none,ThreadPool,8,5
2,1.6.0,1.6.0,GCC 14.2,Linux,x86_64,AMD EPYC 9V74 80-Core Processor,axpy,double,65536,contiguous,1,first_call,0,0.173037,4679272748472304939,129406f938ccdada,66012.36617614764,129406f938ccdada,0,0,1,1,1,1,1,ThreadPool,Reproducible,canonical-pointwise,fixed_pointwise_expression,canonical-pointwise-v1-target4096,ThreadPool,8,5
2,1.6.0,1.6.0,GCC 14.2,Linux,x86_64,AMD EPYC 9V74 80-Core Processor,axpy,double,65536,contiguous,1,stable,1,0.048332,4679272748472304939,129406f938ccdada,66012.36617614764,129406f938ccdada,0,0,1,1,1,1,1,ThreadPool,Reproducible,canonical-pointwise,fixed_pointwise_expression,canonical-pointwise-v1-target4096,ThreadPool,8,5
2,1.6.0,1.6.0,GCC 14.2,Linux,x86_64,AMD EPYC 9V74 80-Core Processor,axpy,double,65536,contiguous,1,stable,2,0.046869000000000001,4679272748472304939,129406f938ccdada,66012.36617614764,129406f938ccdada,0,0,1,1,1,1,1,ThreadPool,Reproducible,canonical-pointwise,fixed_pointwise_expression,canonical-pointwise-v1-target4096,ThreadPool,8,5
2,1.6.0,1.6.0,GCC 14.2,Linux,x86_64,AMD EPYC 9V74 80-Core Processor,axpy,double,65536,contiguous,1,stable,3,0.041120999999999998,4679272748472304939,129406f938ccdada,66012.36617614764,129406f938ccdada,0,0,1,1,1,1,1,ThreadPool,Reproducible,canonical-pointwise,fixed_pointwise_expression,canonical-pointwise-v1-target4096,ThreadPool,8,5
2,1.6.0,1.6.0,GCC 14.2,Linux,x86_64,AMD EPYC 9V74 80-Core Processor,axpy,double,65536,contiguous,1,stable,4,0.041481999999999998,4679272748472304939,129406f938ccdada,66012.36617614764,129406f938ccdada,0,0,1,1,1,1,1,ThreadPool,Reproducible,canonical-pointwise,fixed_pointwise_expression,canonical-pointwise-v1-target4096,ThreadPool,8,5
2,1.6.0,1.6.0,GCC 14.2,Linux,x86_64,AMD EPYC 9V74 80-Core Processor,axpy,double,65536,contiguous,1,stable,5,0.043473999999999999,4679272748472304939,129406f938ccdada,66012.36617614764,129406f938ccdada,0,0,1,1,1,1,1,ThreadPool,Reproducible,canonical-pointwise,fixed_pointwise_expression,canonical-pointwise-v1-target4096,ThreadPool,8,5
2,1.6.0,1.6.0,GCC 14.2,Linux,x86_64,AMD EPYC 9V74 80-Core Processor,axpy,double,65536,contiguous,1,stable,6,0.043374000000000003,4679272748472304939,129406f938ccdada,66012.36617614764,129406f938ccdada,0,0,1,1,1,1,1,ThreadPool,Reproducible,canonical-pointwise,fixed_pointwise_expression,canonical-pointwise-v1-target4096,ThreadPool,8,5
2,1.6.0,1.6.0,GCC 14.2,Linux,x86_64,AMD EPYC 9V74 80-Core Processor,axpy,double,65536,contiguous,1,stable,7,0.046129000000000003,4679272748472304939,129406f938ccdada,66012.36617614764,129406f938ccdada,0,0,1,1,1,1,1,ThreadPool,Reproducible,canonical-pointwise,fixed_pointwise_expression,canonical-pointwise-v1-target4096,ThreadPool,8,5
2,1.6.0,1.6.0,GCC 14.2,Linux,x86_64,AMD EPYC 9V74 80-Core Processor,axpy,double,65536,contiguous,1,stable,8,0.039718999999999997,4679272748472304939,129406f938ccdada,66012.36617614764,129406f938ccdada,0,0,1,1,1,1,1,ThreadPool,Reproducible,canonical-pointwise,fixed_pointwise_expression,canonical-pointwise-v1-target4096,ThreadPool,8,5
2,1.6.0,1.6.0,GCC 14.2,Linux,x86_64,AMD EPYC 9V74 80-Core Processor,axpy,double,65536,contiguous,1,stable,9,0.032628999999999998,4679272748472304939,129406f938ccdada,66012.36617614764,129406f938ccdada,0,0,1,1,1,1,1,ThreadPool,Reproducible,canonical-pointwise,fixed_pointwise_expression,canonical-pointwise-v1-target4096,ThreadPool,8,5
2,1.6.0,1.6.0,GCC 14.2,Linux,x86_64,AMD EPYC 9V74 80-Core Processor,axpy,double,65536,contiguous,1,stable,10,0.043223999999999999,4679272748472304939,129406f938ccdada,66012.36617614764,129406f938ccdada,0,0,1,1,1,1,1,ThreadPool,Reproducible,canonical-pointwise,fixed_pointwise_expression,canonical-pointwise-v1-target4096,ThreadPool,8,5
2,1.6.0,1.6.0,GCC 14.2,Linux,x86_64,AMD EPYC 9V74 80-Core Processor,axpy,double,65536,contiguous,1,stable,11,0.046509000000000002,4679272748472304939,129406f938ccdada,66012.36617614764,129406f938ccdada,0,0,1,1,1,1,1,ThreadPool,Reproducible,canonical-pointwise,fixed_pointwise_expression,canonical-pointwise-v1-target4096,ThreadPool,8,5
2,1.6.0,1.6.0,GCC 14.2,Linux,x86_64,AMD EPYC 9V74 80-Core Processor,axpy,double,65536,contiguous,1,stable,12,0.040821000000000003,4679272748472304939,129406f938ccdada,66012.36617614764,129406f938ccdada,0,0,1,1,1,1,1,ThreadPool,Reproducible,canonical-pointwise,fixed_pointwise_expression,canonical-pointwise-v1-target4096,ThreadPool,8,5
2,1.6.0,1.6.0,GCC 14.2,Linux,x86_64,AMD EPYC 9V74 80-Core Processor,axpy,double,65536,contiguous,1,stable,13,0.041480999999999997,4679272748472304939,129406f938ccdada,66012.36617614764,129406f938ccdada,0,0,1,1,1,1,1,ThreadPool,Reproducible,canonical-pointwise,fixed_pointwise_expression,canonical-pointwise-v1-target4096,ThreadPool,8,5
2,1.6.0,1.6.0,GCC 14.2,Linux,x86_64,AMD EPYC 9V74 80-Core Processor,axpy,double,65536,contiguous,1,stable,14,0.047591000000000001,4679272748472304939,129406f938ccdada,66012.36617614764,129406f938ccdada,0,0,1,1,1,1,1,ThreadPool,Reproducible,canonical-pointwise,fixed_pointwise_expression,canonical-pointwise-v1-target4096,ThreadPool,8,5
2,1.6.0,1.6.0,GCC 14.2,Linux,x86_64,AMD EPYC 9V74 80-Core Processor,axpy,double,65536,contiguous,1,stable,15,0.042202000000000003,4679272748472304939,129406f938ccdada,66012.36617614764,129406f938ccdada,0,0,1,1,1,1,1,ThreadPool,Reproducible,canonical-pointwise,fixed_pointwise_expression,canonical-pointwise-v1-target4096,ThreadPool,8,5
2,1.6.0,1.6.0,GCC 14.2,Linux,x86_64,AMD EPYC 9V74 80-Core Processor,axpy,double,65536,contiguous,1,stable,16,0.042734000000000001,4679272748472304939,129406f938ccdada,66012.36617614764,129406f938ccdada,0,0,1,1,1,1,1,ThreadPool,Reproducible,canonical-pointwise,fixed_pointwise_expression,canonical-pointwise-v1-target4096,ThreadPool,8,5
2,1.6.0,1.6.0,GCC 14.2,Linux,x86_64,AMD EPYC 9V74 80-Core Processor,axpy,double,65536,contiguous,1,stable,17,0.046678999999999998,4679272748472304939,129406f938ccdada,66012.36617614764,129406f938ccdada,0,0,1,1,1,1,1,ThreadPool,Reproducible,canonical-pointwise,fixed_pointwise_expression,canonical-pointwise-v1-target4096,ThreadPool,8,5
2,1.6.0,1.6.0,GCC 14.2,Linux,x86_64,AMD EPYC 9V74 80-Core Processor,axpy,double,65536,contiguous,1,stable,18,0.041401,4679272748472304939,129406f938ccdada,66012.36617614764,129406f938ccdada,0,0,1,1,1,1,1,ThreadPool,Reproducible,canonical-pointwise,fixed_pointwise_expression,canonical-pointwise-v1-target4096,ThreadPool,8,5
2,1.6.0,1.6.0,GCC 14.2,Linux,x86_64,AMD EPYC 9V74 80-Core Processor,axpy,double,65536,contiguous,1,stable,19,0.042542999999999997,4679272748472304939,129406f938ccdada,66012.36617614764,129406f938ccdada,0,0,1,1,1,1,1,ThreadPool,Reproducible,canonical-pointwise,fixed_pointwise_expression,canonical-pointwise-v1-target4096,ThreadPool,8,5
2,1.6.0,1.6.0,GCC 14.2,Linux,x86_64,AMD EPYC 9V74 80-Core Processor,axpy,double,65536,contiguous,1,stable,20,0.052506999999999998,4679272748472304939,129406f938ccdada,66012.36617614764,129406f938ccdada,0,0,1,1,1,1,1,ThreadPool,Reproducible,canonical-pointwise,fixed_pointwise_expression,canonical-pointwise-v1-target4096,ThreadPool,8,5
2,1.6.0,1.6.0,GCC 14.2,Linux,x86_64,AMD EPYC 9V74 80-Core Processor,axpy,double,65536,contiguous,1,stable,21,0.042412999999999999,4679272748472304939,129406f938ccdada,66012.36617614764,129406f938ccdada,0,0,1,1,1,1,1,ThreadPool,Reproducible,canonical-pointwise,fixed_pointwise_expression,canonical-pointwise-v1-target4096,ThreadPool,8,5
2,1.6.0,1.6.0,GCC 14.2,Linux,x86_64,AMD EPYC 9V74 80-Core Processor,axpy,double,65536,contiguous,1,first_call,0,0.042443000000000002,4679272748472304939,129406f938ccdada,66012.36617614764,129406f938ccdada,0,0,1,1,1,1,1,ThreadPool,Accurate,canonical-pointwise,fixed_pointwise_expression,canonical-pointwise-v1-target4096,ThreadPool,8,5
2,1.6.0,1.6.0,GCC 14.2,Linux,x86_64,AMD EPYC 9V74 80-Core Processor,axpy,double,65536,contiguous,1,stable,1,0.049664,4679272748472304939,129406f938ccdada,66012.36617614764,129406f938ccdada,0,0,1,1,1,1,1,ThreadPool,Accurate,canonical-pointwise,fixed_pointwise_expression,canonical-pointwise-v1-target4096,ThreadPool,8,5
2,1.6.0,1.6.0,GCC 14.2,Linux,x86_64,AMD EPYC 9V74 80-Core Processor,axpy,double,65536,contiguous,1,stable,2,0.042143,4679272748472304939,129406f938ccdada,66012.36617614764,129406f938ccdada,0,0,1,1,1,1,1,ThreadPool,Accurate,canonical-pointwise,fixed_pointwise_expression,canonical-pointwise-v1-target4096,ThreadPool,8,5
2,1.6.0,1.6.0,GCC 14.2,Linux,x86_64,AMD EPYC 9V74 80-Core Processor,axpy,double,65536,contiguous,1,stable,3,0.042002999999999999,4679272748472304939,129406f938ccdada,66012.36617614764,129406f938ccdada,0,0,1,1,1,1,1,ThreadPool,Accurate,canonical-pointwise,fixed_pointwise_expression,canonical-pointwise-v1-target4096,ThreadPool,8,5
2,1.6.0,1.6.0,GCC 14.2,Linux,x86_64,AMD EPYC 9V74 80-Core Processor,axpy,double,65536,contiguous,1,stable,4,0.048172,4679272748472304939,129406f938ccdada,66012.36617614764,129406f938ccdada,0,0,1,1,1,1,1,ThreadPool,Accurate,canonical-pointwise,fixed_pointwise_expression,canonical-pointwise-v1-target4096,ThreadPool,8,5
2,1.6.0,1.6.0,GCC 14.2,Linux,x86_64,AMD EPYC 9V74 80-Core Processor,axpy,double,65536,contiguous,1,stable,5,0.047830999999999999,4679272748472304939,129406f938ccdada,66012.36617614764,129406f938ccdada,0,0,1,1,1,1,1,ThreadPool,Accurate,canonical-pointwise,fixed_pointwise_expression,canonical-pointwise-v1-target4096,ThreadPool,8,5
2,1.6.0,1.6.0,GCC 14.2,Linux,x86_64,AMD EPYC 9V74 80-Core Processor,axpy,double,65536,contiguous,1,stable,6,0.043906000000000001,4679272748472304939,129406f938ccdada,66012.36617614764,129406f938ccdada,0,0,1,1,1,1,1,ThreadPool,Accurate,canonical-pointwise,fixed_pointwise_expression,canonical-pointwise-v1-target4096,ThreadPool,8,5
2,1.6.0,1.6.0,GCC 14.2,Linux,x86_64,AMD EPYC 9V74 80-Core Processor,axpy,double,65536,contiguous,1,stable,7,0.043965999999999998,4679272748472304939,129406f938ccdada,66012.36617614764,129406f938ccdada,0,0,1,1,1,1,1,ThreadPool,Accurate,canonical-pointwise,fixed_pointwise_expression,canonical-pointwise-v1-target4096,ThreadPool,8,5
2,1.6.0,1.6.0,GCC 14.2,Linux,x86_64,AMD EPYC 9V74 80-Core Processor,axpy,double,65536,contiguous,1,stable,8,0.051877,4679272748472304939,129406f938ccdada,66012.36617614764,129406f938ccdada,0,0,1,1,1,1,1,ThreadPool,Accurate,canonical-pointwise,fixed_pointwise_expression,canonical-pointwise-v1-target4096,ThreadPool,8,5
2,1.6.0,1.6.0,GCC 14.2,Linux,x86_64,AMD EPYC 9V74 80-Core Processor,axpy,double,65536,contiguous,1,stable,9,0.042483,4679272748472304939,129406f938ccdada,66012.36617614764,129406f938ccdada,0,0,1,1,1,1,1,ThreadPool,Accurate,canonical-pointwise,fixed_pointwise_expression,canonical-pointwise-v1-target4096,ThreadPool,8,5
2,1.6.0,1.6.0,GCC 14.2,Linux,x86_64,AMD EPYC 9V74 80-Core Processor,axpy,double,65536,contiguous,1,stable,10,0.041963,4679272748472304939,129406f938ccdada,66012.36617614764,129406f938ccdada,0,0,1,1,1,1,1,ThreadPool,Accurate,canonical-pointwise,fixed_pointwise_expression,canonical-pointwise-v1-target4096,ThreadPool,8,5
2,1.6.0,1.6.0,GCC 14.2,Linux,x86_64,AMD EPYC 9V74 80-Core Processor,axpy,double,65536,contiguous,1,stable,11,0.049572999999999999,4679272748472304939,129406f938ccdada,66012.36617614764,129406f938ccdada,0,0,1,1,1,1,1,ThreadPool,Accurate,canonical-pointwise,fixed_pointwise_expression,canonical-pointwise-v1-target4096,ThreadPool,8,5
2,1.6.0,1.6.0,GCC 14.2,Linux,x86_64,AMD EPYC 9V74 80-Core Processor,axpy,double,65536,contiguous,1,stable,12,0.042592999999999999,4679272748472304939,129406f938ccdada,66012.36617614764,129406f938ccdada,0,0,1,1,1,1,1,ThreadPool,Accurate,canonical-pointwise,fixed_pointwise_expression,canonical-pointwise-v1-target4096,ThreadPool,8,5
2,1.6.0,1.6.0,GCC 14.2,Linux,x86_64,AMD EPYC 9V74 80-Core Processor,axpy,double,65536,contiguous,1,stable,13,0.048793000000000003,4679272748472304939,129406f938ccdada,66012.36617614764,129406f938ccdada,0,0,1,1,1,1,1,ThreadPool,Accurate,canonical-pointwise,fixed_pointwise_expression,canonical-pointwise-v1-target4096,ThreadPool,8,5
2,1.6.0,1.6.0,GCC 14.2,Linux,x86_64,AMD EPYC 9V74 80-Core Processor,axpy,double,65536,contiguous,1,stable,14,0.043234000000000002,4679272748472304939,129406f938ccdada,66012.36617614764,129406f938ccdada,0,0,1,1,1,1,1,ThreadPool,Accurate,canonical-pointwise,fixed_pointwise_expression,canonical-pointwise-v1-target4096,ThreadPool,8,5
2,1.6.0,1.6.0,GCC 14.2,Linux,x86_64,AMD EPYC 9V74 80-Core Processor,axpy,double,65536,contiguous,1,stable,15,0.045988000000000001,4679272748472304939,129406f938ccdada,66012.36617614764,129406f938ccdada,0,0,1,1,1,1,1,ThreadPool,Accurate,canonical-pointwise,fixed_pointwise_expression,canonical-pointwise-v1-target4096,ThreadPool,8,5
2,1.6.0,1.6.0,GCC 14.2,Linux,x86_64,AMD EPYC 9V74 80-Core Processor,axpy,double,65536,contiguous,1,stable,16,0.050494999999999998,4679272748472304939,129406f938ccdada,66012.36617614764,129406f938ccdada,0,0,1,1,1,1,1,ThreadPool,Accurate,canonical-pointwise,fixed_pointwise_expression,canonical-pointwise-v1-target4096,ThreadPool,8,5
2,1.6.0,1.6.0,GCC 14.2,Linux,x86_64,AMD EPYC 9V74 80-Core Processor,axpy,double,65536,contiguous,1,stable,17,0.046649999999999997,4679272748472304939,129406f938ccdada,66012.36617614764,129406f938ccdada,0,0,1,1,1,1,1,ThreadPool,Accurate,canonical-pointwise,fixed_pointwise_expression,canonical-pointwise-v1-target4096,ThreadPool,8,5
2,1.6.0,1.6.0,GCC 14.2,Linux,x86_64,AMD EPYC 9V74 80-Core Processor,axpy,double,65536,contiguous,1,stable,18,0.043235000000000003,4679272748472304939,129406f938ccdada,66012.36617614764,129406f938ccdada,0,0,1,1,1,1,1,ThreadPool,Accurate,canonical-pointwise,fixed_pointwise_expression,canonical-pointwise-v1-target4096,ThreadPool,8,5
2,1.6.0,1.6.0,GCC 14.2,Linux,x86_64,AMD EPYC 9V74 80-Core Processor,axpy,double,65536,contiguous,1,stable,19,0.046247999999999997,4679272748472304939,129406f938ccdada,66012.36617614764,129406f938ccdada,0,0,1,1,1,1,1,ThreadPool,Accurate,canonical-pointwise,fixed_pointwise_expression,canonical-pointwise-v1-target4096,ThreadPool,8,5
2,1.6.0,1.6.0,GCC 14.2,Linux,x86_64,AMD EPYC 9V74 80-Core Processor,axpy,double,65536,contiguous,1,stable,20,0.038608000000000003,4679272748472304939,129406f938ccdada,66012.36617614764,129406f938ccdada,0,0,1,1,1,1,1,ThreadPool,Accurate,canonical-pointwise,fixed_pointwise_expression,canonical-pointwise-v1-target4096,ThreadPool,8,5
2,1.6.0,1.6.0,GCC 14.2,Linux,x86_64,AMD EPYC 9V74 80-Core Processor,axpy,double,65536,contiguous,1,stable,21,0.041681999999999997,4679272748472304939,129406f938ccdada,66012.36617614764,129406f938ccdada,0,0,1,1,1,1,1,ThreadPool,Accurate,canonical-pointwise,fixed_pointwise_expression,canonical-pointwise-v1-target4096,ThreadPool,8,5
2,1.6.0,1.6.0,GCC 14.2,Linux,x86_64,AMD EPYC 9V74 80-Core Processor,axpy_direct_sequential,double,65536,contiguous,1,first_call,0,0.013310000000000001,4679272748472304939,129406f938ccdada,66012.36617614764,129406f938ccdada,0,0,1,1,1,1,1,DirectSequential,Fast,adaptive,native,none,Auto,1,1
2,1.6.0,1.6.0,GCC 14.2,Linux,x86_64,AMD EPYC 9V74 80-Core Processor,axpy_direct_sequential,double,65536,contiguous,1,stable,1,0.013580999999999999,4679272748472304939,129406f938ccdada,66012.36617614764,129406f938ccdada,0,0,1,1,1,1,1,DirectSequential,Fast,adaptive,native,none,Auto,1,1
2,1.6.0,1.6.0,GCC 14.2,Linux,x86_64,AMD EPYC 9V74 80-Core Processor,axpy_direct_sequential,double,65536,contiguous,1,stable,2,0.013610000000000001,4679272748472304939,129406f938ccdada,66012.36617614764,129406f938ccdada,0,0,1,1,1,1,1,DirectSequential,Fast,adaptive,native,none,Auto,1,1
2,1.6.0,1.6.0,GCC 14.2,Linux,x86_64,AMD EPYC 9V74 80-Core Processor,axpy_direct_sequential,double,65536,contiguous,1,stable,3,0.013169999999999999,4679272748472304939,129406f938ccdada,66012.36617614764,129406f938ccdada,0,0,1,1,1,1,1,DirectSequential,Fast,adaptive,native,none,Auto,1,1
2,1.6.0,1.6.0,GCC 14.2,Linux,x86_64,AMD EPYC 9V74 80-Core Processor,axpy_direct_sequential,double,65536,contiguous,1,stable,4,0.013079,4679272748472304939,129406f938ccdada,66012.36617614764,129406f938ccdada,0,0,1,1,1,1,1,DirectSequential,Fast,adaptive,native,none,Auto,1,1
2,1.6.0,1.6.0,GCC 14.2,Linux,x86_64,AMD EPYC 9V74 80-Core Processor,axpy_direct_sequential,double,65536,contiguous,1,stable,5,0.01357,4679272748472304939,129406f938ccdada,66012.36617614764,129406f938ccdada,0,0,1,1,1,1,1,DirectSequential,Fast,adaptive,native,none,Auto,1,1
2,1.6.0,1.6.0,GCC 14.2,Linux,x86_64,AMD EPYC 9V74 80-Core Processor,axpy_direct_sequential,double,65536,contiguous,1,stable,6,0.013089999999999999,4679272748472304939,129406f938ccdada,66012.36617614764,129406f938ccdada,0,0,1,1,1,1,1,DirectSequential,Fast,adaptive,native,none,Auto,1,1
2,1.6.0,1.6.0,GCC 14.2,Linux,x86_64,AMD EPYC 9V74 80-Core Processor,axpy_direct_sequential,double,65536,contiguous,1,stable,7,0.013049,4679272748472304939,129406f938ccdada,66012.36617614764,129406f938ccdada,0,0,1,1,1,1,1,DirectSequential,Fast,adaptive,native,none,Auto,1,1
2,1.6.0,1.6.0,GCC 14.2,Linux,x86_64,AMD EPYC 9V74 80-Core Processor,axpy_direct_sequential,double,65536,contiguous,1,stable,8,0.014111,4679272748472304939,129406f938ccdada,66012.36617614764,129406f938ccdada,0,0,1,1,1,1,1,DirectSequential,Fast,adaptive,native,none,Auto,1,1
2,1.6.0,1.6.0,GCC 14.2,Linux,x86_64,AMD EPYC 9V74 80-Core Processor,axpy_direct_sequential,double,65536,contiguous,1,stable,9,0.01366,4679272748472304939,129406f938ccdada,66012.36617614764,129406f938ccdada,0,0,1,1,1,1,1,DirectSequential,Fast,adaptive,native,none,Auto,1,1
2,1.6.0,1.6.0,GCC 14.2,Linux,x86_64,AMD EPYC 9V74 80-Core Processor,axpy_direct_sequential,double,65536,contiguous,1,stable,10,0.01319,4679272748472304939,129406f938ccdada,66012.36617614764,129406f938ccdada,0,0,1,1,1,1,1,DirectSequential,Fast,adaptive,native,none,Auto,1,1
2,1.6.0,1.6.0,GCC 14.2,Linux,x86_64,AMD EPYC 9V74 80-Core Processor,axpy_direct_sequential,double,65536,contiguous,1,stable,11,0.01341,4679272748472304939,129406f938ccdada,66012.36617614764,129406f938ccdada,0,0,1,1,1,1,1,DirectSequential,Fast,adaptive,native,none,Auto,1,1
2,1.6.0,1.6.0,GCC 14.2,Linux,x86_64,AMD EPYC 9V74 80-Core Processor,axpy_direct_sequential,double,65536,contiguous,1,stable,12,0.013610000000000001,4679272748472304939,129406f938ccdada,66012.36617614764,129406f938ccdada,0,0,1,1,1,1,1,DirectSequential,Fast,adaptive,native,none,Auto,1,1
2,1.6.0,1.6.0,GCC 14.2,Linux,x86_64,AMD EPYC 9V74 80-Core Processor,axpy_direct_sequential,double,65536,contiguous,1,stable,13,0.013148999999999999,4679272748472304939,129406f938ccdada,66012.36617614764,129406f938ccdada,0,0,1,1,1,1,1,DirectSequential,Fast,adaptive,native,none,Auto,1,1
2,1.6.0,1.6.0,GCC 14.2,Linux,x86_64,AMD EPYC 9V74 80-Core Processor,axpy_direct_sequential,double,65536,contiguous,1,stable,14,0.013140000000000001,4679272748472304939,129406f938ccdada,66012.36617614764,129406f938ccdada,0,0,1,1,1,1,1,DirectSequential,Fast,adaptive,native,none,Auto,1,1
2,1.6.0,1.6.0,GCC 14.2,Linux,x86_64,AMD EPYC 9V74 80-Core Processor,axpy_direct_sequential,double,65536,contiguous,1,stable,15,0.01338,4679272748472304939,129406f938ccdada,66012.36617614764,129406f938ccdada,0,0,1,1,1,1,1,DirectSequential,Fast,adaptive,native,none,Auto,1,1
2,1.6.0,1.6.0,GCC 14.2,Linux,x86_64,AMD EPYC 9V74 80-Core Processor,axpy_direct_sequential,double,65536,contiguous,1,stable,16,0.01337,4679272748472304939,129406f938ccdada,66012.36617614764,129406f938ccdada,0,0,1,1,1,1,1,DirectSequential,Fast,adaptive,native,none,Auto,1,1
2,1.6.0,1.6.0,GCC 14.2,Linux,x86_64,AMD EPYC 9V74 80-Core Processor,axpy_direct_sequential,double,65536,contiguous,1,stable,17,0.013220000000000001,4679272748472304939,129406f938ccdada,66012.36617614764,129406f938ccdada,0,0,1,1,1,1,1,DirectSequential,Fast,adaptive,native,none,Auto,1,1
2,1.6.0,1.6.0,GCC 14.2,Linux,x86_64,AMD EPYC 9V74 80-Core Processor,axpy_direct_sequential,double,65536,contiguous,1,stable,18,0.01321,4679272748472304939,129406f938ccdada,66012.36617614764,129406f938ccdada,0,0,1,1,1,1,1,DirectSequential,Fast,adaptive,native,none,Auto,1,1
2,1.6.0,1.6.0,GCC 14.2,Linux,x86_64,AMD EPYC 9V74 80-Core Processor,axpy_direct_sequential,double,65536,contiguous,1,stable,19,0.01358,4679272748472304939,129406f938ccdada,66012.36617614764,129406f938ccdada,0,0,1,1,1,1,1,DirectSequential,Fast,adaptive,native,none,Auto,1,1
2,1.6.0,1.6.0,GCC 14.2,Linux,x86_64,AMD EPYC 9V74 80-Core Processor,axpy_direct_sequential,double,65536,contiguous,1,stable,20,0.013480000000000001,4679272748472304939,129406f938ccdada,66012.36617614764,129406f938ccdada,0,0,1,1,1,1,1,DirectSequential,Fast,adaptive,native,none,Auto,1,1
2,1.6.0,1.6.0,GCC 14.2,Linux,x86_64,AMD EPYC 9V74 80-Core Processor,axpy_direct_sequential,double,65536,contiguous,1,stable,21,0.013209,4679272748472304939,129406f938ccdada,66012.36617614764,129406f938ccdada,0,0,1,1,1,1,1,DirectSequential,Fast,adaptive,native,none,Auto,1,1
2,1.6.0,1.6.0,GCC 14.2,Linux,x86_64,AMD EPYC 9V74 80-Core Processor,sum,double,1048576,contiguous,1,first_call,0,0.44380799999999998,4638345064186406176,405eb642c8846520,122.84782612734278,scalar-reference,1.2000289650870855e-11,9.7684183995502519e-14,1,1,1,1,1,ThreadPool,Fast,adaptive,native,none,ThreadPool,8,5
2,1.6.0,1.6.0,GCC 14.2,Linux,x86_64,AMD EPYC 9V74 80-Core Processor,sum,double,1048576,contiguous,1,stable,1,0.30119600000000002,4638345064186406176,405eb642c8846520,122.84782612734278,scalar-reference,1.2000289650870855e-11,9.7684183995502519e-14,1,1,1,1,1,ThreadPool,Fast,adaptive,native,none,ThreadPool,8,5
2,1.6.0,1.6.0,GCC 14.2,Linux,x86_64,AMD EPYC 9V74 80-Core Processor,sum,double,1048576,contiguous,1,stable,2,0.31997500000000001,4638345064186406176,405eb642c8846520,122.84782612734278,scalar-reference,1.2000289650870855e-11,9.7684183995502519e-14,1,1,1,1,1,ThreadPool,Fast,adaptive,native,none,ThreadPool,8,5
2,1.6.0,1.6.0,GCC 14.2,Linux,x86_64,AMD EPYC 9V74 80-Core Processor,sum,double,1048576,contiguous,1,stable,3,0.37087999999999999,4638345064186406176,405eb642c8846520,122.84782612734278,scalar-reference,1.2000289650870855e-11,9.7684183995502519e-14,1,1,1,1,1,ThreadPool,Fast,adaptive,native,none,ThreadPool,8,5
2,1.6.0,1.6.0,GCC 14.2,Linux,x86_64,AMD EPYC 9V74 80-Core Processor,sum,double,1048576,contiguous,1,stable,4,0.30982999999999999,4638345064186406176,405eb642c8846520,122.84782612734278,scalar-reference,1.2000289650870855e-11,9.7684183995502519e-14,1,1,1,1,1,ThreadPool,Fast,adaptive,native,none,ThreadPool,8,5
2,1.6.0,1.6.0,GCC 14.2,Linux,x86_64,AMD EPYC 9V74 80-Core Processor,sum,double,1048576,contiguous,1,stable,5,0.36682399999999998,4638345064186406176,405eb642c8846520,122.84782612734278,scalar-reference,1.2000289650870855e-11,9.7684183995502519e-14,1,1,1,1,1,ThreadPool,Fast,adaptive,native,none,ThreadPool,8,5
2,1.6.0,1.6.0,GCC 14.2,Linux,x86_64,AMD EPYC 9V74 80-Core Processor,sum,double,1048576,contiguous,1,stable,6,0.36412,4638345064186406176,405eb642c8846520,122.84782612734278,scalar-reference,1.2000289650870855e-11,9.7684183995502519e-14,1,1,1,1,1,ThreadPool,Fast,adaptive,native,none,ThreadPool,8,5
2,1.6.0,1.6.0,GCC 14.2,Linux,x86_64,AMD EPYC 9V74 80-Core Processor,sum,double,1048576,contiguous,1,stable,7,0.38446000000000002,4638345064186406176,405eb642c8846520,122.84782612734278,scalar-reference,1.2000289650870855e-11,9.7684183995502519e-14,1,1,1,1,1,ThreadPool,Fast,adaptive,native,none,ThreadPool,8,5
2,1.6.0,1.6.0,GCC 14.2,Linux,x86_64,AMD EPYC 9V74 80-Core Processor,sum,double,1048576,contiguous,1,stable,8,0.36447099999999999,4638345064186406176,405eb642c8846520,122.84782612734278,scalar-reference,1.2000289650870855e-11,9.7684183995502519e-14,1,1,1,1,1,ThreadPool,Fast,adaptive,native,none,ThreadPool,8,5
2,1.6.0,1.6.0,GCC 14.2,Linux,x86_64,AMD EPYC 9V74 80-Core Processor,sum,double,1048576,contiguous,1,stable,9,0.36340899999999998,4638345064186406176,405eb642c8846520,122.84782612734278,scalar-reference,1.2000289650870855e-11,9.7684183995502519e-14,1,1,1,1,1,ThreadPool,Fast,adaptive,native,none,ThreadPool,8,5
2,1.6.0,1.6.0,GCC 14.2,Linux,x86_64,AMD EPYC 9V74 80-Core Processor,sum,double,1048576,contiguous,1,stable,10,0.36370999999999998,4638345064186406176,405eb642c8846520,122.84782612734278,scalar-reference,1.2000289650870855e-11,9.7684183995502519e-14,1,1,1,1,1,ThreadPool,Fast,adaptive,native,none,ThreadPool,8,5
2,1.6.0,1.6.0,GCC 14.2,Linux,x86_64,AMD EPYC 9V74 80-Core Processor,sum,double,1048576,contiguous,1,stable,11,0.41594700000000001,4638345064186406176,405eb642c8846520,122.84782612734278,scalar-reference,1.2000289650870855e-11,9.7684183995502519e-14,1,1,1,1,1,ThreadPool,Fast,adaptive,native,none,ThreadPool,8,5
2,1.6.0,1.6.0,GCC 14.2,Linux,x86_64,AMD EPYC 9V74 80-Core Processor,sum,double,1048576,contiguous,1,stable,12,0.30457099999999998,4638345064186406176,405eb642c8846520,122.84782612734278,scalar-reference,1.2000289650870855e-11,9.7684183995502519e-14,1,1,1,1,1,ThreadPool,Fast,adaptive,native,none,ThreadPool,8,5
2,1.6.0,1.6.0,GCC 14.2,Linux,x86_64,AMD EPYC 9V74 80-Core Processor,sum,double,1048576,contiguous,1,stable,13,0.36795600000000001,4638345064186406176,405eb642c8846520,122.84782612734278,scalar-reference,1.2000289650870855e-11,9.7684183995502519e-14,1,1,1,1,1,ThreadPool,Fast,adaptive,native,none,ThreadPool,8,5
2,1.6.0,1.6.0,GCC 14.2,Linux,x86_64,AMD EPYC 9V74 80-Core Processor,sum,double,1048576,contiguous,1,stable,14,0.36419099999999999,4638345064186406176,405eb642c8846520,122.84782612734278,scalar-reference,1.2000289650870855e-11,9.7684183995502519e-14,1,1,1,1,1,ThreadPool,Fast,adaptive,native,none,ThreadPool,8,5
2,1.6.0,1.6.0,GCC 14.2,Linux,x86_64,AMD EPYC 9V74 80-Core Processor,sum,double,1048576,contiguous,1,stable,15,0.36350900000000003,4638345064186406176,405eb642c8846520,122.84782612734278,scalar-reference,1.2000289650870855e-11,9.7684183995502519e-14,1,1,1,1,1,ThreadPool,Fast,adaptive,native,none,ThreadPool,8,5
2,1.6.0,1.6.0,GCC 14.2,Linux,x86_64,AMD EPYC 9V74 80-Core Processor,sum,double,1048576,contiguous,1,stable,16,0.36403999999999997,4638345064186406176,405eb642c8846520,122.84782612734278,scalar-reference,1.2000289650870855e-11,9.7684183995502519e-14,1,1,1,1,1,ThreadPool,Fast,adaptive,native,none,ThreadPool,8,5
2,1.6.0,1.6.0,GCC 14.2,Linux,x86_64,AMD EPYC 9V74 80-Core Processor,sum,double,1048576,contiguous,1,stable,17,0.36288799999999999,4638345064186406176,405eb642c8846520,122.84782612734278,scalar-reference,1.2000289650870855e-11,9.7684183995502519e-14,1,1,1,1,1,ThreadPool,Fast,adaptive,native,none,ThreadPool,8,5
2,1.6.0,1.6.0,GCC 14.2,Linux,x86_64,AMD EPYC 9V74 80-Core Processor,sum,double,1048576,contiguous,1,stable,18,0.38479099999999999,4638345064186406176,405eb642c8846520,122.84782612734278,scalar-reference,1.2000289650870855e-11,9.7684183995502519e-14,1,1,1,1,1,ThreadPool,Fast,adaptive,native,none,ThreadPool,8,5
2,1.6.0,1.6.0,GCC 14.2,Linux,x86_64,AMD EPYC 9V74 80-Core Processor,sum,double,1048576,contiguous,1,stable,19,0.36340899999999998,4638345064186406176,405eb642c8846520,122.84782612734278,scalar-reference,1.2000289650870855e-11,9.7684183995502519e-14,1,1,1,1,1,ThreadPool,Fast,adaptive,native,none,ThreadPool,8,5
2,1.6.0,1.6.0,GCC 14.2,Linux,x86_64,AMD EPYC 9V74 80-Core Processor,sum,double,1048576,contiguous,1,stable,20,0.39354299999999998,4638345064186406176,405eb642c8846520,122.84782612734278,scalar-reference,1.2000289650870855e-11,9.7684183995502519e-14,1,1,1,1,1,ThreadPool,Fast,adaptive,native,none,ThreadPool,8,5
2,1.6.0,1.6.0,GCC 14.2,Linux,x86_64,AMD EPYC 9V74 80-Core Processor,sum,double,1048576,contiguous,1,stable,21,0.37356400000000001,4638345064186406176,405eb642c8846520,122.84782612734278,scalar-reference,1.2000289650870855e-11,9.7684183995502519e-14,1,1,1,1,1,ThreadPool,Fast,adaptive,native,none,ThreadPool,8,5
2,1.6.0,1.6.0,GCC 14.2,Linux,x86_64,AMD EPYC 9V74 80-Core Processor,dot,double,1048576,contiguous,1,first_call,0,0.365452,13905019138771679490,c0f88d3c197e7902,-100563.75622412928,scalar-reference,9.9348085313977208e-11,9.8791144090279732e-16,1,1,1,1,1,ThreadPool,Fast,adaptive,native,none,ThreadPool,8,5
2,1.6.0,1.6.0,GCC 14.2,Linux,x86_64,AMD EPYC 9V74 80-Core Processor,dot,double,1048576,contiguous,1,stable,1,0.36407,13905019138771679490,c0f88d3c197e7902,-100563.75622412928,scalar-reference,9.9348085313977208e-11,9.8791144090279732e-16,1,1,1,1,1,ThreadPool,Fast,adaptive,native,none,ThreadPool,8,5
2,1.6.0,1.6.0,GCC 14.2,Linux,x86_64,AMD EPYC 9V74 80-Core Processor,dot,double,1048576,contiguous,1,stable,2,0.36272799999999999,13905019138771679490,c0f88d3c197e7902,-100563.75622412928,scalar-reference,9.9348085313977208e-11,9.8791144090279732e-16,1,1,1,1,1,ThreadPool,Fast,adaptive,native,none,ThreadPool,8,5
2,1.6.0,1.6.0,GCC 14.2,Linux,x86_64,AMD EPYC 9V74 80-Core Processor,dot,double,1048576,contiguous,1,stable,3,0.36424000000000001,13905019138771679490,c0f88d3c197e7902,-100563.75622412928,scalar-reference,9.9348085313977208e-11,9.8791144090279732e-16,1,1,1,1,1,ThreadPool,Fast,adaptive,native,none,ThreadPool,8,5
2,1.6.0,1.6.0,GCC 14.2,Linux,x86_64,AMD EPYC 9V74 80-Core Processor,dot,double,1048576,contiguous,1,stable,4,0.36281799999999997,13905019138771679490,c0f88d3c197e7902,-100563.75622412928,scalar-reference,9.9348085313977208e-11,9.8791144090279732e-16,1,1,1,1,1,ThreadPool,Fast,adaptive,native,none,ThreadPool,8,5
2,1.6.0,1.6.0,GCC 14.2,Linux,x86_64,AMD EPYC 9V74 80-Core Processor,dot,double,1048576,contiguous,1,stable,5,0.369699,13905019138771679490,c0f88d3c197e7902,-100563.75622412928,scalar-reference,9.9348085313977208e-11,9.8791144090279732e-16,1,1,1,1,1,ThreadPool,Fast,adaptive,native,none,ThreadPool,8,5
2,1.6.0,1.6.0,GCC 14.2,Linux,x86_64,AMD EPYC 9V74 80-Core Processor,dot,double,1048576,contiguous,1,stable,6,0.36471100000000001,13905019138771679490,c0f88d3c197e7902,-100563.75622412928,scalar-reference,9.9348085313977208e-11,9.8791144090279732e-16,1,1,1,1,1,ThreadPool,Fast,adaptive,native,none,ThreadPool,8,5
2,1.6.0,1.6.0,GCC 14.2,Linux,x86_64,AMD EPYC 9V74 80-Core Processor,dot,double,1048576,contiguous,1,stable,7,0.38290800000000003,13905019138771679490,c0f88d3c197e7902,-100563.75622412928,scalar-reference,9.9348085313977208e-11,9.8791144090279732e-16,1,1,1,1,1,ThreadPool,Fast,adaptive,native,none,ThreadPool,8,5
2,1.6.0,1.6.0,GCC 14.2,Linux,x86_64,AMD EPYC 9V74 80-Core Processor,dot,double,1048576,contiguous,1,stable,8,0.36294900000000002,13905019138771679490,c0f88d3c197e7902,-100563.75622412928,scalar-reference,9.9348085313977208e-11,9.8791144090279732e-16,1,1,1,1,1,ThreadPool,Fast,adaptive,native,none,ThreadPool,8,5
2,1.6.0,1.6.0,GCC 14.2,Linux,x86_64,AMD EPYC 9V74 80-Core Processor,dot,double,1048576,contiguous,1,stable,9,0.36414999999999997,13905019138771679490,c0f88d3c197e7902,-100563.75622412928,scalar-reference,9.9348085313977208e-11,9.8791144090279732e-16,1,1,1,1,1,ThreadPool,Fast,adaptive,native,none,ThreadPool,8,5
2,1.6.0,1.6.0,GCC 14.2,Linux,x86_64,AMD EPYC 9V74 80-Core Processor,dot,double,1048576,contiguous,1,stable,10,0.37445499999999998,13905019138771679490,c0f88d3c197e7902,-100563.75622412928,scalar-reference,9.9348085313977208e-11,9.8791144090279732e-16,1,1,1,1,1,ThreadPool,Fast,adaptive,native,none,ThreadPool,8,5
2,1.6.0,1.6.0,GCC 14.2,Linux,x86_64,AMD EPYC 9V74 80-Core Processor,dot,double,1048576,contiguous,1,stable,11,0.36519200000000002,13905019138771679490,c0f88d3c197e7902,-100563.75622412928,scalar-reference,9.9348085313977208e-11,9.8791144090279732e-16,1,1,1,1,1,ThreadPool,Fast,adaptive,native,none,ThreadPool,8,5
2,1.6.0,1.6.0,GCC 14.2,Linux,x86_64,AMD EPYC 9V74 80-Core Processor,dot,double,1048576,contiguous,1,stable,12,0.36414000000000002,13905019138771679490,c0f88d3c197e7902,-100563.75622412928,scalar-reference,9.9348085313977208e-11,9.8791144090279732e-16,1,1,1,1,1,ThreadPool,Fast,adaptive,native,none,ThreadPool,8,5
2,1.6.0,1.6.0,GCC 14.2,Linux,x86_64,AMD EPYC 9V74 80-Core Processor,dot,double,1048576,contiguous,1,stable,13,0.309589,13905019138771679490,c0f88d3c197e7902,-100563.75622412928,scalar-reference,9.9348085313977208e-11,9.8791144090279732e-16,1,1,1,1,1,ThreadPool,Fast,adaptive,native,none,ThreadPool,8,5
2,1.6.0,1.6.0,GCC 14.2,Linux,x86_64,AMD EPYC 9V74 80-Core Processor,dot,double,1048576,contiguous,1,stable,14,0.36894700000000002,13905019138771679490,c0f88d3c197e7902,-100563.75622412928,scalar-reference,9.9348085313977208e-11,9.8791144090279732e-16,1,1,1,1,1,ThreadPool,Fast,adaptive,native,none,ThreadPool,8,5
2,1.6.0,1.6.0,GCC 14.2,Linux,x86_64,AMD EPYC 9V74 80-Core Processor,dot,double,1048576,contiguous,1,stable,15,0.36899799999999999,13905019138771679490,c0f88d3c197e7902,-100563.75622412928,scalar-reference,9.9348085313977208e-11,9.8791144090279732e-16,1,1,1,1,1,ThreadPool,Fast,adaptive,native,none,ThreadPool,8,5
2,1.6.0,1.6.0,GCC 14.2,Linux,x86_64,AMD EPYC 9V74 80-Core Processor,dot,double,1048576,contiguous,1,stable,16,0.36355999999999999,13905019138771679490,c0f88d3c197e7902,-100563.75622412928,scalar-reference,9.9348085313977208e-11,9.8791144090279732e-16,1,1,1,1,1,ThreadPool,Fast,adaptive,native,none,ThreadPool,8,5
2,1.6.0,1.6.0,GCC 14.2,Linux,x86_64,AMD EPYC 9V74 80-Core Processor,dot,double,1048576,contiguous,1,stable,17,0.36247699999999999,13905019138771679490,c0f88d3c197e7902,-100563.75622412928,scalar-reference,9.9348085313977208e-11,9.8791144090279732e-16,1,1,1,1,1,ThreadPool,Fast,adaptive,native,none,ThreadPool,8,5
2,1.6.0,1.6.0,GCC 14.2,Linux,x86_64,AMD EPYC 9V74 80-Core Processor,dot,double,1048576,contiguous,1,stable,18,0.40012300000000001,13905019138771679490,c0f88d3c197e7902,-100563.75622412928,scalar-reference,9.9348085313977208e-11,9.8791144090279732e-16,1,1,1,1,1,ThreadPool,Fast,adaptive,native,none,ThreadPool,8,5
2,1.6.0,1.6.0,GCC 14.2,Linux,x86_64,AMD EPYC 9V74 80-Core Processor,dot,double,1048576,contiguous,1,stable,19,0.30134699999999998,13905019138771679490,c0f88d3c197e7902,-100563.75622412928,scalar-reference,9.9348085313977208e-11,9.8791144090279732e-16,1,1,1,1,1,ThreadPool,Fast,adaptive,native,none,ThreadPool,8,5
2,1.6.0,1.6.0,GCC 14.2,Linux,x86_64,AMD EPYC 9V74 80-Core Processor,dot,double,1048576,contiguous,1,stable,20,0.36921700000000002,13905019138771679490,c0f88d3c197e7902,-100563.75622412928,scalar-reference,9.9348085313977208e-11,9.8791144090279732e-16,1,1,1,1,1,ThreadPool,Fast,adaptive,native,none,ThreadPool,8,5
2,1.6.0,1.6.0,GCC 14.2,Linux,x86_64,AMD EPYC 9V74 80-Core Processor,dot,double,1048576,contiguous,1,stable,21,0.39042900000000003,13905019138771679490,c0f88d3c197e7902,-100563.75622412928,scalar-reference,9.9348085313977208e-11,9.8791144090279732e-16,1,1,1,1,1,ThreadPool,Fast,adaptive,native,none,ThreadPool,8,5
2,1.6.0,1.6.0,GCC 14.2,Linux,x86_64,AMD EPYC 9V74 80-Core Processor,norm,double,1048576,contiguous,1,first_call,0,0.36627300000000002,4645139005614007354,4076d95089ef243a,365.58216279425301,scalar-reference,1.0547118733938987e-13,2.8850200604220481e-16,1,1,1,1,1,ThreadPool,Fast,adaptive,native,none,ThreadPool,8,5
2,1.6.0,1.6.0,GCC 14.2,Linux,x86_64,AMD EPYC 9V74 80-Core Processor,norm,double,1048576,contiguous,1,stable,1,0.36235699999999998,4645139005614007354,4076d95089ef243a,365.58216279425301,scalar-reference,1.0547118733938987e-13,2.8850200604220481e-16,1,1,1,1,1,ThreadPool,Fast,adaptive,native,none,ThreadPool,8,5
2,1.6.0,1.6.0,GCC 14.2,Linux,x86_64,AMD EPYC 9V74 80-Core Processor,norm,double,1048576,contiguous,1,stable,2,0.308558,4645139005614007354,4076d95089ef243a,365.58216279425301,scalar-reference,1.0547118733938987e-13,2.8850200604220481e-16,1,1,1,1,1,ThreadPool,Fast,adaptive,native,none,ThreadPool,8,5
2,1.6.0,1.6.0,GCC 14.2,Linux,x86_64,AMD EPYC 9V74 80-Core Processor,norm,double,1048576,contiguous,1,stable,3,0.28349099999999999,4645139005614007354,4076d95089ef243a,365.58216279425301,scalar-reference,1.0547118733938987e-13,2.8850200604220481e-16,1,1,1,1,1,ThreadPool,Fast,adaptive,native,none,ThreadPool,8,5
2,1.6.0,1.6.0,GCC 14.2,Linux,x86_64,AMD EPYC 9V74 80-Core Processor,norm,double,1048576,contiguous,1,stable,4,0.29106199999999999,4645139005614007354,4076d95089ef243a,365.58216279425301,scalar-reference,1.0547118733938987e-13,2.8850200604220481e-16,1,1,1,1,1,ThreadPool,Fast,adaptive,native,none,ThreadPool,8,5
2,1.6.0,1.6.0,GCC 14.2,Linux,x86_64,AMD EPYC 9V74 80-Core Processor,norm,double,1048576,contiguous,1,stable,5,0.29024,4645139005614007354,4076d95089ef243a,365.58216279425301,scalar-reference,1.0547118733938987e-13,2.8850200604220481e-16,1,1,1,1,1,ThreadPool,Fast,adaptive,native,none,ThreadPool,8,5
2,1.6.0,1.6.0,GCC 14.2,Linux,x86_64,AMD EPYC 9V74 80-Core Processor,norm,double,1048576,contiguous,1,stable,6,0.28755599999999998,4645139005614007354,4076d95089ef243a,365.58216279425301,scalar-reference,1.0547118733938987e-13,2.8850200604220481e-16,1,1,1,1,1,ThreadPool,Fast,adaptive,native,none,ThreadPool,8,5
2,1.6.0,1.6.0,GCC 14.2,Linux,x86_64,AMD EPYC 9V74 80-Core Processor,norm,double,1048576,contiguous,1,stable,7,0.30636400000000003,4645139005614007354,4076d95089ef243a,365.58216279425301,scalar-reference,1.0547118733938987e-13,2.8850200604220481e-16,1,1,1,1,1,ThreadPool,Fast,adaptive,native,none,ThreadPool,8,5
2,1.6.0,1.6.0,GCC 14.2,Linux,x86_64,AMD EPYC 9V74 80-Core Processor,norm,double,1048576,contiguous,1,stable,8,0.38864599999999999,4645139005614007354,4076d95089ef243a,365.58216279425301,scalar-reference,1.0547118733938987e-13,2.8850200604220481e-16,1,1,1,1,1,ThreadPool,Fast,adaptive,native,none,ThreadPool,8,5
2,1.6.0,1.6.0,GCC 14.2,Linux,x86_64,AMD EPYC 9V74 80-Core Processor,norm,double,1048576,contiguous,1,stable,9,0.36324899999999999,4645139005614007354,4076d95089ef243a,365.58216279425301,scalar-reference,1.0547118733938987e-13,2.8850200604220481e-16,1,1,1,1,1,ThreadPool,Fast,adaptive,native,none,ThreadPool,8,5
2,1.6.0,1.6.0,GCC 14.2,Linux,x86_64,AMD EPYC 9V74 80-Core Processor,norm,double,1048576,contiguous,1,stable,10,0.31455699999999998,4645139005614007354,4076d95089ef243a,365.58216279425301,scalar-reference,1.0547118733938987e-13,2.8850200604220481e-16,1,1,1,1,1,ThreadPool,Fast,adaptive,native,none,ThreadPool,8,5
2,1.6.0,1.6.0,GCC 14.2,Linux,x86_64,AMD EPYC 9V74 80-Core Processor,norm,double,1048576,contiguous,1,stable,11,0.353294,4645139005614007354,4076d95089ef243a,365.58216279425301,scalar-reference,1.0547118733938987e-13,2.8850200604220481e-16,1,1,1,1,1,ThreadPool,Fast,adaptive,native,none,ThreadPool,8,5
2,1.6.0,1.6.0,GCC 14.2,Linux,x86_64,AMD EPYC 9V74 80-Core Processor,norm,double,1048576,contiguous,1,stable,12,0.28806700000000002,4645139005614007354,4076d95089ef243a,365.58216279425301,scalar-reference,1.0547118733938987e-13,2.8850200604220481e-16,1,1,1,1,1,ThreadPool,Fast,adaptive,native,none,ThreadPool,8,5
2,1.6.0,1.6.0,GCC 14.2,Linux,x86_64,AMD EPYC 9V74 80-Core Processor,norm,double,1048576,contiguous,1,stable,13,0.28606500000000001,4645139005614007354,4076d95089ef243a,365.58216279425301,scalar-reference,1.0547118733938987e-13,2.8850200604220481e-16,1,1,1,1,1,ThreadPool,Fast,adaptive,native,none,ThreadPool,8,5
2,1.6.0,1.6.0,GCC 14.2,Linux,x86_64,AMD EPYC 9V74 80-Core Processor,norm,double,1048576,contiguous,1,stable,14,0.282138,4645139005614007354,4076d95089ef243a,365.58216279425301,scalar-reference,1.0547118733938987e-13,2.8850200604220481e-16,1,1,1,1,1,ThreadPool,Fast,adaptive,native,none,ThreadPool,8,5
2,1.6.0,1.6.0,GCC 14.2,Linux,x86_64,AMD EPYC 9V74 80-Core Processor,norm,double,1048576,contiguous,1,stable,15,0.27873399999999998,4645139005614007354,4076d95089ef243a,365.58216279425301,scalar-reference,1.0547118733938987e-13,2.8850200604220481e-16,1,1,1,1,1,ThreadPool,Fast,adaptive,native,none,ThreadPool,8,5
2,1.6.0,1.6.0,GCC 14.2,Linux,x86_64,AMD EPYC 9V74 80-Core Processor,norm,double,1048576,contiguous,1,stable,16,0.27902399999999999,4645139005614007354,4076d95089ef243a,365.58216279425301,scalar-reference,1.0547118733938987e-13,2.8850200604220481e-16,1,1,1,1,1,ThreadPool,Fast,adaptive,native,none,ThreadPool,8,5
2,1.6.0,1.6.0,GCC 14.2,Linux,x86_64,AMD EPYC 9V74 80-Core Processor,norm,double,1048576,contiguous,1,stable,17,0.27380599999999999,4645139005614007354,4076d95089ef243a,365.58216279425301,scalar-reference,1.0547118733938987e-13,2.8850200604220481e-16,1,1,1,1,1,ThreadPool,Fast,adaptive,native,none,ThreadPool,8,5
2,1.6.0,1.6.0,GCC 14.2,Linux,x86_64,AMD EPYC 9V74 80-Core Processor,norm,double,1048576,contiguous,1,stable,18,0.28229900000000002,4645139005614007354,4076d95089ef243a,365.58216279425301,scalar-reference,1.0547118733938987e-13,2.8850200604220481e-16,1,1,1,1,1,ThreadPool,Fast,adaptive,native,none,ThreadPool,8,5
2,1.6.0,1.6.0,GCC 14.2,Linux,x86_64,AMD EPYC 9V74 80-Core Processor,norm,double,1048576,contiguous,1,stable,19,0.27870299999999998,4645139005614007354,4076d95089ef243a,365.58216279425301,scalar-reference,1.0547118733938987e-13,2.8850200604220481e-16,1,1,1,1,1,ThreadPool,Fast,adaptive,native,none,ThreadPool,8,5
2,1.6.0,1.6.0,GCC 14.2,Linux,x86_64,AMD EPYC 9V74 80-Core Processor,norm,double,1048576,contiguous,1,stable,20,0.27887400000000001,4645139005614007354,4076d95089ef243a,365.58216279425301,scalar-reference,1.0547118733938987e-13,2.8850200604220481e-16,1,1,1,1,1,ThreadPool,Fast,adaptive,native,none,ThreadPool,8,5
2,1.6.0,1.6.0,GCC 14.2,Linux,x86_64,AMD EPYC 9V74 80-Core Processor,norm,double,1048576,contiguous,1,stable,21,0.27917399999999998,4645139005614007354,4076d95089ef243a,365.58216279425301,scalar-reference,1.0547118733938987e-13,2.8850200604220481e-16,1,1,1,1,1,ThreadPool,Fast,adaptive,native,none,ThreadPool,8,5
2,1.6.0,1.6.0,GCC 14.2,Linux,x86_64,AMD EPYC 9V74 80-Core Processor,sum,double,1048576,contiguous,1,first_call,0,0.29480699999999999,4638345064186407512,405eb642c8846a58,122.84782612734278,scalar-reference,6.9854122486390224e-12,5.6862318763361888e-14,1,1,1,1,1,ThreadPool,Reproducible,canonical-reduction,pairwise,canonical-pairwise-v1-leaf1024,ThreadPool,8,5
2,1.6.0,1.6.0,GCC 14.2,Linux,x86_64,AMD EPYC 9V74 80-Core Processor,sum,double,1048576,contiguous,1,stable,1,0.27703100000000003,4638345064186407512,405eb642c8846a58,122.84782612734278,scalar-reference,6.9854122486390224e-12,5.6862318763361888e-14,1,1,1,1,1,ThreadPool,Reproducible,canonical-reduction,pairwise,canonical-pairwise-v1-leaf1024,ThreadPool,8,5
2,1.6.0,1.6.0,GCC 14.2,Linux,x86_64,AMD EPYC 9V74 80-Core Processor,sum,double,1048576,contiguous,1,stable,2,0.29171200000000003,4638345064186407512,405eb642c8846a58,122.84782612734278,scalar-reference,6.9854122486390224e-12,5.6862318763361888e-14,1,1,1,1,1,ThreadPool,Reproducible,canonical-reduction,pairwise,canonical-pairwise-v1-leaf1024,ThreadPool,8,5
2,1.6.0,1.6.0,GCC 14.2,Linux,x86_64,AMD EPYC 9V74 80-Core Processor,sum,double,1048576,contiguous,1,stable,3,0.28944900000000001,4638345064186407512,405eb642c8846a58,122.84782612734278,scalar-reference,6.9854122486390224e-12,5.6862318763361888e-14,1,1,1,1,1,ThreadPool,Reproducible,canonical-reduction,pairwise,canonical-pairwise-v1-leaf1024,ThreadPool,8,5
2,1.6.0,1.6.0,GCC 14.2,Linux,x86_64,AMD EPYC 9V74 80-Core Processor,sum,double,1048576,contiguous,1,stable,4,0.304172,4638345064186407512,405eb642c8846a58,122.84782612734278,scalar-reference,6.9854122486390224e-12,5.6862318763361888e-14,1,1,1,1,1,ThreadPool,Reproducible,canonical-reduction,pairwise,canonical-pairwise-v1-leaf1024,ThreadPool,8,5
2,1.6.0,1.6.0,GCC 14.2,Linux,x86_64,AMD EPYC 9V74 80-Core Processor,sum,double,1048576,contiguous,1,stable,5,0.27737200000000001,4638345064186407512,405eb642c8846a58,122.84782612734278,scalar-reference,6.9854122486390224e-12,5.6862318763361888e-14,1,1,1,1,1,ThreadPool,Reproducible,canonical-reduction,pairwise,canonical-pairwise-v1-leaf1024,ThreadPool,8,5
2,1.6.0,1.6.0,GCC 14.2,Linux,x86_64,AMD EPYC 9V74 80-Core Processor,sum,double,1048576,contiguous,1,stable,6,0.291603,4638345064186407512,405eb642c8846a58,122.84782612734278,scalar-reference,6.9854122486390224e-12,5.6862318763361888e-14,1,1,1,1,1,ThreadPool,Reproducible,canonical-reduction,pairwise,canonical-pairwise-v1-leaf1024,ThreadPool,8,5
2,1.6.0,1.6.0,GCC 14.2,Linux,x86_64,AMD EPYC 9V74 80-Core Processor,sum,double,1048576,contiguous,1,stable,7,0.27742099999999997,4638345064186407512,405eb642c8846a58,122.84782612734278,scalar-reference,6.9854122486390224e-12,5.6862318763361888e-14,1,1,1,1,1,ThreadPool,Reproducible,canonical-reduction,pairwise,canonical-pairwise-v1-leaf1024,ThreadPool,8,5
2,1.6.0,1.6.0,GCC 14.2,Linux,x86_64,AMD EPYC 9V74 80-Core Processor,sum,double,1048576,contiguous,1,stable,8,0.292213,4638345064186407512,405eb642c8846a58,122.84782612734278,scalar-reference,6.9854122486390224e-12,5.6862318763361888e-14,1,1,1,1,1,ThreadPool,Reproducible,canonical-reduction,pairwise,canonical-pairwise-v1-leaf1024,ThreadPool,8,5
2,1.6.0,1.6.0,GCC 14.2,Linux,x86_64,AMD EPYC 9V74 80-Core Processor,sum,double,1048576,contiguous,1,stable,9,0.277252,4638345064186407512,405eb642c8846a58,122.84782612734278,scalar-reference,6.9854122486390224e-12,5.6862318763361888e-14,1,1,1,1,1,ThreadPool,Reproducible,canonical-reduction,pairwise,canonical-pairwise-v1-leaf1024,ThreadPool,8,5
2,1.6.0,1.6.0,GCC 14.2,Linux,x86_64,AMD EPYC 9V74 80-Core Processor,sum,double,1048576,contiguous,1,stable,10,0.29669000000000001,4638345064186407512,405eb642c8846a58,122.84782612734278,scalar-reference,6.9854122486390224e-12,5.6862318763361888e-14,1,1,1,1,1,ThreadPool,Reproducible,canonical-reduction,pairwise,canonical-pairwise-v1-leaf1024,ThreadPool,8,5
2,1.6.0,1.6.0,GCC 14.2,Linux,x86_64,AMD EPYC 9V74 80-Core Processor,sum,double,1048576,contiguous,1,stable,11,0.30724499999999999,4638345064186407512,405eb642c8846a58,122.84782612734278,scalar-reference,6.9854122486390224e-12,5.6862318763361888e-14,1,1,1,1,1,ThreadPool,Reproducible,canonical-reduction,pairwise,canonical-pairwise-v1-leaf1024,ThreadPool,8,5
2,1.6.0,1.6.0,GCC 14.2,Linux,x86_64,AMD EPYC 9V74 80-Core Processor,sum,double,1048576,contiguous,1,stable,12,0.32202799999999998,4638345064186407512,405eb642c8846a58,122.84782612734278,scalar-reference,6.9854122486390224e-12,5.6862318763361888e-14,1,1,1,1,1,ThreadPool,Reproducible,canonical-reduction,pairwise,canonical-pairwise-v1-leaf1024,ThreadPool,8,5
2,1.6.0,1.6.0,GCC 14.2,Linux,x86_64,AMD EPYC 9V74 80-Core Processor,sum,double,1048576,contiguous,1,stable,13,0.280416,4638345064186407512,405eb642c8846a58,122.84782612734278,scalar-reference,6.9854122486390224e-12,5.6862318763361888e-14,1,1,1,1,1,ThreadPool,Reproducible,canonical-reduction,pairwise,canonical-pairwise-v1-leaf1024,ThreadPool,8,5
2,1.6.0,1.6.0,GCC 14.2,Linux,x86_64,AMD EPYC 9V74 80-Core Processor,sum,double,1048576,contiguous,1,stable,14,0.30198799999999998,4638345064186407512,405eb642c8846a58,122.84782612734278,scalar-reference,6.9854122486390224e-12,5.6862318763361888e-14,1,1,1,1,1,ThreadPool,Reproducible,canonical-reduction,pairwise,canonical-pairwise-v1-leaf1024,ThreadPool,8,5
2,1.6.0,1.6.0,GCC 14.2,Linux,x86_64,AMD EPYC 9V74 80-Core Processor,sum,double,1048576,contiguous,1,stable,15,0.324882,4638345064186407512,405eb642c8846a58,122.84782612734278,scalar-reference,6.9854122486390224e-12,5.6862318763361888e-14,1,1,1,1,1,ThreadPool,Reproducible,canonical-reduction,pairwise,canonical-pairwise-v1-leaf1024,ThreadPool,8,5
2,1.6.0,1.6.0,GCC 14.2,Linux,x86_64,AMD EPYC 9V74 80-Core Processor,sum,double,1048576,contiguous,1,stable,16,0.313855,4638345064186407512,405eb642c8846a58,122.84782612734278,scalar-reference,6.9854122486390224e-12,5.6862318763361888e-14,1,1,1,1,1,ThreadPool,Reproducible,canonical-reduction,pairwise,canonical-pairwise-v1-leaf1024,ThreadPool,8,5
2,1.6.0,1.6.0,GCC 14.2,Linux,x86_64,AMD EPYC 9V74 80-Core Processor,sum,double,1048576,contiguous,1,stable,17,0.27982499999999999,4638345064186407512,405eb642c8846a58,122.84782612734278,scalar-reference,6.9854122486390224e-12,5.6862318763361888e-14,1,1,1,1,1,ThreadPool,Reproducible,canonical-reduction,pairwise,canonical-pairwise-v1-leaf1024,ThreadPool,8,5
2,1.6.0,1.6.0,GCC 14.2,Linux,x86_64,AMD EPYC 9V74 80-Core Processor,sum,double,1048576,contiguous,1,stable,18,0.29299500000000001,4638345064186407512,405eb642c8846a58,122.84782612734278,scalar-reference,6.9854122486390224e-12,5.6862318763361888e-14,1,1,1,1,1,ThreadPool,Reproducible,canonical-reduction,pairwise,canonical-pairwise-v1-leaf1024,ThreadPool,8,5
2,1.6.0,1.6.0,GCC 14.2,Linux,x86_64,AMD EPYC 9V74 80-Core Processor,sum,double,1048576,contiguous,1,stable,19,0.279144,4638345064186407512,405eb642c8846a58,122.84782612734278,scalar-reference,6.9854122486390224e-12,5.6862318763361888e-14,1,1,1,1,1,ThreadPool,Reproducible,canonical-reduction,pairwise,canonical-pairwise-v1-leaf1024,ThreadPool,8,5
2,1.6.0,1.6.0,GCC 14.2,Linux,x86_64,AMD EPYC 9V74 80-Core Processor,sum,double,1048576,contiguous,1,stable,20,0.303701,4638345064186407512,405eb642c8846a58,122.84782612734278,scalar-reference,6.9854122486390224e-12,5.6862318763361888e-14,1,1,1,1,1,ThreadPool,Reproducible,canonical-reduction,pairwise,canonical-pairwise-v1-leaf1024,ThreadPool,8,5
2,1.6.0,1.6.0,GCC 14.2,Linux,x86_64,AMD EPYC 9V74 80-Core Processor,sum,double,1048576,contiguous,1,stable,21,0.27895300000000001,4638345064186407512,405eb642c8846a58,122.84782612734278,scalar-reference,6.9854122486390224e-12,5.6862318763361888e-14,1,1,1,1,1,ThreadPool,Reproducible,canonical-reduction,pairwise,canonical-pairwise-v1-leaf1024,ThreadPool,8,5
2,1.6.0,1.6.0,GCC 14.2,Linux,x86_64,AMD EPYC 9V74 80-Core Processor,dot,double,1048576,contiguous,1,first_call,0,0.301597,13905019138771679482,c0f88d3c197e78fa,-100563.75622412928,scalar-reference,1.7067236512957606e-11,1.6971558296728073e-16,1,1,1,1,1,ThreadPool,Reproducible,canonical-reduction,pairwise,canonical-pairwise-v1-leaf1024,ThreadPool,8,5
2,1.6.0,1.6.0,GCC 14.2,Linux,x86_64,AMD EPYC 9V74 80-Core Processor,dot,double,1048576,contiguous,1,stable,1,0.287466,13905019138771679482,c0f88d3c197e78fa,-100563.75622412928,scalar-reference,1.7067236512957606e-11,1.6971558296728073e-16,1,1,1,1,1,ThreadPool,Reproducible,canonical-reduction,pairwise,canonical-pairwise-v1-leaf1024,ThreadPool,8,5
2,1.6.0,1.6.0,GCC 14.2,Linux,x86_64,AMD EPYC 9V74 80-Core Processor,dot,double,1048576,contiguous,1,stable,2,0.286024,13905019138771679482,c0f88d3c197e78fa,-100563.75622412928,scalar-reference,1.7067236512957606e-11,1.6971558296728073e-16,1,1,1,1,1,ThreadPool,Reproducible,canonical-reduction,pairwise,canonical-pairwise-v1-leaf1024,ThreadPool,8,5
2,1.6.0,1.6.0,GCC 14.2,Linux,x86_64,AMD EPYC 9V74 80-Core Processor,dot,double,1048576,contiguous,1,stable,3,0.30598399999999998,13905019138771679482,c0f88d3c197e78fa,-100563.75622412928,scalar-reference,1.7067236512957606e-11,1.6971558296728073e-16,1,1,1,1,1,ThreadPool,Reproducible,canonical-reduction,pairwise,canonical-pairwise-v1-leaf1024,ThreadPool,8,5
2,1.6.0,1.6.0,GCC 14.2,Linux,x86_64,AMD EPYC 9V74 80-Core Processor,dot,double,1048576,contiguous,1,stable,4,0.36123499999999997,13905019138771679482,c0f88d3c197e78fa,-100563.75622412928,scalar-reference,1.7067236512957606e-11,1.6971558296728073e-16,1,1,1,1,1,ThreadPool,Reproducible,canonical-reduction,pairwise,canonical-pairwise-v1-leaf1024,ThreadPool,8,5
2,1.6.0,1.6.0,GCC 14.2,Linux,x86_64,AMD EPYC 9V74 80-Core Processor,dot,double,1048576,contiguous,1,stable,5,0.288437,13905019138771679482,c0f88d3c197e78fa,-100563.75622412928,scalar-reference,1.7067236512957606e-11,1.6971558296728073e-16,1,1,1,1,1,ThreadPool,Reproducible,canonical-reduction,pairwise,canonical-pairwise-v1-leaf1024,ThreadPool,8,5
2,1.6.0,1.6.0,GCC 14.2,Linux,x86_64,AMD EPYC 9V74 80-Core Processor,dot,double,1048576,contiguous,1,stable,6,0.28883799999999998,13905019138771679482,c0f88d3c197e78fa,-100563.75622412928,scalar-reference,1.7067236512957606e-11,1.6971558296728073e-16,1,1,1,1,1,ThreadPool,Reproducible,canonical-reduction,pairwise,canonical-pairwise-v1-leaf1024,ThreadPool,8,5
2,1.6.0,1.6.0,GCC 14.2,Linux,x86_64,AMD EPYC 9V74 80-Core Processor,dot,double,1048576,contiguous,1,stable,7,0.33005000000000001,13905019138771679482,c0f88d3c197e78fa,-100563.75622412928,scalar-reference,1.7067236512957606e-11,1.6971558296728073e-16,1,1,1,1,1,ThreadPool,Reproducible,canonical-reduction,pairwise,canonical-pairwise-v1-leaf1024,ThreadPool,8,5
2,1.6.0,1.6.0,GCC 14.2,Linux,x86_64,AMD EPYC 9V74 80-Core Processor,dot,double,1048576,contiguous,1,stable,8,0.30386000000000002,13905019138771679482,c0f88d3c197e78fa,-100563.75622412928,scalar-reference,1.7067236512957606e-11,1.6971558296728073e-16,1,1,1,1,1,ThreadPool,Reproducible,canonical-reduction,pairwise,canonical-pairwise-v1-leaf1024,ThreadPool,8,5
2,1.6.0,1.6.0,GCC 14.2,Linux,x86_64,AMD EPYC 9V74 80-Core Processor,dot,double,1048576,contiguous,1,stable,9,0.31220300000000001,13905019138771679482,c0f88d3c197e78fa,-100563.75622412928,scalar-reference,1.7067236512957606e-11,1.6971558296728073e-16,1,1,1,1,1,ThreadPool,Reproducible,canonical-reduction,pairwise,canonical-pairwise-v1-leaf1024,ThreadPool,8,5
2,1.6.0,1.6.0,GCC 14.2,Linux,x86_64,AMD EPYC 9V74 80-Core Processor,dot,double,1048576,contiguous,1,stable,10,0.304261,13905019138771679482,c0f88d3c197e78fa,-100563.75622412928,scalar-reference,1.7067236512957606e-11,1.6971558296728073e-16,1,1,1,1,1,ThreadPool,Reproducible,canonical-reduction,pairwise,canonical-pairwise-v1-leaf1024,ThreadPool,8,5
2,1.6.0,1.6.0,GCC 14.2,Linux,x86_64,AMD EPYC 9V74 80-Core Processor,dot,double,1048576,contiguous,1,stable,11,0.297261,13905019138771679482,c0f88d3c197e78fa,-100563.75622412928,scalar-reference,1.7067236512957606e-11,1.6971558296728073e-16,1,1,1,1,1,ThreadPool,Reproducible,canonical-reduction,pairwise,canonical-pairwise-v1-leaf1024,ThreadPool,8,5
2,1.6.0,1.6.0,GCC 14.2,Linux,x86_64,AMD EPYC 9V74 80-Core Processor,dot,double,1048576,contiguous,1,stable,12,0.28849799999999998,13905019138771679482,c0f88d3c197e78fa,-100563.75622412928,scalar-reference,1.7067236512957606e-11,1.6971558296728073e-16,1,1,1,1,1,ThreadPool,Reproducible,canonical-reduction,pairwise,canonical-pairwise-v1-leaf1024,ThreadPool,8,5
2,1.6.0,1.6.0,GCC 14.2,Linux,x86_64,AMD EPYC 9V74 80-Core Processor,dot,double,1048576,contiguous,1,stable,13,0.30111700000000002,13905019138771679482,c0f88d3c197e78fa,-100563.75622412928,scalar-reference,1.7067236512957606e-11,1.6971558296728073e-16,1,1,1,1,1,ThreadPool,Reproducible,canonical-reduction,pairwise,canonical-pairwise-v1-leaf1024,ThreadPool,8,5
2,1.6.0,1.6.0,GCC 14.2,Linux,x86_64,AMD EPYC 9V74 80-Core Processor,dot,double,1048576,contiguous,1,stable,14,0.28475200000000001,13905019138771679482,c0f88d3c197e78fa,-100563.75622412928,scalar-reference,1.7067236512957606e-11,1.6971558296728073e-16,1,1,1,1,1,ThreadPool,Reproducible,canonical-reduction,pairwise,canonical-pairwise-v1-leaf1024,ThreadPool,8,5
2,1.6.0,1.6.0,GCC 14.2,Linux,x86_64,AMD EPYC 9V74 80-Core Processor,dot,double,1048576,contiguous,1,stable,15,0.30029600000000001,13905019138771679482,c0f88d3c197e78fa,-100563.75622412928,scalar-reference,1.7067236512957606e-11,1.6971558296728073e-16,1,1,1,1,1,ThreadPool,Reproducible,canonical-reduction,pairwise,canonical-pairwise-v1-leaf1024,ThreadPool,8,5
2,1.6.0,1.6.0,GCC 14.2,Linux,x86_64,AMD EPYC 9V74 80-Core Processor,dot,double,1048576,contiguous,1,stable,16,0.32256800000000002,13905019138771679482,c0f88d3c197e78fa,-100563.75622412928,scalar-reference,1.7067236512957606e-11,1.6971558296728073e-16,1,1,1,1,1,ThreadPool,Reproducible,canonical-reduction,pairwise,canonical-pairwise-v1-leaf1024,ThreadPool,8,5
2,1.6.0,1.6.0,GCC 14.2,Linux,x86_64,AMD EPYC 9V74 80-Core Processor,dot,double,1048576,contiguous,1,stable,17,0.38104500000000002,13905019138771679482,c0f88d3c197e78fa,-100563.75622412928,scalar-reference,1.7067236512957606e-11,1.6971558296728073e-16,1,1,1,1,1,ThreadPool,Reproducible,canonical-reduction,pairwise,canonical-pairwise-v1-leaf1024,ThreadPool,8,5
2,1.6.0,1.6.0,GCC 14.2,Linux,x86_64,AMD EPYC 9V74 80-Core Processor,dot,double,1048576,contiguous,1,stable,18,0.32119599999999998,13905019138771679482,c0f88d3c197e78fa,-100563.75622412928,scalar-reference,1.7067236512957606e-11,1.6971558296728073e-16,1,1,1,1,1,ThreadPool,Reproducible,canonical-reduction,pairwise,canonical-pairwise-v1-leaf1024,ThreadPool,8,5
2,1.6.0,1.6.0,GCC 14.2,Linux,x86_64,AMD EPYC 9V74 80-Core Processor,dot,double,1048576,contiguous,1,stable,19,0.31147200000000003,13905019138771679482,c0f88d3c197e78fa,-100563.75622412928,scalar-reference,1.7067236512957606e-11,1.6971558296728073e-16,1,1,1,1,1,ThreadPool,Reproducible,canonical-reduction,pairwise,canonical-pairwise-v1-leaf1024,ThreadPool,8,5
2,1.6.0,1.6.0,GCC 14.2,Linux,x86_64,AMD EPYC 9V74 80-Core Processor,dot,double,1048576,contiguous,1,stable,20,0.32777600000000001,13905019138771679482,c0f88d3c197e78fa,-100563.75622412928,scalar-reference,1.7067236512957606e-11,1.6971558296728073e-16,1,1,1,1,1,ThreadPool,Reproducible,canonical-reduction,pairwise,canonical-pairwise-v1-leaf1024,ThreadPool,8,5
2,1.6.0,1.6.0,GCC 14.2,Linux,x86_64,AMD EPYC 9V74 80-Core Processor,dot,double,1048576,contiguous,1,stable,21,0.293796,13905019138771679482,c0f88d3c197e78fa,-100563.75622412928,scalar-reference,1.7067236512957606e-11,1.6971558296728073e-16,1,1,1,1,1,ThreadPool,Reproducible,canonical-reduction,pairwise,canonical-pairwise-v1-leaf1024,ThreadPool,8,5
2,1.6.0,1.6.0,GCC 14.2,Linux,x86_64,AMD EPYC 9V74 80-Core Processor,norm,double,1048576,contiguous,1,first_call,0,0.28291899999999998,4645139005614007356,4076d95089ef243c,365.58216279425301,scalar-reference,8.2156503822261584e-15,2.2472787839077003e-17,1,1,1,1,1,ThreadPool,Reproducible,canonical-reduction,pairwise,canonical-pairwise-v1-leaf1024,ThreadPool,8,5
2,1.6.0,1.6.0,GCC 14.2,Linux,x86_64,AMD EPYC 9V74 80-Core Processor,norm,double,1048576,contiguous,1,stable,1,0.29638900000000001,4645139005614007356,4076d95089ef243c,365.58216279425301,scalar-reference,8.2156503822261584e-15,2.2472787839077003e-17,1,1,1,1,1,ThreadPool,Reproducible,canonical-reduction,pairwise,canonical-pairwise-v1-leaf1024,ThreadPool,8,5
2,1.6.0,1.6.0,GCC 14.2,Linux,x86_64,AMD EPYC 9V74 80-Core Processor,norm,double,1048576,contiguous,1,stable,2,0.28568399999999999,4645139005614007356,4076d95089ef243c,365.58216279425301,scalar-reference,8.2156503822261584e-15,2.2472787839077003e-17,1,1,1,1,1,ThreadPool,Reproducible,canonical-reduction,pairwise,canonical-pairwise-v1-leaf1024,ThreadPool,8,5
2,1.6.0,1.6.0,GCC 14.2,Linux,x86_64,AMD EPYC 9V74 80-Core Processor,norm,double,1048576,contiguous,1,stable,3,0.29599900000000001,4645139005614007356,4076d95089ef243c,365.58216279425301,scalar-reference,8.2156503822261584e-15,2.2472787839077003e-17,1,1,1,1,1,ThreadPool,Reproducible,canonical-reduction,pairwise,canonical-pairwise-v1-leaf1024,ThreadPool,8,5
2,1.6.0,1.6.0,GCC 14.2,Linux,x86_64,AMD EPYC 9V74 80-Core Processor,norm,double,1048576,contiguous,1,stable,4,0.50646100000000005,4645139005614007356,4076d95089ef243c,365.58216279425301,scalar-reference,8.2156503822261584e-15,2.2472787839077003e-17,1,1,1,1,1,ThreadPool,Reproducible,canonical-reduction,pairwise,canonical-pairwise-v1-leaf1024,ThreadPool,8,5
2,1.6.0,1.6.0,GCC 14.2,Linux,x86_64,AMD EPYC 9V74 80-Core Processor,norm,double,1048576,contiguous,1,stable,5,0.29679,4645139005614007356,4076d95089ef243c,365.58216279425301,scalar-reference,8.2156503822261584e-15,2.2472787839077003e-17,1,1,1,1,1,ThreadPool,Reproducible,canonical-reduction,pairwise,canonical-pairwise-v1-leaf1024,ThreadPool,8,5
2,1.6.0,1.6.0,GCC 14.2,Linux,x86_64,AMD EPYC 9V74 80-Core Processor,norm,double,1048576,contiguous,1,stable,6,0.32856800000000003,4645139005614007356,4076d95089ef243c,365.58216279425301,scalar-reference,8.2156503822261584e-15,2.2472787839077003e-17,1,1,1,1,1,ThreadPool,Reproducible,canonical-reduction,pairwise,canonical-pairwise-v1-leaf1024,ThreadPool,8,5
2,1.6.0,1.6.0,GCC 14.2,Linux,x86_64,AMD EPYC 9V74 80-Core Processor,norm,double,1048576,contiguous,1,stable,7,0.29176299999999999,4645139005614007356,4076d95089ef243c,365.58216279425301,scalar-reference,8.2156503822261584e-15,2.2472787839077003e-17,1,1,1,1,1,ThreadPool,Reproducible,canonical-reduction,pairwise,canonical-pairwise-v1-leaf1024,ThreadPool,8,5
2,1.6.0,1.6.0,GCC 14.2,Linux,x86_64,AMD EPYC 9V74 80-Core Processor,norm,double,1048576,contiguous,1,stable,8,0.28470200000000001,4645139005614007356,4076d95089ef243c,365.58216279425301,scalar-reference,8.2156503822261584e-15,2.2472787839077003e-17,1,1,1,1,1,ThreadPool,Reproducible,canonical-reduction,pairwise,canonical-pairwise-v1-leaf1024,ThreadPool,8,5
2,1.6.0,1.6.0,GCC 14.2,Linux,x86_64,AMD EPYC 9V74 80-Core Processor,norm,double,1048576,contiguous,1,stable,9,0.308417,4645139005614007356,4076d95089ef243c,365.58216279425301,scalar-reference,8.2156503822261584e-15,2.2472787839077003e-17,1,1,1,1,1,ThreadPool,Reproducible,canonical-reduction,pairwise,canonical-pairwise-v1-leaf1024,ThreadPool,8,5
2,1.6.0,1.6.0,GCC 14.2,Linux,x86_64,AMD EPYC 9V74 80-Core Processor,norm,double,1048576,contiguous,1,stable,10,0.31135099999999999,4645139005614007356,4076d95089ef243c,365.58216279425301,scalar-reference,8.2156503822261584e-15,2.2472787839077003e-17,1,1,1,1,1,ThreadPool,Reproducible,canonical-reduction,pairwise,canonical-pairwise-v1-leaf1024,ThreadPool,8,5
2,1.6.0,1.6.0,GCC 14.2,Linux,x86_64,AMD EPYC 9V74 80-Core Processor,norm,double,1048576,contiguous,1,stable,11,0.28415200000000002,4645139005614007356,4076d95089ef243c,365.58216279425301,scalar-reference,8.2156503822261584e-15,2.2472787839077003e-17,1,1,1,1,1,ThreadPool,Reproducible,canonical-reduction,pairwise,canonical-pairwise-v1-leaf1024,ThreadPool,8,5
2,1.6.0,1.6.0,GCC 14.2,Linux,x86_64,AMD EPYC 9V74 80-Core Processor,norm,double,1048576,contiguous,1,stable,12,0.48960599999999999,4645139005614007356,4076d95089ef243c,365.58216279425301,scalar-reference,8.2156503822261584e-15,2.2472787839077003e-17,1,1,1,1,1,ThreadPool,Reproducible,canonical-reduction,pairwise,canonical-pairwise-v1-leaf1024,ThreadPool,8,5
2,1.6.0,1.6.0,GCC 14.2,Linux,x86_64,AMD EPYC 9V74 80-Core Processor,norm,double,1048576,contiguous,1,stable,13,0.33919300000000002,4645139005614007356,4076d95089ef243c,365.58216279425301,scalar-reference,8.2156503822261584e-15,2.2472787839077003e-17,1,1,1,1,1,ThreadPool,Reproducible,canonical-reduction,pairwise,canonical-pairwise-v1-leaf1024,ThreadPool,8,5
2,1.6.0,1.6.0,GCC 14.2,Linux,x86_64,AMD EPYC 9V74 80-Core Processor,norm,double,1048576,contiguous,1,stable,14,0.36612299999999998,4645139005614007356,4076d95089ef243c,365.58216279425301,scalar-reference,8.2156503822261584e-15,2.2472787839077003e-17,1,1,1,1,1,ThreadPool,Reproducible,canonical-reduction,pairwise,canonical-pairwise-v1-leaf1024,ThreadPool,8,5
2,1.6.0,1.6.0,GCC 14.2,Linux,x86_64,AMD EPYC 9V74 80-Core Processor,norm,double,1048576,contiguous,1,stable,15,0.28963,4645139005614007356,4076d95089ef243c,365.58216279425301,scalar-reference,8.2156503822261584e-15,2.2472787839077003e-17,1,1,1,1,1,ThreadPool,Reproducible,canonical-reduction,pairwise,canonical-pairwise-v1-leaf1024,ThreadPool,8,5
2,1.6.0,1.6.0,GCC 14.2,Linux,x86_64,AMD EPYC 9V74 80-Core Processor,norm,double,1048576,contiguous,1,stable,16,0.32113599999999998,4645139005614007356,4076d95089ef243c,365.58216279425301,scalar-reference,8.2156503822261584e-15,2.2472787839077003e-17,1,1,1,1,1,ThreadPool,Reproducible,canonical-reduction,pairwise,canonical-pairwise-v1-leaf1024,ThreadPool,8,5
2,1.6.0,1.6.0,GCC 14.2,Linux,x86_64,AMD EPYC 9V74 80-Core Processor,norm,double,1048576,contiguous,1,stable,17,0.36820599999999998,4645139005614007356,4076d95089ef243c,365.58216279425301,scalar-reference,8.2156503822261584e-15,2.2472787839077003e-17,1,1,1,1,1,ThreadPool,Reproducible,canonical-reduction,pairwise,canonical-pairwise-v1-leaf1024,ThreadPool,8,5
2,1.6.0,1.6.0,GCC 14.2,Linux,x86_64,AMD EPYC 9V74 80-Core Processor,norm,double,1048576,contiguous,1,stable,18,0.31340499999999999,4645139005614007356,4076d95089ef243c,365.58216279425301,scalar-reference,8.2156503822261584e-15,2.2472787839077003e-17,1,1,1,1,1,ThreadPool,Reproducible,canonical-reduction,pairwise,canonical-pairwise-v1-leaf1024,ThreadPool,8,5
2,1.6.0,1.6.0,GCC 14.2,Linux,x86_64,AMD EPYC 9V74 80-Core Processor,norm,double,1048576,contiguous,1,stable,19,0.36315799999999998,4645139005614007356,4076d95089ef243c,365.58216279425301,scalar-reference,8.2156503822261584e-15,2.2472787839077003e-17,1,1,1,1,1,ThreadPool,Reproducible,canonical-reduction,pairwise,canonical-pairwise-v1-leaf1024,ThreadPool,8,5
2,1.6.0,1.6.0,GCC 14.2,Linux,x86_64,AMD EPYC 9V74 80-Core Processor,norm,double,1048576,contiguous,1,stable,20,0.287026,4645139005614007356,4076d95089ef243c,365.58216279425301,scalar-reference,8.2156503822261584e-15,2.2472787839077003e-17,1,1,1,1,1,ThreadPool,Reproducible,canonical-reduction,pairwise,canonical-pairwise-v1-leaf1024,ThreadPool,8,5
2,1.6.0,1.6.0,GCC 14.2,Linux,x86_64,AMD EPYC 9V74 80-Core Processor,norm,double,1048576,contiguous,1,stable,21,0.30279899999999998,4645139005614007356,4076d95089ef243c,365.58216279425301,scalar-reference,8.2156503822261584e-15,2.2472787839077003e-17,1,1,1,1,1,ThreadPool,Reproducible,canonical-reduction,pairwise,canonical-pairwise-v1-leaf1024,ThreadPool,8,5
2,1.6.0,1.6.0,GCC 14.2,Linux,x86_64,AMD EPYC 9V74 80-Core Processor,sum,double,1048576,contiguous,1,first_call,0,1.1874610000000001,4638345064186407022,405eb642c884686e,122.84782612734278,scalar-reference,2.2093438190040615e-14,1.7984394910772605e-16,1,1,1,1,1,ThreadPool,Accurate,canonical-reduction,compensated,canonical-neumaier-v1-leaf1024,ThreadPool,8,5
2,1.6.0,1.6.0,GCC 14.2,Linux,x86_64,AMD EPYC 9V74 80-Core Processor,sum,double,1048576,contiguous,1,stable,1,1.5135350000000001,4638345064186407022,405eb642c884686e,122.84782612734278,scalar-reference,2.2093438190040615e-14,1.7984394910772605e-16,1,1,1,1,1,ThreadPool,Accurate,canonical-reduction,compensated,canonical-neumaier-v1-leaf1024,ThreadPool,8,5
2,1.6.0,1.6.0,GCC 14.2,Linux,x86_64,AMD EPYC 9V74 80-Core Processor,sum,double,1048576,contiguous,1,stable,2,1.1880219999999999,4638345064186407022,405eb642c884686e,122.84782612734278,scalar-reference,2.2093438190040615e-14,1.7984394910772605e-16,1,1,1,1,1,ThreadPool,Accurate,canonical-reduction,compensated,canonical-neumaier-v1-leaf1024,ThreadPool,8,5
2,1.6.0,1.6.0,GCC 14.2,Linux,x86_64,AMD EPYC 9V74 80-Core Processor,sum,double,1048576,contiguous,1,stable,3,1.5281659999999999,4638345064186407022,405eb642c884686e,122.84782612734278,scalar-reference,2.2093438190040615e-14,1.7984394910772605e-16,1,1,1,1,1,ThreadPool,Accurate,canonical-reduction,compensated,canonical-neumaier-v1-leaf1024,ThreadPool,8,5
2,1.6.0,1.6.0,GCC 14.2,Linux,x86_64,AMD EPYC 9V74 80-Core Processor,sum,double,1048576,contiguous,1,stable,4,1.165929,4638345064186407022,405eb642c884686e,122.84782612734278,scalar-reference,2.2093438190040615e-14,1.7984394910772605e-16,1,1,1,1,1,ThreadPool,Accurate,canonical-reduction,compensated,canonical-neumaier-v1-leaf1024,ThreadPool,8,5
2,1.6.0,1.6.0,GCC 14.2,Linux,x86_64,AMD EPYC 9V74 80-Core Processor,sum,double,1048576,contiguous,1,stable,5,1.5443210000000001,4638345064186407022,405eb642c884686e,122.84782612734278,scalar-reference,2.2093438190040615e-14,1.7984394910772605e-16,1,1,1,1,1,ThreadPool,Accurate,canonical-reduction,compensated,canonical-neumaier-v1-leaf1024,ThreadPool,8,5
2,1.6.0,1.6.0,GCC 14.2,Linux,x86_64,AMD EPYC 9V74 80-Core Processor,sum,double,1048576,contiguous,1,stable,6,1.212418,4638345064186407022,405eb642c884686e,122.84782612734278,scalar-reference,2.2093438190040615e-14,1.7984394910772605e-16,1,1,1,1,1,ThreadPool,Accurate,canonical-reduction,compensated,canonical-neumaier-v1-leaf1024,ThreadPool,8,5
2,1.6.0,1.6.0,GCC 14.2,Linux,x86_64,AMD EPYC 9V74 80-Core Processor,sum,double,1048576,contiguous,1,stable,7,1.689235,4638345064186407022,405eb642c884686e,122.84782612734278,scalar-reference,2.2093438190040615e-14,1.7984394910772605e-16,1,1,1,1,1,ThreadPool,Accurate,canonical-reduction,compensated,canonical-neumaier-v1-leaf1024,ThreadPool,8,5
2,1.6.0,1.6.0,GCC 14.2,Linux,x86_64,AMD EPYC 9V74 80-Core Processor,sum,double,1048576,contiguous,1,stable,8,1.2357929999999999,4638345064186407022,405eb642c884686e,122.84782612734278,scalar-reference,2.2093438190040615e-14,1.7984394910772605e-16,1,1,1,1,1,ThreadPool,Accurate,canonical-reduction,compensated,canonical-neumaier-v1-leaf1024,ThreadPool,8,5
2,1.6.0,1.6.0,GCC 14.2,Linux,x86_64,AMD EPYC 9V74 80-Core Processor,sum,double,1048576,contiguous,1,stable,9,1.48386,4638345064186407022,405eb642c884686e,122.84782612734278,scalar-reference,2.2093438190040615e-14,1.7984394910772605e-16,1,1,1,1,1,ThreadPool,Accurate,canonical-reduction,compensated,canonical-neumaier-v1-leaf1024,ThreadPool,8,5
2,1.6.0,1.6.0,GCC 14.2,Linux,x86_64,AMD EPYC 9V74 80-Core Processor,sum,double,1048576,contiguous,1,stable,10,1.5601640000000001,4638345064186407022,405eb642c884686e,122.84782612734278,scalar-reference,2.2093438190040615e-14,1.7984394910772605e-16,1,1,1,1,1,ThreadPool,Accurate,canonical-reduction,compensated,canonical-neumaier-v1-leaf1024,ThreadPool,8,5
2,1.6.0,1.6.0,GCC 14.2,Linux,x86_64,AMD EPYC 9V74 80-Core Processor,sum,double,1048576,contiguous,1,stable,11,1.1980470000000001,4638345064186407022,405eb642c884686e,122.84782612734278,scalar-reference,2.2093438190040615e-14,1.7984394910772605e-16,1,1,1,1,1,ThreadPool,Accurate,canonical-reduction,compensated,canonical-neumaier-v1-leaf1024,ThreadPool,8,5
2,1.6.0,1.6.0,GCC 14.2,Linux,x86_64,AMD EPYC 9V74 80-Core Processor,sum,double,1048576,contiguous,1,stable,12,1.171357,4638345064186407022,405eb642c884686e,122.84782612734278,scalar-reference,2.2093438190040615e-14,1.7984394910772605e-16,1,1,1,1,1,ThreadPool,Accurate,canonical-reduction,compensated,canonical-neumaier-v1-leaf1024,ThreadPool,8,5
2,1.6.0,1.6.0,GCC 14.2,Linux,x86_64,AMD EPYC 9V74 80-Core Processor,sum,double,1048576,contiguous,1,stable,13,1.5534840000000001,4638345064186407022,405eb642c884686e,122.84782612734278,scalar-reference,2.2093438190040615e-14,1.7984394910772605e-16,1,1,1,1,1,ThreadPool,Accurate,canonical-reduction,compensated,canonical-neumaier-v1-leaf1024,ThreadPool,8,5
2,1.6.0,1.6.0,GCC 14.2,Linux,x86_64,AMD EPYC 9V74 80-Core Processor,sum,double,1048576,contiguous,1,stable,14,2.4040360000000001,4638345064186407022,405eb642c884686e,122.84782612734278,scalar-reference,2.2093438190040615e-14,1.7984394910772605e-16,1,1,1,1,1,ThreadPool,Accurate,canonical-reduction,compensated,canonical-neumaier-v1-leaf1024,ThreadPool,8,5
2,1.6.0,1.6.0,GCC 14.2,Linux,x86_64,AMD EPYC 9V74 80-Core Processor,sum,double,1048576,contiguous,1,stable,15,2.0521039999999999,4638345064186407022,405eb642c884686e,122.84782612734278,scalar-reference,2.2093438190040615e-14,1.7984394910772605e-16,1,1,1,1,1,ThreadPool,Accurate,canonical-reduction,compensated,canonical-neumaier-v1-leaf1024,ThreadPool,8,5
2,1.6.0,1.6.0,GCC 14.2,Linux,x86_64,AMD EPYC 9V74 80-Core Processor,sum,double,1048576,contiguous,1,stable,16,2.0029910000000002,4638345064186407022,405eb642c884686e,122.84782612734278,scalar-reference,2.2093438190040615e-14,1.7984394910772605e-16,1,1,1,1,1,ThreadPool,Accurate,canonical-reduction,compensated,canonical-neumaier-v1-leaf1024,ThreadPool,8,5
2,1.6.0,1.6.0,GCC 14.2,Linux,x86_64,AMD EPYC 9V74 80-Core Processor,sum,double,1048576,contiguous,1,stable,17,1.229384,4638345064186407022,405eb642c884686e,122.84782612734278,scalar-reference,2.2093438190040615e-14,1.7984394910772605e-16,1,1,1,1,1,ThreadPool,Accurate,canonical-reduction,compensated,canonical-neumaier-v1-leaf1024,ThreadPool,8,5
2,1.6.0,1.6.0,GCC 14.2,Linux,x86_64,AMD EPYC 9V74 80-Core Processor,sum,double,1048576,contiguous,1,stable,18,1.522127,4638345064186407022,405eb642c884686e,122.84782612734278,scalar-reference,2.2093438190040615e-14,1.7984394910772605e-16,1,1,1,1,1,ThreadPool,Accurate,canonical-reduction,compensated,canonical-neumaier-v1-leaf1024,ThreadPool,8,5
2,1.6.0,1.6.0,GCC 14.2,Linux,x86_64,AMD EPYC 9V74 80-Core Processor,sum,double,1048576,contiguous,1,stable,19,1.7857190000000001,4638345064186407022,405eb642c884686e,122.84782612734278,scalar-reference,2.2093438190040615e-14,1.7984394910772605e-16,1,1,1,1,1,ThreadPool,Accurate,canonical-reduction,compensated,canonical-neumaier-v1-leaf1024,ThreadPool,8,5
2,1.6.0,1.6.0,GCC 14.2,Linux,x86_64,AMD EPYC 9V74 80-Core Processor,sum,double,1048576,contiguous,1,stable,20,1.4504360000000001,4638345064186407022,405eb642c884686e,122.84782612734278,scalar-reference,2.2093438190040615e-14,1.7984394910772605e-16,1,1,1,1,1,ThreadPool,Accurate,canonical-reduction,compensated,canonical-neumaier-v1-leaf1024,ThreadPool,8,5
2,1.6.0,1.6.0,GCC 14.2,Linux,x86_64,AMD EPYC 9V74 80-Core Processor,sum,double,1048576,contiguous,1,stable,21,1.6447700000000001,4638345064186407022,405eb642c884686e,122.84782612734278,scalar-reference,2.2093438190040615e-14,1.7984394910772605e-16,1,1,1,1,1,ThreadPool,Accurate,canonical-reduction,compensated,canonical-neumaier-v1-leaf1024,ThreadPool,8,5
2,1.6.0,1.6.0,GCC 14.2,Linux,x86_64,AMD EPYC 9V74 80-Core Processor,dot,double,1048576,contiguous,1,first_call,0,1.2369250000000001,13905019138771679483,c0f88d3c197e78fb,-100563.75622412928,scalar-reference,2.5153212845907547e-12,2.5012204983520972e-17,1,1,1,1,1,ThreadPool,Accurate,canonical-reduction,compensated,canonical-neumaier-v1-leaf1024,ThreadPool,8,5
2,1.6.0,1.6.0,GCC 14.2,Linux,x86_64,AMD EPYC 9V74 80-Core Processor,dot,double,1048576,contiguous,1,stable,1,1.6371279999999999,13905019138771679483,c0f88d3c197e78fb,-100563.75622412928,scalar-reference,2.5153212845907547e-12,2.5012204983520972e-17,1,1,1,1,1,ThreadPool,Accurate,canonical-reduction,compensated,canonical-neumaier-v1-leaf1024,ThreadPool,8,5
2,1.6.0,1.6.0,GCC 14.2,Linux,x86_64,AMD EPYC 9V74 80-Core Processor,dot,double,1048576,contiguous,1,stable,2,1.9387760000000001,13905019138771679483,c0f88d3c197e78fb,-100563.75622412928,scalar-reference,2.5153212845907547e-12,2.5012204983520972e-17,1,1,1,1,1,ThreadPool,Accurate,canonical-reduction,compensated,canonical-neumaier-v1-leaf1024,ThreadPool,8,5
2,1.6.0,1.6.0,GCC 14.2,Linux,x86_64,AMD EPYC 9V74 80-Core Processor,dot,double,1048576,contiguous,1,stable,3,1.331645,13905019138771679483,c0f88d3c197e78fb,-100563.75622412928,scalar-reference,2.5153212845907547e-12,2.5012204983520972e-17,1,1,1,1,1,ThreadPool,Accurate,canonical-reduction,compensated,canonical-neumaier-v1-leaf1024,ThreadPool,8,5
2,1.6.0,1.6.0,GCC 14.2,Linux,x86_64,AMD EPYC 9V74 80-Core Processor,dot,double,1048576,contiguous,1,stable,4,1.5986309999999999,13905019138771679483,c0f88d3c197e78fb,-100563.75622412928,scalar-reference,2.5153212845907547e-12,2.5012204983520972e-17,1,1,1,1,1,ThreadPool,Accurate,canonical-reduction,compensated,canonical-neumaier-v1-leaf1024,ThreadPool,8,5
2,1.6.0,1.6.0,GCC 14.2,Linux,x86_64,AMD EPYC 9V74 80-Core Processor,dot,double,1048576,contiguous,1,stable,5,1.6243289999999999,13905019138771679483,c0f88d3c197e78fb,-100563.75622412928,scalar-reference,2.5153212845907547e-12,2.5012204983520972e-17,1,1,1,1,1,ThreadPool,Accurate,canonical-reduction,compensated,canonical-neumaier-v1-leaf1024,ThreadPool,8,5
2,1.6.0,1.6.0,GCC 14.2,Linux,x86_64,AMD EPYC 9V74 80-Core Processor,dot,double,1048576,contiguous,1,stable,6,1.5874239999999999,13905019138771679483,c0f88d3c197e78fb,-100563.75622412928,scalar-reference,2.5153212845907547e-12,2.5012204983520972e-17,1,1,1,1,1,ThreadPool,Accurate,canonical-reduction,compensated,canonical-neumaier-v1-leaf1024,ThreadPool,8,5
2,1.6.0,1.6.0,GCC 14.2,Linux,x86_64,AMD EPYC 9V74 80-Core Processor,dot,double,1048576,contiguous,1,stable,7,1.573804,13905019138771679483,c0f88d3c197e78fb,-100563.75622412928,scalar-reference,2.5153212845907547e-12,2.5012204983520972e-17,1,1,1,1,1,ThreadPool,Accurate,canonical-reduction,compensated,canonical-neumaier-v1-leaf1024,ThreadPool,8,5
2,1.6.0,1.6.0,GCC 14.2,Linux,x86_64,AMD EPYC 9V74 80-Core Processor,dot,double,1048576,contiguous,1,stable,8,1.3048949999999999,13905019138771679483,c0f88d3c197e78fb,-100563.75622412928,scalar-reference,2.5153212845907547e-12,2.5012204983520972e-17,1,1,1,1,1,ThreadPool,Accurate,canonical-reduction,compensated,canonical-neumaier-v1-leaf1024,ThreadPool,8,5
2,1.6.0,1.6.0,GCC 14.2,Linux,x86_64,AMD EPYC 9V74 80-Core Processor,dot,double,1048576,contiguous,1,stable,9,1.247941,13905019138771679483,c0f88d3c197e78fb,-100563.75622412928,scalar-reference,2.5153212845907547e-12,2.5012204983520972e-17,1,1,1,1,1,ThreadPool,Accurate,canonical-reduction,compensated,canonical-neumaier-v1-leaf1024,ThreadPool,8,5
2,1.6.0,1.6.0,GCC 14.2,Linux,x86_64,AMD EPYC 9V74 80-Core Processor,dot,double,1048576,contiguous,1,stable,10,1.6816439999999999,13905019138771679483,c0f88d3c197e78fb,-100563.75622412928,scalar-reference,2.5153212845907547e-12,2.5012204983520972e-17,1,1,1,1,1,ThreadPool,Accurate,canonical-reduction,compensated,canonical-neumaier-v1-leaf1024,ThreadPool,8,5
2,1.6.0,1.6.0,GCC 14.2,Linux,x86_64,AMD EPYC 9V74 80-Core Processor,dot,double,1048576,contiguous,1,stable,11,2.0868350000000002,13905019138771679483,c0f88d3c197e78fb,-100563.75622412928,scalar-reference,2.5153212845907547e-12,2.5012204983520972e-17,1,1,1,1,1,ThreadPool,Accurate,canonical-reduction,compensated,canonical-neumaier-v1-leaf1024,ThreadPool,8,5
2,1.6.0,1.6.0,GCC 14.2,Linux,x86_64,AMD EPYC 9V74 80-Core Processor,dot,double,1048576,contiguous,1,stable,12,1.2464489999999999,13905019138771679483,c0f88d3c197e78fb,-100563.75622412928,scalar-reference,2.5153212845907547e-12,2.5012204983520972e-17,1,1,1,1,1,ThreadPool,Accurate,canonical-reduction,compensated,canonical-neumaier-v1-leaf1024,ThreadPool,8,5
2,1.6.0,1.6.0,GCC 14.2,Linux,x86_64,AMD EPYC 9V74 80-Core Processor,dot,double,1048576,contiguous,1,stable,13,1.6459410000000001,13905019138771679483,c0f88d3c197e78fb,-100563.75622412928,scalar-reference,2.5153212845907547e-12,2.5012204983520972e-17,1,1,1,1,1,ThreadPool,Accurate,canonical-reduction,compensated,canonical-neumaier-v1-leaf1024,ThreadPool,8,5
2,1.6.0,1.6.0,GCC 14.2,Linux,x86_64,AMD EPYC 9V74 80-Core Processor,dot,double,1048576,contiguous,1,stable,14,1.728383,13905019138771679483,c0f88d3c197e78fb,-100563.75622412928,scalar-reference,2.5153212845907547e-12,2.5012204983520972e-17,1,1,1,1,1,ThreadPool,Accurate,canonical-reduction,compensated,canonical-neumaier-v1-leaf1024,ThreadPool,8,5
2,1.6.0,1.6.0,GCC 14.2,Linux,x86_64,AMD EPYC 9V74 80-Core Processor,dot,double,1048576,contiguous,1,stable,15,2.4538790000000001,13905019138771679483,c0f88d3c197e78fb,-100563.75622412928,scalar-reference,2.5153212845907547e-12,2.5012204983520972e-17,1,1,1,1,1,ThreadPool,Accurate,canonical-reduction,compensated,canonical-neumaier-v1-leaf1024,ThreadPool,8,5
2,1.6.0,1.6.0,GCC 14.2,Linux,x86_64,AMD EPYC 9V74 80-Core Processor,dot,double,1048576,contiguous,1,stable,16,3.768599,13905019138771679483,c0f88d3c197e78fb,-100563.75622412928,scalar-reference,2.5153212845907547e-12,2.5012204983520972e-17,1,1,1,1,1,ThreadPool,Accurate,canonical-reduction,compensated,canonical-neumaier-v1-leaf1024,ThreadPool,8,5
2,1.6.0,1.6.0,GCC 14.2,Linux,x86_64,AMD EPYC 9V74 80-Core Processor,dot,double,1048576,contiguous,1,stable,17,1.955471,13905019138771679483,c0f88d3c197e78fb,-100563.75622412928,scalar-reference,2.5153212845907547e-12,2.5012204983520972e-17,1,1,1,1,1,ThreadPool,Accurate,canonical-reduction,compensated,canonical-neumaier-v1-leaf1024,ThreadPool,8,5
2,1.6.0,1.6.0,GCC 14.2,Linux,x86_64,AMD EPYC 9V74 80-Core Processor,dot,double,1048576,contiguous,1,stable,18,1.825388,13905019138771679483,c0f88d3c197e78fb,-100563.75622412928,scalar-reference,2.5153212845907547e-12,2.5012204983520972e-17,1,1,1,1,1,ThreadPool,Accurate,canonical-reduction,compensated,canonical-neumaier-v1-leaf1024,ThreadPool,8,5
2,1.6.0,1.6.0,GCC 14.2,Linux,x86_64,AMD EPYC 9V74 80-Core Processor,dot,double,1048576,contiguous,1,stable,19,2.1338750000000002,13905019138771679483,c0f88d3c197e78fb,-100563.75622412928,scalar-reference,2.5153212845907547e-12,2.5012204983520972e-17,1,1,1,1,1,ThreadPool,Accurate,canonical-reduction,compensated,canonical-neumaier-v1-leaf1024,ThreadPool,8,5
2,1.6.0,1.6.0,GCC 14.2,Linux,x86_64,AMD EPYC 9V74 80-Core Processor,dot,double,1048576,contiguous,1,stable,20,1.2470300000000001,13905019138771679483,c0f88d3c197e78fb,-100563.75622412928,scalar-reference,2.5153212845907547e-12,2.5012204983520972e-17,1,1,1,1,1,ThreadPool,Accurate,canonical-reduction,compensated,canonical-neumaier-v1-leaf1024,ThreadPool,8,5
2,1.6.0,1.6.0,GCC 14.2,Linux,x86_64,AMD EPYC 9V74 80-Core Processor,dot,double,1048576,contiguous,1,stable,21,1.269242,13905019138771679483,c0f88d3c197e78fb,-100563.75622412928,scalar-reference,2.5153212845907547e-12,2.5012204983520972e-17,1,1,1,1,1,ThreadPool,Accurate,canonical-reduction,compensated,canonical-neumaier-v1-leaf1024,ThreadPool,8,5
2,1.6.0,1.6.0,GCC 14.2,Linux,x86_64,AMD EPYC 9V74 80-Core Processor,norm,double,1048576,contiguous,1,first_call,0,0.87528899999999998,4645139005614007355,4076d95089ef243b,365.58216279425301,scalar-reference,4.8627768478581856e-14,1.330146091015639e-16,1,1,1,1,1,ThreadPool,Accurate,canonical-reduction,scaled_sumsq,canonical-scaled-sumsq-v1-leaf1024,ThreadPool,8,5
2,1.6.0,1.6.0,GCC 14.2,Linux,x86_64,AMD EPYC 9V74 80-Core Processor,norm,double,1048576,contiguous,1,stable,1,0.82957099999999995,4645139005614007355,4076d95089ef243b,365.58216279425301,scalar-reference,4.8627768478581856e-14,1.330146091015639e-16,1,1,1,1,1,ThreadPool,Accurate,canonical-reduction,scaled_sumsq,canonical-scaled-sumsq-v1-leaf1024,ThreadPool,8,5
2,1.6.0,1.6.0,GCC 14.2,Linux,x86_64,AMD EPYC 9V74 80-Core Processor,norm,double,1048576,contiguous,1,stable,2,0.65331899999999998,4645139005614007355,4076d95089ef243b,365.58216279425301,scalar-reference,4.8627768478581856e-14,1.330146091015639e-16,1,1,1,1,1,ThreadPool,Accurate,canonical-reduction,scaled_sumsq,canonical-scaled-sumsq-v1-leaf1024,ThreadPool,8,5
2,1.6.0,1.6.0,GCC 14.2,Linux,x86_64,AMD EPYC 9V74 80-Core Processor,norm,double,1048576,contiguous,1,stable,3,0.71545099999999995,4645139005614007355,4076d95089ef243b,365.58216279425301,scalar-reference,4.8627768478581856e-14,1.330146091015639e-16,1,1,1,1,1,ThreadPool,Accurate,canonical-reduction,scaled_sumsq,canonical-scaled-sumsq-v1-leaf1024,ThreadPool,8,5
2,1.6.0,1.6.0,GCC 14.2,Linux,x86_64,AMD EPYC 9V74 80-Core Processor,norm,double,1048576,contiguous,1,stable,4,0.62915299999999996,4645139005614007355,4076d95089ef243b,365.58216279425301,scalar-reference,4.8627768478581856e-14,1.330146091015639e-16,1,1,1,1,1,ThreadPool,Accurate,canonical-reduction,scaled_sumsq,canonical-scaled-sumsq-v1-leaf1024,ThreadPool,8,5
2,1.6.0,1.6.0,GCC 14.2,Linux,x86_64,AMD EPYC 9V74 80-Core Processor,norm,double,1048576,contiguous,1,stable,5,1.5734939999999999,4645139005614007355,4076d95089ef243b,365.58216279425301,scalar-reference,4.8627768478581856e-14,1.330146091015639e-16,1,1,1,1,1,ThreadPool,Accurate,canonical-reduction,scaled_sumsq,canonical-scaled-sumsq-v1-leaf1024,ThreadPool,8,5
2,1.6.0,1.6.0,GCC 14.2,Linux,x86_64,AMD EPYC 9V74 80-Core Processor,norm,double,1048576,contiguous,1,stable,6,0.66555699999999995,4645139005614007355,4076d95089ef243b,365.58216279425301,scalar-reference,4.8627768478581856e-14,1.330146091015639e-16,1,1,1,1,1,ThreadPool,Accurate,canonical-reduction,scaled_sumsq,canonical-scaled-sumsq-v1-leaf1024,ThreadPool,8,5
2,1.6.0,1.6.0,GCC 14.2,Linux,x86_64,AMD EPYC 9V74 80-Core Processor,norm,double,1048576,contiguous,1,stable,7,0.67490099999999997,4645139005614007355,4076d95089ef243b,365.58216279425301,scalar-reference,4.8627768478581856e-14,1.330146091015639e-16,1,1,1,1,1,ThreadPool,Accurate,canonical-reduction,scaled_sumsq,canonical-scaled-sumsq-v1-leaf1024,ThreadPool,8,5
2,1.6.0,1.6.0,GCC 14.2,Linux,x86_64,AMD EPYC 9V74 80-Core Processor,norm,double,1048576,contiguous,1,stable,8,0.68037000000000003,4645139005614007355,4076d95089ef243b,365.58216279425301,scalar-reference,4.8627768478581856e-14,1.330146091015639e-16,1,1,1,1,1,ThreadPool,Accurate,canonical-reduction,scaled_sumsq,canonical-scaled-sumsq-v1-leaf1024,ThreadPool,8,5
2,1.6.0,1.6.0,GCC 14.2,Linux,x86_64,AMD EPYC 9V74 80-Core Processor,norm,double,1048576,contiguous,1,stable,9,0.66472600000000004,4645139005614007355,4076d95089ef243b,365.58216279425301,scalar-reference,4.8627768478581856e-14,1.330146091015639e-16,1,1,1,1,1,ThreadPool,Accurate,canonical-reduction,scaled_sumsq,canonical-scaled-sumsq-v1-leaf1024,ThreadPool,8,5
2,1.6.0,1.6.0,GCC 14.2,Linux,x86_64,AMD EPYC 9V74 80-Core Processor,norm,double,1048576,contiguous,1,stable,10,0.67484100000000002,4645139005614007355,4076d95089ef243b,365.58216279425301,scalar-reference,4.8627768478581856e-14,1.330146091015639e-16,1,1,1,1,1,ThreadPool,Accurate,canonical-reduction,scaled_sumsq,canonical-scaled-sumsq-v1-leaf1024,ThreadPool,8,5
2,1.6.0,1.6.0,GCC 14.2,Linux,x86_64,AMD EPYC 9V74 80-Core Processor,norm,double,1048576,contiguous,1,stable,11,0.68734899999999999,4645139005614007355,4076d95089ef243b,365.58216279425301,scalar-reference,4.8627768478581856e-14,1.330146091015639e-16,1,1,1,1,1,ThreadPool,Accurate,canonical-reduction,scaled_sumsq,canonical-scaled-sumsq-v1-leaf1024,ThreadPool,8,5
2,1.6.0,1.6.0,GCC 14.2,Linux,x86_64,AMD EPYC 9V74 80-Core Processor,norm,double,1048576,contiguous,1,stable,12,0.63388999999999995,4645139005614007355,4076d95089ef243b,365.58216279425301,scalar-reference,4.8627768478581856e-14,1.330146091015639e-16,1,1,1,1,1,ThreadPool,Accurate,canonical-reduction,scaled_sumsq,canonical-scaled-sumsq-v1-leaf1024,ThreadPool,8,5
2,1.6.0,1.6.0,GCC 14.2,Linux,x86_64,AMD EPYC 9V74 80-Core Processor,norm,double,1048576,contiguous,1,stable,13,0.68913199999999997,4645139005614007355,4076d95089ef243b,365.58216279425301,scalar-reference,4.8627768478581856e-14,1.330146091015639e-16,1,1,1,1,1,ThreadPool,Accurate,canonical-reduction,scaled_sumsq,canonical-scaled-sumsq-v1-leaf1024,ThreadPool,8,5
2,1.6.0,1.6.0,GCC 14.2,Linux,x86_64,AMD EPYC 9V74 80-Core Processor,norm,double,1048576,contiguous,1,stable,14,0.65743499999999999,4645139005614007355,4076d95089ef243b,365.58216279425301,scalar-reference,4.8627768478581856e-14,1.330146091015639e-16,1,1,1,1,1,ThreadPool,Accurate,canonical-reduction,scaled_sumsq,canonical-scaled-sumsq-v1-leaf1024,ThreadPool,8,5
2,1.6.0,1.6.0,GCC 14.2,Linux,x86_64,AMD EPYC 9V74 80-Core Processor,norm,double,1048576,contiguous,1,stable,15,0.67969900000000005,4645139005614007355,4076d95089ef243b,365.58216279425301,scalar-reference,4.8627768478581856e-14,1.330146091015639e-16,1,1,1,1,1,ThreadPool,Accurate,canonical-reduction,scaled_sumsq,canonical-scaled-sumsq-v1-leaf1024,ThreadPool,8,5
2,1.6.0,1.6.0,GCC 14.2,Linux,x86_64,AMD EPYC 9V74 80-Core Processor,norm,double,1048576,contiguous,1,stable,16,0.676153,4645139005614007355,4076d95089ef243b,365.58216279425301,scalar-reference,4.8627768478581856e-14,1.330146091015639e-16,1,1,1,1,1,ThreadPool,Accurate,canonical-reduction,scaled_sumsq,canonical-scaled-sumsq-v1-leaf1024,ThreadPool,8,5
2,1.6.0,1.6.0,GCC 14.2,Linux,x86_64,AMD EPYC 9V74 80-Core Processor,norm,double,1048576,contiguous,1,stable,17,0.65662399999999999,4645139005614007355,4076d95089ef243b,365.58216279425301,scalar-reference,4.8627768478581856e-14,1.330146091015639e-16,1,1,1,1,1,ThreadPool,Accurate,canonical-reduction,scaled_sumsq,canonical-scaled-sumsq-v1-leaf1024,ThreadPool,8,5
2,1.6.0,1.6.0,GCC 14.2,Linux,x86_64,AMD EPYC 9V74 80-Core Processor,norm,double,1048576,contiguous,1,stable,18,0.9173,4645139005614007355,4076d95089ef243b,365.58216279425301,scalar-reference,4.8627768478581856e-14,1.330146091015639e-16,1,1,1,1,1,ThreadPool,Accurate,canonical-reduction,scaled_sumsq,canonical-scaled-sumsq-v1-leaf1024,ThreadPool,8,5
2,1.6.0,1.6.0,GCC 14.2,Linux,x86_64,AMD EPYC 9V74 80-Core Processor,norm,double,1048576,contiguous,1,stable,19,0.69306800000000002,4645139005614007355,4076d95089ef243b,365.58216279425301,scalar-reference,4.8627768478581856e-14,1.330146091015639e-16,1,1,1,1,1,ThreadPool,Accurate,canonical-reduction,scaled_sumsq,canonical-scaled-sumsq-v1-leaf1024,ThreadPool,8,5
2,1.6.0,1.6.0,GCC 14.2,Linux,x86_64,AMD EPYC 9V74 80-Core Processor,norm,double,1048576,contiguous,1,stable,20,0.62579899999999999,4645139005614007355,4076d95089ef243b,365.58216279425301,scalar-reference,4.8627768478581856e-14,1.330146091015639e-16,1,1,1,1,1,ThreadPool,Accurate,canonical-reduction,scaled_sumsq,canonical-scaled-sumsq-v1-leaf1024,ThreadPool,8,5
2,1.6.0,1.6.0,GCC 14.2,Linux,x86_64,AMD EPYC 9V74 80-Core Processor,norm,double,1048576,contiguous,1,stable,21,0.67296800000000001,4645139005614007355,4076d95089ef243b,365.58216279425301,scalar-reference,4.8627768478581856e-14,1.330146091015639e-16,1,1,1,1,1,ThreadPool,Accurate,canonical-reduction,scaled_sumsq,canonical-scaled-sumsq-v1-leaf1024,ThreadPool,8,5
2,1.6.0,1.6.0,GCC 14.2,Linux,x86_64,AMD EPYC 9V74 80-Core Processor,sum_legacy_fast,double,1048576,contiguous,1,first_call,0,0.31425599999999998,4638345064186406176,405eb642c8846520,122.84782612734278,scalar-reference,1.2000289650870855e-11,9.7684183995502519e-14,1,1,1,1,1,ThreadPool,Fast,adaptive,native,none,ThreadPool,8,5
2,1.6.0,1.6.0,GCC 14.2,Linux,x86_64,AMD EPYC 9V74 80-Core Processor,sum_legacy_fast,double,1048576,contiguous,1,stable,1,0.34431,4638345064186406176,405eb642c8846520,122.84782612734278,scalar-reference,1.2000289650870855e-11,9.7684183995502519e-14,1,1,1,1,1,ThreadPool,Fast,adaptive,native,none,ThreadPool,8,5
2,1.6.0,1.6.0,GCC 14.2,Linux,x86_64,AMD EPYC 9V74 80-Core Processor,sum_legacy_fast,double,1048576,contiguous,1,stable,2,0.39972299999999999,4638345064186406176,405eb642c8846520,122.84782612734278,scalar-reference,1.2000289650870855e-11,9.7684183995502519e-14,1,1,1,1,1,ThreadPool,Fast,adaptive,native,none,ThreadPool,8,5
2,1.6.0,1.6.0,GCC 14.2,Linux,x86_64,AMD EPYC 9V74 80-Core Processor,sum_legacy_fast,double,1048576,contiguous,1,stable,3,0.27490799999999999,4638345064186406176,405eb642c8846520,122.84782612734278,scalar-reference,1.2000289650870855e-11,9.7684183995502519e-14,1,1,1,1,1,ThreadPool,Fast,adaptive,native,none,ThreadPool,8,5
2,1.6.0,1.6.0,GCC 14.2,Linux,x86_64,AMD EPYC 9V74 80-Core Processor,sum_legacy_fast,double,1048576,contiguous,1,stable,4,0.29580899999999999,4638345064186406176,405eb642c8846520,122.84782612734278,scalar-reference,1.2000289650870855e-11,9.7684183995502519e-14,1,1,1,1,1,ThreadPool,Fast,adaptive,native,none,ThreadPool,8,5
2,1.6.0,1.6.0,GCC 14.2,Linux,x86_64,AMD EPYC 9V74 80-Core Processor,sum_legacy_fast,double,1048576,contiguous,1,stable,5,0.25398700000000002,4638345064186406176,405eb642c8846520,122.84782612734278,scalar-reference,1.2000289650870855e-11,9.7684183995502519e-14,1,1,1,1,1,ThreadPool,Fast,adaptive,native,none,ThreadPool,8,5
2,1.6.0,1.6.0,GCC 14.2,Linux,x86_64,AMD EPYC 9V74 80-Core Processor,sum_legacy_fast,double,1048576,contiguous,1,stable,6,0.38467099999999999,4638345064186406176,405eb642c8846520,122.84782612734278,scalar-reference,1.2000289650870855e-11,9.7684183995502519e-14,1,1,1,1,1,ThreadPool,Fast,adaptive,native,none,ThreadPool,8,5
2,1.6.0,1.6.0,GCC 14.2,Linux,x86_64,AMD EPYC 9V74 80-Core Processor,sum_legacy_fast,double,1048576,contiguous,1,stable,7,0.44681199999999999,4638345064186406176,405eb642c8846520,122.84782612734278,scalar-reference,1.2000289650870855e-11,9.7684183995502519e-14,1,1,1,1,1,ThreadPool,Fast,adaptive,native,none,ThreadPool,8,5
2,1.6.0,1.6.0,GCC 14.2,Linux,x86_64,AMD EPYC 9V74 80-Core Processor,sum_legacy_fast,double,1048576,contiguous,1,stable,8,0.299234,4638345064186406176,405eb642c8846520,122.84782612734278,scalar-reference,1.2000289650870855e-11,9.7684183995502519e-14,1,1,1,1,1,ThreadPool,Fast,adaptive,native,none,ThreadPool,8,5
2,1.6.0,1.6.0,GCC 14.2,Linux,x86_64,AMD EPYC 9V74 80-Core Processor,sum_legacy_fast,double,1048576,contiguous,1,stable,9,0.30406100000000003,4638345064186406176,405eb642c8846520,122.84782612734278,scalar-reference,1.2000289650870855e-11,9.7684183995502519e-14,1,1,1,1,1,ThreadPool,Fast,adaptive,native,none,ThreadPool,8,5
2,1.6.0,1.6.0,GCC 14.2,Linux,x86_64,AMD EPYC 9V74 80-Core Processor,sum_legacy_fast,double,1048576,contiguous,1,stable,10,0.33372499999999999,4638345064186406176,405eb642c8846520,122.84782612734278,scalar-reference,1.2000289650870855e-11,9.7684183995502519e-14,1,1,1,1,1,ThreadPool,Fast,adaptive,native,none,ThreadPool,8,5
2,1.6.0,1.6.0,GCC 14.2,Linux,x86_64,AMD EPYC 9V74 80-Core Processor,sum_legacy_fast,double,1048576,contiguous,1,stable,11,0.34902699999999998,4638345064186406176,405eb642c8846520,122.84782612734278,scalar-reference,1.2000289650870855e-11,9.7684183995502519e-14,1,1,1,1,1,ThreadPool,Fast,adaptive,native,none,ThreadPool,8,5
2,1.6.0,1.6.0,GCC 14.2,Linux,x86_64,AMD EPYC 9V74 80-Core Processor,sum_legacy_fast,double,1048576,contiguous,1,stable,12,0.32213799999999998,4638345064186406176,405eb642c8846520,122.84782612734278,scalar-reference,1.2000289650870855e-11,9.7684183995502519e-14,1,1,1,1,1,ThreadPool,Fast,adaptive,native,none,ThreadPool,8,5
2,1.6.0,1.6.0,GCC 14.2,Linux,x86_64,AMD EPYC 9V74 80-Core Processor,sum_legacy_fast,double,1048576,contiguous,1,stable,13,0.30327900000000002,4638345064186406176,405eb642c8846520,122.84782612734278,scalar-reference,1.2000289650870855e-11,9.7684183995502519e-14,1,1,1,1,1,ThreadPool,Fast,adaptive,native,none,ThreadPool,8,5
2,1.6.0,1.6.0,GCC 14.2,Linux,x86_64,AMD EPYC 9V74 80-Core Processor,sum_legacy_fast,double,1048576,contiguous,1,stable,14,0.38725399999999999,4638345064186406176,405eb642c8846520,122.84782612734278,scalar-reference,1.2000289650870855e-11,9.7684183995502519e-14,1,1,1,1,1,ThreadPool,Fast,adaptive,native,none,ThreadPool,8,5
2,1.6.0,1.6.0,GCC 14.2,Linux,x86_64,AMD EPYC 9V74 80-Core Processor,sum_legacy_fast,double,1048576,contiguous,1,stable,15,0.33994400000000002,4638345064186406176,405eb642c8846520,122.84782612734278,scalar-reference,1.2000289650870855e-11,9.7684183995502519e-14,1,1,1,1,1,ThreadPool,Fast,adaptive,native,none,ThreadPool,8,5
2,1.6.0,1.6.0,GCC 14.2,Linux,x86_64,AMD EPYC 9V74 80-Core Processor,sum_legacy_fast,double,1048576,contiguous,1,stable,16,0.379743,4638345064186406176,405eb642c8846520,122.84782612734278,scalar-reference,1.2000289650870855e-11,9.7684183995502519e-14,1,1,1,1,1,ThreadPool,Fast,adaptive,native,none,ThreadPool,8,5
2,1.6.0,1.6.0,GCC 14.2,Linux,x86_64,AMD EPYC 9V74 80-Core Processor,sum_legacy_fast,double,1048576,contiguous,1,stable,17,0.32767600000000002,4638345064186406176,405eb642c8846520,122.84782612734278,scalar-reference,1.2000289650870855e-11,9.7684183995502519e-14,1,1,1,1,1,ThreadPool,Fast,adaptive,native,none,ThreadPool,8,5
2,1.6.0,1.6.0,GCC 14.2,Linux,x86_64,AMD EPYC 9V74 80-Core Processor,sum_legacy_fast,double,1048576,contiguous,1,stable,18,0.41763899999999998,4638345064186406176,405eb642c8846520,122.84782612734278,scalar-reference,1.2000289650870855e-11,9.7684183995502519e-14,1,1,1,1,1,ThreadPool,Fast,adaptive,native,none,ThreadPool,8,5
2,1.6.0,1.6.0,GCC 14.2,Linux,x86_64,AMD EPYC 9V74 80-Core Processor,sum_legacy_fast,double,1048576,contiguous,1,stable,19,0.33546799999999999,4638345064186406176,405eb642c8846520,122.84782612734278,scalar-reference,1.2000289650870855e-11,9.7684183995502519e-14,1,1,1,1,1,ThreadPool,Fast,adaptive,native,none,ThreadPool,8,5
2,1.6.0,1.6.0,GCC 14.2,Linux,x86_64,AMD EPYC 9V74 80-Core Processor,sum_legacy_fast,double,1048576,contiguous,1,stable,20,0.29370600000000002,4638345064186406176,405eb642c8846520,122.84782612734278,scalar-reference,1.2000289650870855e-11,9.7684183995502519e-14,1,1,1,1,1,ThreadPool,Fast,adaptive,native,none,ThreadPool,8,5
2,1.6.0,1.6.0,GCC 14.2,Linux,x86_64,AMD EPYC 9V74 80-Core Processor,sum_legacy_fast,double,1048576,contiguous,1,stable,21,0.25402599999999997,4638345064186406176,405eb642c8846520,122.84782612734278,scalar-reference,1.2000289650870855e-11,9.7684183995502519e-14,1,1,1,1,1,ThreadPool,Fast,adaptive,native,none,ThreadPool,8,5
2,1.6.0,1.6.0,GCC 14.2,Linux,x86_64,AMD EPYC 9V74 80-Core Processor,sum_direct_sequential,double,1048576,contiguous,1,first_call,0,0.87404700000000002,4638345064186407936,405eb642c8846c00,122.84782612734278,scalar-reference,1.3010814647884672e-11,1.059100112556961e-13,1,1,1,1,1,DirectSequential,Fast,adaptive,native,none,Auto,1,1
2,1.6.0,1.6.0,GCC 14.2,Linux,x86_64,AMD EPYC 9V74 80-Core Processor,sum_direct_sequential,double,1048576,contiguous,1,stable,1,0.852464,4638345064186407936,405eb642c8846c00,122.84782612734278,scalar-reference,1.3010814647884672e-11,1.059100112556961e-13,1,1,1,1,1,DirectSequential,Fast,adaptive,native,none,Auto,1,1
2,1.6.0,1.6.0,GCC 14.2,Linux,x86_64,AMD EPYC 9V74 80-Core Processor,sum_direct_sequential,double,1048576,contiguous,1,stable,2,0.86038599999999998,4638345064186407936,405eb642c8846c00,122.84782612734278,scalar-reference,1.3010814647884672e-11,1.059100112556961e-13,1,1,1,1,1,DirectSequential,Fast,adaptive,native,none,Auto,1,1
2,1.6.0,1.6.0,GCC 14.2,Linux,x86_64,AMD EPYC 9V74 80-Core Processor,sum_direct_sequential,double,1048576,contiguous,1,stable,3,0.89098200000000005,4638345064186407936,405eb642c8846c00,122.84782612734278,scalar-reference,1.3010814647884672e-11,1.059100112556961e-13,1,1,1,1,1,DirectSequential,Fast,adaptive,native,none,Auto,1,1
2,1.6.0,1.6.0,GCC 14.2,Linux,x86_64,AMD EPYC 9V74 80-Core Processor,sum_direct_sequential,double,1048576,contiguous,1,stable,4,0.85170299999999999,4638345064186407936,405eb642c8846c00,122.84782612734278,scalar-reference,1.3010814647884672e-11,1.059100112556961e-13,1,1,1,1,1,DirectSequential,Fast,adaptive,native,none,Auto,1,1
2,1.6.0,1.6.0,GCC 14.2,Linux,x86_64,AMD EPYC 9V74 80-Core Processor,sum_direct_sequential,double,1048576,contiguous,1,stable,5,0.87007999999999996,4638345064186407936,405eb642c8846c00,122.84782612734278,scalar-reference,1.3010814647884672e-11,1.059100112556961e-13,1,1,1,1,1,DirectSequential,Fast,adaptive,native,none,Auto,1,1
2,1.6.0,1.6.0,GCC 14.2,Linux,x86_64,AMD EPYC 9V74 80-Core Processor,sum_direct_sequential,double,1048576,contiguous,1,stable,6,0.85889400000000005,4638345064186407936,405eb642c8846c00,122.84782612734278,scalar-reference,1.3010814647884672e-11,1.059100112556961e-13,1,1,1,1,1,DirectSequential,Fast,adaptive,native,none,Auto,1,1
2,1.6.0,1.6.0,GCC 14.2,Linux,x86_64,AMD EPYC 9V74 80-Core Processor,sum_direct_sequential,double,1048576,contiguous,1,stable,7,0.85171300000000005,4638345064186407936,405eb642c8846c00,122.84782612734278,scalar-reference,1.3010814647884672e-11,1.059100112556961e-13,1,1,1,1,1,DirectSequential,Fast,adaptive,native,none,Auto,1,1
2,1.6.0,1.6.0,GCC 14.2,Linux,x86_64,AMD EPYC 9V74 80-Core Processor,sum_direct_sequential,double,1048576,contiguous,1,stable,8,0.87555799999999995,4638345064186407936,405eb642c8846c00,122.84782612734278,scalar-reference,1.3010814647884672e-11,1.059100112556961e-13,1,1,1,1,1,DirectSequential,Fast,adaptive,native,none,Auto,1,1
2,1.6.0,1.6.0,GCC 14.2,Linux,x86_64,AMD EPYC 9V74 80-Core Processor,sum_direct_sequential,double,1048576,contiguous,1,stable,9,0.86497299999999999,4638345064186407936,405eb642c8846c00,122.84782612734278,scalar-reference,1.3010814647884672e-11,1.059100112556961e-13,1,1,1,1,1,DirectSequential,Fast,adaptive,native,none,Auto,1,1
2,1.6.0,1.6.0,GCC 14.2,Linux,x86_64,AMD EPYC 9V74 80-Core Processor,sum_direct_sequential,double,1048576,contiguous,1,stable,10,0.85170299999999999,4638345064186407936,405eb642c8846c00,122.84782612734278,scalar-reference,1.3010814647884672e-11,1.059100112556961e-13,1,1,1,1,1,DirectSequential,Fast,adaptive,native,none,Auto,1,1
2,1.6.0,1.6.0,GCC 14.2,Linux,x86_64,AMD EPYC 9V74 80-Core Processor,sum_direct_sequential,double,1048576,contiguous,1,stable,11,0.85179300000000002,4638345064186407936,405eb642c8846c00,122.84782612734278,scalar-reference,1.3010814647884672e-11,1.059100112556961e-13,1,1,1,1,1,DirectSequential,Fast,adaptive,native,none,Auto,1,1
2,1.6.0,1.6.0,GCC 14.2,Linux,x86_64,AMD EPYC 9V74 80-Core Processor,sum_direct_sequential,double,1048576,contiguous,1,stable,12,0.87092099999999995,4638345064186407936,405eb642c8846c00,122.84782612734278,scalar-reference,1.3010814647884672e-11,1.059100112556961e-13,1,1,1,1,1,DirectSequential,Fast,adaptive,native,none,Auto,1,1
2,1.6.0,1.6.0,GCC 14.2,Linux,x86_64,AMD EPYC 9V74 80-Core Processor,sum_direct_sequential,double,1048576,contiguous,1,stable,13,0.85557899999999998,4638345064186407936,405eb642c8846c00,122.84782612734278,scalar-reference,1.3010814647884672e-11,1.059100112556961e-13,1,1,1,1,1,DirectSequential,Fast,adaptive,native,none,Auto,1,1
2,1.6.0,1.6.0,GCC 14.2,Linux,x86_64,AMD EPYC 9V74 80-Core Processor,sum_direct_sequential,double,1048576,contiguous,1,stable,14,0.86431199999999997,4638345064186407936,405eb642c8846c00,122.84782612734278,scalar-reference,1.3010814647884672e-11,1.059100112556961e-13,1,1,1,1,1,DirectSequential,Fast,adaptive,native,none,Auto,1,1
2,1.6.0,1.6.0,GCC 14.2,Linux,x86_64,AMD EPYC 9V74 80-Core Processor,sum_direct_sequential,double,1048576,contiguous,1,stable,15,0.85170299999999999,4638345064186407936,405eb642c8846c00,122.84782612734278,scalar-reference,1.3010814647884672e-11,1.059100112556961e-13,1,1,1,1,1,DirectSequential,Fast,adaptive,native,none,Auto,1,1
2,1.6.0,1.6.0,GCC 14.2,Linux,x86_64,AMD EPYC 9V74 80-Core Processor,sum_direct_sequential,double,1048576,contiguous,1,stable,16,0.85174300000000003,4638345064186407936,405eb642c8846c00,122.84782612734278,scalar-reference,1.3010814647884672e-11,1.059100112556961e-13,1,1,1,1,1,DirectSequential,Fast,adaptive,native,none,Auto,1,1
2,1.6.0,1.6.0,GCC 14.2,Linux,x86_64,AMD EPYC 9V74 80-Core Processor,sum_direct_sequential,double,1048576,contiguous,1,stable,17,0.87230399999999997,4638345064186407936,405eb642c8846c00,122.84782612734278,scalar-reference,1.3010814647884672e-11,1.059100112556961e-13,1,1,1,1,1,DirectSequential,Fast,adaptive,native,none,Auto,1,1
2,1.6.0,1.6.0,GCC 14.2,Linux,x86_64,AMD EPYC 9V74 80-Core Processor,sum_direct_sequential,double,1048576,contiguous,1,stable,18,0.86433099999999996,4638345064186407936,405eb642c8846c00,122.84782612734278,scalar-reference,1.3010814647884672e-11,1.059100112556961e-13,1,1,1,1,1,DirectSequential,Fast,adaptive,native,none,Auto,1,1
2,1.6.0,1.6.0,GCC 14.2,Linux,x86_64,AMD EPYC 9V74 80-Core Processor,sum_direct_sequential,double,1048576,contiguous,1,stable,19,0.85171300000000005,4638345064186407936,405eb642c8846c00,122.84782612734278,scalar-reference,1.3010814647884672e-11,1.059100112556961e-13,1,1,1,1,1,DirectSequential,Fast,adaptive,native,none,Auto,1,1
2,1.6.0,1.6.0,GCC 14.2,Linux,x86_64,AMD EPYC 9V74 80-Core Processor,sum_direct_sequential,double,1048576,contiguous,1,stable,20,0.85527900000000001,4638345064186407936,405eb642c8846c00,122.84782612734278,scalar-reference,1.3010814647884672e-11,1.059100112556961e-13,1,1,1,1,1,DirectSequential,Fast,adaptive,native,none,Auto,1,1
2,1.6.0,1.6.0,GCC 14.2,Linux,x86_64,AMD EPYC 9V74 80-Core Processor,sum_direct_sequential,double,1048576,contiguous,1,stable,21,0.85510799999999998,4638345064186407936,405eb642c8846c00,122.84782612734278,scalar-reference,1.3010814647884672e-11,1.059100112556961e-13,1,1,1,1,1,DirectSequential,Fast,adaptive,native,none,Auto,1,1
2,1.6.0,1.6.0,GCC 14.2,Linux,x86_64,AMD EPYC 9V74 80-Core Processor,dot_direct_sequential,double,1048576,contiguous,1,first_call,0,0.90193800000000002,13905019138771679275,c0f88d3c197e782b,-100563.75622412928,scalar-reference,3.0293136887848959e-09,3.0123314825605552e-14,1,1,1,1,1,DirectSequential,Fast,adaptive,native,none,Auto,1,1
2,1.6.0,1.6.0,GCC 14.2,Linux,x86_64,AMD EPYC 9V74 80-Core Processor,dot_direct_sequential,double,1048576,contiguous,1,stable,1,0.87212400000000001,13905019138771679275,c0f88d3c197e782b,-100563.75622412928,scalar-reference,3.0293136887848959e-09,3.0123314825605552e-14,1,1,1,1,1,DirectSequential,Fast,adaptive,native,none,Auto,1,1
2,1.6.0,1.6.0,GCC 14.2,Linux,x86_64,AMD EPYC 9V74 80-Core Processor,dot_direct_sequential,double,1048576,contiguous,1,stable,2,0.85367599999999999,13905019138771679275,c0f88d3c197e782b,-100563.75622412928,scalar-reference,3.0293136887848959e-09,3.0123314825605552e-14,1,1,1,1,1,DirectSequential,Fast,adaptive,native,none,Auto,1,1
2,1.6.0,1.6.0,GCC 14.2,Linux,x86_64,AMD EPYC 9V74 80-Core Processor,dot_direct_sequential,double,1048576,contiguous,1,stable,3,0.85741100000000003,13905019138771679275,c0f88d3c197e782b,-100563.75622412928,scalar-reference,3.0293136887848959e-09,3.0123314825605552e-14,1,1,1,1,1,DirectSequential,Fast,adaptive,native,none,Auto,1,1
2,1.6.0,1.6.0,GCC 14.2,Linux,x86_64,AMD EPYC 9V74 80-Core Processor,dot_direct_sequential,double,1048576,contiguous,1,stable,4,0.87954399999999999,13905019138771679275,c0f88d3c197e782b,-100563.75622412928,scalar-reference,3.0293136887848959e-09,3.0123314825605552e-14,1,1,1,1,1,DirectSequential,Fast,adaptive,native,none,Auto,1,1
2,1.6.0,1.6.0,GCC 14.2,Linux,x86_64,AMD EPYC 9V74 80-Core Processor,dot_direct_sequential,double,1048576,contiguous,1,stable,5,0.85298499999999999,13905019138771679275,c0f88d3c197e782b,-100563.75622412928,scalar-reference,3.0293136887848959e-09,3.0123314825605552e-14,1,1,1,1,1,DirectSequential,Fast,adaptive,native,none,Auto,1,1
2,1.6.0,1.6.0,GCC 14.2,Linux,x86_64,AMD EPYC 9V74 80-Core Processor,dot_direct_sequential,double,1048576,contiguous,1,stable,6,0.86721599999999999,13905019138771679275,c0f88d3c197e782b,-100563.75622412928,scalar-reference,3.0293136887848959e-09,3.0123314825605552e-14,1,1,1,1,1,DirectSequential,Fast,adaptive,native,none,Auto,1,1
2,1.6.0,1.6.0,GCC 14.2,Linux,x86_64,AMD EPYC 9V74 80-Core Processor,dot_direct_sequential,double,1048576,contiguous,1,stable,7,0.85286499999999998,13905019138771679275,c0f88d3c197e782b,-100563.75622412928,scalar-reference,3.0293136887848959e-09,3.0123314825605552e-14,1,1,1,1,1,DirectSequential,Fast,adaptive,native,none,Auto,1,1
2,1.6.0,1.6.0,GCC 14.2,Linux,x86_64,AMD EPYC 9V74 80-Core Processor,dot_direct_sequential,double,1048576,contiguous,1,stable,8,0.85452700000000004,13905019138771679275,c0f88d3c197e782b,-100563.75622412928,scalar-reference,3.0293136887848959e-09,3.0123314825605552e-14,1,1,1,1,1,DirectSequential,Fast,adaptive,native,none,Auto,1,1
2,1.6.0,1.6.0,GCC 14.2,Linux,x86_64,AMD EPYC 9V74 80-Core Processor,dot_direct_sequential,double,1048576,contiguous,1,stable,9,1.9823200000000001,13905019138771679275,c0f88d3c197e782b,-100563.75622412928,scalar-reference,3.0293136887848959e-09,3.0123314825605552e-14,1,1,1,1,1,DirectSequential,Fast,adaptive,native,none,Auto,1,1
2,1.6.0,1.6.0,GCC 14.2,Linux,x86_64,AMD EPYC 9V74 80-Core Processor,dot_direct_sequential,double,1048576,contiguous,1,stable,10,0.85456699999999997,13905019138771679275,c0f88d3c197e782b,-100563.75622412928,scalar-reference,3.0293136887848959e-09,3.0123314825605552e-14,1,1,1,1,1,DirectSequential,Fast,adaptive,native,none,Auto,1,1
2,1.6.0,1.6.0,GCC 14.2,Linux,x86_64,AMD EPYC 9V74 80-Core Processor,dot_direct_sequential,double,1048576,contiguous,1,stable,11,0.85337600000000002,13905019138771679275,c0f88d3c197e782b,-100563.75622412928,scalar-reference,3.0293136887848959e-09,3.0123314825605552e-14,1,1,1,1,1,DirectSequential,Fast,adaptive,native,none,Auto,1,1
2,1.6.0,1.6.0,GCC 14.2,Linux,x86_64,AMD EPYC 9V74 80-Core Processor,dot_direct_sequential,double,1048576,contiguous,1,stable,12,0.88523300000000005,13905019138771679275,c0f88d3c197e782b,-100563.75622412928,scalar-reference,3.0293136887848959e-09,3.0123314825605552e-14,1,1,1,1,1,DirectSequential,Fast,adaptive,native,none,Auto,1,1
2,1.6.0,1.6.0,GCC 14.2,Linux,x86_64,AMD EPYC 9V74 80-Core Processor,dot_direct_sequential,double,1048576,contiguous,1,stable,13,0.85741199999999995,13905019138771679275,c0f88d3c197e782b,-100563.75622412928,scalar-reference,3.0293136887848959e-09,3.0123314825605552e-14,1,1,1,1,1,DirectSequential,Fast,adaptive,native,none,Auto,1,1
2,1.6.0,1.6.0,GCC 14.2,Linux,x86_64,AMD EPYC 9V74 80-Core Processor,dot_direct_sequential,double,1048576,contiguous,1,stable,14,0.85368599999999994,13905019138771679275,c0f88d3c197e782b,-100563.75622412928,scalar-reference,3.0293136887848959e-09,3.0123314825605552e-14,1,1,1,1,1,DirectSequential,Fast,adaptive,native,none,Auto,1,1
2,1.6.0,1.6.0,GCC 14.2,Linux,x86_64,AMD EPYC 9V74 80-Core Processor,dot_direct_sequential,double,1048576,contiguous,1,stable,15,0.85305500000000001,13905019138771679275,c0f88d3c197e782b,-100563.75622412928,scalar-reference,3.0293136887848959e-09,3.0123314825605552e-14,1,1,1,1,1,DirectSequential,Fast,adaptive,native,none,Auto,1,1
2,1.6.0,1.6.0,GCC 14.2,Linux,x86_64,AMD EPYC 9V74 80-Core Processor,dot_direct_sequential,double,1048576,contiguous,1,stable,16,0.85430700000000004,13905019138771679275,c0f88d3c197e782b,-100563.75622412928,scalar-reference,3.0293136887848959e-09,3.0123314825605552e-14,1,1,1,1,1,DirectSequential,Fast,adaptive,native,none,Auto,1,1
2,1.6.0,1.6.0,GCC 14.2,Linux,x86_64,AMD EPYC 9V74 80-Core Processor,dot_direct_sequential,double,1048576,contiguous,1,stable,17,0.87566900000000003,13905019138771679275,c0f88d3c197e782b,-100563.75622412928,scalar-reference,3.0293136887848959e-09,3.0123314825605552e-14,1,1,1,1,1,DirectSequential,Fast,adaptive,native,none,Auto,1,1
2,1.6.0,1.6.0,GCC 14.2,Linux,x86_64,AMD EPYC 9V74 80-Core Processor,dot_direct_sequential,double,1048576,contiguous,1,stable,18,0.86767700000000003,13905019138771679275,c0f88d3c197e782b,-100563.75622412928,scalar-reference,3.0293136887848959e-09,3.0123314825605552e-14,1,1,1,1,1,DirectSequential,Fast,adaptive,native,none,Auto,1,1
2,1.6.0,1.6.0,GCC 14.2,Linux,x86_64,AMD EPYC 9V74 80-Core Processor,dot_direct_sequential,double,1048576,contiguous,1,stable,19,0.85322500000000001,13905019138771679275,c0f88d3c197e782b,-100563.75622412928,scalar-reference,3.0293136887848959e-09,3.0123314825605552e-14,1,1,1,1,1,DirectSequential,Fast,adaptive,native,none,Auto,1,1
2,1.6.0,1.6.0,GCC 14.2,Linux,x86_64,AMD EPYC 9V74 80-Core Processor,dot_direct_sequential,double,1048576,contiguous,1,stable,20,0.85306599999999999,13905019138771679275,c0f88d3c197e782b,-100563.75622412928,scalar-reference,3.0293136887848959e-09,3.0123314825605552e-14,1,1,1,1,1,DirectSequential,Fast,adaptive,native,none,Auto,1,1
2,1.6.0,1.6.0,GCC 14.2,Linux,x86_64,AMD EPYC 9V74 80-Core Processor,dot_direct_sequential,double,1048576,contiguous,1,stable,21,0.88260899999999998,13905019138771679275,c0f88d3c197e782b,-100563.75622412928,scalar-reference,3.0293136887848959e-09,3.0123314825605552e-14,1,1,1,1,1,DirectSequential,Fast,adaptive,native,none,Auto,1,1
2,1.6.0,1.6.0,GCC 14.2,Linux,x86_64,AMD EPYC 9V74 80-Core Processor,norm_direct_sequential,double,1048576,contiguous,1,first_call,0,0.85231400000000002,4645139005614007352,4076d95089ef2438,365.58216279425301,scalar-reference,2.191580250610059e-13,5.9947679992348652e-16,1,1,1,1,1,DirectSequential,Fast,adaptive,native,none,Auto,1,1
2,1.6.0,1.6.0,GCC 14.2,Linux,x86_64,AMD EPYC 9V74 80-Core Processor,norm_direct_sequential,double,1048576,contiguous,1,stable,1,1.066773,4645139005614007352,4076d95089ef2438,365.58216279425301,scalar-reference,2.191580250610059e-13,5.9947679992348652e-16,1,1,1,1,1,DirectSequential,Fast,adaptive,native,none,Auto,1,1
2,1.6.0,1.6.0,GCC 14.2,Linux,x86_64,AMD EPYC 9V74 80-Core Processor,norm_direct_sequential,double,1048576,contiguous,1,stable,2,0.85530799999999996,4645139005614007352,4076d95089ef2438,365.58216279425301,scalar-reference,2.191580250610059e-13,5.9947679992348652e-16,1,1,1,1,1,DirectSequential,Fast,adaptive,native,none,Auto,1,1
2,1.6.0,1.6.0,GCC 14.2,Linux,x86_64,AMD EPYC 9V74 80-Core Processor,norm_direct_sequential,double,1048576,contiguous,1,stable,3,0.85179300000000002,4645139005614007352,4076d95089ef2438,365.58216279425301,scalar-reference,2.191580250610059e-13,5.9947679992348652e-16,1,1,1,1,1,DirectSequential,Fast,adaptive,native,none,Auto,1,1
2,1.6.0,1.6.0,GCC 14.2,Linux,x86_64,AMD EPYC 9V74 80-Core Processor,norm_direct_sequential,double,1048576,contiguous,1,stable,4,0.87644999999999995,4645139005614007352,4076d95089ef2438,365.58216279425301,scalar-reference,2.191580250610059e-13,5.9947679992348652e-16,1,1,1,1,1,DirectSequential,Fast,adaptive,native,none,Auto,1,1
2,1.6.0,1.6.0,GCC 14.2,Linux,x86_64,AMD EPYC 9V74 80-Core Processor,norm_direct_sequential,double,1048576,contiguous,1,stable,5,0.86731599999999998,4645139005614007352,4076d95089ef2438,365.58216279425301,scalar-reference,2.191580250610059e-13,5.9947679992348652e-16,1,1,1,1,1,DirectSequential,Fast,adaptive,native,none,Auto,1,1
2,1.6.0,1.6.0,GCC 14.2,Linux,x86_64,AMD EPYC 9V74 80-Core Processor,norm_direct_sequential,double,1048576,contiguous,1,stable,6,0.85178399999999999,4645139005614007352,4076d95089ef2438,365.58216279425301,scalar-reference,2.191580250610059e-13,5.9947679992348652e-16,1,1,1,1,1,DirectSequential,Fast,adaptive,native,none,Auto,1,1
2,1.6.0,1.6.0,GCC 14.2,Linux,x86_64,AMD EPYC 9V74 80-Core Processor,norm_direct_sequential,double,1048576,contiguous,1,stable,7,0.85205399999999998,4645139005614007352,4076d95089ef2438,365.58216279425301,scalar-reference,2.191580250610059e-13,5.9947679992348652e-16,1,1,1,1,1,DirectSequential,Fast,adaptive,native,none,Auto,1,1
2,1.6.0,1.6.0,GCC 14.2,Linux,x86_64,AMD EPYC 9V74 80-Core Processor,norm_direct_sequential,double,1048576,contiguous,1,stable,8,0.87489700000000004,4645139005614007352,4076d95089ef2438,365.58216279425301,scalar-reference,2.191580250610059e-13,5.9947679992348652e-16,1,1,1,1,1,DirectSequential,Fast,adaptive,native,none,Auto,1,1
2,1.6.0,1.6.0,GCC 14.2,Linux,x86_64,AMD EPYC 9V74 80-Core Processor,norm_direct_sequential,double,1048576,contiguous,1,stable,9,0.85184300000000002,4645139005614007352,4076d95089ef2438,365.58216279425301,scalar-reference,2.191580250610059e-13,5.9947679992348652e-16,1,1,1,1,1,DirectSequential,Fast,adaptive,native,none,Auto,1,1
2,1.6.0,1.6.0,GCC 14.2,Linux,x86_64,AMD EPYC 9V74 80-Core Processor,norm_direct_sequential,double,1048576,contiguous,1,stable,10,0.86407199999999995,4645139005614007352,4076d95089ef2438,365.58216279425301,scalar-reference,2.191580250610059e-13,5.9947679992348652e-16,1,1,1,1,1,DirectSequential,Fast,adaptive,native,none,Auto,1,1
2,1.6.0,1.6.0,GCC 14.2,Linux,x86_64,AMD EPYC 9V74 80-Core Processor,norm_direct_sequential,double,1048576,contiguous,1,stable,11,0.85217399999999999,4645139005614007352,4076d95089ef2438,365.58216279425301,scalar-reference,2.191580250610059e-13,5.9947679992348652e-16,1,1,1,1,1,DirectSequential,Fast,adaptive,native,none,Auto,1,1
2,1.6.0,1.6.0,GCC 14.2,Linux,x86_64,AMD EPYC 9V74 80-Core Processor,norm_direct_sequential,double,1048576,contiguous,1,stable,12,0.85190399999999999,4645139005614007352,4076d95089ef2438,365.58216279425301,scalar-reference,2.191580250610059e-13,5.9947679992348652e-16,1,1,1,1,1,DirectSequential,Fast,adaptive,native,none,Auto,1,1
2,1.6.0,1.6.0,GCC 14.2,Linux,x86_64,AMD EPYC 9V74 80-Core Processor,norm_direct_sequential,double,1048576,contiguous,1,stable,13,0.86985999999999997,4645139005614007352,4076d95089ef2438,365.58216279425301,scalar-reference,2.191580250610059e-13,5.9947679992348652e-16,1,1,1,1,1,DirectSequential,Fast,adaptive,native,none,Auto,1,1
2,1.6.0,1.6.0,GCC 14.2,Linux,x86_64,AMD EPYC 9V74 80-Core Processor,norm_direct_sequential,double,1048576,contiguous,1,stable,14,0.87236400000000003,4645139005614007352,4076d95089ef2438,365.58216279425301,scalar-reference,2.191580250610059e-13,5.9947679992348652e-16,1,1,1,1,1,DirectSequential,Fast,adaptive,native,none,Auto,1,1
2,1.6.0,1.6.0,GCC 14.2,Linux,x86_64,AMD EPYC 9V74 80-Core Processor,norm_direct_sequential,double,1048576,contiguous,1,stable,15,0.85187299999999999,4645139005614007352,4076d95089ef2438,365.58216279425301,scalar-reference,2.191580250610059e-13,5.9947679992348652e-16,1,1,1,1,1,DirectSequential,Fast,adaptive,native,none,Auto,1,1
2,1.6.0,1.6.0,GCC 14.2,Linux,x86_64,AMD EPYC 9V74 80-Core Processor,norm_direct_sequential,double,1048576,contiguous,1,stable,16,0.85194300000000001,4645139005614007352,4076d95089ef2438,365.58216279425301,scalar-reference,2.191580250610059e-13,5.9947679992348652e-16,1,1,1,1,1,DirectSequential,Fast,adaptive,native,none,Auto,1,1
2,1.6.0,1.6.0,GCC 14.2,Linux,x86_64,AMD EPYC 9V74 80-Core Processor,norm_direct_sequential,double,1048576,contiguous,1,stable,17,0.85226400000000002,4645139005614007352,4076d95089ef2438,365.58216279425301,scalar-reference,2.191580250610059e-13,5.9947679992348652e-16,1,1,1,1,1,DirectSequential,Fast,adaptive,native,none,Auto,1,1
2,1.6.0,1.6.0,GCC 14.2,Linux,x86_64,AMD EPYC 9V74 80-Core Processor,norm_direct_sequential,double,1048576,contiguous,1,stable,18,0.883961,4645139005614007352,4076d95089ef2438,365.58216279425301,scalar-reference,2.191580250610059e-13,5.9947679992348652e-16,1,1,1,1,1,DirectSequential,Fast,adaptive,native,none,Auto,1,1
2,1.6.0,1.6.0,GCC 14.2,Linux,x86_64,AMD EPYC 9V74 80-Core Processor,norm_direct_sequential,double,1048576,contiguous,1,stable,19,0.90542299999999998,4645139005614007352,4076d95089ef2438,365.58216279425301,scalar-reference,2.191580250610059e-13,5.9947679992348652e-16,1,1,1,1,1,DirectSequential,Fast,adaptive,native,none,Auto,1,1
2,1.6.0,1.6.0,GCC 14.2,Linux,x86_64,AMD EPYC 9V74 80-Core Processor,norm_direct_sequential,double,1048576,contiguous,1,stable,20,0.85200399999999998,4645139005614007352,4076d95089ef2438,365.58216279425301,scalar-reference,2.191580250610059e-13,5.9947679992348652e-16,1,1,1,1,1,DirectSequential,Fast,adaptive,native,none,Auto,1,1
2,1.6.0,1.6.0,GCC 14.2,Linux,x86_64,AMD EPYC 9V74 80-Core Processor,norm_direct_sequential,double,1048576,contiguous,1,stable,21,0.85187400000000002,4645139005614007352,4076d95089ef2438,365.58216279425301,scalar-reference,2.191580250610059e-13,5.9947679992348652e-16,1,1,1,1,1,DirectSequential,Fast,adaptive,native,none,Auto,1,1
2,1.6.0,1.6.0,GCC 14.2,Linux,x86_64,AMD EPYC 9V74 80-Core Processor,axpy,double,1048576,contiguous,1,first_call,0,0.416468,4697254675161125129,5f9a6a89c6c5c8c9,1048637.4239130637,5f9a6a89c6c5c8c9,0,0,1,1,1,1,1,ThreadPool,Fast,adaptive,native,none,ThreadPool,8,5
2,1.6.0,1.6.0,GCC 14.2,Linux,x86_64,AMD EPYC 9V74 80-Core Processor,axpy,double,1048576,contiguous,1,stable,1,0.32137700000000002,4697254675161125129,5f9a6a89c6c5c8c9,1048637.4239130637,5f9a6a89c6c5c8c9,0,0,1,1,1,1,1,ThreadPool,Fast,adaptive,native,none,ThreadPool,8,5
2,1.6.0,1.6.0,GCC 14.2,Linux,x86_64,AMD EPYC 9V74 80-Core Processor,axpy,double,1048576,contiguous,1,stable,2,0.284522,4697254675161125129,5f9a6a89c6c5c8c9,1048637.4239130637,5f9a6a89c6c5c8c9,0,0,1,1,1,1,1,ThreadPool,Fast,adaptive,native,none,ThreadPool,8,5
2,1.6.0,1.6.0,GCC 14.2,Linux,x86_64,AMD EPYC 9V74 80-Core Processor,axpy,double,1048576,contiguous,1,stable,3,0.29683999999999999,4697254675161125129,5f9a6a89c6c5c8c9,1048637.4239130637,5f9a6a89c6c5c8c9,0,0,1,1,1,1,1,ThreadPool,Fast,adaptive,native,none,ThreadPool,8,5
2,1.6.0,1.6.0,GCC 14.2,Linux,x86_64,AMD EPYC 9V74 80-Core Processor,axpy,double,1048576,contiguous,1,stable,4,0.28716599999999998,4697254675161125129,5f9a6a89c6c5c8c9,1048637.4239130637,5f9a6a89c6c5c8c9,0,0,1,1,1,1,1,ThreadPool,Fast,adaptive,native,none,ThreadPool,8,5
2,1.6.0,1.6.0,GCC 14.2,Linux,x86_64,AMD EPYC 9V74 80-Core Processor,axpy,double,1048576,contiguous,1,stable,5,0.39472499999999999,4697254675161125129,5f9a6a89c6c5c8c9,1048637.4239130637,5f9a6a89c6c5c8c9,0,0,1,1,1,1,1,ThreadPool,Fast,adaptive,native,none,ThreadPool,8,5
2,1.6.0,1.6.0,GCC 14.2,Linux,x86_64,AMD EPYC 9V74 80-Core Processor,axpy,double,1048576,contiguous,1,stable,6,0.37056899999999998,4697254675161125129,5f9a6a89c6c5c8c9,1048637.4239130637,5f9a6a89c6c5c8c9,0,0,1,1,1,1,1,ThreadPool,Fast,adaptive,native,none,ThreadPool,8,5
2,1.6.0,1.6.0,GCC 14.2,Linux,x86_64,AMD EPYC 9V74 80-Core Processor,axpy,double,1048576,contiguous,1,stable,7,0.31051000000000001,4697254675161125129,5f9a6a89c6c5c8c9,1048637.4239130637,5f9a6a89c6c5c8c9,0,0,1,1,1,1,1,ThreadPool,Fast,adaptive,native,none,ThreadPool,8,5
2,1.6.0,1.6.0,GCC 14.2,Linux,x86_64,AMD EPYC 9V74 80-Core Processor,axpy,double,1048576,contiguous,1,stable,8,0.31210300000000002,4697254675161125129,5f9a6a89c6c5c8c9,1048637.4239130637,5f9a6a89c6c5c8c9,0,0,1,1,1,1,1,ThreadPool,Fast,adaptive,native,none,ThreadPool,8,5
2,1.6.0,1.6.0,GCC 14.2,Linux,x86_64,AMD EPYC 9V74 80-Core Processor,axpy,double,1048576,contiguous,1,stable,9,0.30391099999999999,4697254675161125129,5f9a6a89c6c5c8c9,1048637.4239130637,5f9a6a89c6c5c8c9,0,0,1,1,1,1,1,ThreadPool,Fast,adaptive,native,none,ThreadPool,8,5
2,1.6.0,1.6.0,GCC 14.2,Linux,x86_64,AMD EPYC 9V74 80-Core Processor,axpy,double,1048576,contiguous,1,stable,10,0.40390900000000002,4697254675161125129,5f9a6a89c6c5c8c9,1048637.4239130637,5f9a6a89c6c5c8c9,0,0,1,1,1,1,1,ThreadPool,Fast,adaptive,native,none,ThreadPool,8,5
2,1.6.0,1.6.0,GCC 14.2,Linux,x86_64,AMD EPYC 9V74 80-Core Processor,axpy,double,1048576,contiguous,1,stable,11,0.36582199999999998,4697254675161125129,5f9a6a89c6c5c8c9,1048637.4239130637,5f9a6a89c6c5c8c9,0,0,1,1,1,1,1,ThreadPool,Fast,adaptive,native,none,ThreadPool,8,5
2,1.6.0,1.6.0,GCC 14.2,Linux,x86_64,AMD EPYC 9V74 80-Core Processor,axpy,double,1048576,contiguous,1,stable,12,0.36900699999999997,4697254675161125129,5f9a6a89c6c5c8c9,1048637.4239130637,5f9a6a89c6c5c8c9,0,0,1,1,1,1,1,ThreadPool,Fast,adaptive,native,none,ThreadPool,8,5
2,1.6.0,1.6.0,GCC 14.2,Linux,x86_64,AMD EPYC 9V74 80-Core Processor,axpy,double,1048576,contiguous,1,stable,13,0.43770900000000001,4697254675161125129,5f9a6a89c6c5c8c9,1048637.4239130637,5f9a6a89c6c5c8c9,0,0,1,1,1,1,1,ThreadPool,Fast,adaptive,native,none,ThreadPool,8,5
2,1.6.0,1.6.0,GCC 14.2,Linux,x86_64,AMD EPYC 9V74 80-Core Processor,axpy,double,1048576,contiguous,1,stable,14,0.43478499999999998,4697254675161125129,5f9a6a89c6c5c8c9,1048637.4239130637,5f9a6a89c6c5c8c9,0,0,1,1,1,1,1,ThreadPool,Fast,adaptive,native,none,ThreadPool,8,5
2,1.6.0,1.6.0,GCC 14.2,Linux,x86_64,AMD EPYC 9V74 80-Core Processor,axpy,double,1048576,contiguous,1,stable,15,0.40320800000000001,4697254675161125129,5f9a6a89c6c5c8c9,1048637.4239130637,5f9a6a89c6c5c8c9,0,0,1,1,1,1,1,ThreadPool,Fast,adaptive,native,none,ThreadPool,8,5
2,1.6.0,1.6.0,GCC 14.2,Linux,x86_64,AMD EPYC 9V74 80-Core Processor,axpy,double,1048576,contiguous,1,stable,16,0.38939800000000002,4697254675161125129,5f9a6a89c6c5c8c9,1048637.4239130637,5f9a6a89c6c5c8c9,0,0,1,1,1,1,1,ThreadPool,Fast,adaptive,native,none,ThreadPool,8,5
2,1.6.0,1.6.0,GCC 14.2,Linux,x86_64,AMD EPYC 9V74 80-Core Processor,axpy,double,1048576,contiguous,1,stable,17,0.37414500000000001,4697254675161125129,5f9a6a89c6c5c8c9,1048637.4239130637,5f9a6a89c6c5c8c9,0,0,1,1,1,1,1,ThreadPool,Fast,adaptive,native,none,ThreadPool,8,5
2,1.6.0,1.6.0,GCC 14.2,Linux,x86_64,AMD EPYC 9V74 80-Core Processor,axpy,double,1048576,contiguous,1,stable,18,0.73919599999999996,4697254675161125129,5f9a6a89c6c5c8c9,1048637.4239130637,5f9a6a89c6c5c8c9,0,0,1,1,1,1,1,ThreadPool,Fast,adaptive,native,none,ThreadPool,8,5
2,1.6.0,1.6.0,GCC 14.2,Linux,x86_64,AMD EPYC 9V74 80-Core Processor,axpy,double,1048576,contiguous,1,stable,19,0.37475599999999998,4697254675161125129,5f9a6a89c6c5c8c9,1048637.4239130637,5f9a6a89c6c5c8c9,0,0,1,1,1,1,1,ThreadPool,Fast,adaptive,native,none,ThreadPool,8,5
2,1.6.0,1.6.0,GCC 14.2,Linux,x86_64,AMD EPYC 9V74 80-Core Processor,axpy,double,1048576,contiguous,1,stable,20,0.31647999999999998,4697254675161125129,5f9a6a89c6c5c8c9,1048637.4239130637,5f9a6a89c6c5c8c9,0,0,1,1,1,1,1,ThreadPool,Fast,adaptive,native,none,ThreadPool,8,5
2,1.6.0,1.6.0,GCC 14.2,Linux,x86_64,AMD EPYC 9V74 80-Core Processor,axpy,double,1048576,contiguous,1,stable,21,0.37194199999999999,4697254675161125129,5f9a6a89c6c5c8c9,1048637.4239130637,5f9a6a89c6c5c8c9,0,0,1,1,1,1,1,ThreadPool,Fast,adaptive,native,none,ThreadPool,8,5
2,1.6.0,1.6.0,GCC 14.2,Linux,x86_64,AMD EPYC 9V74 80-Core Processor,axpy,double,1048576,contiguous,1,first_call,0,0.28532400000000002,4697254675161125129,5f9a6a89c6c5c8c9,1048637.4239130637,5f9a6a89c6c5c8c9,0,0,1,1,1,1,1,ThreadPool,Reproducible,canonical-pointwise,fixed_pointwise_expression,canonical-pointwise-v1-target4096,ThreadPool,8,5
2,1.6.0,1.6.0,GCC 14.2,Linux,x86_64,AMD EPYC 9V74 80-Core Processor,axpy,double,1048576,contiguous,1,stable,1,0.342088,4697254675161125129,5f9a6a89c6c5c8c9,1048637.4239130637,5f9a6a89c6c5c8c9,0,0,1,1,1,1,1,ThreadPool,Reproducible,canonical-pointwise,fixed_pointwise_expression,canonical-pointwise-v1-target4096,ThreadPool,8,5
2,1.6.0,1.6.0,GCC 14.2,Linux,x86_64,AMD EPYC 9V74 80-Core Processor,axpy,double,1048576,contiguous,1,stable,2,0.32888800000000001,4697254675161125129,5f9a6a89c6c5c8c9,1048637.4239130637,5f9a6a89c6c5c8c9,0,0,1,1,1,1,1,ThreadPool,Reproducible,canonical-pointwise,fixed_pointwise_expression,canonical-pointwise-v1-target4096,ThreadPool,8,5
2,1.6.0,1.6.0,GCC 14.2,Linux,x86_64,AMD EPYC 9V74 80-Core Processor,axpy,double,1048576,contiguous,1,stable,3,0.32885799999999998,4697254675161125129,5f9a6a89c6c5c8c9,1048637.4239130637,5f9a6a89c6c5c8c9,0,0,1,1,1,1,1,ThreadPool,Reproducible,canonical-pointwise,fixed_pointwise_expression,canonical-pointwise-v1-target4096,ThreadPool,8,5
2,1.6.0,1.6.0,GCC 14.2,Linux,x86_64,AMD EPYC 9V74 80-Core Processor,axpy,double,1048576,contiguous,1,stable,4,0.303039,4697254675161125129,5f9a6a89c6c5c8c9,1048637.4239130637,5f9a6a89c6c5c8c9,0,0,1,1,1,1,1,ThreadPool,Reproducible,canonical-pointwise,fixed_pointwise_expression,canonical-pointwise-v1-target4096,ThreadPool,8,5
2,1.6.0,1.6.0,GCC 14.2,Linux,x86_64,AMD EPYC 9V74 80-Core Processor,axpy,double,1048576,contiguous,1,stable,5,0.312944,4697254675161125129,5f9a6a89c6c5c8c9,1048637.4239130637,5f9a6a89c6c5c8c9,0,0,1,1,1,1,1,ThreadPool,Reproducible,canonical-pointwise,fixed_pointwise_expression,canonical-pointwise-v1-target4096,ThreadPool,8,5
2,1.6.0,1.6.0,GCC 14.2,Linux,x86_64,AMD EPYC 9V74 80-Core Processor,axpy,double,1048576,contiguous,1,stable,6,0.30359999999999998,4697254675161125129,5f9a6a89c6c5c8c9,1048637.4239130637,5f9a6a89c6c5c8c9,0,0,1,1,1,1,1,ThreadPool,Reproducible,canonical-pointwise,fixed_pointwise_expression,canonical-pointwise-v1-target4096,ThreadPool,8,5
2,1.6.0,1.6.0,GCC 14.2,Linux,x86_64,AMD EPYC 9V74 80-Core Processor,axpy,double,1048576,contiguous,1,stable,7,3.227306,4697254675161125129,5f9a6a89c6c5c8c9,1048637.4239130637,5f9a6a89c6c5c8c9,0,0,1,1,1,1,1,ThreadPool,Reproducible,canonical-pointwise,fixed_pointwise_expression,canonical-pointwise-v1-target4096,ThreadPool,8,5
2,1.6.0,1.6.0,GCC 14.2,Linux,x86_64,AMD EPYC 9V74 80-Core Processor,axpy,double,1048576,contiguous,1,stable,8,0.345333,4697254675161125129,5f9a6a89c6c5c8c9,1048637.4239130637,5f9a6a89c6c5c8c9,0,0,1,1,1,1,1,ThreadPool,Reproducible,canonical-pointwise,fixed_pointwise_expression,canonical-pointwise-v1-target4096,ThreadPool,8,5
2,1.6.0,1.6.0,GCC 14.2,Linux,x86_64,AMD EPYC 9V74 80-Core Processor,axpy,double,1048576,contiguous,1,stable,9,0.43472499999999997,4697254675161125129,5f9a6a89c6c5c8c9,1048637.4239130637,5f9a6a89c6c5c8c9,0,0,1,1,1,1,1,ThreadPool,Reproducible,canonical-pointwise,fixed_pointwise_expression,canonical-pointwise-v1-target4096,ThreadPool,8,5
2,1.6.0,1.6.0,GCC 14.2,Linux,x86_64,AMD EPYC 9V74 80-Core Processor,axpy,double,1048576,contiguous,1,stable,10,0.37449500000000002,4697254675161125129,5f9a6a89c6c5c8c9,1048637.4239130637,5f9a6a89c6c5c8c9,0,0,1,1,1,1,1,ThreadPool,Reproducible,canonical-pointwise,fixed_pointwise_expression,canonical-pointwise-v1-target4096,ThreadPool,8,5
2,1.6.0,1.6.0,GCC 14.2,Linux,x86_64,AMD EPYC 9V74 80-Core Processor,axpy,double,1048576,contiguous,1,stable,11,0.38844600000000001,4697254675161125129,5f9a6a89c6c5c8c9,1048637.4239130637,5f9a6a89c6c5c8c9,0,0,1,1,1,1,1,ThreadPool,Reproducible,canonical-pointwise,fixed_pointwise_expression,canonical-pointwise-v1-target4096,ThreadPool,8,5
2,1.6.0,1.6.0,GCC 14.2,Linux,x86_64,AMD EPYC 9V74 80-Core Processor,axpy,double,1048576,contiguous,1,stable,12,0.31908399999999998,4697254675161125129,5f9a6a89c6c5c8c9,1048637.4239130637,5f9a6a89c6c5c8c9,0,0,1,1,1,1,1,ThreadPool,Reproducible,canonical-pointwise,fixed_pointwise_expression,canonical-pointwise-v1-target4096,ThreadPool,8,5
2,1.6.0,1.6.0,GCC 14.2,Linux,x86_64,AMD EPYC 9V74 80-Core Processor,axpy,double,1048576,contiguous,1,stable,13,0.30322900000000003,4697254675161125129,5f9a6a89c6c5c8c9,1048637.4239130637,5f9a6a89c6c5c8c9,0,0,1,1,1,1,1,ThreadPool,Reproducible,canonical-pointwise,fixed_pointwise_expression,canonical-pointwise-v1-target4096,ThreadPool,8,5
2,1.6.0,1.6.0,GCC 14.2,Linux,x86_64,AMD EPYC 9V74 80-Core Processor,axpy,double,1048576,contiguous,1,stable,14,0.59798700000000005,4697254675161125129,5f9a6a89c6c5c8c9,1048637.4239130637,5f9a6a89c6c5c8c9,0,0,1,1,1,1,1,ThreadPool,Reproducible,canonical-pointwise,fixed_pointwise_expression,canonical-pointwise-v1-target4096,ThreadPool,8,5
2,1.6.0,1.6.0,GCC 14.2,Linux,x86_64,AMD EPYC 9V74 80-Core Processor,axpy,double,1048576,contiguous,1,stable,15,0.38760499999999998,4697254675161125129,5f9a6a89c6c5c8c9,1048637.4239130637,5f9a6a89c6c5c8c9,0,0,1,1,1,1,1,ThreadPool,Reproducible,canonical-pointwise,fixed_pointwise_expression,canonical-pointwise-v1-target4096,ThreadPool,8,5
2,1.6.0,1.6.0,GCC 14.2,Linux,x86_64,AMD EPYC 9V74 80-Core Processor,axpy,double,1048576,contiguous,1,stable,16,0.42535099999999998,4697254675161125129,5f9a6a89c6c5c8c9,1048637.4239130637,5f9a6a89c6c5c8c9,0,0,1,1,1,1,1,ThreadPool,Reproducible,canonical-pointwise,fixed_pointwise_expression,canonical-pointwise-v1-target4096,ThreadPool,8,5
2,1.6.0,1.6.0,GCC 14.2,Linux,x86_64,AMD EPYC 9V74 80-Core Processor,axpy,double,1048576,contiguous,1,stable,17,0.41751899999999997,4697254675161125129,5f9a6a89c6c5c8c9,1048637.4239130637,5f9a6a89c6c5c8c9,0,0,1,1,1,1,1,ThreadPool,Reproducible,canonical-pointwise,fixed_pointwise_expression,canonical-pointwise-v1-target4096,ThreadPool,8,5
2,1.6.0,1.6.0,GCC 14.2,Linux,x86_64,AMD EPYC 9V74 80-Core Processor,axpy,double,1048576,contiguous,1,stable,18,0.38127499999999998,4697254675161125129,5f9a6a89c6c5c8c9,1048637.4239130637,5f9a6a89c6c5c8c9,0,0,1,1,1,1,1,ThreadPool,Reproducible,canonical-pointwise,fixed_pointwise_expression,canonical-pointwise-v1-target4096,ThreadPool,8,5
2,1.6.0,1.6.0,GCC 14.2,Linux,x86_64,AMD EPYC 9V74 80-Core Processor,axpy,double,1048576,contiguous,1,stable,19,0.41192099999999998,4697254675161125129,5f9a6a89c6c5c8c9,1048637.4239130637,5f9a6a89c6c5c8c9,0,0,1,1,1,1,1,ThreadPool,Reproducible,canonical-pointwise,fixed_pointwise_expression,canonical-pointwise-v1-target4096,ThreadPool,8,5
2,1.6.0,1.6.0,GCC 14.2,Linux,x86_64,AMD EPYC 9V74 80-Core Processor,axpy,double,1048576,contiguous,1,stable,20,0.36500100000000002,4697254675161125129,5f9a6a89c6c5c8c9,1048637.4239130637,5f9a6a89c6c5c8c9,0,0,1,1,1,1,1,ThreadPool,Reproducible,canonical-pointwise,fixed_pointwise_expression,canonical-pointwise-v1-target4096,ThreadPool,8,5
2,1.6.0,1.6.0,GCC 14.2,Linux,x86_64,AMD EPYC 9V74 80-Core Processor,axpy,double,1048576,contiguous,1,stable,21,0.39043899999999998,4697254675161125129,5f9a6a89c6c5c8c9,1048637.4239130637,5f9a6a89c6c5c8c9,0,0,1,1,1,1,1,ThreadPool,Reproducible,canonical-pointwise,fixed_pointwise_expression,canonical-pointwise-v1-target4096,ThreadPool,8,5
2,1.6.0,1.6.0,GCC 14.2,Linux,x86_64,AMD EPYC 9V74 80-Core Processor,axpy,double,1048576,contiguous,1,first_call,0,0.40288800000000002,4697254675161125129,5f9a6a89c6c5c8c9,1048637.4239130637,5f9a6a89c6c5c8c9,0,0,1,1,1,1,1,ThreadPool,Accurate,canonical-pointwise,fixed_pointwise_expression,canonical-pointwise-v1-target4096,ThreadPool,8,5
2,1.6.0,1.6.0,GCC 14.2,Linux,x86_64,AMD EPYC 9V74 80-Core Processor,axpy,double,1048576,contiguous,1,stable,1,0.40856599999999998,4697254675161125129,5f9a6a89c6c5c8c9,1048637.4239130637,5f9a6a89c6c5c8c9,0,0,1,1,1,1,1,ThreadPool,Accurate,canonical-pointwise,fixed_pointwise_expression,canonical-pointwise-v1-target4096,ThreadPool,8,5
2,1.6.0,1.6.0,GCC 14.2,Linux,x86_64,AMD EPYC 9V74 80-Core Processor,axpy,double,1048576,contiguous,1,stable,2,0.445801,4697254675161125129,5f9a6a89c6c5c8c9,1048637.4239130637,5f9a6a89c6c5c8c9,0,0,1,1,1,1,1,ThreadPool,Accurate,canonical-pointwise,fixed_pointwise_expression,canonical-pointwise-v1-target4096,ThreadPool,8,5
2,1.6.0,1.6.0,GCC 14.2,Linux,x86_64,AMD EPYC 9V74 80-Core Processor,axpy,double,1048576,contiguous,1,stable,3,0.393764,4697254675161125129,5f9a6a89c6c5c8c9,1048637.4239130637,5f9a6a89c6c5c8c9,0,0,1,1,1,1,1,ThreadPool,Accurate,canonical-pointwise,fixed_pointwise_expression,canonical-pointwise-v1-target4096,ThreadPool,8,5
2,1.6.0,1.6.0,GCC 14.2,Linux,x86_64,AMD EPYC 9V74 80-Core Processor,axpy,double,1048576,contiguous,1,stable,4,0.33237299999999997,4697254675161125129,5f9a6a89c6c5c8c9,1048637.4239130637,5f9a6a89c6c5c8c9,0,0,1,1,1,1,1,ThreadPool,Accurate,canonical-pointwise,fixed_pointwise_expression,canonical-pointwise-v1-target4096,ThreadPool,8,5
2,1.6.0,1.6.0,GCC 14.2,Linux,x86_64,AMD EPYC 9V74 80-Core Processor,axpy,double,1048576,contiguous,1,stable,5,0.50151400000000002,4697254675161125129,5f9a6a89c6c5c8c9,1048637.4239130637,5f9a6a89c6c5c8c9,0,0,1,1,1,1,1,ThreadPool,Accurate,canonical-pointwise,fixed_pointwise_expression,canonical-pointwise-v1-target4096,ThreadPool,8,5
2,1.6.0,1.6.0,GCC 14.2,Linux,x86_64,AMD EPYC 9V74 80-Core Processor,axpy,double,1048576,contiguous,1,stable,6,0.38632300000000003,4697254675161125129,5f9a6a89c6c5c8c9,1048637.4239130637,5f9a6a89c6c5c8c9,0,0,1,1,1,1,1,ThreadPool,Accurate,canonical-pointwise,fixed_pointwise_expression,canonical-pointwise-v1-target4096,ThreadPool,8,5
2,1.6.0,1.6.0,GCC 14.2,Linux,x86_64,AMD EPYC 9V74 80-Core Processor,axpy,double,1048576,contiguous,1,stable,7,0.52535900000000002,4697254675161125129,5f9a6a89c6c5c8c9,1048637.4239130637,5f9a6a89c6c5c8c9,0,0,1,1,1,1,1,ThreadPool,Accurate,canonical-pointwise,fixed_pointwise_expression,canonical-pointwise-v1-target4096,ThreadPool,8,5
2,1.6.0,1.6.0,GCC 14.2,Linux,x86_64,AMD EPYC 9V74 80-Core Processor,axpy,double,1048576,contiguous,1,stable,8,0.43070900000000001,4697254675161125129,5f9a6a89c6c5c8c9,1048637.4239130637,5f9a6a89c6c5c8c9,0,0,1,1,1,1,1,ThreadPool,Accurate,canonical-pointwise,fixed_pointwise_expression,canonical-pointwise-v1-target4096,ThreadPool,8,5
2,1.6.0,1.6.0,GCC 14.2,Linux,x86_64,AMD EPYC 9V74 80-Core Processor,axpy,double,1048576,contiguous,1,stable,9,0.44652199999999997,4697254675161125129,5f9a6a89c6c5c8c9,1048637.4239130637,5f9a6a89c6c5c8c9,0,0,1,1,1,1,1,ThreadPool,Accurate,canonical-pointwise,fixed_pointwise_expression,canonical-pointwise-v1-target4096,ThreadPool,8,5
2,1.6.0,1.6.0,GCC 14.2,Linux,x86_64,AMD EPYC 9V74 80-Core Processor,axpy,double,1048576,contiguous,1,stable,10,0.39772000000000002,4697254675161125129,5f9a6a89c6c5c8c9,1048637.4239130637,5f9a6a89c6c5c8c9,0,0,1,1,1,1,1,ThreadPool,Accurate,canonical-pointwise,fixed_pointwise_expression,canonical-pointwise-v1-target4096,ThreadPool,8,5
2,1.6.0,1.6.0,GCC 14.2,Linux,x86_64,AMD EPYC 9V74 80-Core Processor,axpy,double,1048576,contiguous,1,stable,11,0.36522100000000002,4697254675161125129,5f9a6a89c6c5c8c9,1048637.4239130637,5f9a6a89c6c5c8c9,0,0,1,1,1,1,1,ThreadPool,Accurate,canonical-pointwise,fixed_pointwise_expression,canonical-pointwise-v1-target4096,ThreadPool,8,5
2,1.6.0,1.6.0,GCC 14.2,Linux,x86_64,AMD EPYC 9V74 80-Core Processor,axpy,double,1048576,contiguous,1,stable,12,0.42844599999999999,4697254675161125129,5f9a6a89c6c5c8c9,1048637.4239130637,5f9a6a89c6c5c8c9,0,0,1,1,1,1,1,ThreadPool,Accurate,canonical-pointwise,fixed_pointwise_expression,canonical-pointwise-v1-target4096,ThreadPool,8,5
2,1.6.0,1.6.0,GCC 14.2,Linux,x86_64,AMD EPYC 9V74 80-Core Processor,axpy,double,1048576,contiguous,1,stable,13,0.41005799999999998,4697254675161125129,5f9a6a89c6c5c8c9,1048637.4239130637,5f9a6a89c6c5c8c9,0,0,1,1,1,1,1,ThreadPool,Accurate,canonical-pointwise,fixed_pointwise_expression,canonical-pointwise-v1-target4096,ThreadPool,8,5
2,1.6.0,1.6.0,GCC 14.2,Linux,x86_64,AMD EPYC 9V74 80-Core Processor,axpy,double,1048576,contiguous,1,stable,14,0.42631200000000002,4697254675161125129,5f9a6a89c6c5c8c9,1048637.4239130637,5f9a6a89c6c5c8c9,0,0,1,1,1,1,1,ThreadPool,Accurate,canonical-pointwise,fixed_pointwise_expression,canonical-pointwise-v1-target4096,ThreadPool,8,5
2,1.6.0,1.6.0,GCC 14.2,Linux,x86_64,AMD EPYC 9V74 80-Core Processor,axpy,double,1048576,contiguous,1,stable,15,0.49016700000000002,4697254675161125129,5f9a6a89c6c5c8c9,1048637.4239130637,5f9a6a89c6c5c8c9,0,0,1,1,1,1,1,ThreadPool,Accurate,canonical-pointwise,fixed_pointwise_expression,canonical-pointwise-v1-target4096,ThreadPool,8,5
2,1.6.0,1.6.0,GCC 14.2,Linux,x86_64,AMD EPYC 9V74 80-Core Processor,axpy,double,1048576,contiguous,1,stable,16,0.43584699999999998,4697254675161125129,5f9a6a89c6c5c8c9,1048637.4239130637,5f9a6a89c6c5c8c9,0,0,1,1,1,1,1,ThreadPool,Accurate,canonical-pointwise,fixed_pointwise_expression,canonical-pointwise-v1-target4096,ThreadPool,8,5
2,1.6.0,1.6.0,GCC 14.2,Linux,x86_64,AMD EPYC 9V74 80-Core Processor,axpy,double,1048576,contiguous,1,stable,17,0.378992,4697254675161125129,5f9a6a89c6c5c8c9,1048637.4239130637,5f9a6a89c6c5c8c9,0,0,1,1,1,1,1,ThreadPool,Accurate,canonical-pointwise,fixed_pointwise_expression,canonical-pointwise-v1-target4096,ThreadPool,8,5
2,1.6.0,1.6.0,GCC 14.2,Linux,x86_64,AMD EPYC 9V74 80-Core Processor,axpy,double,1048576,contiguous,1,stable,18,0.383299,4697254675161125129,5f9a6a89c6c5c8c9,1048637.4239130637,5f9a6a89c6c5c8c9,0,0,1,1,1,1,1,ThreadPool,Accurate,canonical-pointwise,fixed_pointwise_expression,canonical-pointwise-v1-target4096,ThreadPool,8,5
2,1.6.0,1.6.0,GCC 14.2,Linux,x86_64,AMD EPYC 9V74 80-Core Processor,axpy,double,1048576,contiguous,1,stable,19,0.44664199999999998,4697254675161125129,5f9a6a89c6c5c8c9,1048637.4239130637,5f9a6a89c6c5c8c9,0,0,1,1,1,1,1,ThreadPool,Accurate,canonical-pointwise,fixed_pointwise_expression,canonical-pointwise-v1-target4096,ThreadPool,8,5
2,1.6.0,1.6.0,GCC 14.2,Linux,x86_64,AMD EPYC 9V74 80-Core Processor,axpy,double,1048576,contiguous,1,stable,20,0.338362,4697254675161125129,5f9a6a89c6c5c8c9,1048637.4239130637,5f9a6a89c6c5c8c9,0,0,1,1,1,1,1,ThreadPool,Accurate,canonical-pointwise,fixed_pointwise_expression,canonical-pointwise-v1-target4096,ThreadPool,8,5
2,1.6.0,1.6.0,GCC 14.2,Linux,x86_64,AMD EPYC 9V74 80-Core Processor,axpy,double,1048576,contiguous,1,stable,21,0.30986900000000001,4697254675161125129,5f9a6a89c6c5c8c9,1048637.4239130637,5f9a6a89c6c5c8c9,0,0,1,1,1,1,1,ThreadPool,Accurate,canonical-pointwise,fixed_pointwise_expression,canonical-pointwise-v1-target4096,ThreadPool,8,5
2,1.6.0,1.6.0,GCC 14.2,Linux,x86_64,AMD EPYC 9V74 80-Core Processor,axpy_direct_sequential,double,1048576,contiguous,1,first_call,0,0.51243000000000005,4697254675161125129,5f9a6a89c6c5c8c9,1048637.4239130637,5f9a6a89c6c5c8c9,0,0,1,1,1,1,1,DirectSequential,Fast,adaptive,native,none,Auto,1,1
2,1.6.0,1.6.0,GCC 14.2,Linux,x86_64,AMD EPYC 9V74 80-Core Processor,axpy_direct_sequential,double,1048576,contiguous,1,stable,1,0.52856400000000003,4697254675161125129,5f9a6a89c6c5c8c9,1048637.4239130637,5f9a6a89c6c5c8c9,0,0,1,1,1,1,1,DirectSequential,Fast,adaptive,native,none,Auto,1,1
2,1.6.0,1.6.0,GCC 14.2,Linux,x86_64,AMD EPYC 9V74 80-Core Processor,axpy_direct_sequential,double,1048576,contiguous,1,stable,2,0.54292499999999999,4697254675161125129,5f9a6a89c6c5c8c9,1048637.4239130637,5f9a6a89c6c5c8c9,0,0,1,1,1,1,1,DirectSequential,Fast,adaptive,native,none,Auto,1,1
2,1.6.0,1.6.0,GCC 14.2,Linux,x86_64,AMD EPYC 9V74 80-Core Processor,axpy_direct_sequential,double,1048576,contiguous,1,stable,3,0.42740400000000001,4697254675161125129,5f9a6a89c6c5c8c9,1048637.4239130637,5f9a6a89c6c5c8c9,0,0,1,1,1,1,1,DirectSequential,Fast,adaptive,native,none,Auto,1,1
2,1.6.0,1.6.0,GCC 14.2,Linux,x86_64,AMD EPYC 9V74 80-Core Processor,axpy_direct_sequential,double,1048576,contiguous,1,stable,4,0.40862599999999999,4697254675161125129,5f9a6a89c6c5c8c9,1048637.4239130637,5f9a6a89c6c5c8c9,0,0,1,1,1,1,1,DirectSequential,Fast,adaptive,native,none,Auto,1,1
2,1.6.0,1.6.0,GCC 14.2,Linux,x86_64,AMD EPYC 9V74 80-Core Processor,axpy_direct_sequential,double,1048576,contiguous,1,stable,5,0.40819499999999997,4697254675161125129,5f9a6a89c6c5c8c9,1048637.4239130637,5f9a6a89c6c5c8c9,0,0,1,1,1,1,1,DirectSequential,Fast,adaptive,native,none,Auto,1,1
2,1.6.0,1.6.0,GCC 14.2,Linux,x86_64,AMD EPYC 9V74 80-Core Processor,axpy_direct_sequential,double,1048576,contiguous,1,stable,6,0.34698400000000001,4697254675161125129,5f9a6a89c6c5c8c9,1048637.4239130637,5f9a6a89c6c5c8c9,0,0,1,1,1,1,1,DirectSequential,Fast,adaptive,native,none,Auto,1,1
2,1.6.0,1.6.0,GCC 14.2,Linux,x86_64,AMD EPYC 9V74 80-Core Processor,axpy_direct_sequential,double,1048576,contiguous,1,stable,7,0.36973800000000001,4697254675161125129,5f9a6a89c6c5c8c9,1048637.4239130637,5f9a6a89c6c5c8c9,0,0,1,1,1,1,1,DirectSequential,Fast,adaptive,native,none,Auto,1,1
2,1.6.0,1.6.0,GCC 14.2,Linux,x86_64,AMD EPYC 9V74 80-Core Processor,axpy_direct_sequential,double,1048576,contiguous,1,stable,8,0.47395300000000001,4697254675161125129,5f9a6a89c6c5c8c9,1048637.4239130637,5f9a6a89c6c5c8c9,0,0,1,1,1,1,1,DirectSequential,Fast,adaptive,native,none,Auto,1,1
2,1.6.0,1.6.0,GCC 14.2,Linux,x86_64,AMD EPYC 9V74 80-Core Processor,axpy_direct_sequential,double,1048576,contiguous,1,stable,9,0.48171399999999998,4697254675161125129,5f9a6a89c6c5c8c9,1048637.4239130637,5f9a6a89c6c5c8c9,0,0,1,1,1,1,1,DirectSequential,Fast,adaptive,native,none,Auto,1,1
2,1.6.0,1.6.0,GCC 14.2,Linux,x86_64,AMD EPYC 9V74 80-Core Processor,axpy_direct_sequential,double,1048576,contiguous,1,stable,10,0.47841899999999998,4697254675161125129,5f9a6a89c6c5c8c9,1048637.4239130637,5f9a6a89c6c5c8c9,0,0,1,1,1,1,1,DirectSequential,Fast,adaptive,native,none,Auto,1,1
2,1.6.0,1.6.0,GCC 14.2,Linux,x86_64,AMD EPYC 9V74 80-Core Processor,axpy_direct_sequential,double,1048576,contiguous,1,stable,11,0.48103400000000002,4697254675161125129,5f9a6a89c6c5c8c9,1048637.4239130637,5f9a6a89c6c5c8c9,0,0,1,1,1,1,1,DirectSequential,Fast,adaptive,native,none,Auto,1,1
2,1.6.0,1.6.0,GCC 14.2,Linux,x86_64,AMD EPYC 9V74 80-Core Processor,axpy_direct_sequential,double,1048576,contiguous,1,stable,12,0.475796,4697254675161125129,5f9a6a89c6c5c8c9,1048637.4239130637,5f9a6a89c6c5c8c9,0,0,1,1,1,1,1,DirectSequential,Fast,adaptive,native,none,Auto,1,1
2,1.6.0,1.6.0,GCC 14.2,Linux,x86_64,AMD EPYC 9V74 80-Core Processor,axpy_direct_sequential,double,1048576,contiguous,1,stable,13,0.42477999999999999,4697254675161125129,5f9a6a89c6c5c8c9,1048637.4239130637,5f9a6a89c6c5c8c9,0,0,1,1,1,1,1,DirectSequential,Fast,adaptive,native,none,Auto,1,1
2,1.6.0,1.6.0,GCC 14.2,Linux,x86_64,AMD EPYC 9V74 80-Core Processor,axpy_direct_sequential,double,1048576,contiguous,1,stable,14,0.37921199999999999,4697254675161125129,5f9a6a89c6c5c8c9,1048637.4239130637,5f9a6a89c6c5c8c9,0,0,1,1,1,1,1,DirectSequential,Fast,adaptive,native,none,Auto,1,1
2,1.6.0,1.6.0,GCC 14.2,Linux,x86_64,AMD EPYC 9V74 80-Core Processor,axpy_direct_sequential,double,1048576,contiguous,1,stable,15,0.44016300000000003,4697254675161125129,5f9a6a89c6c5c8c9,1048637.4239130637,5f9a6a89c6c5c8c9,0,0,1,1,1,1,1,DirectSequential,Fast,adaptive,native,none,Auto,1,1
2,1.6.0,1.6.0,GCC 14.2,Linux,x86_64,AMD EPYC 9V74 80-Core Processor,axpy_direct_sequential,double,1048576,contiguous,1,stable,16,0.440944,4697254675161125129,5f9a6a89c6c5c8c9,1048637.4239130637,5f9a6a89c6c5c8c9,0,0,1,1,1,1,1,DirectSequential,Fast,adaptive,native,none,Auto,1,1
2,1.6.0,1.6.0,GCC 14.2,Linux,x86_64,AMD EPYC 9V74 80-Core Processor,axpy_direct_sequential,double,1048576,contiguous,1,stable,17,0.45945200000000003,4697254675161125129,5f9a6a89c6c5c8c9,1048637.4239130637,5f9a6a89c6c5c8c9,0,0,1,1,1,1,1,DirectSequential,Fast,adaptive,native,none,Auto,1,1
2,1.6.0,1.6.0,GCC 14.2,Linux,x86_64,AMD EPYC 9V74 80-Core Processor,axpy_direct_sequential,double,1048576,contiguous,1,stable,18,0.4113,4697254675161125129,5f9a6a89c6c5c8c9,1048637.4239130637,5f9a6a89c6c5c8c9,0,0,1,1,1,1,1,DirectSequential,Fast,adaptive,native,none,Auto,1,1
2,1.6.0,1.6.0,GCC 14.2,Linux,x86_64,AMD EPYC 9V74 80-Core Processor,axpy_direct_sequential,double,1048576,contiguous,1,stable,19,0.43277199999999999,4697254675161125129,5f9a6a89c6c5c8c9,1048637.4239130637,5f9a6a89c6c5c8c9,0,0,1,1,1,1,1,DirectSequential,Fast,adaptive,native,none,Auto,1,1
2,1.6.0,1.6.0,GCC 14.2,Linux,x86_64,AMD EPYC 9V74 80-Core Processor,axpy_direct_sequential,double,1048576,contiguous,1,stable,20,0.47440399999999999,4697254675161125129,5f9a6a89c6c5c8c9,1048637.4239130637,5f9a6a89c6c5c8c9,0,0,1,1,1,1,1,DirectSequential,Fast,adaptive,native,none,Auto,1,1
2,1.6.0,1.6.0,GCC 14.2,Linux,x86_64,AMD EPYC 9V74 80-Core Processor,axpy_direct_sequential,double,1048576,contiguous,1,stable,21,0.53398699999999999,4697254675161125129,5f9a6a89c6c5c8c9,1048637.4239130637,5f9a6a89c6c5c8c9,0,0,1,1,1,1,1,DirectSequential,Fast,adaptive,native,none,Auto,1,1
2,1.6.0,1.6.0,GCC 14.2,Linux,x86_64,AMD EPYC 9V74 80-Core Processor,sum_fast_regression_policy,double,1048576,contiguous,1,first_call,0,0.41251199999999999,4638345064186406176,405eb642c8846520,122.84782612734278,scalar-reference,1.2000289650870855e-11,9.7684183995502519e-14,1,1,1,1,1,ThreadPool,Fast,adaptive,native,none,ThreadPool,8,5
2,1.6.0,1.6.0,GCC 14.2,Linux,x86_64,AMD EPYC 9V74 80-Core Processor,sum_fast_regression_legacy,double,1048576,contiguous,1,first_call,0,0.33486700000000003,4638345064186406176,405eb642c8846520,122.84782612734278,scalar-reference,1.2000289650870855e-11,9.7684183995502519e-14,1,1,1,1,1,ThreadPool,Fast,adaptive,native,none,ThreadPool,8,5
2,1.6.0,1.6.0,GCC 14.2,Linux,x86_64,AMD EPYC 9V74 80-Core Processor,sum_fast_regression_legacy,double,1048576,contiguous,1,stable,1,0.25062200000000001,4638345064186406176,405eb642c8846520,122.84782612734278,scalar-reference,1.2000289650870855e-11,9.7684183995502519e-14,1,1,1,1,1,ThreadPool,Fast,adaptive,native,none,ThreadPool,8,5
2,1.6.0,1.6.0,GCC 14.2,Linux,x86_64,AMD EPYC 9V74 80-Core Processor,sum_fast_regression_policy,double,1048576,contiguous,1,stable,1,0.25631999999999999,4638345064186406176,405eb642c8846520,122.84782612734278,scalar-reference,1.2000289650870855e-11,9.7684183995502519e-14,1,1,1,1,1,ThreadPool,Fast,adaptive,native,none,ThreadPool,8,5
2,1.6.0,1.6.0,GCC 14.2,Linux,x86_64,AMD EPYC 9V74 80-Core Processor,sum_fast_regression_policy,double,1048576,contiguous,1,stable,2,0.30670399999999998,4638345064186406176,405eb642c8846520,122.84782612734278,scalar-reference,1.2000289650870855e-11,9.7684183995502519e-14,1,1,1,1,1,ThreadPool,Fast,adaptive,native,none,ThreadPool,8,5
2,1.6.0,1.6.0,GCC 14.2,Linux,x86_64,AMD EPYC 9V74 80-Core Processor,sum_fast_regression_legacy,double,1048576,contiguous,1,stable,2,0.24451200000000001,4638345064186406176,405eb642c8846520,122.84782612734278,scalar-reference,1.2000289650870855e-11,9.7684183995502519e-14,1,1,1,1,1,ThreadPool,Fast,adaptive,native,none,ThreadPool,8,5
2,1.6.0,1.6.0,GCC 14.2,Linux,x86_64,AMD EPYC 9V74 80-Core Processor,sum_fast_regression_legacy,double,1048576,contiguous,1,stable,3,0.29610900000000001,4638345064186406176,405eb642c8846520,122.84782612734278,scalar-reference,1.2000289650870855e-11,9.7684183995502519e-14,1,1,1,1,1,ThreadPool,Fast,adaptive,native,none,ThreadPool,8,5
2,1.6.0,1.6.0,GCC 14.2,Linux,x86_64,AMD EPYC 9V74 80-Core Processor,sum_fast_regression_policy,double,1048576,contiguous,1,stable,3,0.33896300000000001,4638345064186406176,405eb642c8846520,122.84782612734278,scalar-reference,1.2000289650870855e-11,9.7684183995502519e-14,1,1,1,1,1,ThreadPool,Fast,adaptive,native,none,ThreadPool,8,5
2,1.6.0,1.6.0,GCC 14.2,Linux,x86_64,AMD EPYC 9V74 80-Core Processor,sum_fast_regression_policy,double,1048576,contiguous,1,stable,4,0.28918899999999997,4638345064186406176,405eb642c8846520,122.84782612734278,scalar-reference,1.2000289650870855e-11,9.7684183995502519e-14,1,1,1,1,1,ThreadPool,Fast,adaptive,native,none,ThreadPool,8,5
2,1.6.0,1.6.0,GCC 14.2,Linux,x86_64,AMD EPYC 9V74 80-Core Processor,sum_fast_regression_legacy,double,1048576,contiguous,1,stable,4,0.30962899999999999,4638345064186406176,405eb642c8846520,122.84782612734278,scalar-reference,1.2000289650870855e-11,9.7684183995502519e-14,1,1,1,1,1,ThreadPool,Fast,adaptive,native,none,ThreadPool,8,5
2,1.6.0,1.6.0,GCC 14.2,Linux,x86_64,AMD EPYC 9V74 80-Core Processor,sum_fast_regression_legacy,double,1048576,contiguous,1,stable,5,0.244453,4638345064186406176,405eb642c8846520,122.84782612734278,scalar-reference,1.2000289650870855e-11,9.7684183995502519e-14,1,1,1,1,1,ThreadPool,Fast,adaptive,native,none,ThreadPool,8,5
2,1.6.0,1.6.0,GCC 14.2,Linux,x86_64,AMD EPYC 9V74 80-Core Processor,sum_fast_regression_policy,double,1048576,contiguous,1,stable,5,0.334096,4638345064186406176,405eb642c8846520,122.84782612734278,scalar-reference,1.2000289650870855e-11,9.7684183995502519e-14,1,1,1,1,1,ThreadPool,Fast,adaptive,native,none,ThreadPool,8,5
2,1.6.0,1.6.0,GCC 14.2,Linux,x86_64,AMD EPYC 9V74 80-Core Processor,sum_fast_regression_policy,double,1048576,contiguous,1,stable,6,0.30380099999999999,4638345064186406176,405eb642c8846520,122.84782612734278,scalar-reference,1.2000289650870855e-11,9.7684183995502519e-14,1,1,1,1,1,ThreadPool,Fast,adaptive,native,none,ThreadPool,8,5
2,1.6.0,1.6.0,GCC 14.2,Linux,x86_64,AMD EPYC 9V74 80-Core Processor,sum_fast_regression_legacy,double,1048576,contiguous,1,stable,6,0.24851899999999999,4638345064186406176,405eb642c8846520,122.84782612734278,scalar-reference,1.2000289650870855e-11,9.7684183995502519e-14,1,1,1,1,1,ThreadPool,Fast,adaptive,native,none,ThreadPool,8,5
2,1.6.0,1.6.0,GCC 14.2,Linux,x86_64,AMD EPYC 9V74 80-Core Processor,sum_fast_regression_legacy,double,1048576,contiguous,1,stable,7,0.29420600000000002,4638345064186406176,405eb642c8846520,122.84782612734278,scalar-reference,1.2000289650870855e-11,9.7684183995502519e-14,1,1,1,1,1,ThreadPool,Fast,adaptive,native,none,ThreadPool,8,5
2,1.6.0,1.6.0,GCC 14.2,Linux,x86_64,AMD EPYC 9V74 80-Core Processor,sum_fast_regression_policy,double,1048576,contiguous,1,stable,7,0.25811299999999998,4638345064186406176,405eb642c8846520,122.84782612734278,scalar-reference,1.2000289650870855e-11,9.7684183995502519e-14,1,1,1,1,1,ThreadPool,Fast,adaptive,native,none,ThreadPool,8,5
2,1.6.0,1.6.0,GCC 14.2,Linux,x86_64,AMD EPYC 9V74 80-Core Processor,sum_fast_regression_policy,double,1048576,contiguous,1,stable,8,0.285223,4638345064186406176,405eb642c8846520,122.84782612734278,scalar-reference,1.2000289650870855e-11,9.7684183995502519e-14,1,1,1,1,1,ThreadPool,Fast,adaptive,native,none,ThreadPool,8,5
2,1.6.0,1.6.0,GCC 14.2,Linux,x86_64,AMD EPYC 9V74 80-Core Processor,sum_fast_regression_legacy,double,1048576,contiguous,1,stable,8,0.25069200000000003,4638345064186406176,405eb642c8846520,122.84782612734278,scalar-reference,1.2000289650870855e-11,9.7684183995502519e-14,1,1,1,1,1,ThreadPool,Fast,adaptive,native,none,ThreadPool,8,5
2,1.6.0,1.6.0,GCC 14.2,Linux,x86_64,AMD EPYC 9V74 80-Core Processor,sum_fast_regression_legacy,double,1048576,contiguous,1,stable,9,0.29234300000000002,4638345064186406176,405eb642c8846520,122.84782612734278,scalar-reference,1.2000289650870855e-11,9.7684183995502519e-14,1,1,1,1,1,ThreadPool,Fast,adaptive,native,none,ThreadPool,8,5
2,1.6.0,1.6.0,GCC 14.2,Linux,x86_64,AMD EPYC 9V74 80-Core Processor,sum_fast_regression_policy,double,1048576,contiguous,1,stable,9,0.243531,4638345064186406176,405eb642c8846520,122.84782612734278,scalar-reference,1.2000289650870855e-11,9.7684183995502519e-14,1,1,1,1,1,ThreadPool,Fast,adaptive,native,none,ThreadPool,8,5
2,1.6.0,1.6.0,GCC 14.2,Linux,x86_64,AMD EPYC 9V74 80-Core Processor,sum_fast_regression_policy,double,1048576,contiguous,1,stable,10,0.29489700000000002,4638345064186406176,405eb642c8846520,122.84782612734278,scalar-reference,1.2000289650870855e-11,9.7684183995502519e-14,1,1,1,1,1,ThreadPool,Fast,adaptive,native,none,ThreadPool,8,5
2,1.6.0,1.6.0,GCC 14.2,Linux,x86_64,AMD EPYC 9V74 80-Core Processor,sum_fast_regression_legacy,double,1048576,contiguous,1,stable,10,0.25359599999999999,4638345064186406176,405eb642c8846520,122.84782612734278,scalar-reference,1.2000289650870855e-11,9.7684183995502519e-14,1,1,1,1,1,ThreadPool,Fast,adaptive,native,none,ThreadPool,8,5
2,1.6.0,1.6.0,GCC 14.2,Linux,x86_64,AMD EPYC 9V74 80-Core Processor,sum_fast_regression_legacy,double,1048576,contiguous,1,stable,11,0.29518699999999998,4638345064186406176,405eb642c8846520,122.84782612734278,scalar-reference,1.2000289650870855e-11,9.7684183995502519e-14,1,1,1,1,1,ThreadPool,Fast,adaptive,native,none,ThreadPool,8,5
2,1.6.0,1.6.0,GCC 14.2,Linux,x86_64,AMD EPYC 9V74 80-Core Processor,sum_fast_regression_policy,double,1048576,contiguous,1,stable,11,0.241678,4638345064186406176,405eb642c8846520,122.84782612734278,scalar-reference,1.2000289650870855e-11,9.7684183995502519e-14,1,1,1,1,1,ThreadPool,Fast,adaptive,native,none,ThreadPool,8,5
2,1.6.0,1.6.0,GCC 14.2,Linux,x86_64,AMD EPYC 9V74 80-Core Processor,sum_fast_regression_policy,double,1048576,contiguous,1,stable,12,0.29106199999999999,4638345064186406176,405eb642c8846520,122.84782612734278,scalar-reference,1.2000289650870855e-11,9.7684183995502519e-14,1,1,1,1,1,ThreadPool,Fast,adaptive,native,none,ThreadPool,8,5
2,1.6.0,1.6.0,GCC 14.2,Linux,x86_64,AMD EPYC 9V74 80-Core Processor,sum_fast_regression_legacy,double,1048576,contiguous,1,stable,12,0.23638100000000001,4638345064186406176,405eb642c8846520,122.84782612734278,scalar-reference,1.2000289650870855e-11,9.7684183995502519e-14,1,1,1,1,1,ThreadPool,Fast,adaptive,native,none,ThreadPool,8,5
2,1.6.0,1.6.0,GCC 14.2,Linux,x86_64,AMD EPYC 9V74 80-Core Processor,sum_fast_regression_legacy,double,1048576,contiguous,1,stable,13,0.32100600000000001,4638345064186406176,405eb642c8846520,122.84782612734278,scalar-reference,1.2000289650870855e-11,9.7684183995502519e-14,1,1,1,1,1,ThreadPool,Fast,adaptive,native,none,ThreadPool,8,5
2,1.6.0,1.6.0,GCC 14.2,Linux,x86_64,AMD EPYC 9V74 80-Core Processor,sum_fast_regression_policy,double,1048576,contiguous,1,stable,13,0.24354200000000001,4638345064186406176,405eb642c8846520,122.84782612734278,scalar-reference,1.2000289650870855e-11,9.7684183995502519e-14,1,1,1,1,1,ThreadPool,Fast,adaptive,native,none,ThreadPool,8,5
2,1.6.0,1.6.0,GCC 14.2,Linux,x86_64,AMD EPYC 9V74 80-Core Processor,sum_fast_regression_policy,double,1048576,contiguous,1,stable,14,0.245084,4638345064186406176,405eb642c8846520,122.84782612734278,scalar-reference,1.2000289650870855e-11,9.7684183995502519e-14,1,1,1,1,1,ThreadPool,Fast,adaptive,native,none,ThreadPool,8,5
2,1.6.0,1.6.0,GCC 14.2,Linux,x86_64,AMD EPYC 9V74 80-Core Processor,sum_fast_regression_legacy,double,1048576,contiguous,1,stable,14,0.29813200000000001,4638345064186406176,405eb642c8846520,122.84782612734278,scalar-reference,1.2000289650870855e-11,9.7684183995502519e-14,1,1,1,1,1,ThreadPool,Fast,adaptive,native,none,ThreadPool,8,5
2,1.6.0,1.6.0,GCC 14.2,Linux,x86_64,AMD EPYC 9V74 80-Core Processor,sum_fast_regression_legacy,double,1048576,contiguous,1,stable,15,0.30997999999999998,4638345064186406176,405eb642c8846520,122.84782612734278,scalar-reference,1.2000289650870855e-11,9.7684183995502519e-14,1,1,1,1,1,ThreadPool,Fast,adaptive,native,none,ThreadPool,8,5
2,1.6.0,1.6.0,GCC 14.2,Linux,x86_64,AMD EPYC 9V74 80-Core Processor,sum_fast_regression_policy,double,1048576,contiguous,1,stable,15,0.24484300000000001,4638345064186406176,405eb642c8846520,122.84782612734278,scalar-reference,1.2000289650870855e-11,9.7684183995502519e-14,1,1,1,1,1,ThreadPool,Fast,adaptive,native,none,ThreadPool,8,5
2,1.6.0,1.6.0,GCC 14.2,Linux,x86_64,AMD EPYC 9V74 80-Core Processor,sum_fast_regression_policy,double,1048576,contiguous,1,stable,16,0.30271900000000002,4638345064186406176,405eb642c8846520,122.84782612734278,scalar-reference,1.2000289650870855e-11,9.7684183995502519e-14,1,1,1,1,1,ThreadPool,Fast,adaptive,native,none,ThreadPool,8,5
2,1.6.0,1.6.0,GCC 14.2,Linux,x86_64,AMD EPYC 9V74 80-Core Processor,sum_fast_regression_legacy,double,1048576,contiguous,1,stable,16,0.306064,4638345064186406176,405eb642c8846520,122.84782612734278,scalar-reference,1.2000289650870855e-11,9.7684183995502519e-14,1,1,1,1,1,ThreadPool,Fast,adaptive,native,none,ThreadPool,8,5
2,1.6.0,1.6.0,GCC 14.2,Linux,x86_64,AMD EPYC 9V74 80-Core Processor,sum_fast_regression_legacy,double,1048576,contiguous,1,stable,17,0.240476,4638345064186406176,405eb642c8846520,122.84782612734278,scalar-reference,1.2000289650870855e-11,9.7684183995502519e-14,1,1,1,1,1,ThreadPool,Fast,adaptive,native,none,ThreadPool,8,5
2,1.6.0,1.6.0,GCC 14.2,Linux,x86_64,AMD EPYC 9V74 80-Core Processor,sum_fast_regression_policy,double,1048576,contiguous,1,stable,17,0.32760600000000001,4638345064186406176,405eb642c8846520,122.84782612734278,scalar-reference,1.2000289650870855e-11,9.7684183995502519e-14,1,1,1,1,1,ThreadPool,Fast,adaptive,native,none,ThreadPool,8,5
2,1.6.0,1.6.0,GCC 14.2,Linux,x86_64,AMD EPYC 9V74 80-Core Processor,sum_fast_regression_policy,double,1048576,contiguous,1,stable,18,0.24038599999999999,4638345064186406176,405eb642c8846520,122.84782612734278,scalar-reference,1.2000289650870855e-11,9.7684183995502519e-14,1,1,1,1,1,ThreadPool,Fast,adaptive,native,none,ThreadPool,8,5
2,1.6.0,1.6.0,GCC 14.2,Linux,x86_64,AMD EPYC 9V74 80-Core Processor,sum_fast_regression_legacy,double,1048576,contiguous,1,stable,18,0.304863,4638345064186406176,405eb642c8846520,122.84782612734278,scalar-reference,1.2000289650870855e-11,9.7684183995502519e-14,1,1,1,1,1,ThreadPool,Fast,adaptive,native,none,ThreadPool,8,5
2,1.6.0,1.6.0,GCC 14.2,Linux,x86_64,AMD EPYC 9V74 80-Core Processor,sum_fast_regression_legacy,double,1048576,contiguous,1,stable,19,0.30581399999999997,4638345064186406176,405eb642c8846520,122.84782612734278,scalar-reference,1.2000289650870855e-11,9.7684183995502519e-14,1,1,1,1,1,ThreadPool,Fast,adaptive,native,none,ThreadPool,8,5
2,1.6.0,1.6.0,GCC 14.2,Linux,x86_64,AMD EPYC 9V74 80-Core Processor,sum_fast_regression_policy,double,1048576,contiguous,1,stable,19,0.32519199999999998,4638345064186406176,405eb642c8846520,122.84782612734278,scalar-reference,1.2000289650870855e-11,9.7684183995502519e-14,1,1,1,1,1,ThreadPool,Fast,adaptive,native,none,ThreadPool,8,5
2,1.6.0,1.6.0,GCC 14.2,Linux,x86_64,AMD EPYC 9V74 80-Core Processor,sum_fast_regression_policy,double,1048576,contiguous,1,stable,20,0.30348000000000003,4638345064186406176,405eb642c8846520,122.84782612734278,scalar-reference,1.2000289650870855e-11,9.7684183995502519e-14,1,1,1,1,1,ThreadPool,Fast,adaptive,native,none,ThreadPool,8,5
2,1.6.0,1.6.0,GCC 14.2,Linux,x86_64,AMD EPYC 9V74 80-Core Processor,sum_fast_regression_legacy,double,1048576,contiguous,1,stable,20,0.225935,4638345064186406176,405eb642c8846520,122.84782612734278,scalar-reference,1.2000289650870855e-11,9.7684183995502519e-14,1,1,1,1,1,ThreadPool,Fast,adaptive,native,none,ThreadPool,8,5
2,1.6.0,1.6.0,GCC 14.2,Linux,x86_64,AMD EPYC 9V74 80-Core Processor,sum_fast_regression_legacy,double,1048576,contiguous,1,stable,21,0.23535900000000001,4638345064186406176,405eb642c8846520,122.84782612734278,scalar-reference,1.2000289650870855e-11,9.7684183995502519e-14,1,1,1,1,1,ThreadPool,Fast,adaptive,native,none,ThreadPool,8,5
2,1.6.0,1.6.0,GCC 14.2,Linux,x86_64,AMD EPYC 9V74 80-Core Processor,sum_fast_regression_policy,double,1048576,contiguous,1,stable,21,0.28431200000000001,4638345064186406176,405eb642c8846520,122.84782612734278,scalar-reference,1.2000289650870855e-11,9.7684183995502519e-14,1,1,1,1,1,ThreadPool,Fast,adaptive,native,none,ThreadPool,8,5
2,1.6.0,1.6.0,GCC 14.2,Linux,x86_64,AMD EPYC 9V74 80-Core Processor,dot_strided,double,65536,strided,2,first_call,0,0.096363000000000004,4636028100789189178,40567afeb444ba3a,89.92179590903703,scalar-reference,2.1385185289268804e-12,2.3781981968978471e-14,1,1,1,1,1,ThreadPool,Fast,adaptive,native,none,ThreadPool,8,5
2,1.6.0,1.6.0,GCC 14.2,Linux,x86_64,AMD EPYC 9V74 80-Core Processor,dot_strided,double,65536,strided,2,stable,1,0.079207,4636028100789189178,40567afeb444ba3a,89.92179590903703,scalar-reference,2.1385185289268804e-12,2.3781981968978471e-14,1,1,1,1,1,ThreadPool,Fast,adaptive,native,none,ThreadPool,8,5
2,1.6.0,1.6.0,GCC 14.2,Linux,x86_64,AMD EPYC 9V74 80-Core Processor,dot_strided,double,65536,strided,2,stable,2,0.073308999999999999,4636028100789189178,40567afeb444ba3a,89.92179590903703,scalar-reference,2.1385185289268804e-12,2.3781981968978471e-14,1,1,1,1,1,ThreadPool,Fast,adaptive,native,none,ThreadPool,8,5
2,1.6.0,1.6.0,GCC 14.2,Linux,x86_64,AMD EPYC 9V74 80-Core Processor,dot_strided,double,65536,strided,2,stable,3,0.063544000000000003,4636028100789189178,40567afeb444ba3a,89.92179590903703,scalar-reference,2.1385185289268804e-12,2.3781981968978471e-14,1,1,1,1,1,ThreadPool,Fast,adaptive,native,none,ThreadPool,8,5
2,1.6.0,1.6.0,GCC 14.2,Linux,x86_64,AMD EPYC 9V74 80-Core Processor,dot_strided,double,65536,strided,2,stable,4,0.054140000000000001,4636028100789189178,40567afeb444ba3a,89.92179590903703,scalar-reference,2.1385185289268804e-12,2.3781981968978471e-14,1,1,1,1,1,ThreadPool,Fast,adaptive,native,none,ThreadPool,8,5
2,1.6.0,1.6.0,GCC 14.2,Linux,x86_64,AMD EPYC 9V74 80-Core Processor,dot_strided,double,65536,strided,2,stable,5,0.057114999999999999,4636028100789189178,40567afeb444ba3a,89.92179590903703,scalar-reference,2.1385185289268804e-12,2.3781981968978471e-14,1,1,1,1,1,ThreadPool,Fast,adaptive,native,none,ThreadPool,8,5
2,1.6.0,1.6.0,GCC 14.2,Linux,x86_64,AMD EPYC 9V74 80-Core Processor,dot_strided,double,65536,strided,2,stable,6,0.054621000000000003,4636028100789189178,40567afeb444ba3a,89.92179590903703,scalar-reference,2.1385185289268804e-12,2.3781981968978471e-14,1,1,1,1,1,ThreadPool,Fast,adaptive,native,none,ThreadPool,8,5
2,1.6.0,1.6.0,GCC 14.2,Linux,x86_64,AMD EPYC 9V74 80-Core Processor,dot_strided,double,65536,strided,2,stable,7,0.055062,4636028100789189178,40567afeb444ba3a,89.92179590903703,scalar-reference,2.1385185289268804e-12,2.3781981968978471e-14,1,1,1,1,1,ThreadPool,Fast,adaptive,native,none,ThreadPool,8,5
2,1.6.0,1.6.0,GCC 14.2,Linux,x86_64,AMD EPYC 9V74 80-Core Processor,dot_strided,double,65536,strided,2,stable,8,0.054019999999999999,4636028100789189178,40567afeb444ba3a,89.92179590903703,scalar-reference,2.1385185289268804e-12,2.3781981968978471e-14,1,1,1,1,1,ThreadPool,Fast,adaptive,native,none,ThreadPool,8,5
2,1.6.0,1.6.0,GCC 14.2,Linux,x86_64,AMD EPYC 9V74 80-Core Processor,dot_strided,double,65536,strided,2,stable,9,0.059047000000000002,4636028100789189178,40567afeb444ba3a,89.92179590903703,scalar-reference,2.1385185289268804e-12,2.3781981968978471e-14,1,1,1,1,1,ThreadPool,Fast,adaptive,native,none,ThreadPool,8,5
2,1.6.0,1.6.0,GCC 14.2,Linux,x86_64,AMD EPYC 9V74 80-Core Processor,dot_strided,double,65536,strided,2,stable,10,0.059669,4636028100789189178,40567afeb444ba3a,89.92179590903703,scalar-reference,2.1385185289268804e-12,2.3781981968978471e-14,1,1,1,1,1,ThreadPool,Fast,adaptive,native,none,ThreadPool,8,5
2,1.6.0,1.6.0,GCC 14.2,Linux,x86_64,AMD EPYC 9V74 80-Core Processor,dot_strided,double,65536,strided,2,stable,11,0.062963000000000005,4636028100789189178,40567afeb444ba3a,89.92179590903703,scalar-reference,2.1385185289268804e-12,2.3781981968978471e-14,1,1,1,1,1,ThreadPool,Fast,adaptive,native,none,ThreadPool,8,5
2,1.6.0,1.6.0,GCC 14.2,Linux,x86_64,AMD EPYC 9V74 80-Core Processor,dot_strided,double,65536,strided,2,stable,12,0.143513,4636028100789189178,40567afeb444ba3a,89.92179590903703,scalar-reference,2.1385185289268804e-12,2.3781981968978471e-14,1,1,1,1,1,ThreadPool,Fast,adaptive,native,none,ThreadPool,8,5
2,1.6.0,1.6.0,GCC 14.2,Linux,x86_64,AMD EPYC 9V74 80-Core Processor,dot_strided,double,65536,strided,2,stable,13,0.073328000000000004,4636028100789189178,40567afeb444ba3a,89.92179590903703,scalar-reference,2.1385185289268804e-12,2.3781981968978471e-14,1,1,1,1,1,ThreadPool,Fast,adaptive,native,none,ThreadPool,8,5
2,1.6.0,1.6.0,GCC 14.2,Linux,x86_64,AMD EPYC 9V74 80-Core Processor,dot_strided,double,65536,strided,2,stable,14,0.058727000000000001,4636028100789189178,40567afeb444ba3a,89.92179590903703,scalar-reference,2.1385185289268804e-12,2.3781981968978471e-14,1,1,1,1,1,ThreadPool,Fast,adaptive,native,none,ThreadPool,8,5
2,1.6.0,1.6.0,GCC 14.2,Linux,x86_64,AMD EPYC 9V74 80-Core Processor,dot_strided,double,65536,strided,2,stable,15,0.058306999999999998,4636028100789189178,40567afeb444ba3a,89.92179590903703,scalar-reference,2.1385185289268804e-12,2.3781981968978471e-14,1,1,1,1,1,ThreadPool,Fast,adaptive,native,none,ThreadPool,8,5
2,1.6.0,1.6.0,GCC 14.2,Linux,x86_64,AMD EPYC 9V74 80-Core Processor,dot_strided,double,65536,strided,2,stable,16,0.057395000000000002,4636028100789189178,40567afeb444ba3a,89.92179590903703,scalar-reference,2.1385185289268804e-12,2.3781981968978471e-14,1,1,1,1,1,ThreadPool,Fast,adaptive,native,none,ThreadPool,8,5
2,1.6.0,1.6.0,GCC 14.2,Linux,x86_64,AMD EPYC 9V74 80-Core Processor,dot_strided,double,65536,strided,2,stable,17,0.056142999999999998,4636028100789189178,40567afeb444ba3a,89.92179590903703,scalar-reference,2.1385185289268804e-12,2.3781981968978471e-14,1,1,1,1,1,ThreadPool,Fast,adaptive,native,none,ThreadPool,8,5
2,1.6.0,1.6.0,GCC 14.2,Linux,x86_64,AMD EPYC 9V74 80-Core Processor,dot_strided,double,65536,strided,2,stable,18,0.056083000000000001,4636028100789189178,40567afeb444ba3a,89.92179590903703,scalar-reference,2.1385185289268804e-12,2.3781981968978471e-14,1,1,1,1,1,ThreadPool,Fast,adaptive,native,none,ThreadPool,8,5
2,1.6.0,1.6.0,GCC 14.2,Linux,x86_64,AMD EPYC 9V74 80-Core Processor,dot_strided,double,65536,strided,2,stable,19,0.056714000000000001,4636028100789189178,40567afeb444ba3a,89.92179590903703,scalar-reference,2.1385185289268804e-12,2.3781981968978471e-14,1,1,1,1,1,ThreadPool,Fast,adaptive,native,none,ThreadPool,8,5
2,1.6.0,1.6.0,GCC 14.2,Linux,x86_64,AMD EPYC 9V74 80-Core Processor,dot_strided,double,65536,strided,2,stable,20,0.05423,4636028100789189178,40567afeb444ba3a,89.92179590903703,scalar-reference,2.1385185289268804e-12,2.3781981968978471e-14,1,1,1,1,1,ThreadPool,Fast,adaptive,native,none,ThreadPool,8,5
2,1.6.0,1.6.0,GCC 14.2,Linux,x86_64,AMD EPYC 9V74 80-Core Processor,dot_strided,double,65536,strided,2,stable,21,0.056103,4636028100789189178,40567afeb444ba3a,89.92179590903703,scalar-reference,2.1385185289268804e-12,2.3781981968978471e-14,1,1,1,1,1,ThreadPool,Fast,adaptive,native,none,ThreadPool,8,5
2,1.6.0,1.6.0,GCC 14.2,Linux,x86_64,AMD EPYC 9V74 80-Core Processor,norm_strided,double,65536,strided,2,first_call,0,0.053699999999999998,4640591678869095916,4066b18b86a045ec,181.54828196814867,scalar-reference,1.1962653090336062e-14,6.5892405924473708e-17,1,1,1,1,1,ThreadPool,Fast,adaptive,native,none,ThreadPool,8,5
2,1.6.0,1.6.0,GCC 14.2,Linux,x86_64,AMD EPYC 9V74 80-Core Processor,norm_strided,double,65536,strided,2,stable,1,0.066077999999999998,4640591678869095916,4066b18b86a045ec,181.54828196814867,scalar-reference,1.1962653090336062e-14,6.5892405924473708e-17,1,1,1,1,1,ThreadPool,Fast,adaptive,native,none,ThreadPool,8,5
2,1.6.0,1.6.0,GCC 14.2,Linux,x86_64,AMD EPYC 9V74 80-Core Processor,norm_strided,double,65536,strided,2,stable,2,0.057224999999999998,4640591678869095916,4066b18b86a045ec,181.54828196814867,scalar-reference,1.1962653090336062e-14,6.5892405924473708e-17,1,1,1,1,1,ThreadPool,Fast,adaptive,native,none,ThreadPool,8,5
2,1.6.0,1.6.0,GCC 14.2,Linux,x86_64,AMD EPYC 9V74 80-Core Processor,norm_strided,double,65536,strided,2,stable,3,0.055252000000000002,4640591678869095916,4066b18b86a045ec,181.54828196814867,scalar-reference,1.1962653090336062e-14,6.5892405924473708e-17,1,1,1,1,1,ThreadPool,Fast,adaptive,native,none,ThreadPool,8,5
2,1.6.0,1.6.0,GCC 14.2,Linux,x86_64,AMD EPYC 9V74 80-Core Processor,norm_strided,double,65536,strided,2,stable,4,0.05357,4640591678869095916,4066b18b86a045ec,181.54828196814867,scalar-reference,1.1962653090336062e-14,6.5892405924473708e-17,1,1,1,1,1,ThreadPool,Fast,adaptive,native,none,ThreadPool,8,5
2,1.6.0,1.6.0,GCC 14.2,Linux,x86_64,AMD EPYC 9V74 80-Core Processor,norm_strided,double,65536,strided,2,stable,5,0.056023000000000003,4640591678869095916,4066b18b86a045ec,181.54828196814867,scalar-reference,1.1962653090336062e-14,6.5892405924473708e-17,1,1,1,1,1,ThreadPool,Fast,adaptive,native,none,ThreadPool,8,5
2,1.6.0,1.6.0,GCC 14.2,Linux,x86_64,AMD EPYC 9V74 80-Core Processor,norm_strided,double,65536,strided,2,stable,6,0.056072999999999998,4640591678869095916,4066b18b86a045ec,181.54828196814867,scalar-reference,1.1962653090336062e-14,6.5892405924473708e-17,1,1,1,1,1,ThreadPool,Fast,adaptive,native,none,ThreadPool,8,5
2,1.6.0,1.6.0,GCC 14.2,Linux,x86_64,AMD EPYC 9V74 80-Core Processor,norm_strided,double,65536,strided,2,stable,7,0.052969000000000002,4640591678869095916,4066b18b86a045ec,181.54828196814867,scalar-reference,1.1962653090336062e-14,6.5892405924473708e-17,1,1,1,1,1,ThreadPool,Fast,adaptive,native,none,ThreadPool,8,5
2,1.6.0,1.6.0,GCC 14.2,Linux,x86_64,AMD EPYC 9V74 80-Core Processor,norm_strided,double,65536,strided,2,stable,8,0.054470999999999999,4640591678869095916,4066b18b86a045ec,181.54828196814867,scalar-reference,1.1962653090336062e-14,6.5892405924473708e-17,1,1,1,1,1,ThreadPool,Fast,adaptive,native,none,ThreadPool,8,5
2,1.6.0,1.6.0,GCC 14.2,Linux,x86_64,AMD EPYC 9V74 80-Core Processor,norm_strided,double,65536,strided,2,stable,9,0.061740999999999997,4640591678869095916,4066b18b86a045ec,181.54828196814867,scalar-reference,1.1962653090336062e-14,6.5892405924473708e-17,1,1,1,1,1,ThreadPool,Fast,adaptive,native,none,ThreadPool,8,5
2,1.6.0,1.6.0,GCC 14.2,Linux,x86_64,AMD EPYC 9V74 80-Core Processor,norm_strided,double,65536,strided,2,stable,10,0.055583,4640591678869095916,4066b18b86a045ec,181.54828196814867,scalar-reference,1.1962653090336062e-14,6.5892405924473708e-17,1,1,1,1,1,ThreadPool,Fast,adaptive,native,none,ThreadPool,8,5
2,1.6.0,1.6.0,GCC 14.2,Linux,x86_64,AMD EPYC 9V74 80-Core Processor,norm_strided,double,65536,strided,2,stable,11,0.054301000000000002,4640591678869095916,4066b18b86a045ec,181.54828196814867,scalar-reference,1.1962653090336062e-14,6.5892405924473708e-17,1,1,1,1,1,ThreadPool,Fast,adaptive,native,none,ThreadPool,8,5
2,1.6.0,1.6.0,GCC 14.2,Linux,x86_64,AMD EPYC 9V74 80-Core Processor,norm_strided,double,65536,strided,2,stable,12,0.064104999999999995,4640591678869095916,4066b18b86a045ec,181.54828196814867,scalar-reference,1.1962653090336062e-14,6.5892405924473708e-17,1,1,1,1,1,ThreadPool,Fast,adaptive,native,none,ThreadPool,8,5
2,1.6.0,1.6.0,GCC 14.2,Linux,x86_64,AMD EPYC 9V74 80-Core Processor,norm_strided,double,65536,strided,2,stable,13,0.054450999999999999,4640591678869095916,4066b18b86a045ec,181.54828196814867,scalar-reference,1.1962653090336062e-14,6.5892405924473708e-17,1,1,1,1,1,ThreadPool,Fast,adaptive,native,none,ThreadPool,8,5
2,1.6.0,1.6.0,GCC 14.2,Linux,x86_64,AMD EPYC 9V74 80-Core Processor,norm_strided,double,65536,strided,2,stable,14,0.054821000000000002,4640591678869095916,4066b18b86a045ec,181.54828196814867,scalar-reference,1.1962653090336062e-14,6.5892405924473708e-17,1,1,1,1,1,ThreadPool,Fast,adaptive,native,none,ThreadPool,8,5
2,1.6.0,1.6.0,GCC 14.2,Linux,x86_64,AMD EPYC 9V74 80-Core Processor,norm_strided,double,65536,strided,2,stable,15,0.055682000000000002,4640591678869095916,4066b18b86a045ec,181.54828196814867,scalar-reference,1.1962653090336062e-14,6.5892405924473708e-17,1,1,1,1,1,ThreadPool,Fast,adaptive,native,none,ThreadPool,8,5
2,1.6.0,1.6.0,GCC 14.2,Linux,x86_64,AMD EPYC 9V74 80-Core Processor,norm_strided,double,65536,strided,2,stable,16,0.052248000000000003,4640591678869095916,4066b18b86a045ec,181.54828196814867,scalar-reference,1.1962653090336062e-14,6.5892405924473708e-17,1,1,1,1,1,ThreadPool,Fast,adaptive,native,none,ThreadPool,8,5
2,1.6.0,1.6.0,GCC 14.2,Linux,x86_64,AMD EPYC 9V74 80-Core Processor,norm_strided,double,65536,strided,2,stable,17,0.054900999999999998,4640591678869095916,4066b18b86a045ec,181.54828196814867,scalar-reference,1.1962653090336062e-14,6.5892405924473708e-17,1,1,1,1,1,ThreadPool,Fast,adaptive,native,none,ThreadPool,8,5
2,1.6.0,1.6.0,GCC 14.2,Linux,x86_64,AMD EPYC 9V74 80-Core Processor,norm_strided,double,65536,strided,2,stable,18,0.053560000000000003,4640591678869095916,4066b18b86a045ec,181.54828196814867,scalar-reference,1.1962653090336062e-14,6.5892405924473708e-17,1,1,1,1,1,ThreadPool,Fast,adaptive,native,none,ThreadPool,8,5
2,1.6.0,1.6.0,GCC 14.2,Linux,x86_64,AMD EPYC 9V74 80-Core Processor,norm_strided,double,65536,strided,2,stable,19,0.054140000000000001,4640591678869095916,4066b18b86a045ec,181.54828196814867,scalar-reference,1.1962653090336062e-14,6.5892405924473708e-17,1,1,1,1,1,ThreadPool,Fast,adaptive,native,none,ThreadPool,8,5
2,1.6.0,1.6.0,GCC 14.2,Linux,x86_64,AMD EPYC 9V74 80-Core Processor,norm_strided,double,65536,strided,2,stable,20,0.065967999999999999,4640591678869095916,4066b18b86a045ec,181.54828196814867,scalar-reference,1.1962653090336062e-14,6.5892405924473708e-17,1,1,1,1,1,ThreadPool,Fast,adaptive,native,none,ThreadPool,8,5
2,1.6.0,1.6.0,GCC 14.2,Linux,x86_64,AMD EPYC 9V74 80-Core Processor,norm_strided,double,65536,strided,2,stable,21,0.057345,4640591678869095916,4066b18b86a045ec,181.54828196814867,scalar-reference,1.1962653090336062e-14,6.5892405924473708e-17,1,1,1,1,1,ThreadPool,Fast,adaptive,native,none,ThreadPool,8,5
2,1.6.0,1.6.0,GCC 14.2,Linux,x86_64,AMD EPYC 9V74 80-Core Processor,axpy_strided,double,65536,strided,3,first_call,0,0.11536100000000001,4679305489604222673,1f267f5f65698232,66488.812352295281,1f267f5f65698232,0,0,1,1,1,1,1,ThreadPool,Fast,adaptive,native,none,ThreadPool,8,5
2,1.6.0,1.6.0,GCC 14.2,Linux,x86_64,AMD EPYC 9V74 80-Core Processor,axpy_strided,double,65536,strided,3,stable,1,0.090704000000000007,4679305489604222673,1f267f5f65698232,66488.812352295281,1f267f5f65698232,0,0,1,1,1,1,1,ThreadPool,Fast,adaptive,native,none,ThreadPool,8,5
2,1.6.0,1.6.0,GCC 14.2,Linux,x86_64,AMD EPYC 9V74 80-Core Processor,axpy_strided,double,65536,strided,3,stable,2,0.098405999999999993,4679305489604222673,1f267f5f65698232,66488.812352295281,1f267f5f65698232,0,0,1,1,1,1,1,ThreadPool,Fast,adaptive,native,none,ThreadPool,8,5
2,1.6.0,1.6.0,GCC 14.2,Linux,x86_64,AMD EPYC 9V74 80-Core Processor,axpy_strided,double,65536,strided,3,stable,3,0.076794000000000001,4679305489604222673,1f267f5f65698232,66488.812352295281,1f267f5f65698232,0,0,1,1,1,1,1,ThreadPool,Fast,adaptive,native,none,ThreadPool,8,5
2,1.6.0,1.6.0,GCC 14.2,Linux,x86_64,AMD EPYC 9V74 80-Core Processor,axpy_strided,double,65536,strided,3,stable,4,0.061081000000000003,4679305489604222673,1f267f5f65698232,66488.812352295281,1f267f5f65698232,0,0,1,1,1,1,1,ThreadPool,Fast,adaptive,native,none,ThreadPool,8,5
2,1.6.0,1.6.0,GCC 14.2,Linux,x86_64,AMD EPYC 9V74 80-Core Processor,axpy_strided,double,65536,strided,3,stable,5,0.094821000000000003,4679305489604222673,1f267f5f65698232,66488.812352295281,1f267f5f65698232,0,0,1,1,1,1,1,ThreadPool,Fast,adaptive,native,none,ThreadPool,8,5
2,1.6.0,1.6.0,GCC 14.2,Linux,x86_64,AMD EPYC 9V74 80-Core Processor,axpy_strided,double,65536,strided,3,stable,6,0.072417999999999996,4679305489604222673,1f267f5f65698232,66488.812352295281,1f267f5f65698232,0,0,1,1,1,1,1,ThreadPool,Fast,adaptive,native,none,ThreadPool,8,5
2,1.6.0,1.6.0,GCC 14.2,Linux,x86_64,AMD EPYC 9V74 80-Core Processor,axpy_strided,double,65536,strided,3,stable,7,0.082822000000000007,4679305489604222673,1f267f5f65698232,66488.812352295281,1f267f5f65698232,0,0,1,1,1,1,1,ThreadPool,Fast,adaptive,native,none,ThreadPool,8,5
2,1.6.0,1.6.0,GCC 14.2,Linux,x86_64,AMD EPYC 9V74 80-Core Processor,axpy_strided,double,65536,strided,3,stable,8,0.080670000000000006,4679305489604222673,1f267f5f65698232,66488.812352295281,1f267f5f65698232,0,0,1,1,1,1,1,ThreadPool,Fast,adaptive,native,none,ThreadPool,8,5
2,1.6.0,1.6.0,GCC 14.2,Linux,x86_64,AMD EPYC 9V74 80-Core Processor,axpy_strided,double,65536,strided,3,stable,9,0.076162999999999995,4679305489604222673,1f267f5f65698232,66488.812352295281,1f267f5f65698232,0,0,1,1,1,1,1,ThreadPool,Fast,adaptive,native,none,ThreadPool,8,5
2,1.6.0,1.6.0,GCC 14.2,Linux,x86_64,AMD EPYC 9V74 80-Core Processor,axpy_strided,double,65536,strided,3,stable,10,0.088532,4679305489604222673,1f267f5f65698232,66488.812352295281,1f267f5f65698232,0,0,1,1,1,1,1,ThreadPool,Fast,adaptive,native,none,ThreadPool,8,5
2,1.6.0,1.6.0,GCC 14.2,Linux,x86_64,AMD EPYC 9V74 80-Core Processor,axpy_strided,double,65536,strided,3,stable,11,0.123303,4679305489604222673,1f267f5f65698232,66488.812352295281,1f267f5f65698232,0,0,1,1,1,1,1,ThreadPool,Fast,adaptive,native,none,ThreadPool,8,5
2,1.6.0,1.6.0,GCC 14.2,Linux,x86_64,AMD EPYC 9V74 80-Core Processor,axpy_strided,double,65536,strided,3,stable,12,0.065738000000000005,4679305489604222673,1f267f5f65698232,66488.812352295281,1f267f5f65698232,0,0,1,1,1,1,1,ThreadPool,Fast,adaptive,native,none,ThreadPool,8,5
2,1.6.0,1.6.0,GCC 14.2,Linux,x86_64,AMD EPYC 9V74 80-Core Processor,axpy_strided,double,65536,strided,3,stable,13,0.069822999999999996,4679305489604222673,1f267f5f65698232,66488.812352295281,1f267f5f65698232,0,0,1,1,1,1,1,ThreadPool,Fast,adaptive,native,none,ThreadPool,8,5
2,1.6.0,1.6.0,GCC 14.2,Linux,x86_64,AMD EPYC 9V74 80-Core Processor,axpy_strided,double,65536,strided,3,stable,14,0.068630999999999998,4679305489604222673,1f267f5f65698232,66488.812352295281,1f267f5f65698232,0,0,1,1,1,1,1,ThreadPool,Fast,adaptive,native,none,ThreadPool,8,5
2,1.6.0,1.6.0,GCC 14.2,Linux,x86_64,AMD EPYC 9V74 80-Core Processor,axpy_strided,double,65536,strided,3,stable,15,0.066758999999999999,4679305489604222673,1f267f5f65698232,66488.812352295281,1f267f5f65698232,0,0,1,1,1,1,1,ThreadPool,Fast,adaptive,native,none,ThreadPool,8,5
2,1.6.0,1.6.0,GCC 14.2,Linux,x86_64,AMD EPYC 9V74 80-Core Processor,axpy_strided,double,65536,strided,3,stable,16,0.067971000000000004,4679305489604222673,1f267f5f65698232,66488.812352295281,1f267f5f65698232,0,0,1,1,1,1,1,ThreadPool,Fast,adaptive,native,none,ThreadPool,8,5
2,1.6.0,1.6.0,GCC 14.2,Linux,x86_64,AMD EPYC 9V74 80-Core Processor,axpy_strided,double,65536,strided,3,stable,17,0.076082999999999998,4679305489604222673,1f267f5f65698232,66488.812352295281,1f267f5f65698232,0,0,1,1,1,1,1,ThreadPool,Fast,adaptive,native,none,ThreadPool,8,5
2,1.6.0,1.6.0,GCC 14.2,Linux,x86_64,AMD EPYC 9V74 80-Core Processor,axpy_strided,double,65536,strided,3,stable,18,0.067801,4679305489604222673,1f267f5f65698232,66488.812352295281,1f267f5f65698232,0,0,1,1,1,1,1,ThreadPool,Fast,adaptive,native,none,ThreadPool,8,5
2,1.6.0,1.6.0,GCC 14.2,Linux,x86_64,AMD EPYC 9V74 80-Core Processor,axpy_strided,double,65536,strided,3,stable,19,0.066168000000000005,4679305489604222673,1f267f5f65698232,66488.812352295281,1f267f5f65698232,0,0,1,1,1,1,1,ThreadPool,Fast,adaptive,native,none,ThreadPool,8,5
2,1.6.0,1.6.0,GCC 14.2,Linux,x86_64,AMD EPYC 9V74 80-Core Processor,axpy_strided,double,65536,strided,3,stable,20,0.063243999999999995,4679305489604222673,1f267f5f65698232,66488.812352295281,1f267f5f65698232,0,0,1,1,1,1,1,ThreadPool,Fast,adaptive,native,none,ThreadPool,8,5
2,1.6.0,1.6.0,GCC 14.2,Linux,x86_64,AMD EPYC 9V74 80-Core Processor,axpy_strided,double,65536,strided,3,stable,21,0.068432000000000007,4679305489604222673,1f267f5f65698232,66488.812352295281,1f267f5f65698232,0,0,1,1,1,1,1,ThreadPool,Fast,adaptive,native,none,ThreadPool,8,5
2,1.6.0,1.6.0,GCC 14.2,Linux,x86_64,AMD EPYC 9V74 80-Core Processor,dot_strided,double,65536,strided,2,first_call,0,0.076463000000000003,4636028100789189060,40567afeb444b9c4,89.92179590903703,scalar-reference,4.61637672533044e-13,5.1337683802492872e-15,1,1,1,1,1,ThreadPool,Reproducible,canonical-reduction,pairwise,canonical-pairwise-v1-leaf1024,ThreadPool,8,5
2,1.6.0,1.6.0,GCC 14.2,Linux,x86_64,AMD EPYC 9V74 80-Core Processor,dot_strided,double,65536,strided,2,stable,1,0.071915999999999994,4636028100789189060,40567afeb444b9c4,89.92179590903703,scalar-reference,4.61637672533044e-13,5.1337683802492872e-15,1,1,1,1,1,ThreadPool,Reproducible,canonical-reduction,pairwise,canonical-pairwise-v1-leaf1024,ThreadPool,8,5
2,1.6.0,1.6.0,GCC 14.2,Linux,x86_64,AMD EPYC 9V74 80-Core Processor,dot_strided,double,65536,strided,2,stable,2,0.082002000000000005,4636028100789189060,40567afeb444b9c4,89.92179590903703,scalar-reference,4.61637672533044e-13,5.1337683802492872e-15,1,1,1,1,1,ThreadPool,Reproducible,canonical-reduction,pairwise,canonical-pairwise-v1-leaf1024,ThreadPool,8,5
2,1.6.0,1.6.0,GCC 14.2,Linux,x86_64,AMD EPYC 9V74 80-Core Processor,dot_strided,double,65536,strided,2,stable,3,0.049412999999999999,4636028100789189060,40567afeb444b9c4,89.92179590903703,scalar-reference,4.61637672533044e-13,5.1337683802492872e-15,1,1,1,1,1,ThreadPool,Reproducible,canonical-reduction,pairwise,canonical-pairwise-v1-leaf1024,ThreadPool,8,5
2,1.6.0,1.6.0,GCC 14.2,Linux,x86_64,AMD EPYC 9V74 80-Core Processor,dot_strided,double,65536,strided,2,stable,4,0.093479000000000007,4636028100789189060,40567afeb444b9c4,89.92179590903703,scalar-reference,4.61637672533044e-13,5.1337683802492872e-15,1,1,1,1,1,ThreadPool,Reproducible,canonical-reduction,pairwise,canonical-pairwise-v1-leaf1024,ThreadPool,8,5
2,1.6.0,1.6.0,GCC 14.2,Linux,x86_64,AMD EPYC 9V74 80-Core Processor,dot_strided,double,65536,strided,2,stable,5,0.057425999999999998,4636028100789189060,40567afeb444b9c4,89.92179590903703,scalar-reference,4.61637672533044e-13,5.1337683802492872e-15,1,1,1,1,1,ThreadPool,Reproducible,canonical-reduction,pairwise,canonical-pairwise-v1-leaf1024,ThreadPool,8,5
2,1.6.0,1.6.0,GCC 14.2,Linux,x86_64,AMD EPYC 9V74 80-Core Processor,dot_strided,double,65536,strided,2,stable,6,0.049292999999999997,4636028100789189060,40567afeb444b9c4,89.92179590903703,scalar-reference,4.61637672533044e-13,5.1337683802492872e-15,1,1,1,1,1,ThreadPool,Reproducible,canonical-reduction,pairwise,canonical-pairwise-v1-leaf1024,ThreadPool,8,5
2,1.6.0,1.6.0,GCC 14.2,Linux,x86_64,AMD EPYC 9V74 80-Core Processor,dot_strided,double,65536,strided,2,stable,7,0.042833000000000003,4636028100789189060,40567afeb444b9c4,89.92179590903703,scalar-reference,4.61637672533044e-13,5.1337683802492872e-15,1,1,1,1,1,ThreadPool,Reproducible,canonical-reduction,pairwise,canonical-pairwise-v1-leaf1024,ThreadPool,8,5
2,1.6.0,1.6.0,GCC 14.2,Linux,x86_64,AMD EPYC 9V74 80-Core Processor,dot_strided,double,65536,strided,2,stable,8,0.061220999999999998,4636028100789189060,40567afeb444b9c4,89.92179590903703,scalar-reference,4.61637672533044e-13,5.1337683802492872e-15,1,1,1,1,1,ThreadPool,Reproducible,canonical-reduction,pairwise,canonical-pairwise-v1-leaf1024,ThreadPool,8,5
2,1.6.0,1.6.0,GCC 14.2,Linux,x86_64,AMD EPYC 9V74 80-Core Processor,dot_strided,double,65536,strided,2,stable,9,0.053690000000000002,4636028100789189060,40567afeb444b9c4,89.92179590903703,scalar-reference,4.61637672533044e-13,5.1337683802492872e-15,1,1,1,1,1,ThreadPool,Reproducible,canonical-reduction,pairwise,canonical-pairwise-v1-leaf1024,ThreadPool,8,5
2,1.6.0,1.6.0,GCC 14.2,Linux,x86_64,AMD EPYC 9V74 80-Core Processor,dot_strided,double,65536,strided,2,stable,10,0.089273000000000005,4636028100789189060,40567afeb444b9c4,89.92179590903703,scalar-reference,4.61637672533044e-13,5.1337683802492872e-15,1,1,1,1,1,ThreadPool,Reproducible,canonical-reduction,pairwise,canonical-pairwise-v1-leaf1024,ThreadPool,8,5
2,1.6.0,1.6.0,GCC 14.2,Linux,x86_64,AMD EPYC 9V74 80-Core Processor,dot_strided,double,65536,strided,2,stable,11,0.089884000000000006,4636028100789189060,40567afeb444b9c4,89.92179590903703,scalar-reference,4.61637672533044e-13,5.1337683802492872e-15,1,1,1,1,1,ThreadPool,Reproducible,canonical-reduction,pairwise,canonical-pairwise-v1-leaf1024,ThreadPool,8,5
2,1.6.0,1.6.0,GCC 14.2,Linux,x86_64,AMD EPYC 9V74 80-Core Processor,dot_strided,double,65536,strided,2,stable,12,0.060019000000000003,4636028100789189060,40567afeb444b9c4,89.92179590903703,scalar-reference,4.61637672533044e-13,5.1337683802492872e-15,1,1,1,1,1,ThreadPool,Reproducible,canonical-reduction,pairwise,canonical-pairwise-v1-leaf1024,ThreadPool,8,5
2,1.6.0,1.6.0,GCC 14.2,Linux,x86_64,AMD EPYC 9V74 80-Core Processor,dot_strided,double,65536,strided,2,stable,13,0.043434,4636028100789189060,40567afeb444b9c4,89.92179590903703,scalar-reference,4.61637672533044e-13,5.1337683802492872e-15,1,1,1,1,1,ThreadPool,Reproducible,canonical-reduction,pairwise,canonical-pairwise-v1-leaf1024,ThreadPool,8,5
2,1.6.0,1.6.0,GCC 14.2,Linux,x86_64,AMD EPYC 9V74 80-Core Processor,dot_strided,double,65536,strided,2,stable,14,0.055872999999999999,4636028100789189060,40567afeb444b9c4,89.92179590903703,scalar-reference,4.61637672533044e-13,5.1337683802492872e-15,1,1,1,1,1,ThreadPool,Reproducible,canonical-reduction,pairwise,canonical-pairwise-v1-leaf1024,ThreadPool,8,5
2,1.6.0,1.6.0,GCC 14.2,Linux,x86_64,AMD EPYC 9V74 80-Core Processor,dot_strided,double,65536,strided,2,stable,15,0.039378999999999997,4636028100789189060,40567afeb444b9c4,89.92179590903703,scalar-reference,4.61637672533044e-13,5.1337683802492872e-15,1,1,1,1,1,ThreadPool,Reproducible,canonical-reduction,pairwise,canonical-pairwise-v1-leaf1024,ThreadPool,8,5
2,1.6.0,1.6.0,GCC 14.2,Linux,x86_64,AMD EPYC 9V74 80-Core Processor,dot_strided,double,65536,strided,2,stable,16,0.055822999999999998,4636028100789189060,40567afeb444b9c4,89.92179590903703,scalar-reference,4.61637672533044e-13,5.1337683802492872e-15,1,1,1,1,1,ThreadPool,Reproducible,canonical-reduction,pairwise,canonical-pairwise-v1-leaf1024,ThreadPool,8,5
2,1.6.0,1.6.0,GCC 14.2,Linux,x86_64,AMD EPYC 9V74 80-Core Processor,dot_strided,double,65536,strided,2,stable,17,0.045067000000000003,4636028100789189060,40567afeb444b9c4,89.92179590903703,scalar-reference,4.61637672533044e-13,5.1337683802492872e-15,1,1,1,1,1,ThreadPool,Reproducible,canonical-reduction,pairwise,canonical-pairwise-v1-leaf1024,ThreadPool,8,5
2,1.6.0,1.6.0,GCC 14.2,Linux,x86_64,AMD EPYC 9V74 80-Core Processor,dot_strided,double,65536,strided,2,stable,18,0.055903000000000001,4636028100789189060,40567afeb444b9c4,89.92179590903703,scalar-reference,4.61637672533044e-13,5.1337683802492872e-15,1,1,1,1,1,ThreadPool,Reproducible,canonical-reduction,pairwise,canonical-pairwise-v1-leaf1024,ThreadPool,8,5
2,1.6.0,1.6.0,GCC 14.2,Linux,x86_64,AMD EPYC 9V74 80-Core Processor,dot_strided,double,65536,strided,2,stable,19,0.086407999999999999,4636028100789189060,40567afeb444b9c4,89.92179590903703,scalar-reference,4.61637672533044e-13,5.1337683802492872e-15,1,1,1,1,1,ThreadPool,Reproducible,canonical-reduction,pairwise,canonical-pairwise-v1-leaf1024,ThreadPool,8,5
2,1.6.0,1.6.0,GCC 14.2,Linux,x86_64,AMD EPYC 9V74 80-Core Processor,dot_strided,double,65536,strided,2,stable,20,0.038006999999999999,4636028100789189060,40567afeb444b9c4,89.92179590903703,scalar-reference,4.61637672533044e-13,5.1337683802492872e-15,1,1,1,1,1,ThreadPool,Reproducible,canonical-reduction,pairwise,canonical-pairwise-v1-leaf1024,ThreadPool,8,5
2,1.6.0,1.6.0,GCC 14.2,Linux,x86_64,AMD EPYC 9V74 80-Core Processor,dot_strided,double,65536,strided,2,stable,21,0.049403000000000002,4636028100789189060,40567afeb444b9c4,89.92179590903703,scalar-reference,4.61637672533044e-13,5.1337683802492872e-15,1,1,1,1,1,ThreadPool,Reproducible,canonical-reduction,pairwise,canonical-pairwise-v1-leaf1024,ThreadPool,8,5
2,1.6.0,1.6.0,GCC 14.2,Linux,x86_64,AMD EPYC 9V74 80-Core Processor,norm_strided,double,65536,strided,2,first_call,0,0.045636999999999997,4640591678869095915,4066b18b86a045eb,181.54828196814867,scalar-reference,1.6459056340067946e-14,9.0659389125784014e-17,1,1,1,1,1,ThreadPool,Reproducible,canonical-reduction,pairwise,canonical-pairwise-v1-leaf1024,ThreadPool,8,5
2,1.6.0,1.6.0,GCC 14.2,Linux,x86_64,AMD EPYC 9V74 80-Core Processor,norm_strided,double,65536,strided,2,stable,1,0.049303,4640591678869095915,4066b18b86a045eb,181.54828196814867,scalar-reference,1.6459056340067946e-14,9.0659389125784014e-17,1,1,1,1,1,ThreadPool,Reproducible,canonical-reduction,pairwise,canonical-pairwise-v1-leaf1024,ThreadPool,8,5
2,1.6.0,1.6.0,GCC 14.2,Linux,x86_64,AMD EPYC 9V74 80-Core Processor,norm_strided,double,65536,strided,2,stable,2,0.054720999999999999,4640591678869095915,4066b18b86a045eb,181.54828196814867,scalar-reference,1.6459056340067946e-14,9.0659389125784014e-17,1,1,1,1,1,ThreadPool,Reproducible,canonical-reduction,pairwise,canonical-pairwise-v1-leaf1024,ThreadPool,8,5
2,1.6.0,1.6.0,GCC 14.2,Linux,x86_64,AMD EPYC 9V74 80-Core Processor,norm_strided,double,65536,strided,2,stable,3,0.060740000000000002,4640591678869095915,4066b18b86a045eb,181.54828196814867,scalar-reference,1.6459056340067946e-14,9.0659389125784014e-17,1,1,1,1,1,ThreadPool,Reproducible,canonical-reduction,pairwise,canonical-pairwise-v1-leaf1024,ThreadPool,8,5
2,1.6.0,1.6.0,GCC 14.2,Linux,x86_64,AMD EPYC 9V74 80-Core Processor,norm_strided,double,65536,strided,2,stable,4,0.048862000000000003,4640591678869095915,4066b18b86a045eb,181.54828196814867,scalar-reference,1.6459056340067946e-14,9.0659389125784014e-17,1,1,1,1,1,ThreadPool,Reproducible,canonical-reduction,pairwise,canonical-pairwise-v1-leaf1024,ThreadPool,8,5
2,1.6.0,1.6.0,GCC 14.2,Linux,x86_64,AMD EPYC 9V74 80-Core Processor,norm_strided,double,65536,strided,2,stable,5,0.072908000000000001,4640591678869095915,4066b18b86a045eb,181.54828196814867,scalar-reference,1.6459056340067946e-14,9.0659389125784014e-17,1,1,1,1,1,ThreadPool,Reproducible,canonical-reduction,pairwise,canonical-pairwise-v1-leaf1024,ThreadPool,8,5
2,1.6.0,1.6.0,GCC 14.2,Linux,x86_64,AMD EPYC 9V74 80-Core Processor,norm_strided,double,65536,strided,2,stable,6,0.054190000000000002,4640591678869095915,4066b18b86a045eb,181.54828196814867,scalar-reference,1.6459056340067946e-14,9.0659389125784014e-17,1,1,1,1,1,ThreadPool,Reproducible,canonical-reduction,pairwise,canonical-pairwise-v1-leaf1024,ThreadPool,8,5
2,1.6.0,1.6.0,GCC 14.2,Linux,x86_64,AMD EPYC 9V74 80-Core Processor,norm_strided,double,65536,strided,2,stable,7,0.042263000000000002,4640591678869095915,4066b18b86a045eb,181.54828196814867,scalar-reference,1.6459056340067946e-14,9.0659389125784014e-17,1,1,1,1,1,ThreadPool,Reproducible,canonical-reduction,pairwise,canonical-pairwise-v1-leaf1024,ThreadPool,8,5
2,1.6.0,1.6.0,GCC 14.2,Linux,x86_64,AMD EPYC 9V74 80-Core Processor,norm_strided,double,65536,strided,2,stable,8,0.053498999999999998,4640591678869095915,4066b18b86a045eb,181.54828196814867,scalar-reference,1.6459056340067946e-14,9.0659389125784014e-17,1,1,1,1,1,ThreadPool,Reproducible,canonical-reduction,pairwise,canonical-pairwise-v1-leaf1024,ThreadPool,8,5
2,1.6.0,1.6.0,GCC 14.2,Linux,x86_64,AMD EPYC 9V74 80-Core Processor,norm_strided,double,65536,strided,2,stable,9,0.053318999999999998,4640591678869095915,4066b18b86a045eb,181.54828196814867,scalar-reference,1.6459056340067946e-14,9.0659389125784014e-17,1,1,1,1,1,ThreadPool,Reproducible,canonical-reduction,pairwise,canonical-pairwise-v1-leaf1024,ThreadPool,8,5
2,1.6.0,1.6.0,GCC 14.2,Linux,x86_64,AMD EPYC 9V74 80-Core Processor,norm_strided,double,65536,strided,2,stable,10,0.041512,4640591678869095915,4066b18b86a045eb,181.54828196814867,scalar-reference,1.6459056340067946e-14,9.0659389125784014e-17,1,1,1,1,1,ThreadPool,Reproducible,canonical-reduction,pairwise,canonical-pairwise-v1-leaf1024,ThreadPool,8,5
2,1.6.0,1.6.0,GCC 14.2,Linux,x86_64,AMD EPYC 9V74 80-Core Processor,norm_strided,double,65536,strided,2,stable,11,0.055042000000000001,4640591678869095915,4066b18b86a045eb,181.54828196814867,scalar-reference,1.6459056340067946e-14,9.0659389125784014e-17,1,1,1,1,1,ThreadPool,Reproducible,canonical-reduction,pairwise,canonical-pairwise-v1-leaf1024,ThreadPool,8,5
2,1.6.0,1.6.0,GCC 14.2,Linux,x86_64,AMD EPYC 9V74 80-Core Processor,norm_strided,double,65536,strided,2,stable,12,0.042181999999999997,4640591678869095915,4066b18b86a045eb,181.54828196814867,scalar-reference,1.6459056340067946e-14,9.0659389125784014e-17,1,1,1,1,1,ThreadPool,Reproducible,canonical-reduction,pairwise,canonical-pairwise-v1-leaf1024,ThreadPool,8,5
2,1.6.0,1.6.0,GCC 14.2,Linux,x86_64,AMD EPYC 9V74 80-Core Processor,norm_strided,double,65536,strided,2,stable,13,0.047,4640591678869095915,4066b18b86a045eb,181.54828196814867,scalar-reference,1.6459056340067946e-14,9.0659389125784014e-17,1,1,1,1,1,ThreadPool,Reproducible,canonical-reduction,pairwise,canonical-pairwise-v1-leaf1024,ThreadPool,8,5
2,1.6.0,1.6.0,GCC 14.2,Linux,x86_64,AMD EPYC 9V74 80-Core Processor,norm_strided,double,65536,strided,2,stable,14,0.039078000000000002,4640591678869095915,4066b18b86a045eb,181.54828196814867,scalar-reference,1.6459056340067946e-14,9.0659389125784014e-17,1,1,1,1,1,ThreadPool,Reproducible,canonical-reduction,pairwise,canonical-pairwise-v1-leaf1024,ThreadPool,8,5
2,1.6.0,1.6.0,GCC 14.2,Linux,x86_64,AMD EPYC 9V74 80-Core Processor,norm_strided,double,65536,strided,2,stable,15,0.072487999999999997,4640591678869095915,4066b18b86a045eb,181.54828196814867,scalar-reference,1.6459056340067946e-14,9.0659389125784014e-17,1,1,1,1,1,ThreadPool,Reproducible,canonical-reduction,pairwise,canonical-pairwise-v1-leaf1024,ThreadPool,8,5
2,1.6.0,1.6.0,GCC 14.2,Linux,x86_64,AMD EPYC 9V74 80-Core Processor,norm_strided,double,65536,strided,2,stable,16,0.050755000000000002,4640591678869095915,4066b18b86a045eb,181.54828196814867,scalar-reference,1.6459056340067946e-14,9.0659389125784014e-17,1,1,1,1,1,ThreadPool,Reproducible,canonical-reduction,pairwise,canonical-pairwise-v1-leaf1024,ThreadPool,8,5
2,1.6.0,1.6.0,GCC 14.2,Linux,x86_64,AMD EPYC 9V74 80-Core Processor,norm_strided,double,65536,strided,2,stable,17,0.048312000000000001,4640591678869095915,4066b18b86a045eb,181.54828196814867,scalar-reference,1.6459056340067946e-14,9.0659389125784014e-17,1,1,1,1,1,ThreadPool,Reproducible,canonical-reduction,pairwise,canonical-pairwise-v1-leaf1024,ThreadPool,8,5
2,1.6.0,1.6.0,GCC 14.2,Linux,x86_64,AMD EPYC 9V74 80-Core Processor,norm_strided,double,65536,strided,2,stable,18,2.7940339999999999,4640591678869095915,4066b18b86a045eb,181.54828196814867,scalar-reference,1.6459056340067946e-14,9.0659389125784014e-17,1,1,1,1,1,ThreadPool,Reproducible,canonical-reduction,pairwise,canonical-pairwise-v1-leaf1024,ThreadPool,8,5
2,1.6.0,1.6.0,GCC 14.2,Linux,x86_64,AMD EPYC 9V74 80-Core Processor,norm_strided,double,65536,strided,2,stable,19,0.10646799999999999,4640591678869095915,4066b18b86a045eb,181.54828196814867,scalar-reference,1.6459056340067946e-14,9.0659389125784014e-17,1,1,1,1,1,ThreadPool,Reproducible,canonical-reduction,pairwise,canonical-pairwise-v1-leaf1024,ThreadPool,8,5
2,1.6.0,1.6.0,GCC 14.2,Linux,x86_64,AMD EPYC 9V74 80-Core Processor,norm_strided,double,65536,strided,2,stable,20,0.066908999999999996,4640591678869095915,4066b18b86a045eb,181.54828196814867,scalar-reference,1.6459056340067946e-14,9.0659389125784014e-17,1,1,1,1,1,ThreadPool,Reproducible,canonical-reduction,pairwise,canonical-pairwise-v1-leaf1024,ThreadPool,8,5
2,1.6.0,1.6.0,GCC 14.2,Linux,x86_64,AMD EPYC 9V74 80-Core Processor,norm_strided,double,65536,strided,2,stable,21,0.048592000000000003,4640591678869095915,4066b18b86a045eb,181.54828196814867,scalar-reference,1.6459056340067946e-14,9.0659389125784014e-17,1,1,1,1,1,ThreadPool,Reproducible,canonical-reduction,pairwise,canonical-pairwise-v1-leaf1024,ThreadPool,8,5
2,1.6.0,1.6.0,GCC 14.2,Linux,x86_64,AMD EPYC 9V74 80-Core Processor,axpy_strided,double,65536,strided,3,first_call,0,0.099498000000000003,4679305489604222673,1f267f5f65698232,66488.812352295281,1f267f5f65698232,0,0,1,1,1,1,1,ThreadPool,Reproducible,canonical-pointwise,fixed_pointwise_expression,canonical-pointwise-v1-target4096,ThreadPool,8,5
2,1.6.0,1.6.0,GCC 14.2,Linux,x86_64,AMD EPYC 9V74 80-Core Processor,axpy_strided,double,65536,strided,3,stable,1,0.069472999999999993,4679305489604222673,1f267f5f65698232,66488.812352295281,1f267f5f65698232,0,0,1,1,1,1,1,ThreadPool,Reproducible,canonical-pointwise,fixed_pointwise_expression,canonical-pointwise-v1-target4096,ThreadPool,8,5
2,1.6.0,1.6.0,GCC 14.2,Linux,x86_64,AMD EPYC 9V74 80-Core Processor,axpy_strided,double,65536,strided,3,stable,2,0.071536000000000002,4679305489604222673,1f267f5f65698232,66488.812352295281,1f267f5f65698232,0,0,1,1,1,1,1,ThreadPool,Reproducible,canonical-pointwise,fixed_pointwise_expression,canonical-pointwise-v1-target4096,ThreadPool,8,5
2,1.6.0,1.6.0,GCC 14.2,Linux,x86_64,AMD EPYC 9V74 80-Core Processor,axpy_strided,double,65536,strided,3,stable,3,0.073129,4679305489604222673,1f267f5f65698232,66488.812352295281,1f267f5f65698232,0,0,1,1,1,1,1,ThreadPool,Reproducible,canonical-pointwise,fixed_pointwise_expression,canonical-pointwise-v1-target4096,ThreadPool,8,5
2,1.6.0,1.6.0,GCC 14.2,Linux,x86_64,AMD EPYC 9V74 80-Core Processor,axpy_strided,double,65536,strided,3,stable,4,0.069241999999999998,4679305489604222673,1f267f5f65698232,66488.812352295281,1f267f5f65698232,0,0,1,1,1,1,1,ThreadPool,Reproducible,canonical-pointwise,fixed_pointwise_expression,canonical-pointwise-v1-target4096,ThreadPool,8,5
2,1.6.0,1.6.0,GCC 14.2,Linux,x86_64,AMD EPYC 9V74 80-Core Processor,axpy_strided,double,65536,strided,3,stable,5,0.071896000000000002,4679305489604222673,1f267f5f65698232,66488.812352295281,1f267f5f65698232,0,0,1,1,1,1,1,ThreadPool,Reproducible,canonical-pointwise,fixed_pointwise_expression,canonical-pointwise-v1-target4096,ThreadPool,8,5
2,1.6.0,1.6.0,GCC 14.2,Linux,x86_64,AMD EPYC 9V74 80-Core Processor,axpy_strided,double,65536,strided,3,stable,6,0.10093000000000001,4679305489604222673,1f267f5f65698232,66488.812352295281,1f267f5f65698232,0,0,1,1,1,1,1,ThreadPool,Reproducible,canonical-pointwise,fixed_pointwise_expression,canonical-pointwise-v1-target4096,ThreadPool,8,5
2,1.6.0,1.6.0,GCC 14.2,Linux,x86_64,AMD EPYC 9V74 80-Core Processor,axpy_strided,double,65536,strided,3,stable,7,0.087410000000000002,4679305489604222673,1f267f5f65698232,66488.812352295281,1f267f5f65698232,0,0,1,1,1,1,1,ThreadPool,Reproducible,canonical-pointwise,fixed_pointwise_expression,canonical-pointwise-v1-target4096,ThreadPool,8,5
2,1.6.0,1.6.0,GCC 14.2,Linux,x86_64,AMD EPYC 9V74 80-Core Processor,axpy_strided,double,65536,strided,3,stable,8,0.068571999999999994,4679305489604222673,1f267f5f65698232,66488.812352295281,1f267f5f65698232,0,0,1,1,1,1,1,ThreadPool,Reproducible,canonical-pointwise,fixed_pointwise_expression,canonical-pointwise-v1-target4096,ThreadPool,8,5
2,1.6.0,1.6.0,GCC 14.2,Linux,x86_64,AMD EPYC 9V74 80-Core Processor,axpy_strided,double,65536,strided,3,stable,9,0.088532,4679305489604222673,1f267f5f65698232,66488.812352295281,1f267f5f65698232,0,0,1,1,1,1,1,ThreadPool,Reproducible,canonical-pointwise,fixed_pointwise_expression,canonical-pointwise-v1-target4096,ThreadPool,8,5
2,1.6.0,1.6.0,GCC 14.2,Linux,x86_64,AMD EPYC 9V74 80-Core Processor,axpy_strided,double,65536,strided,3,stable,10,0.071426000000000003,4679305489604222673,1f267f5f65698232,66488.812352295281,1f267f5f65698232,0,0,1,1,1,1,1,ThreadPool,Reproducible,canonical-pointwise,fixed_pointwise_expression,canonical-pointwise-v1-target4096,ThreadPool,8,5
2,1.6.0,1.6.0,GCC 14.2,Linux,x86_64,AMD EPYC 9V74 80-Core Processor,axpy_strided,double,65536,strided,3,stable,11,0.080780000000000005,4679305489604222673,1f267f5f65698232,66488.812352295281,1f267f5f65698232,0,0,1,1,1,1,1,ThreadPool,Reproducible,canonical-pointwise,fixed_pointwise_expression,canonical-pointwise-v1-target4096,ThreadPool,8,5
2,1.6.0,1.6.0,GCC 14.2,Linux,x86_64,AMD EPYC 9V74 80-Core Processor,axpy_strided,double,65536,strided,3,stable,12,0.085957000000000006,4679305489604222673,1f267f5f65698232,66488.812352295281,1f267f5f65698232,0,0,1,1,1,1,1,ThreadPool,Reproducible,canonical-pointwise,fixed_pointwise_expression,canonical-pointwise-v1-target4096,ThreadPool,8,5
2,1.6.0,1.6.0,GCC 14.2,Linux,x86_64,AMD EPYC 9V74 80-Core Processor,axpy_strided,double,65536,strided,3,stable,13,0.090233999999999995,4679305489604222673,1f267f5f65698232,66488.812352295281,1f267f5f65698232,0,0,1,1,1,1,1,ThreadPool,Reproducible,canonical-pointwise,fixed_pointwise_expression,canonical-pointwise-v1-target4096,ThreadPool,8,5
2,1.6.0,1.6.0,GCC 14.2,Linux,x86_64,AMD EPYC 9V74 80-Core Processor,axpy_strided,double,65536,strided,3,stable,14,0.091545000000000001,4679305489604222673,1f267f5f65698232,66488.812352295281,1f267f5f65698232,0,0,1,1,1,1,1,ThreadPool,Reproducible,canonical-pointwise,fixed_pointwise_expression,canonical-pointwise-v1-target4096,ThreadPool,8,5
2,1.6.0,1.6.0,GCC 14.2,Linux,x86_64,AMD EPYC 9V74 80-Core Processor,axpy_strided,double,65536,strided,3,stable,15,0.084073999999999996,4679305489604222673,1f267f5f65698232,66488.812352295281,1f267f5f65698232,0,0,1,1,1,1,1,ThreadPool,Reproducible,canonical-pointwise,fixed_pointwise_expression,canonical-pointwise-v1-target4096,ThreadPool,8,5
2,1.6.0,1.6.0,GCC 14.2,Linux,x86_64,AMD EPYC 9V74 80-Core Processor,axpy_strided,double,65536,strided,3,stable,16,0.091716000000000006,4679305489604222673,1f267f5f65698232,66488.812352295281,1f267f5f65698232,0,0,1,1,1,1,1,ThreadPool,Reproducible,canonical-pointwise,fixed_pointwise_expression,canonical-pointwise-v1-target4096,ThreadPool,8,5
2,1.6.0,1.6.0,GCC 14.2,Linux,x86_64,AMD EPYC 9V74 80-Core Processor,axpy_strided,double,65536,strided,3,stable,17,0.091175000000000006,4679305489604222673,1f267f5f65698232,66488.812352295281,1f267f5f65698232,0,0,1,1,1,1,1,ThreadPool,Reproducible,canonical-pointwise,fixed_pointwise_expression,canonical-pointwise-v1-target4096,ThreadPool,8,5
2,1.6.0,1.6.0,GCC 14.2,Linux,x86_64,AMD EPYC 9V74 80-Core Processor,axpy_strided,double,65536,strided,3,stable,18,0.080359,4679305489604222673,1f267f5f65698232,66488.812352295281,1f267f5f65698232,0,0,1,1,1,1,1,ThreadPool,Reproducible,canonical-pointwise,fixed_pointwise_expression,canonical-pointwise-v1-target4096,ThreadPool,8,5
2,1.6.0,1.6.0,GCC 14.2,Linux,x86_64,AMD EPYC 9V74 80-Core Processor,axpy_strided,double,65536,strided,3,stable,19,0.074951000000000004,4679305489604222673,1f267f5f65698232,66488.812352295281,1f267f5f65698232,0,0,1,1,1,1,1,ThreadPool,Reproducible,canonical-pointwise,fixed_pointwise_expression,canonical-pointwise-v1-target4096,ThreadPool,8,5
2,1.6.0,1.6.0,GCC 14.2,Linux,x86_64,AMD EPYC 9V74 80-Core Processor,axpy_strided,double,65536,strided,3,stable,20,0.069564000000000001,4679305489604222673,1f267f5f65698232,66488.812352295281,1f267f5f65698232,0,0,1,1,1,1,1,ThreadPool,Reproducible,canonical-pointwise,fixed_pointwise_expression,canonical-pointwise-v1-target4096,ThreadPool,8,5
2,1.6.0,1.6.0,GCC 14.2,Linux,x86_64,AMD EPYC 9V74 80-Core Processor,axpy_strided,double,65536,strided,3,stable,21,0.068051,4679305489604222673,1f267f5f65698232,66488.812352295281,1f267f5f65698232,0,0,1,1,1,1,1,ThreadPool,Reproducible,canonical-pointwise,fixed_pointwise_expression,canonical-pointwise-v1-target4096,ThreadPool,8,5
2,1.6.0,1.6.0,GCC 14.2,Linux,x86_64,AMD EPYC 9V74 80-Core Processor,dot_strided,double,65536,strided,2,first_call,0,0.182281,4636028100789189028,40567afeb444b9a4,89.92179590903703,scalar-reference,6.8903216465798778e-15,7.6625712119339578e-17,1,1,1,1,1,ThreadPool,Accurate,canonical-reduction,compensated,canonical-neumaier-v1-leaf1024,ThreadPool,8,5
2,1.6.0,1.6.0,GCC 14.2,Linux,x86_64,AMD EPYC 9V74 80-Core Processor,dot_strided,double,65536,strided,2,stable,1,0.119167,4636028100789189028,40567afeb444b9a4,89.92179590903703,scalar-reference,6.8903216465798778e-15,7.6625712119339578e-17,1,1,1,1,1,ThreadPool,Accurate,canonical-reduction,compensated,canonical-neumaier-v1-leaf1024,ThreadPool,8,5
2,1.6.0,1.6.0,GCC 14.2,Linux,x86_64,AMD EPYC 9V74 80-Core Processor,dot_strided,double,65536,strided,2,stable,2,0.14709800000000001,4636028100789189028,40567afeb444b9a4,89.92179590903703,scalar-reference,6.8903216465798778e-15,7.6625712119339578e-17,1,1,1,1,1,ThreadPool,Accurate,canonical-reduction,compensated,canonical-neumaier-v1-leaf1024,ThreadPool,8,5
2,1.6.0,1.6.0,GCC 14.2,Linux,x86_64,AMD EPYC 9V74 80-Core Processor,dot_strided,double,65536,strided,2,stable,3,0.17719299999999999,4636028100789189028,40567afeb444b9a4,89.92179590903703,scalar-reference,6.8903216465798778e-15,7.6625712119339578e-17,1,1,1,1,1,ThreadPool,Accurate,canonical-reduction,compensated,canonical-neumaier-v1-leaf1024,ThreadPool,8,5
2,1.6.0,1.6.0,GCC 14.2,Linux,x86_64,AMD EPYC 9V74 80-Core Processor,dot_strided,double,65536,strided,2,stable,4,0.17063300000000001,4636028100789189028,40567afeb444b9a4,89.92179590903703,scalar-reference,6.8903216465798778e-15,7.6625712119339578e-17,1,1,1,1,1,ThreadPool,Accurate,canonical-reduction,compensated,canonical-neumaier-v1-leaf1024,ThreadPool,8,5
2,1.6.0,1.6.0,GCC 14.2,Linux,x86_64,AMD EPYC 9V74 80-Core Processor,dot_strided,double,65536,strided,2,stable,5,0.13830500000000001,4636028100789189028,40567afeb444b9a4,89.92179590903703,scalar-reference,6.8903216465798778e-15,7.6625712119339578e-17,1,1,1,1,1,ThreadPool,Accurate,canonical-reduction,compensated,canonical-neumaier-v1-leaf1024,ThreadPool,8,5
2,1.6.0,1.6.0,GCC 14.2,Linux,x86_64,AMD EPYC 9V74 80-Core Processor,dot_strided,double,65536,strided,2,stable,6,0.16128899999999999,4636028100789189028,40567afeb444b9a4,89.92179590903703,scalar-reference,6.8903216465798778e-15,7.6625712119339578e-17,1,1,1,1,1,ThreadPool,Accurate,canonical-reduction,compensated,canonical-neumaier-v1-leaf1024,ThreadPool,8,5
2,1.6.0,1.6.0,GCC 14.2,Linux,x86_64,AMD EPYC 9V74 80-Core Processor,dot_strided,double,65536,strided,2,stable,7,0.117344,4636028100789189028,40567afeb444b9a4,89.92179590903703,scalar-reference,6.8903216465798778e-15,7.6625712119339578e-17,1,1,1,1,1,ThreadPool,Accurate,canonical-reduction,compensated,canonical-neumaier-v1-leaf1024,ThreadPool,8,5
2,1.6.0,1.6.0,GCC 14.2,Linux,x86_64,AMD EPYC 9V74 80-Core Processor,dot_strided,double,65536,strided,2,stable,8,0.11672299999999999,4636028100789189028,40567afeb444b9a4,89.92179590903703,scalar-reference,6.8903216465798778e-15,7.6625712119339578e-17,1,1,1,1,1,ThreadPool,Accurate,canonical-reduction,compensated,canonical-neumaier-v1-leaf1024,ThreadPool,8,5
2,1.6.0,1.6.0,GCC 14.2,Linux,x86_64,AMD EPYC 9V74 80-Core Processor,dot_strided,double,65536,strided,2,stable,9,0.27138299999999999,4636028100789189028,40567afeb444b9a4,89.92179590903703,scalar-reference,6.8903216465798778e-15,7.6625712119339578e-17,1,1,1,1,1,ThreadPool,Accurate,canonical-reduction,compensated,canonical-neumaier-v1-leaf1024,ThreadPool,8,5
2,1.6.0,1.6.0,GCC 14.2,Linux,x86_64,AMD EPYC 9V74 80-Core Processor,dot_strided,double,65536,strided,2,stable,10,0.112386,4636028100789189028,40567afeb444b9a4,89.92179590903703,scalar-reference,6.8903216465798778e-15,7.6625712119339578e-17,1,1,1,1,1,ThreadPool,Accurate,canonical-reduction,compensated,canonical-neumaier-v1-leaf1024,ThreadPool,8,5
2,1.6.0,1.6.0,GCC 14.2,Linux,x86_64,AMD EPYC 9V74 80-Core Processor,dot_strided,double,65536,strided,2,stable,11,0.11636299999999999,4636028100789189028,40567afeb444b9a4,89.92179590903703,scalar-reference,6.8903216465798778e-15,7.6625712119339578e-17,1,1,1,1,1,ThreadPool,Accurate,canonical-reduction,compensated,canonical-neumaier-v1-leaf1024,ThreadPool,8,5
2,1.6.0,1.6.0,GCC 14.2,Linux,x86_64,AMD EPYC 9V74 80-Core Processor,dot_strided,double,65536,strided,2,stable,12,0.13119400000000001,4636028100789189028,40567afeb444b9a4,89.92179590903703,scalar-reference,6.8903216465798778e-15,7.6625712119339578e-17,1,1,1,1,1,ThreadPool,Accurate,canonical-reduction,compensated,canonical-neumaier-v1-leaf1024,ThreadPool,8,5
2,1.6.0,1.6.0,GCC 14.2,Linux,x86_64,AMD EPYC 9V74 80-Core Processor,dot_strided,double,65536,strided,2,stable,13,0.33626899999999998,4636028100789189028,40567afeb444b9a4,89.92179590903703,scalar-reference,6.8903216465798778e-15,7.6625712119339578e-17,1,1,1,1,1,ThreadPool,Accurate,canonical-reduction,compensated,canonical-neumaier-v1-leaf1024,ThreadPool,8,5
2,1.6.0,1.6.0,GCC 14.2,Linux,x86_64,AMD EPYC 9V74 80-Core Processor,dot_strided,double,65536,strided,2,stable,14,0.096953999999999999,4636028100789189028,40567afeb444b9a4,89.92179590903703,scalar-reference,6.8903216465798778e-15,7.6625712119339578e-17,1,1,1,1,1,ThreadPool,Accurate,canonical-reduction,compensated,canonical-neumaier-v1-leaf1024,ThreadPool,8,5
2,1.6.0,1.6.0,GCC 14.2,Linux,x86_64,AMD EPYC 9V74 80-Core Processor,dot_strided,double,65536,strided,2,stable,15,0.11611200000000001,4636028100789189028,40567afeb444b9a4,89.92179590903703,scalar-reference,6.8903216465798778e-15,7.6625712119339578e-17,1,1,1,1,1,ThreadPool,Accurate,canonical-reduction,compensated,canonical-neumaier-v1-leaf1024,ThreadPool,8,5
2,1.6.0,1.6.0,GCC 14.2,Linux,x86_64,AMD EPYC 9V74 80-Core Processor,dot_strided,double,65536,strided,2,stable,16,0.120919,4636028100789189028,40567afeb444b9a4,89.92179590903703,scalar-reference,6.8903216465798778e-15,7.6625712119339578e-17,1,1,1,1,1,ThreadPool,Accurate,canonical-reduction,compensated,canonical-neumaier-v1-leaf1024,ThreadPool,8,5
2,1.6.0,1.6.0,GCC 14.2,Linux,x86_64,AMD EPYC 9V74 80-Core Processor,dot_strided,double,65536,strided,2,stable,17,0.122041,4636028100789189028,40567afeb444b9a4,89.92179590903703,scalar-reference,6.8903216465798778e-15,7.6625712119339578e-17,1,1,1,1,1,ThreadPool,Accurate,canonical-reduction,compensated,canonical-neumaier-v1-leaf1024,ThreadPool,8,5
2,1.6.0,1.6.0,GCC 14.2,Linux,x86_64,AMD EPYC 9V74 80-Core Processor,dot_strided,double,65536,strided,2,stable,18,0.16892099999999999,4636028100789189028,40567afeb444b9a4,89.92179590903703,scalar-reference,6.8903216465798778e-15,7.6625712119339578e-17,1,1,1,1,1,ThreadPool,Accurate,canonical-reduction,compensated,canonical-neumaier-v1-leaf1024,ThreadPool,8,5
2,1.6.0,1.6.0,GCC 14.2,Linux,x86_64,AMD EPYC 9V74 80-Core Processor,dot_strided,double,65536,strided,2,stable,19,0.114249,4636028100789189028,40567afeb444b9a4,89.92179590903703,scalar-reference,6.8903216465798778e-15,7.6625712119339578e-17,1,1,1,1,1,ThreadPool,Accurate,canonical-reduction,compensated,canonical-neumaier-v1-leaf1024,ThreadPool,8,5
2,1.6.0,1.6.0,GCC 14.2,Linux,x86_64,AMD EPYC 9V74 80-Core Processor,dot_strided,double,65536,strided,2,stable,20,0.10607800000000001,4636028100789189028,40567afeb444b9a4,89.92179590903703,scalar-reference,6.8903216465798778e-15,7.6625712119339578e-17,1,1,1,1,1,ThreadPool,Accurate,canonical-reduction,compensated,canonical-neumaier-v1-leaf1024,ThreadPool,8,5
2,1.6.0,1.6.0,GCC 14.2,Linux,x86_64,AMD EPYC 9V74 80-Core Processor,dot_strided,double,65536,strided,2,stable,21,0.109542,4636028100789189028,40567afeb444b9a4,89.92179590903703,scalar-reference,6.8903216465798778e-15,7.6625712119339578e-17,1,1,1,1,1,ThreadPool,Accurate,canonical-reduction,compensated,canonical-neumaier-v1-leaf1024,ThreadPool,8,5
2,1.6.0,1.6.0,GCC 14.2,Linux,x86_64,AMD EPYC 9V74 80-Core Processor,norm_strided,double,65536,strided,2,first_call,0,0.072727,4640591678869095915,4066b18b86a045eb,181.54828196814867,scalar-reference,1.6459056340067946e-14,9.0659389125784014e-17,1,1,1,1,1,ThreadPool,Accurate,canonical-reduction,scaled_sumsq,canonical-scaled-sumsq-v1-leaf1024,ThreadPool,8,5
2,1.6.0,1.6.0,GCC 14.2,Linux,x86_64,AMD EPYC 9V74 80-Core Processor,norm_strided,double,65536,strided,2,stable,1,0.119868,4640591678869095915,4066b18b86a045eb,181.54828196814867,scalar-reference,1.6459056340067946e-14,9.0659389125784014e-17,1,1,1,1,1,ThreadPool,Accurate,canonical-reduction,scaled_sumsq,canonical-scaled-sumsq-v1-leaf1024,ThreadPool,8,5
2,1.6.0,1.6.0,GCC 14.2,Linux,x86_64,AMD EPYC 9V74 80-Core Processor,norm_strided,double,65536,strided,2,stable,2,0.076834,4640591678869095915,4066b18b86a045eb,181.54828196814867,scalar-reference,1.6459056340067946e-14,9.0659389125784014e-17,1,1,1,1,1,ThreadPool,Accurate,canonical-reduction,scaled_sumsq,canonical-scaled-sumsq-v1-leaf1024,ThreadPool,8,5
2,1.6.0,1.6.0,GCC 14.2,Linux,x86_64,AMD EPYC 9V74 80-Core Processor,norm_strided,double,65536,strided,2,stable,3,0.085185999999999998,4640591678869095915,4066b18b86a045eb,181.54828196814867,scalar-reference,1.6459056340067946e-14,9.0659389125784014e-17,1,1,1,1,1,ThreadPool,Accurate,canonical-reduction,scaled_sumsq,canonical-scaled-sumsq-v1-leaf1024,ThreadPool,8,5
2,1.6.0,1.6.0,GCC 14.2,Linux,x86_64,AMD EPYC 9V74 80-Core Processor,norm_strided,double,65536,strided,2,stable,4,0.103634,4640591678869095915,4066b18b86a045eb,181.54828196814867,scalar-reference,1.6459056340067946e-14,9.0659389125784014e-17,1,1,1,1,1,ThreadPool,Accurate,canonical-reduction,scaled_sumsq,canonical-scaled-sumsq-v1-leaf1024,ThreadPool,8,5
2,1.6.0,1.6.0,GCC 14.2,Linux,x86_64,AMD EPYC 9V74 80-Core Processor,norm_strided,double,65536,strided,2,stable,5,0.087300000000000003,4640591678869095915,4066b18b86a045eb,181.54828196814867,scalar-reference,1.6459056340067946e-14,9.0659389125784014e-17,1,1,1,1,1,ThreadPool,Accurate,canonical-reduction,scaled_sumsq,canonical-scaled-sumsq-v1-leaf1024,ThreadPool,8,5
2,1.6.0,1.6.0,GCC 14.2,Linux,x86_64,AMD EPYC 9V74 80-Core Processor,norm_strided,double,65536,strided,2,stable,6,0.098877000000000007,4640591678869095915,4066b18b86a045eb,181.54828196814867,scalar-reference,1.6459056340067946e-14,9.0659389125784014e-17,1,1,1,1,1,ThreadPool,Accurate,canonical-reduction,scaled_sumsq,canonical-scaled-sumsq-v1-leaf1024,ThreadPool,8,5
2,1.6.0,1.6.0,GCC 14.2,Linux,x86_64,AMD EPYC 9V74 80-Core Processor,norm_strided,double,65536,strided,2,stable,7,0.076513999999999999,4640591678869095915,4066b18b86a045eb,181.54828196814867,scalar-reference,1.6459056340067946e-14,9.0659389125784014e-17,1,1,1,1,1,ThreadPool,Accurate,canonical-reduction,scaled_sumsq,canonical-scaled-sumsq-v1-leaf1024,ThreadPool,8,5
2,1.6.0,1.6.0,GCC 14.2,Linux,x86_64,AMD EPYC 9V74 80-Core Processor,norm_strided,double,65536,strided,2,stable,8,0.087028999999999995,4640591678869095915,4066b18b86a045eb,181.54828196814867,scalar-reference,1.6459056340067946e-14,9.0659389125784014e-17,1,1,1,1,1,ThreadPool,Accurate,canonical-reduction,scaled_sumsq,canonical-scaled-sumsq-v1-leaf1024,ThreadPool,8,5
2,1.6.0,1.6.0,GCC 14.2,Linux,x86_64,AMD EPYC 9V74 80-Core Processor,norm_strided,double,65536,strided,2,stable,9,0.067210000000000006,4640591678869095915,4066b18b86a045eb,181.54828196814867,scalar-reference,1.6459056340067946e-14,9.0659389125784014e-17,1,1,1,1,1,ThreadPool,Accurate,canonical-reduction,scaled_sumsq,canonical-scaled-sumsq-v1-leaf1024,ThreadPool,8,5
2,1.6.0,1.6.0,GCC 14.2,Linux,x86_64,AMD EPYC 9V74 80-Core Processor,norm_strided,double,65536,strided,2,stable,10,0.078806000000000001,4640591678869095915,4066b18b86a045eb,181.54828196814867,scalar-reference,1.6459056340067946e-14,9.0659389125784014e-17,1,1,1,1,1,ThreadPool,Accurate,canonical-reduction,scaled_sumsq,canonical-scaled-sumsq-v1-leaf1024,ThreadPool,8,5
2,1.6.0,1.6.0,GCC 14.2,Linux,x86_64,AMD EPYC 9V74 80-Core Processor,norm_strided,double,65536,strided,2,stable,11,0.083933999999999995,4640591678869095915,4066b18b86a045eb,181.54828196814867,scalar-reference,1.6459056340067946e-14,9.0659389125784014e-17,1,1,1,1,1,ThreadPool,Accurate,canonical-reduction,scaled_sumsq,canonical-scaled-sumsq-v1-leaf1024,ThreadPool,8,5
2,1.6.0,1.6.0,GCC 14.2,Linux,x86_64,AMD EPYC 9V74 80-Core Processor,norm_strided,double,65536,strided,2,stable,12,0.082752999999999993,4640591678869095915,4066b18b86a045eb,181.54828196814867,scalar-reference,1.6459056340067946e-14,9.0659389125784014e-17,1,1,1,1,1,ThreadPool,Accurate,canonical-reduction,scaled_sumsq,canonical-scaled-sumsq-v1-leaf1024,ThreadPool,8,5
2,1.6.0,1.6.0,GCC 14.2,Linux,x86_64,AMD EPYC 9V74 80-Core Processor,norm_strided,double,65536,strided,2,stable,13,0.098537,4640591678869095915,4066b18b86a045eb,181.54828196814867,scalar-reference,1.6459056340067946e-14,9.0659389125784014e-17,1,1,1,1,1,ThreadPool,Accurate,canonical-reduction,scaled_sumsq,canonical-scaled-sumsq-v1-leaf1024,ThreadPool,8,5
2,1.6.0,1.6.0,GCC 14.2,Linux,x86_64,AMD EPYC 9V74 80-Core Processor,norm_strided,double,65536,strided,2,stable,14,0.079827999999999996,4640591678869095915,4066b18b86a045eb,181.54828196814867,scalar-reference,1.6459056340067946e-14,9.0659389125784014e-17,1,1,1,1,1,ThreadPool,Accurate,canonical-reduction,scaled_sumsq,canonical-scaled-sumsq-v1-leaf1024,ThreadPool,8,5
2,1.6.0,1.6.0,GCC 14.2,Linux,x86_64,AMD EPYC 9V74 80-Core Processor,norm_strided,double,65536,strided,2,stable,15,0.121199,4640591678869095915,4066b18b86a045eb,181.54828196814867,scalar-reference,1.6459056340067946e-14,9.0659389125784014e-17,1,1,1,1,1,ThreadPool,Accurate,canonical-reduction,scaled_sumsq,canonical-scaled-sumsq-v1-leaf1024,ThreadPool,8,5
2,1.6.0,1.6.0,GCC 14.2,Linux,x86_64,AMD EPYC 9V74 80-Core Processor,norm_strided,double,65536,strided,2,stable,16,0.092797000000000004,4640591678869095915,4066b18b86a045eb,181.54828196814867,scalar-reference,1.6459056340067946e-14,9.0659389125784014e-17,1,1,1,1,1,ThreadPool,Accurate,canonical-reduction,scaled_sumsq,canonical-scaled-sumsq-v1-leaf1024,ThreadPool,8,5
2,1.6.0,1.6.0,GCC 14.2,Linux,x86_64,AMD EPYC 9V74 80-Core Processor,norm_strided,double,65536,strided,2,stable,17,0.086789000000000005,4640591678869095915,4066b18b86a045eb,181.54828196814867,scalar-reference,1.6459056340067946e-14,9.0659389125784014e-17,1,1,1,1,1,ThreadPool,Accurate,canonical-reduction,scaled_sumsq,canonical-scaled-sumsq-v1-leaf1024,ThreadPool,8,5
2,1.6.0,1.6.0,GCC 14.2,Linux,x86_64,AMD EPYC 9V74 80-Core Processor,norm_strided,double,65536,strided,2,stable,18,0.127139,4640591678869095915,4066b18b86a045eb,181.54828196814867,scalar-reference,1.6459056340067946e-14,9.0659389125784014e-17,1,1,1,1,1,ThreadPool,Accurate,canonical-reduction,scaled_sumsq,canonical-scaled-sumsq-v1-leaf1024,ThreadPool,8,5
2,1.6.0,1.6.0,GCC 14.2,Linux,x86_64,AMD EPYC 9V74 80-Core Processor,norm_strided,double,65536,strided,2,stable,19,0.086407999999999999,4640591678869095915,4066b18b86a045eb,181.54828196814867,scalar-reference,1.6459056340067946e-14,9.0659389125784014e-17,1,1,1,1,1,ThreadPool,Accurate,canonical-reduction,scaled_sumsq,canonical-scaled-sumsq-v1-leaf1024,ThreadPool,8,5
2,1.6.0,1.6.0,GCC 14.2,Linux,x86_64,AMD EPYC 9V74 80-Core Processor,norm_strided,double,65536,strided,2,stable,20,0.088360999999999995,4640591678869095915,4066b18b86a045eb,181.54828196814867,scalar-reference,1.6459056340067946e-14,9.0659389125784014e-17,1,1,1,1,1,ThreadPool,Accurate,canonical-reduction,scaled_sumsq,canonical-scaled-sumsq-v1-leaf1024,ThreadPool,8,5
2,1.6.0,1.6.0,GCC 14.2,Linux,x86_64,AMD EPYC 9V74 80-Core Processor,norm_strided,double,65536,strided,2,stable,21,0.087219000000000005,4640591678869095915,4066b18b86a045eb,181.54828196814867,scalar-reference,1.6459056340067946e-14,9.0659389125784014e-17,1,1,1,1,1,ThreadPool,Accurate,canonical-reduction,scaled_sumsq,canonical-scaled-sumsq-v1-leaf1024,ThreadPool,8,5
2,1.6.0,1.6.0,GCC 14.2,Linux,x86_64,AMD EPYC 9V74 80-Core Processor,axpy_strided,double,65536,strided,3,first_call,0,0.077915999999999999,4679305489604222673,1f267f5f65698232,66488.812352295281,1f267f5f65698232,0,0,1,1,1,1,1,ThreadPool,Accurate,canonical-pointwise,fixed_pointwise_expression,canonical-pointwise-v1-target4096,ThreadPool,8,5
2,1.6.0,1.6.0,GCC 14.2,Linux,x86_64,AMD EPYC 9V74 80-Core Processor,axpy_strided,double,65536,strided,3,stable,1,0.067409999999999998,4679305489604222673,1f267f5f65698232,66488.812352295281,1f267f5f65698232,0,0,1,1,1,1,1,ThreadPool,Accurate,canonical-pointwise,fixed_pointwise_expression,canonical-pointwise-v1-target4096,ThreadPool,8,5
2,1.6.0,1.6.0,GCC 14.2,Linux,x86_64,AMD EPYC 9V74 80-Core Processor,axpy_strided,double,65536,strided,3,stable,2,0.081370999999999999,4679305489604222673,1f267f5f65698232,66488.812352295281,1f267f5f65698232,0,0,1,1,1,1,1,ThreadPool,Accurate,canonical-pointwise,fixed_pointwise_expression,canonical-pointwise-v1-target4096,ThreadPool,8,5
2,1.6.0,1.6.0,GCC 14.2,Linux,x86_64,AMD EPYC 9V74 80-Core Processor,axpy_strided,double,65536,strided,3,stable,3,0.081691,4679305489604222673,1f267f5f65698232,66488.812352295281,1f267f5f65698232,0,0,1,1,1,1,1,ThreadPool,Accurate,canonical-pointwise,fixed_pointwise_expression,canonical-pointwise-v1-target4096,ThreadPool,8,5
2,1.6.0,1.6.0,GCC 14.2,Linux,x86_64,AMD EPYC 9V74 80-Core Processor,axpy_strided,double,65536,strided,3,stable,4,0.081000000000000003,4679305489604222673,1f267f5f65698232,66488.812352295281,1f267f5f65698232,0,0,1,1,1,1,1,ThreadPool,Accurate,canonical-pointwise,fixed_pointwise_expression,canonical-pointwise-v1-target4096,ThreadPool,8,5
2,1.6.0,1.6.0,GCC 14.2,Linux,x86_64,AMD EPYC 9V74 80-Core Processor,axpy_strided,double,65536,strided,3,stable,5,0.061912000000000002,4679305489604222673,1f267f5f65698232,66488.812352295281,1f267f5f65698232,0,0,1,1,1,1,1,ThreadPool,Accurate,canonical-pointwise,fixed_pointwise_expression,canonical-pointwise-v1-target4096,ThreadPool,8,5
2,1.6.0,1.6.0,GCC 14.2,Linux,x86_64,AMD EPYC 9V74 80-Core Processor,axpy_strided,double,65536,strided,3,stable,6,0.067159999999999997,4679305489604222673,1f267f5f65698232,66488.812352295281,1f267f5f65698232,0,0,1,1,1,1,1,ThreadPool,Accurate,canonical-pointwise,fixed_pointwise_expression,canonical-pointwise-v1-target4096,ThreadPool,8,5
2,1.6.0,1.6.0,GCC 14.2,Linux,x86_64,AMD EPYC 9V74 80-Core Processor,axpy_strided,double,65536,strided,3,stable,7,0.079367999999999994,4679305489604222673,1f267f5f65698232,66488.812352295281,1f267f5f65698232,0,0,1,1,1,1,1,ThreadPool,Accurate,canonical-pointwise,fixed_pointwise_expression,canonical-pointwise-v1-target4096,ThreadPool,8,5
2,1.6.0,1.6.0,GCC 14.2,Linux,x86_64,AMD EPYC 9V74 80-Core Processor,axpy_strided,double,65536,strided,3,stable,8,0.066569000000000003,4679305489604222673,1f267f5f65698232,66488.812352295281,1f267f5f65698232,0,0,1,1,1,1,1,ThreadPool,Accurate,canonical-pointwise,fixed_pointwise_expression,canonical-pointwise-v1-target4096,ThreadPool,8,5
2,1.6.0,1.6.0,GCC 14.2,Linux,x86_64,AMD EPYC 9V74 80-Core Processor,axpy_strided,double,65536,strided,3,stable,9,0.064925999999999998,4679305489604222673,1f267f5f65698232,66488.812352295281,1f267f5f65698232,0,0,1,1,1,1,1,ThreadPool,Accurate,canonical-pointwise,fixed_pointwise_expression,canonical-pointwise-v1-target4096,ThreadPool,8,5
2,1.6.0,1.6.0,GCC 14.2,Linux,x86_64,AMD EPYC 9V74 80-Core Processor,axpy_strided,double,65536,strided,3,stable,10,0.14716299999999999,4679305489604222673,1f267f5f65698232,66488.812352295281,1f267f5f65698232,0,0,1,1,1,1,1,ThreadPool,Accurate,canonical-pointwise,fixed_pointwise_expression,canonical-pointwise-v1-target4096,ThreadPool,8,5
2,1.6.0,1.6.0,GCC 14.2,Linux,x86_64,AMD EPYC 9V74 80-Core Processor,axpy_strided,double,65536,strided,3,stable,11,0.080288999999999999,4679305489604222673,1f267f5f65698232,66488.812352295281,1f267f5f65698232,0,0,1,1,1,1,1,ThreadPool,Accurate,canonical-pointwise,fixed_pointwise_expression,canonical-pointwise-v1-target4096,ThreadPool,8,5
2,1.6.0,1.6.0,GCC 14.2,Linux,x86_64,AMD EPYC 9V74 80-Core Processor,axpy_strided,double,65536,strided,3,stable,12,0.091925999999999994,4679305489604222673,1f267f5f65698232,66488.812352295281,1f267f5f65698232,0,0,1,1,1,1,1,ThreadPool,Accurate,canonical-pointwise,fixed_pointwise_expression,canonical-pointwise-v1-target4096,ThreadPool,8,5
2,1.6.0,1.6.0,GCC 14.2,Linux,x86_64,AMD EPYC 9V74 80-Core Processor,axpy_strided,double,65536,strided,3,stable,13,0.070874999999999994,4679305489604222673,1f267f5f65698232,66488.812352295281,1f267f5f65698232,0,0,1,1,1,1,1,ThreadPool,Accurate,canonical-pointwise,fixed_pointwise_expression,canonical-pointwise-v1-target4096,ThreadPool,8,5
2,1.6.0,1.6.0,GCC 14.2,Linux,x86_64,AMD EPYC 9V74 80-Core Processor,axpy_strided,double,65536,strided,3,stable,14,0.066447999999999993,4679305489604222673,1f267f5f65698232,66488.812352295281,1f267f5f65698232,0,0,1,1,1,1,1,ThreadPool,Accurate,canonical-pointwise,fixed_pointwise_expression,canonical-pointwise-v1-target4096,ThreadPool,8,5
2,1.6.0,1.6.0,GCC 14.2,Linux,x86_64,AMD EPYC 9V74 80-Core Processor,axpy_strided,double,65536,strided,3,stable,15,0.069742999999999999,4679305489604222673,1f267f5f65698232,66488.812352295281,1f267f5f65698232,0,0,1,1,1,1,1,ThreadPool,Accurate,canonical-pointwise,fixed_pointwise_expression,canonical-pointwise-v1-target4096,ThreadPool,8,5
2,1.6.0,1.6.0,GCC 14.2,Linux,x86_64,AMD EPYC 9V74 80-Core Processor,axpy_strided,double,65536,strided,3,stable,16,0.070033999999999999,4679305489604222673,1f267f5f65698232,66488.812352295281,1f267f5f65698232,0,0,1,1,1,1,1,ThreadPool,Accurate,canonical-pointwise,fixed_pointwise_expression,canonical-pointwise-v1-target4096,ThreadPool,8,5
2,1.6.0,1.6.0,GCC 14.2,Linux,x86_64,AMD EPYC 9V74 80-Core Processor,axpy_strided,double,65536,strided,3,stable,17,0.078385999999999997,4679305489604222673,1f267f5f65698232,66488.812352295281,1f267f5f65698232,0,0,1,1,1,1,1,ThreadPool,Accurate,canonical-pointwise,fixed_pointwise_expression,canonical-pointwise-v1-target4096,ThreadPool,8,5
2,1.6.0,1.6.0,GCC 14.2,Linux,x86_64,AMD EPYC 9V74 80-Core Processor,axpy_strided,double,65536,strided,3,stable,18,0.070234000000000005,4679305489604222673,1f267f5f65698232,66488.812352295281,1f267f5f65698232,0,0,1,1,1,1,1,ThreadPool,Accurate,canonical-pointwise,fixed_pointwise_expression,canonical-pointwise-v1-target4096,ThreadPool,8,5
2,1.6.0,1.6.0,GCC 14.2,Linux,x86_64,AMD EPYC 9V74 80-Core Processor,axpy_strided,double,65536,strided,3,stable,19,0.074480000000000005,4679305489604222673,1f267f5f65698232,66488.812352295281,1f267f5f65698232,0,0,1,1,1,1,1,ThreadPool,Accurate,canonical-pointwise,fixed_pointwise_expression,canonical-pointwise-v1-target4096,ThreadPool,8,5
2,1.6.0,1.6.0,GCC 14.2,Linux,x86_64,AMD EPYC 9V74 80-Core Processor,axpy_strided,double,65536,strided,3,stable,20,0.089423000000000002,4679305489604222673,1f267f5f65698232,66488.812352295281,1f267f5f65698232,0,0,1,1,1,1,1,ThreadPool,Accurate,canonical-pointwise,fixed_pointwise_expression,canonical-pointwise-v1-target4096,ThreadPool,8,5
2,1.6.0,1.6.0,GCC 14.2,Linux,x86_64,AMD EPYC 9V74 80-Core Processor,axpy_strided,double,65536,strided,3,stable,21,0.074310000000000001,4679305489604222673,1f267f5f65698232,66488.812352295281,1f267f5f65698232,0,0,1,1,1,1,1,ThreadPool,Accurate,canonical-pointwise,fixed_pointwise_expression,canonical-pointwise-v1-target4096,ThreadPool,8,5
2,1.6.0,1.6.0,GCC 14.2,Linux,x86_64,AMD EPYC 9V74 80-Core Processor,sum_adversarial,double,9000,contiguous,1,first_call,0,0.048531999999999999,0,0000000000000000,3000,scalar-reference,3000,1,1,0,1,1,1,ThreadPool,Fast,adaptive,native,none,ThreadPool,8,5
2,1.6.0,1.6.0,GCC 14.2,Linux,x86_64,AMD EPYC 9V74 80-Core Processor,sum_adversarial,double,9000,contiguous,1,stable,1,0.067540000000000003,0,0000000000000000,3000,scalar-reference,3000,1,1,0,1,1,1,ThreadPool,Fast,adaptive,native,none,ThreadPool,8,5
2,1.6.0,1.6.0,GCC 14.2,Linux,x86_64,AMD EPYC 9V74 80-Core Processor,sum_adversarial,double,9000,contiguous,1,stable,2,0.040430000000000001,0,0000000000000000,3000,scalar-reference,3000,1,1,0,1,1,1,ThreadPool,Fast,adaptive,native,none,ThreadPool,8,5
2,1.6.0,1.6.0,GCC 14.2,Linux,x86_64,AMD EPYC 9V74 80-Core Processor,sum_adversarial,double,9000,contiguous,1,stable,3,0.036623999999999997,0,0000000000000000,3000,scalar-reference,3000,1,1,0,1,1,1,ThreadPool,Fast,adaptive,native,none,ThreadPool,8,5
2,1.6.0,1.6.0,GCC 14.2,Linux,x86_64,AMD EPYC 9V74 80-Core Processor,sum_adversarial,double,9000,contiguous,1,stable,4,0.034972000000000003,0,0000000000000000,3000,scalar-reference,3000,1,1,0,1,1,1,ThreadPool,Fast,adaptive,native,none,ThreadPool,8,5
2,1.6.0,1.6.0,GCC 14.2,Linux,x86_64,AMD EPYC 9V74 80-Core Processor,sum_adversarial,double,9000,contiguous,1,stable,5,0.028031,0,0000000000000000,3000,scalar-reference,3000,1,1,0,1,1,1,ThreadPool,Fast,adaptive,native,none,ThreadPool,8,5
2,1.6.0,1.6.0,GCC 14.2,Linux,x86_64,AMD EPYC 9V74 80-Core Processor,sum_adversarial,double,9000,contiguous,1,stable,6,0.035933,0,0000000000000000,3000,scalar-reference,3000,1,1,0,1,1,1,ThreadPool,Fast,adaptive,native,none,ThreadPool,8,5
2,1.6.0,1.6.0,GCC 14.2,Linux,x86_64,AMD EPYC 9V74 80-Core Processor,sum_adversarial,double,9000,contiguous,1,stable,7,0.039038000000000003,0,0000000000000000,3000,scalar-reference,3000,1,1,0,1,1,1,ThreadPool,Fast,adaptive,native,none,ThreadPool,8,5
2,1.6.0,1.6.0,GCC 14.2,Linux,x86_64,AMD EPYC 9V74 80-Core Processor,sum_adversarial,double,9000,contiguous,1,stable,8,0.035952999999999999,0,0000000000000000,3000,scalar-reference,3000,1,1,0,1,1,1,ThreadPool,Fast,adaptive,native,none,ThreadPool,8,5
2,1.6.0,1.6.0,GCC 14.2,Linux,x86_64,AMD EPYC 9V74 80-Core Processor,sum_adversarial,double,9000,contiguous,1,stable,9,0.029784000000000001,0,0000000000000000,3000,scalar-reference,3000,1,1,0,1,1,1,ThreadPool,Fast,adaptive,native,none,ThreadPool,8,5
2,1.6.0,1.6.0,GCC 14.2,Linux,x86_64,AMD EPYC 9V74 80-Core Processor,sum_adversarial,double,9000,contiguous,1,stable,10,0.034992000000000002,0,0000000000000000,3000,scalar-reference,3000,1,1,0,1,1,1,ThreadPool,Fast,adaptive,native,none,ThreadPool,8,5
2,1.6.0,1.6.0,GCC 14.2,Linux,x86_64,AMD EPYC 9V74 80-Core Processor,sum_adversarial,double,9000,contiguous,1,stable,11,0.029624000000000001,0,0000000000000000,3000,scalar-reference,3000,1,1,0,1,1,1,ThreadPool,Fast,adaptive,native,none,ThreadPool,8,5
2,1.6.0,1.6.0,GCC 14.2,Linux,x86_64,AMD EPYC 9V74 80-Core Processor,sum_adversarial,double,9000,contiguous,1,stable,12,0.034811000000000002,0,0000000000000000,3000,scalar-reference,3000,1,1,0,1,1,1,ThreadPool,Fast,adaptive,native,none,ThreadPool,8,5
2,1.6.0,1.6.0,GCC 14.2,Linux,x86_64,AMD EPYC 9V74 80-Core Processor,sum_adversarial,double,9000,contiguous,1,stable,13,0.026790000000000001,0,0000000000000000,3000,scalar-reference,3000,1,1,0,1,1,1,ThreadPool,Fast,adaptive,native,none,ThreadPool,8,5
2,1.6.0,1.6.0,GCC 14.2,Linux,x86_64,AMD EPYC 9V74 80-Core Processor,sum_adversarial,double,9000,contiguous,1,stable,14,0.029784000000000001,0,0000000000000000,3000,scalar-reference,3000,1,1,0,1,1,1,ThreadPool,Fast,adaptive,native,none,ThreadPool,8,5
2,1.6.0,1.6.0,GCC 14.2,Linux,x86_64,AMD EPYC 9V74 80-Core Processor,sum_adversarial,double,9000,contiguous,1,stable,15,0.028562000000000001,0,0000000000000000,3000,scalar-reference,3000,1,1,0,1,1,1,ThreadPool,Fast,adaptive,native,none,ThreadPool,8,5
2,1.6.0,1.6.0,GCC 14.2,Linux,x86_64,AMD EPYC 9V74 80-Core Processor,sum_adversarial,double,9000,contiguous,1,stable,16,0.046067999999999998,0,0000000000000000,3000,scalar-reference,3000,1,1,0,1,1,1,ThreadPool,Fast,adaptive,native,none,ThreadPool,8,5
2,1.6.0,1.6.0,GCC 14.2,Linux,x86_64,AMD EPYC 9V74 80-Core Processor,sum_adversarial,double,9000,contiguous,1,stable,17,0.027629999999999998,0,0000000000000000,3000,scalar-reference,3000,1,1,0,1,1,1,ThreadPool,Fast,adaptive,native,none,ThreadPool,8,5
2,1.6.0,1.6.0,GCC 14.2,Linux,x86_64,AMD EPYC 9V74 80-Core Processor,sum_adversarial,double,9000,contiguous,1,stable,18,0.025808000000000001,0,0000000000000000,3000,scalar-reference,3000,1,1,0,1,1,1,ThreadPool,Fast,adaptive,native,none,ThreadPool,8,5
2,1.6.0,1.6.0,GCC 14.2,Linux,x86_64,AMD EPYC 9V74 80-Core Processor,sum_adversarial,double,9000,contiguous,1,stable,19,0.029413999999999999,0,0000000000000000,3000,scalar-reference,3000,1,1,0,1,1,1,ThreadPool,Fast,adaptive,native,none,ThreadPool,8,5
2,1.6.0,1.6.0,GCC 14.2,Linux,x86_64,AMD EPYC 9V74 80-Core Processor,sum_adversarial,double,9000,contiguous,1,stable,20,0.026450000000000001,0,0000000000000000,3000,scalar-reference,3000,1,1,0,1,1,1,ThreadPool,Fast,adaptive,native,none,ThreadPool,8,5
2,1.6.0,1.6.0,GCC 14.2,Linux,x86_64,AMD EPYC 9V74 80-Core Processor,sum_adversarial,double,9000,contiguous,1,stable,21,0.033360000000000001,0,0000000000000000,3000,scalar-reference,3000,1,1,0,1,1,1,ThreadPool,Fast,adaptive,native,none,ThreadPool,8,5
2,1.6.0,1.6.0,GCC 14.2,Linux,x86_64,AMD EPYC 9V74 80-Core Processor,dot_adversarial,double,9000,contiguous,1,first_call,0,0.030454999999999999,0,0000000000000000,3000,scalar-reference,3000,1,1,0,1,1,1,ThreadPool,Fast,adaptive,native,none,ThreadPool,8,5
2,1.6.0,1.6.0,GCC 14.2,Linux,x86_64,AMD EPYC 9V74 80-Core Processor,dot_adversarial,double,9000,contiguous,1,stable,1,0.030554999999999999,0,0000000000000000,3000,scalar-reference,3000,1,1,0,1,1,1,ThreadPool,Fast,adaptive,native,none,ThreadPool,8,5
2,1.6.0,1.6.0,GCC 14.2,Linux,x86_64,AMD EPYC 9V74 80-Core Processor,dot_adversarial,double,9000,contiguous,1,stable,2,0.028933,0,0000000000000000,3000,scalar-reference,3000,1,1,0,1,1,1,ThreadPool,Fast,adaptive,native,none,ThreadPool,8,5
2,1.6.0,1.6.0,GCC 14.2,Linux,x86_64,AMD EPYC 9V74 80-Core Processor,dot_adversarial,double,9000,contiguous,1,stable,3,0.025398,0,0000000000000000,3000,scalar-reference,3000,1,1,0,1,1,1,ThreadPool,Fast,adaptive,native,none,ThreadPool,8,5
2,1.6.0,1.6.0,GCC 14.2,Linux,x86_64,AMD EPYC 9V74 80-Core Processor,dot_adversarial,double,9000,contiguous,1,stable,4,0.028302000000000001,0,0000000000000000,3000,scalar-reference,3000,1,1,0,1,1,1,ThreadPool,Fast,adaptive,native,none,ThreadPool,8,5
2,1.6.0,1.6.0,GCC 14.2,Linux,x86_64,AMD EPYC 9V74 80-Core Processor,dot_adversarial,double,9000,contiguous,1,stable,5,0.035032000000000001,0,0000000000000000,3000,scalar-reference,3000,1,1,0,1,1,1,ThreadPool,Fast,adaptive,native,none,ThreadPool,8,5
2,1.6.0,1.6.0,GCC 14.2,Linux,x86_64,AMD EPYC 9V74 80-Core Processor,dot_adversarial,double,9000,contiguous,1,stable,6,0.025838,0,0000000000000000,3000,scalar-reference,3000,1,1,0,1,1,1,ThreadPool,Fast,adaptive,native,none,ThreadPool,8,5
2,1.6.0,1.6.0,GCC 14.2,Linux,x86_64,AMD EPYC 9V74 80-Core Processor,dot_adversarial,double,9000,contiguous,1,stable,7,0.025588,0,0000000000000000,3000,scalar-reference,3000,1,1,0,1,1,1,ThreadPool,Fast,adaptive,native,none,ThreadPool,8,5
2,1.6.0,1.6.0,GCC 14.2,Linux,x86_64,AMD EPYC 9V74 80-Core Processor,dot_adversarial,double,9000,contiguous,1,stable,8,0.025427999999999999,0,0000000000000000,3000,scalar-reference,3000,1,1,0,1,1,1,ThreadPool,Fast,adaptive,native,none,ThreadPool,8,5
2,1.6.0,1.6.0,GCC 14.2,Linux,x86_64,AMD EPYC 9V74 80-Core Processor,dot_adversarial,double,9000,contiguous,1,stable,9,0.026068999999999998,0,0000000000000000,3000,scalar-reference,3000,1,1,0,1,1,1,ThreadPool,Fast,adaptive,native,none,ThreadPool,8,5
2,1.6.0,1.6.0,GCC 14.2,Linux,x86_64,AMD EPYC 9V74 80-Core Processor,dot_adversarial,double,9000,contiguous,1,stable,10,0.032357999999999998,0,0000000000000000,3000,scalar-reference,3000,1,1,0,1,1,1,ThreadPool,Fast,adaptive,native,none,ThreadPool,8,5
2,1.6.0,1.6.0,GCC 14.2,Linux,x86_64,AMD EPYC 9V74 80-Core Processor,dot_adversarial,double,9000,contiguous,1,stable,11,0.028653000000000001,0,0000000000000000,3000,scalar-reference,3000,1,1,0,1,1,1,ThreadPool,Fast,adaptive,native,none,ThreadPool,8,5
2,1.6.0,1.6.0,GCC 14.2,Linux,x86_64,AMD EPYC 9V74 80-Core Processor,dot_adversarial,double,9000,contiguous,1,stable,12,0.033109,0,0000000000000000,3000,scalar-reference,3000,1,1,0,1,1,1,ThreadPool,Fast,adaptive,native,none,ThreadPool,8,5
2,1.6.0,1.6.0,GCC 14.2,Linux,x86_64,AMD EPYC 9V74 80-Core Processor,dot_adversarial,double,9000,contiguous,1,stable,13,0.029184000000000002,0,0000000000000000,3000,scalar-reference,3000,1,1,0,1,1,1,ThreadPool,Fast,adaptive,native,none,ThreadPool,8,5
2,1.6.0,1.6.0,GCC 14.2,Linux,x86_64,AMD EPYC 9V74 80-Core Processor,dot_adversarial,double,9000,contiguous,1,stable,14,0.027181,0,0000000000000000,3000,scalar-reference,3000,1,1,0,1,1,1,ThreadPool,Fast,adaptive,native,none,ThreadPool,8,5
2,1.6.0,1.6.0,GCC 14.2,Linux,x86_64,AMD EPYC 9V74 80-Core Processor,dot_adversarial,double,9000,contiguous,1,stable,15,0.026068999999999998,0,0000000000000000,3000,scalar-reference,3000,1,1,0,1,1,1,ThreadPool,Fast,adaptive,native,none,ThreadPool,8,5
2,1.6.0,1.6.0,GCC 14.2,Linux,x86_64,AMD EPYC 9V74 80-Core Processor,dot_adversarial,double,9000,contiguous,1,stable,16,0.027621,0,0000000000000000,3000,scalar-reference,3000,1,1,0,1,1,1,ThreadPool,Fast,adaptive,native,none,ThreadPool,8,5
2,1.6.0,1.6.0,GCC 14.2,Linux,x86_64,AMD EPYC 9V74 80-Core Processor,dot_adversarial,double,9000,contiguous,1,stable,17,0.037626,0,0000000000000000,3000,scalar-reference,3000,1,1,0,1,1,1,ThreadPool,Fast,adaptive,native,none,ThreadPool,8,5
2,1.6.0,1.6.0,GCC 14.2,Linux,x86_64,AMD EPYC 9V74 80-Core Processor,dot_adversarial,double,9000,contiguous,1,stable,18,0.026238999999999998,0,0000000000000000,3000,scalar-reference,3000,1,1,0,1,1,1,ThreadPool,Fast,adaptive,native,none,ThreadPool,8,5
2,1.6.0,1.6.0,GCC 14.2,Linux,x86_64,AMD EPYC 9V74 80-Core Processor,dot_adversarial,double,9000,contiguous,1,stable,19,0.027942000000000002,0,0000000000000000,3000,scalar-reference,3000,1,1,0,1,1,1,ThreadPool,Fast,adaptive,native,none,ThreadPool,8,5
2,1.6.0,1.6.0,GCC 14.2,Linux,x86_64,AMD EPYC 9V74 80-Core Processor,dot_adversarial,double,9000,contiguous,1,stable,20,0.027050000000000001,0,0000000000000000,3000,scalar-reference,3000,1,1,0,1,1,1,ThreadPool,Fast,adaptive,native,none,ThreadPool,8,5
2,1.6.0,1.6.0,GCC 14.2,Linux,x86_64,AMD EPYC 9V74 80-Core Processor,dot_adversarial,double,9000,contiguous,1,stable,21,0.033218999999999999,0,0000000000000000,3000,scalar-reference,3000,1,1,0,1,1,1,ThreadPool,Fast,adaptive,native,none,ThreadPool,8,5
2,1.6.0,1.6.0,GCC 14.2,Linux,x86_64,AMD EPYC 9V74 80-Core Processor,sum_adversarial,double,9000,contiguous,1,first_call,0,0.027191,0,0000000000000000,3000,scalar-reference,3000,1,1,0,1,1,1,ThreadPool,Reproducible,canonical-reduction,pairwise,canonical-pairwise-v1-leaf1024,ThreadPool,8,5
2,1.6.0,1.6.0,GCC 14.2,Linux,x86_64,AMD EPYC 9V74 80-Core Processor,sum_adversarial,double,9000,contiguous,1,stable,1,0.02673,0,0000000000000000,3000,scalar-reference,3000,1,1,0,1,1,1,ThreadPool,Reproducible,canonical-reduction,pairwise,canonical-pairwise-v1-leaf1024,ThreadPool,8,5
2,1.6.0,1.6.0,GCC 14.2,Linux,x86_64,AMD EPYC 9V74 80-Core Processor,sum_adversarial,double,9000,contiguous,1,stable,2,0.026568999999999999,0,0000000000000000,3000,scalar-reference,3000,1,1,0,1,1,1,ThreadPool,Reproducible,canonical-reduction,pairwise,canonical-pairwise-v1-leaf1024,ThreadPool,8,5
2,1.6.0,1.6.0,GCC 14.2,Linux,x86_64,AMD EPYC 9V74 80-Core Processor,sum_adversarial,double,9000,contiguous,1,stable,3,0.025677999999999999,0,0000000000000000,3000,scalar-reference,3000,1,1,0,1,1,1,ThreadPool,Reproducible,canonical-reduction,pairwise,canonical-pairwise-v1-leaf1024,ThreadPool,8,5
2,1.6.0,1.6.0,GCC 14.2,Linux,x86_64,AMD EPYC 9V74 80-Core Processor,sum_adversarial,double,9000,contiguous,1,stable,4,0.026780000000000002,0,0000000000000000,3000,scalar-reference,3000,1,1,0,1,1,1,ThreadPool,Reproducible,canonical-reduction,pairwise,canonical-pairwise-v1-leaf1024,ThreadPool,8,5
2,1.6.0,1.6.0,GCC 14.2,Linux,x86_64,AMD EPYC 9V74 80-Core Processor,sum_adversarial,double,9000,contiguous,1,stable,5,0.025788999999999999,0,0000000000000000,3000,scalar-reference,3000,1,1,0,1,1,1,ThreadPool,Reproducible,canonical-reduction,pairwise,canonical-pairwise-v1-leaf1024,ThreadPool,8,5
2,1.6.0,1.6.0,GCC 14.2,Linux,x86_64,AMD EPYC 9V74 80-Core Processor,sum_adversarial,double,9000,contiguous,1,stable,6,0.02664,0,0000000000000000,3000,scalar-reference,3000,1,1,0,1,1,1,ThreadPool,Reproducible,canonical-reduction,pairwise,canonical-pairwise-v1-leaf1024,ThreadPool,8,5
2,1.6.0,1.6.0,GCC 14.2,Linux,x86_64,AMD EPYC 9V74 80-Core Processor,sum_adversarial,double,9000,contiguous,1,stable,7,0.027380999999999999,0,0000000000000000,3000,scalar-reference,3000,1,1,0,1,1,1,ThreadPool,Reproducible,canonical-reduction,pairwise,canonical-pairwise-v1-leaf1024,ThreadPool,8,5
2,1.6.0,1.6.0,GCC 14.2,Linux,x86_64,AMD EPYC 9V74 80-Core Processor,sum_adversarial,double,9000,contiguous,1,stable,8,0.02724,0,0000000000000000,3000,scalar-reference,3000,1,1,0,1,1,1,ThreadPool,Reproducible,canonical-reduction,pairwise,canonical-pairwise-v1-leaf1024,ThreadPool,8,5
2,1.6.0,1.6.0,GCC 14.2,Linux,x86_64,AMD EPYC 9V74 80-Core Processor,sum_adversarial,double,9000,contiguous,1,stable,9,0.027191,0,0000000000000000,3000,scalar-reference,3000,1,1,0,1,1,1,ThreadPool,Reproducible,canonical-reduction,pairwise,canonical-pairwise-v1-leaf1024,ThreadPool,8,5
2,1.6.0,1.6.0,GCC 14.2,Linux,x86_64,AMD EPYC 9V74 80-Core Processor,sum_adversarial,double,9000,contiguous,1,stable,10,0.027050000000000001,0,0000000000000000,3000,scalar-reference,3000,1,1,0,1,1,1,ThreadPool,Reproducible,canonical-reduction,pairwise,canonical-pairwise-v1-leaf1024,ThreadPool,8,5
2,1.6.0,1.6.0,GCC 14.2,Linux,x86_64,AMD EPYC 9V74 80-Core Processor,sum_adversarial,double,9000,contiguous,1,stable,11,0.027269999999999999,0,0000000000000000,3000,scalar-reference,3000,1,1,0,1,1,1,ThreadPool,Reproducible,canonical-reduction,pairwise,canonical-pairwise-v1-leaf1024,ThreadPool,8,5
2,1.6.0,1.6.0,GCC 14.2,Linux,x86_64,AMD EPYC 9V74 80-Core Processor,sum_adversarial,double,9000,contiguous,1,stable,12,0.033759999999999998,0,0000000000000000,3000,scalar-reference,3000,1,1,0,1,1,1,ThreadPool,Reproducible,canonical-reduction,pairwise,canonical-pairwise-v1-leaf1024,ThreadPool,8,5
2,1.6.0,1.6.0,GCC 14.2,Linux,x86_64,AMD EPYC 9V74 80-Core Processor,sum_adversarial,double,9000,contiguous,1,stable,13,0.034169999999999999,0,0000000000000000,3000,scalar-reference,3000,1,1,0,1,1,1,ThreadPool,Reproducible,canonical-reduction,pairwise,canonical-pairwise-v1-leaf1024,ThreadPool,8,5
2,1.6.0,1.6.0,GCC 14.2,Linux,x86_64,AMD EPYC 9V74 80-Core Processor,sum_adversarial,double,9000,contiguous,1,stable,14,0.030615,0,0000000000000000,3000,scalar-reference,3000,1,1,0,1,1,1,ThreadPool,Reproducible,canonical-reduction,pairwise,canonical-pairwise-v1-leaf1024,ThreadPool,8,5
2,1.6.0,1.6.0,GCC 14.2,Linux,x86_64,AMD EPYC 9V74 80-Core Processor,sum_adversarial,double,9000,contiguous,1,stable,15,0.028242,0,0000000000000000,3000,scalar-reference,3000,1,1,0,1,1,1,ThreadPool,Reproducible,canonical-reduction,pairwise,canonical-pairwise-v1-leaf1024,ThreadPool,8,5
2,1.6.0,1.6.0,GCC 14.2,Linux,x86_64,AMD EPYC 9V74 80-Core Processor,sum_adversarial,double,9000,contiguous,1,stable,16,0.026269000000000001,0,0000000000000000,3000,scalar-reference,3000,1,1,0,1,1,1,ThreadPool,Reproducible,canonical-reduction,pairwise,canonical-pairwise-v1-leaf1024,ThreadPool,8,5
2,1.6.0,1.6.0,GCC 14.2,Linux,x86_64,AMD EPYC 9V74 80-Core Processor,sum_adversarial,double,9000,contiguous,1,stable,17,0.034291000000000002,0,0000000000000000,3000,scalar-reference,3000,1,1,0,1,1,1,ThreadPool,Reproducible,canonical-reduction,pairwise,canonical-pairwise-v1-leaf1024,ThreadPool,8,5
2,1.6.0,1.6.0,GCC 14.2,Linux,x86_64,AMD EPYC 9V74 80-Core Processor,sum_adversarial,double,9000,contiguous,1,stable,18,0.029343000000000001,0,0000000000000000,3000,scalar-reference,3000,1,1,0,1,1,1,ThreadPool,Reproducible,canonical-reduction,pairwise,canonical-pairwise-v1-leaf1024,ThreadPool,8,5
2,1.6.0,1.6.0,GCC 14.2,Linux,x86_64,AMD EPYC 9V74 80-Core Processor,sum_adversarial,double,9000,contiguous,1,stable,19,0.028552000000000001,0,0000000000000000,3000,scalar-reference,3000,1,1,0,1,1,1,ThreadPool,Reproducible,canonical-reduction,pairwise,canonical-pairwise-v1-leaf1024,ThreadPool,8,5
2,1.6.0,1.6.0,GCC 14.2,Linux,x86_64,AMD EPYC 9V74 80-Core Processor,sum_adversarial,double,9000,contiguous,1,stable,20,0.025957999999999998,0,0000000000000000,3000,scalar-reference,3000,1,1,0,1,1,1,ThreadPool,Reproducible,canonical-reduction,pairwise,canonical-pairwise-v1-leaf1024,ThreadPool,8,5
2,1.6.0,1.6.0,GCC 14.2,Linux,x86_64,AMD EPYC 9V74 80-Core Processor,sum_adversarial,double,9000,contiguous,1,stable,21,0.034651000000000001,0,0000000000000000,3000,scalar-reference,3000,1,1,0,1,1,1,ThreadPool,Reproducible,canonical-reduction,pairwise,canonical-pairwise-v1-leaf1024,ThreadPool,8,5
2,1.6.0,1.6.0,GCC 14.2,Linux,x86_64,AMD EPYC 9V74 80-Core Processor,dot_adversarial,double,9000,contiguous,1,first_call,0,0.028493000000000001,0,0000000000000000,3000,scalar-reference,3000,1,1,0,1,1,1,ThreadPool,Reproducible,canonical-reduction,pairwise,canonical-pairwise-v1-leaf1024,ThreadPool,8,5
2,1.6.0,1.6.0,GCC 14.2,Linux,x86_64,AMD EPYC 9V74 80-Core Processor,dot_adversarial,double,9000,contiguous,1,stable,1,0.028242,0,0000000000000000,3000,scalar-reference,3000,1,1,0,1,1,1,ThreadPool,Reproducible,canonical-reduction,pairwise,canonical-pairwise-v1-leaf1024,ThreadPool,8,5
2,1.6.0,1.6.0,GCC 14.2,Linux,x86_64,AMD EPYC 9V74 80-Core Processor,dot_adversarial,double,9000,contiguous,1,stable,2,0.039878999999999998,0,0000000000000000,3000,scalar-reference,3000,1,1,0,1,1,1,ThreadPool,Reproducible,canonical-reduction,pairwise,canonical-pairwise-v1-leaf1024,ThreadPool,8,5
2,1.6.0,1.6.0,GCC 14.2,Linux,x86_64,AMD EPYC 9V74 80-Core Processor,dot_adversarial,double,9000,contiguous,1,stable,3,0.035352000000000001,0,0000000000000000,3000,scalar-reference,3000,1,1,0,1,1,1,ThreadPool,Reproducible,canonical-reduction,pairwise,canonical-pairwise-v1-leaf1024,ThreadPool,8,5
2,1.6.0,1.6.0,GCC 14.2,Linux,x86_64,AMD EPYC 9V74 80-Core Processor,dot_adversarial,double,9000,contiguous,1,stable,4,0.027941000000000001,0,0000000000000000,3000,scalar-reference,3000,1,1,0,1,1,1,ThreadPool,Reproducible,canonical-reduction,pairwise,canonical-pairwise-v1-leaf1024,ThreadPool,8,5
2,1.6.0,1.6.0,GCC 14.2,Linux,x86_64,AMD EPYC 9V74 80-Core Processor,dot_adversarial,double,9000,contiguous,1,stable,5,0.040210000000000003,0,0000000000000000,3000,scalar-reference,3000,1,1,0,1,1,1,ThreadPool,Reproducible,canonical-reduction,pairwise,canonical-pairwise-v1-leaf1024,ThreadPool,8,5
2,1.6.0,1.6.0,GCC 14.2,Linux,x86_64,AMD EPYC 9V74 80-Core Processor,dot_adversarial,double,9000,contiguous,1,stable,6,0.037775999999999997,0,0000000000000000,3000,scalar-reference,3000,1,1,0,1,1,1,ThreadPool,Reproducible,canonical-reduction,pairwise,canonical-pairwise-v1-leaf1024,ThreadPool,8,5
2,1.6.0,1.6.0,GCC 14.2,Linux,x86_64,AMD EPYC 9V74 80-Core Processor,dot_adversarial,double,9000,contiguous,1,stable,7,0.027449999999999999,0,0000000000000000,3000,scalar-reference,3000,1,1,0,1,1,1,ThreadPool,Reproducible,canonical-reduction,pairwise,canonical-pairwise-v1-leaf1024,ThreadPool,8,5
2,1.6.0,1.6.0,GCC 14.2,Linux,x86_64,AMD EPYC 9V74 80-Core Processor,dot_adversarial,double,9000,contiguous,1,stable,8,0.041111000000000002,0,0000000000000000,3000,scalar-reference,3000,1,1,0,1,1,1,ThreadPool,Reproducible,canonical-reduction,pairwise,canonical-pairwise-v1-leaf1024,ThreadPool,8,5
2,1.6.0,1.6.0,GCC 14.2,Linux,x86_64,AMD EPYC 9V74 80-Core Processor,dot_adversarial,double,9000,contiguous,1,stable,9,0.033119000000000003,0,0000000000000000,3000,scalar-reference,3000,1,1,0,1,1,1,ThreadPool,Reproducible,canonical-reduction,pairwise,canonical-pairwise-v1-leaf1024,ThreadPool,8,5
2,1.6.0,1.6.0,GCC 14.2,Linux,x86_64,AMD EPYC 9V74 80-Core Processor,dot_adversarial,double,9000,contiguous,1,stable,10,0.028502,0,0000000000000000,3000,scalar-reference,3000,1,1,0,1,1,1,ThreadPool,Reproducible,canonical-reduction,pairwise,canonical-pairwise-v1-leaf1024,ThreadPool,8,5
2,1.6.0,1.6.0,GCC 14.2,Linux,x86_64,AMD EPYC 9V74 80-Core Processor,dot_adversarial,double,9000,contiguous,1,stable,11,0.026939999999999999,0,0000000000000000,3000,scalar-reference,3000,1,1,0,1,1,1,ThreadPool,Reproducible,canonical-reduction,pairwise,canonical-pairwise-v1-leaf1024,ThreadPool,8,5
2,1.6.0,1.6.0,GCC 14.2,Linux,x86_64,AMD EPYC 9V74 80-Core Processor,dot_adversarial,double,9000,contiguous,1,stable,12,0.030915999999999999,0,0000000000000000,3000,scalar-reference,3000,1,1,0,1,1,1,ThreadPool,Reproducible,canonical-reduction,pairwise,canonical-pairwise-v1-leaf1024,ThreadPool,8,5
2,1.6.0,1.6.0,GCC 14.2,Linux,x86_64,AMD EPYC 9V74 80-Core Processor,dot_adversarial,double,9000,contiguous,1,stable,13,0.040550000000000003,0,0000000000000000,3000,scalar-reference,3000,1,1,0,1,1,1,ThreadPool,Reproducible,canonical-reduction,pairwise,canonical-pairwise-v1-leaf1024,ThreadPool,8,5
2,1.6.0,1.6.0,GCC 14.2,Linux,x86_64,AMD EPYC 9V74 80-Core Processor,dot_adversarial,double,9000,contiguous,1,stable,14,0.034922000000000002,0,0000000000000000,3000,scalar-reference,3000,1,1,0,1,1,1,ThreadPool,Reproducible,canonical-reduction,pairwise,canonical-pairwise-v1-leaf1024,ThreadPool,8,5
2,1.6.0,1.6.0,GCC 14.2,Linux,x86_64,AMD EPYC 9V74 80-Core Processor,dot_adversarial,double,9000,contiguous,1,stable,15,0.028511999999999999,0,0000000000000000,3000,scalar-reference,3000,1,1,0,1,1,1,ThreadPool,Reproducible,canonical-reduction,pairwise,canonical-pairwise-v1-leaf1024,ThreadPool,8,5
2,1.6.0,1.6.0,GCC 14.2,Linux,x86_64,AMD EPYC 9V74 80-Core Processor,dot_adversarial,double,9000,contiguous,1,stable,16,0.027321000000000002,0,0000000000000000,3000,scalar-reference,3000,1,1,0,1,1,1,ThreadPool,Reproducible,canonical-reduction,pairwise,canonical-pairwise-v1-leaf1024,ThreadPool,8,5
2,1.6.0,1.6.0,GCC 14.2,Linux,x86_64,AMD EPYC 9V74 80-Core Processor,dot_adversarial,double,9000,contiguous,1,stable,17,0.041472000000000002,0,0000000000000000,3000,scalar-reference,3000,1,1,0,1,1,1,ThreadPool,Reproducible,canonical-reduction,pairwise,canonical-pairwise-v1-leaf1024,ThreadPool,8,5
2,1.6.0,1.6.0,GCC 14.2,Linux,x86_64,AMD EPYC 9V74 80-Core Processor,dot_adversarial,double,9000,contiguous,1,stable,18,0.034742000000000002,0,0000000000000000,3000,scalar-reference,3000,1,1,0,1,1,1,ThreadPool,Reproducible,canonical-reduction,pairwise,canonical-pairwise-v1-leaf1024,ThreadPool,8,5
2,1.6.0,1.6.0,GCC 14.2,Linux,x86_64,AMD EPYC 9V74 80-Core Processor,dot_adversarial,double,9000,contiguous,1,stable,19,0.027491000000000002,0,0000000000000000,3000,scalar-reference,3000,1,1,0,1,1,1,ThreadPool,Reproducible,canonical-reduction,pairwise,canonical-pairwise-v1-leaf1024,ThreadPool,8,5
2,1.6.0,1.6.0,GCC 14.2,Linux,x86_64,AMD EPYC 9V74 80-Core Processor,dot_adversarial,double,9000,contiguous,1,stable,20,0.026540000000000001,0,0000000000000000,3000,scalar-reference,3000,1,1,0,1,1,1,ThreadPool,Reproducible,canonical-reduction,pairwise,canonical-pairwise-v1-leaf1024,ThreadPool,8,5
2,1.6.0,1.6.0,GCC 14.2,Linux,x86_64,AMD EPYC 9V74 80-Core Processor,dot_adversarial,double,9000,contiguous,1,stable,21,0.024976999999999999,0,0000000000000000,3000,scalar-reference,3000,1,1,0,1,1,1,ThreadPool,Reproducible,canonical-reduction,pairwise,canonical-pairwise-v1-leaf1024,ThreadPool,8,5
2,1.6.0,1.6.0,GCC 14.2,Linux,x86_64,AMD EPYC 9V74 80-Core Processor,sum_adversarial,double,9000,contiguous,1,first_call,0,0.061101000000000003,4658815484840378368,40a7700000000000,3000,scalar-reference,0,0,1,1,1,1,1,ThreadPool,Accurate,canonical-reduction,compensated,canonical-neumaier-v1-leaf1024,ThreadPool,8,5
2,1.6.0,1.6.0,GCC 14.2,Linux,x86_64,AMD EPYC 9V74 80-Core Processor,sum_adversarial,double,9000,contiguous,1,stable,1,0.041571999999999998,4658815484840378368,40a7700000000000,3000,scalar-reference,0,0,1,1,1,1,1,ThreadPool,Accurate,canonical-reduction,compensated,canonical-neumaier-v1-leaf1024,ThreadPool,8,5
2,1.6.0,1.6.0,GCC 14.2,Linux,x86_64,AMD EPYC 9V74 80-Core Processor,sum_adversarial,double,9000,contiguous,1,stable,2,0.043013000000000003,4658815484840378368,40a7700000000000,3000,scalar-reference,0,0,1,1,1,1,1,ThreadPool,Accurate,canonical-reduction,compensated,canonical-neumaier-v1-leaf1024,ThreadPool,8,5
2,1.6.0,1.6.0,GCC 14.2,Linux,x86_64,AMD EPYC 9V74 80-Core Processor,sum_adversarial,double,9000,contiguous,1,stable,3,0.042733,4658815484840378368,40a7700000000000,3000,scalar-reference,0,0,1,1,1,1,1,ThreadPool,Accurate,canonical-reduction,compensated,canonical-neumaier-v1-leaf1024,ThreadPool,8,5
2,1.6.0,1.6.0,GCC 14.2,Linux,x86_64,AMD EPYC 9V74 80-Core Processor,sum_adversarial,double,9000,contiguous,1,stable,4,0.036033000000000003,4658815484840378368,40a7700000000000,3000,scalar-reference,0,0,1,1,1,1,1,ThreadPool,Accurate,canonical-reduction,compensated,canonical-neumaier-v1-leaf1024,ThreadPool,8,5
2,1.6.0,1.6.0,GCC 14.2,Linux,x86_64,AMD EPYC 9V74 80-Core Processor,sum_adversarial,double,9000,contiguous,1,stable,5,0.041451000000000002,4658815484840378368,40a7700000000000,3000,scalar-reference,0,0,1,1,1,1,1,ThreadPool,Accurate,canonical-reduction,compensated,canonical-neumaier-v1-leaf1024,ThreadPool,8,5
2,1.6.0,1.6.0,GCC 14.2,Linux,x86_64,AMD EPYC 9V74 80-Core Processor,sum_adversarial,double,9000,contiguous,1,stable,6,0.035172000000000002,4658815484840378368,40a7700000000000,3000,scalar-reference,0,0,1,1,1,1,1,ThreadPool,Accurate,canonical-reduction,compensated,canonical-neumaier-v1-leaf1024,ThreadPool,8,5
2,1.6.0,1.6.0,GCC 14.2,Linux,x86_64,AMD EPYC 9V74 80-Core Processor,sum_adversarial,double,9000,contiguous,1,stable,7,0.042132000000000003,4658815484840378368,40a7700000000000,3000,scalar-reference,0,0,1,1,1,1,1,ThreadPool,Accurate,canonical-reduction,compensated,canonical-neumaier-v1-leaf1024,ThreadPool,8,5
2,1.6.0,1.6.0,GCC 14.2,Linux,x86_64,AMD EPYC 9V74 80-Core Processor,sum_adversarial,double,9000,contiguous,1,stable,8,0.036824000000000003,4658815484840378368,40a7700000000000,3000,scalar-reference,0,0,1,1,1,1,1,ThreadPool,Accurate,canonical-reduction,compensated,canonical-neumaier-v1-leaf1024,ThreadPool,8,5
2,1.6.0,1.6.0,GCC 14.2,Linux,x86_64,AMD EPYC 9V74 80-Core Processor,sum_adversarial,double,9000,contiguous,1,stable,9,0.041612000000000003,4658815484840378368,40a7700000000000,3000,scalar-reference,0,0,1,1,1,1,1,ThreadPool,Accurate,canonical-reduction,compensated,canonical-neumaier-v1-leaf1024,ThreadPool,8,5
2,1.6.0,1.6.0,GCC 14.2,Linux,x86_64,AMD EPYC 9V74 80-Core Processor,sum_adversarial,double,9000,contiguous,1,stable,10,0.035213000000000001,4658815484840378368,40a7700000000000,3000,scalar-reference,0,0,1,1,1,1,1,ThreadPool,Accurate,canonical-reduction,compensated,canonical-neumaier-v1-leaf1024,ThreadPool,8,5
2,1.6.0,1.6.0,GCC 14.2,Linux,x86_64,AMD EPYC 9V74 80-Core Processor,sum_adversarial,double,9000,contiguous,1,stable,11,0.036665000000000003,4658815484840378368,40a7700000000000,3000,scalar-reference,0,0,1,1,1,1,1,ThreadPool,Accurate,canonical-reduction,compensated,canonical-neumaier-v1-leaf1024,ThreadPool,8,5
2,1.6.0,1.6.0,GCC 14.2,Linux,x86_64,AMD EPYC 9V74 80-Core Processor,sum_adversarial,double,9000,contiguous,1,stable,12,0.040410000000000001,4658815484840378368,40a7700000000000,3000,scalar-reference,0,0,1,1,1,1,1,ThreadPool,Accurate,canonical-reduction,compensated,canonical-neumaier-v1-leaf1024,ThreadPool,8,5
2,1.6.0,1.6.0,GCC 14.2,Linux,x86_64,AMD EPYC 9V74 80-Core Processor,sum_adversarial,double,9000,contiguous,1,stable,13,0.035373000000000002,4658815484840378368,40a7700000000000,3000,scalar-reference,0,0,1,1,1,1,1,ThreadPool,Accurate,canonical-reduction,compensated,canonical-neumaier-v1-leaf1024,ThreadPool,8,5
2,1.6.0,1.6.0,GCC 14.2,Linux,x86_64,AMD EPYC 9V74 80-Core Processor,sum_adversarial,double,9000,contiguous,1,stable,14,0.041221000000000001,4658815484840378368,40a7700000000000,3000,scalar-reference,0,0,1,1,1,1,1,ThreadPool,Accurate,canonical-reduction,compensated,canonical-neumaier-v1-leaf1024,ThreadPool,8,5
2,1.6.0,1.6.0,GCC 14.2,Linux,x86_64,AMD EPYC 9V74 80-Core Processor,sum_adversarial,double,9000,contiguous,1,stable,15,0.036713999999999997,4658815484840378368,40a7700000000000,3000,scalar-reference,0,0,1,1,1,1,1,ThreadPool,Accurate,canonical-reduction,compensated,canonical-neumaier-v1-leaf1024,ThreadPool,8,5
2,1.6.0,1.6.0,GCC 14.2,Linux,x86_64,AMD EPYC 9V74 80-Core Processor,sum_adversarial,double,9000,contiguous,1,stable,16,0.041201000000000002,4658815484840378368,40a7700000000000,3000,scalar-reference,0,0,1,1,1,1,1,ThreadPool,Accurate,canonical-reduction,compensated,canonical-neumaier-v1-leaf1024,ThreadPool,8,5
2,1.6.0,1.6.0,GCC 14.2,Linux,x86_64,AMD EPYC 9V74 80-Core Processor,sum_adversarial,double,9000,contiguous,1,stable,17,0.037116000000000003,4658815484840378368,40a7700000000000,3000,scalar-reference,0,0,1,1,1,1,1,ThreadPool,Accurate,canonical-reduction,compensated,canonical-neumaier-v1-leaf1024,ThreadPool,8,5
2,1.6.0,1.6.0,GCC 14.2,Linux,x86_64,AMD EPYC 9V74 80-Core Processor,sum_adversarial,double,9000,contiguous,1,stable,18,0.041050999999999997,4658815484840378368,40a7700000000000,3000,scalar-reference,0,0,1,1,1,1,1,ThreadPool,Accurate,canonical-reduction,compensated,canonical-neumaier-v1-leaf1024,ThreadPool,8,5
2,1.6.0,1.6.0,GCC 14.2,Linux,x86_64,AMD EPYC 9V74 80-Core Processor,sum_adversarial,double,9000,contiguous,1,stable,19,0.036324000000000002,4658815484840378368,40a7700000000000,3000,scalar-reference,0,0,1,1,1,1,1,ThreadPool,Accurate,canonical-reduction,compensated,canonical-neumaier-v1-leaf1024,ThreadPool,8,5
2,1.6.0,1.6.0,GCC 14.2,Linux,x86_64,AMD EPYC 9V74 80-Core Processor,sum_adversarial,double,9000,contiguous,1,stable,20,0.040991,4658815484840378368,40a7700000000000,3000,scalar-reference,0,0,1,1,1,1,1,ThreadPool,Accurate,canonical-reduction,compensated,canonical-neumaier-v1-leaf1024,ThreadPool,8,5
2,1.6.0,1.6.0,GCC 14.2,Linux,x86_64,AMD EPYC 9V74 80-Core Processor,sum_adversarial,double,9000,contiguous,1,stable,21,0.035882999999999998,4658815484840378368,40a7700000000000,3000,scalar-reference,0,0,1,1,1,1,1,ThreadPool,Accurate,canonical-reduction,compensated,canonical-neumaier-v1-leaf1024,ThreadPool,8,5
2,1.6.0,1.6.0,GCC 14.2,Linux,x86_64,AMD EPYC 9V74 80-Core Processor,dot_adversarial,double,9000,contiguous,1,first_call,0,0.042513000000000002,4658815484840378368,40a7700000000000,3000,scalar-reference,0,0,1,1,1,1,1,ThreadPool,Accurate,canonical-reduction,compensated,canonical-neumaier-v1-leaf1024,ThreadPool,8,5
2,1.6.0,1.6.0,GCC 14.2,Linux,x86_64,AMD EPYC 9V74 80-Core Processor,dot_adversarial,double,9000,contiguous,1,stable,1,0.036143000000000002,4658815484840378368,40a7700000000000,3000,scalar-reference,0,0,1,1,1,1,1,ThreadPool,Accurate,canonical-reduction,compensated,canonical-neumaier-v1-leaf1024,ThreadPool,8,5
2,1.6.0,1.6.0,GCC 14.2,Linux,x86_64,AMD EPYC 9V74 80-Core Processor,dot_adversarial,double,9000,contiguous,1,stable,2,0.042984000000000001,4658815484840378368,40a7700000000000,3000,scalar-reference,0,0,1,1,1,1,1,ThreadPool,Accurate,canonical-reduction,compensated,canonical-neumaier-v1-leaf1024,ThreadPool,8,5
2,1.6.0,1.6.0,GCC 14.2,Linux,x86_64,AMD EPYC 9V74 80-Core Processor,dot_adversarial,double,9000,contiguous,1,stable,3,0.042243000000000003,4658815484840378368,40a7700000000000,3000,scalar-reference,0,0,1,1,1,1,1,ThreadPool,Accurate,canonical-reduction,compensated,canonical-neumaier-v1-leaf1024,ThreadPool,8,5
2,1.6.0,1.6.0,GCC 14.2,Linux,x86_64,AMD EPYC 9V74 80-Core Processor,dot_adversarial,double,9000,contiguous,1,stable,4,0.042623000000000001,4658815484840378368,40a7700000000000,3000,scalar-reference,0,0,1,1,1,1,1,ThreadPool,Accurate,canonical-reduction,compensated,canonical-neumaier-v1-leaf1024,ThreadPool,8,5
2,1.6.0,1.6.0,GCC 14.2,Linux,x86_64,AMD EPYC 9V74 80-Core Processor,dot_adversarial,double,9000,contiguous,1,stable,5,0.036304000000000003,4658815484840378368,40a7700000000000,3000,scalar-reference,0,0,1,1,1,1,1,ThreadPool,Accurate,canonical-reduction,compensated,canonical-neumaier-v1-leaf1024,ThreadPool,8,5
2,1.6.0,1.6.0,GCC 14.2,Linux,x86_64,AMD EPYC 9V74 80-Core Processor,dot_adversarial,double,9000,contiguous,1,stable,6,0.041711999999999999,4658815484840378368,40a7700000000000,3000,scalar-reference,0,0,1,1,1,1,1,ThreadPool,Accurate,canonical-reduction,compensated,canonical-neumaier-v1-leaf1024,ThreadPool,8,5
2,1.6.0,1.6.0,GCC 14.2,Linux,x86_64,AMD EPYC 9V74 80-Core Processor,dot_adversarial,double,9000,contiguous,1,stable,7,0.036033999999999997,4658815484840378368,40a7700000000000,3000,scalar-reference,0,0,1,1,1,1,1,ThreadPool,Accurate,canonical-reduction,compensated,canonical-neumaier-v1-leaf1024,ThreadPool,8,5
2,1.6.0,1.6.0,GCC 14.2,Linux,x86_64,AMD EPYC 9V74 80-Core Processor,dot_adversarial,double,9000,contiguous,1,stable,8,0.041492000000000001,4658815484840378368,40a7700000000000,3000,scalar-reference,0,0,1,1,1,1,1,ThreadPool,Accurate,canonical-reduction,compensated,canonical-neumaier-v1-leaf1024,ThreadPool,8,5
2,1.6.0,1.6.0,GCC 14.2,Linux,x86_64,AMD EPYC 9V74 80-Core Processor,dot_adversarial,double,9000,contiguous,1,stable,9,0.036263999999999998,4658815484840378368,40a7700000000000,3000,scalar-reference,0,0,1,1,1,1,1,ThreadPool,Accurate,canonical-reduction,compensated,canonical-neumaier-v1-leaf1024,ThreadPool,8,5
2,1.6.0,1.6.0,GCC 14.2,Linux,x86_64,AMD EPYC 9V74 80-Core Processor,dot_adversarial,double,9000,contiguous,1,stable,10,0.042033000000000001,4658815484840378368,40a7700000000000,3000,scalar-reference,0,0,1,1,1,1,1,ThreadPool,Accurate,canonical-reduction,compensated,canonical-neumaier-v1-leaf1024,ThreadPool,8,5
2,1.6.0,1.6.0,GCC 14.2,Linux,x86_64,AMD EPYC 9V74 80-Core Processor,dot_adversarial,double,9000,contiguous,1,stable,11,0.035483000000000001,4658815484840378368,40a7700000000000,3000,scalar-reference,0,0,1,1,1,1,1,ThreadPool,Accurate,canonical-reduction,compensated,canonical-neumaier-v1-leaf1024,ThreadPool,8,5
2,1.6.0,1.6.0,GCC 14.2,Linux,x86_64,AMD EPYC 9V74 80-Core Processor,dot_adversarial,double,9000,contiguous,1,stable,12,0.042772999999999999,4658815484840378368,40a7700000000000,3000,scalar-reference,0,0,1,1,1,1,1,ThreadPool,Accurate,canonical-reduction,compensated,canonical-neumaier-v1-leaf1024,ThreadPool,8,5
2,1.6.0,1.6.0,GCC 14.2,Linux,x86_64,AMD EPYC 9V74 80-Core Processor,dot_adversarial,double,9000,contiguous,1,stable,13,0.034910999999999998,4658815484840378368,40a7700000000000,3000,scalar-reference,0,0,1,1,1,1,1,ThreadPool,Accurate,canonical-reduction,compensated,canonical-neumaier-v1-leaf1024,ThreadPool,8,5
2,1.6.0,1.6.0,GCC 14.2,Linux,x86_64,AMD EPYC 9V74 80-Core Processor,dot_adversarial,double,9000,contiguous,1,stable,14,0.041672000000000001,4658815484840378368,40a7700000000000,3000,scalar-reference,0,0,1,1,1,1,1,ThreadPool,Accurate,canonical-reduction,compensated,canonical-neumaier-v1-leaf1024,ThreadPool,8,5
2,1.6.0,1.6.0,GCC 14.2,Linux,x86_64,AMD EPYC 9V74 80-Core Processor,dot_adversarial,double,9000,contiguous,1,stable,15,0.044124999999999998,4658815484840378368,40a7700000000000,3000,scalar-reference,0,0,1,1,1,1,1,ThreadPool,Accurate,canonical-reduction,compensated,canonical-neumaier-v1-leaf1024,ThreadPool,8,5
2,1.6.0,1.6.0,GCC 14.2,Linux,x86_64,AMD EPYC 9V74 80-Core Processor,dot_adversarial,double,9000,contiguous,1,stable,16,0.037586000000000001,4658815484840378368,40a7700000000000,3000,scalar-reference,0,0,1,1,1,1,1,ThreadPool,Accurate,canonical-reduction,compensated,canonical-neumaier-v1-leaf1024,ThreadPool,8,5
2,1.6.0,1.6.0,GCC 14.2,Linux,x86_64,AMD EPYC 9V74 80-Core Processor,dot_adversarial,double,9000,contiguous,1,stable,17,0.061060000000000003,4658815484840378368,40a7700000000000,3000,scalar-reference,0,0,1,1,1,1,1,ThreadPool,Accurate,canonical-reduction,compensated,canonical-neumaier-v1-leaf1024,ThreadPool,8,5
2,1.6.0,1.6.0,GCC 14.2,Linux,x86_64,AMD EPYC 9V74 80-Core Processor,dot_adversarial,double,9000,contiguous,1,stable,18,0.041710999999999998,4658815484840378368,40a7700000000000,3000,scalar-reference,0,0,1,1,1,1,1,ThreadPool,Accurate,canonical-reduction,compensated,canonical-neumaier-v1-leaf1024,ThreadPool,8,5
2,1.6.0,1.6.0,GCC 14.2,Linux,x86_64,AMD EPYC 9V74 80-Core Processor,dot_adversarial,double,9000,contiguous,1,stable,19,0.030956000000000001,4658815484840378368,40a7700000000000,3000,scalar-reference,0,0,1,1,1,1,1,ThreadPool,Accurate,canonical-reduction,compensated,canonical-neumaier-v1-leaf1024,ThreadPool,8,5
2,1.6.0,1.6.0,GCC 14.2,Linux,x86_64,AMD EPYC 9V74 80-Core Processor,dot_adversarial,double,9000,contiguous,1,stable,20,0.050514999999999997,4658815484840378368,40a7700000000000,3000,scalar-reference,0,0,1,1,1,1,1,ThreadPool,Accurate,canonical-reduction,compensated,canonical-neumaier-v1-leaf1024,ThreadPool,8,5
2,1.6.0,1.6.0,GCC 14.2,Linux,x86_64,AMD EPYC 9V74 80-Core Processor,dot_adversarial,double,9000,contiguous,1,stable,21,0.056804,4658815484840378368,40a7700000000000,3000,scalar-reference,0,0,1,1,1,1,1,ThreadPool,Accurate,canonical-reduction,compensated,canonical-neumaier-v1-leaf1024,ThreadPool,8,5
2,1.6.0,1.6.0,GCC 14.2,Linux,x86_64,AMD EPYC 9V74 80-Core Processor,sum_scaling,double,1048576,contiguous,1,first_call,0,0.83528899999999995,4638345064186407512,405eb642c8846a58,122.84782612734278,scalar-reference,6.9854122486390224e-12,5.6862318763361888e-14,1,1,1,1,1,Sequential,Reproducible,canonical-reduction,pairwise,canonical-pairwise-v1-leaf1024,ThreadPool,1,1
2,1.6.0,1.6.0,GCC 14.2,Linux,x86_64,AMD EPYC 9V74 80-Core Processor,sum_scaling,double,1048576,contiguous,1,stable,1,0.86571399999999998,4638345064186407512,405eb642c8846a58,122.84782612734278,scalar-reference,6.9854122486390224e-12,5.6862318763361888e-14,1,1,1,1,1,Sequential,Reproducible,canonical-reduction,pairwise,canonical-pairwise-v1-leaf1024,ThreadPool,1,1
2,1.6.0,1.6.0,GCC 14.2,Linux,x86_64,AMD EPYC 9V74 80-Core Processor,sum_scaling,double,1048576,contiguous,1,stable,2,0.82319100000000001,4638345064186407512,405eb642c8846a58,122.84782612734278,scalar-reference,6.9854122486390224e-12,5.6862318763361888e-14,1,1,1,1,1,Sequential,Reproducible,canonical-reduction,pairwise,canonical-pairwise-v1-leaf1024,ThreadPool,1,1
2,1.6.0,1.6.0,GCC 14.2,Linux,x86_64,AMD EPYC 9V74 80-Core Processor,sum_scaling,double,1048576,contiguous,1,stable,3,0.84432200000000002,4638345064186407512,405eb642c8846a58,122.84782612734278,scalar-reference,6.9854122486390224e-12,5.6862318763361888e-14,1,1,1,1,1,Sequential,Reproducible,canonical-reduction,pairwise,canonical-pairwise-v1-leaf1024,ThreadPool,1,1
2,1.6.0,1.6.0,GCC 14.2,Linux,x86_64,AMD EPYC 9V74 80-Core Processor,sum_scaling,double,1048576,contiguous,1,stable,4,0.81942599999999999,4638345064186407512,405eb642c8846a58,122.84782612734278,scalar-reference,6.9854122486390224e-12,5.6862318763361888e-14,1,1,1,1,1,Sequential,Reproducible,canonical-reduction,pairwise,canonical-pairwise-v1-leaf1024,ThreadPool,1,1
2,1.6.0,1.6.0,GCC 14.2,Linux,x86_64,AMD EPYC 9V74 80-Core Processor,sum_scaling,double,1048576,contiguous,1,stable,5,0.83924500000000002,4638345064186407512,405eb642c8846a58,122.84782612734278,scalar-reference,6.9854122486390224e-12,5.6862318763361888e-14,1,1,1,1,1,Sequential,Reproducible,canonical-reduction,pairwise,canonical-pairwise-v1-leaf1024,ThreadPool,1,1
2,1.6.0,1.6.0,GCC 14.2,Linux,x86_64,AMD EPYC 9V74 80-Core Processor,sum_scaling,double,1048576,contiguous,1,stable,6,0.85535899999999998,4638345064186407512,405eb642c8846a58,122.84782612734278,scalar-reference,6.9854122486390224e-12,5.6862318763361888e-14,1,1,1,1,1,Sequential,Reproducible,canonical-reduction,pairwise,canonical-pairwise-v1-leaf1024,ThreadPool,1,1
2,1.6.0,1.6.0,GCC 14.2,Linux,x86_64,AMD EPYC 9V74 80-Core Processor,sum_scaling,double,1048576,contiguous,1,stable,7,1.110897,4638345064186407512,405eb642c8846a58,122.84782612734278,scalar-reference,6.9854122486390224e-12,5.6862318763361888e-14,1,1,1,1,1,Sequential,Reproducible,canonical-reduction,pairwise,canonical-pairwise-v1-leaf1024,ThreadPool,1,1
2,1.6.0,1.6.0,GCC 14.2,Linux,x86_64,AMD EPYC 9V74 80-Core Processor,sum_scaling,double,1048576,contiguous,1,stable,8,0.82153799999999999,4638345064186407512,405eb642c8846a58,122.84782612734278,scalar-reference,6.9854122486390224e-12,5.6862318763361888e-14,1,1,1,1,1,Sequential,Reproducible,canonical-reduction,pairwise,canonical-pairwise-v1-leaf1024,ThreadPool,1,1
2,1.6.0,1.6.0,GCC 14.2,Linux,x86_64,AMD EPYC 9V74 80-Core Processor,sum_scaling,double,1048576,contiguous,1,stable,9,0.83203400000000005,4638345064186407512,405eb642c8846a58,122.84782612734278,scalar-reference,6.9854122486390224e-12,5.6862318763361888e-14,1,1,1,1,1,Sequential,Reproducible,canonical-reduction,pairwise,canonical-pairwise-v1-leaf1024,ThreadPool,1,1
2,1.6.0,1.6.0,GCC 14.2,Linux,x86_64,AMD EPYC 9V74 80-Core Processor,sum_scaling,double,1048576,contiguous,1,stable,10,0.84658599999999995,4638345064186407512,405eb642c8846a58,122.84782612734278,scalar-reference,6.9854122486390224e-12,5.6862318763361888e-14,1,1,1,1,1,Sequential,Reproducible,canonical-reduction,pairwise,canonical-pairwise-v1-leaf1024,ThreadPool,1,1
2,1.6.0,1.6.0,GCC 14.2,Linux,x86_64,AMD EPYC 9V74 80-Core Processor,sum_scaling,double,1048576,contiguous,1,stable,11,0.81975600000000004,4638345064186407512,405eb642c8846a58,122.84782612734278,scalar-reference,6.9854122486390224e-12,5.6862318763361888e-14,1,1,1,1,1,Sequential,Reproducible,canonical-reduction,pairwise,canonical-pairwise-v1-leaf1024,ThreadPool,1,1
2,1.6.0,1.6.0,GCC 14.2,Linux,x86_64,AMD EPYC 9V74 80-Core Processor,sum_scaling,double,1048576,contiguous,1,stable,12,0.84389199999999998,4638345064186407512,405eb642c8846a58,122.84782612734278,scalar-reference,6.9854122486390224e-12,5.6862318763361888e-14,1,1,1,1,1,Sequential,Reproducible,canonical-reduction,pairwise,canonical-pairwise-v1-leaf1024,ThreadPool,1,1
2,1.6.0,1.6.0,GCC 14.2,Linux,x86_64,AMD EPYC 9V74 80-Core Processor,sum_scaling,double,1048576,contiguous,1,stable,13,0.84526400000000002,4638345064186407512,405eb642c8846a58,122.84782612734278,scalar-reference,6.9854122486390224e-12,5.6862318763361888e-14,1,1,1,1,1,Sequential,Reproducible,canonical-reduction,pairwise,canonical-pairwise-v1-leaf1024,ThreadPool,1,1
2,1.6.0,1.6.0,GCC 14.2,Linux,x86_64,AMD EPYC 9V74 80-Core Processor,sum_scaling,double,1048576,contiguous,1,stable,14,0.84146799999999999,4638345064186407512,405eb642c8846a58,122.84782612734278,scalar-reference,6.9854122486390224e-12,5.6862318763361888e-14,1,1,1,1,1,Sequential,Reproducible,canonical-reduction,pairwise,canonical-pairwise-v1-leaf1024,ThreadPool,1,1
2,1.6.0,1.6.0,GCC 14.2,Linux,x86_64,AMD EPYC 9V74 80-Core Processor,sum_scaling,double,1048576,contiguous,1,stable,15,0.84904000000000002,4638345064186407512,405eb642c8846a58,122.84782612734278,scalar-reference,6.9854122486390224e-12,5.6862318763361888e-14,1,1,1,1,1,Sequential,Reproducible,canonical-reduction,pairwise,canonical-pairwise-v1-leaf1024,ThreadPool,1,1
2,1.6.0,1.6.0,GCC 14.2,Linux,x86_64,AMD EPYC 9V74 80-Core Processor,sum_scaling,double,1048576,contiguous,1,stable,16,0.91113100000000002,4638345064186407512,405eb642c8846a58,122.84782612734278,scalar-reference,6.9854122486390224e-12,5.6862318763361888e-14,1,1,1,1,1,Sequential,Reproducible,canonical-reduction,pairwise,canonical-pairwise-v1-leaf1024,ThreadPool,1,1
2,1.6.0,1.6.0,GCC 14.2,Linux,x86_64,AMD EPYC 9V74 80-Core Processor,sum_scaling,double,1048576,contiguous,1,stable,17,0.831403,4638345064186407512,405eb642c8846a58,122.84782612734278,scalar-reference,6.9854122486390224e-12,5.6862318763361888e-14,1,1,1,1,1,Sequential,Reproducible,canonical-reduction,pairwise,canonical-pairwise-v1-leaf1024,ThreadPool,1,1
2,1.6.0,1.6.0,GCC 14.2,Linux,x86_64,AMD EPYC 9V74 80-Core Processor,sum_scaling,double,1048576,contiguous,1,stable,18,0.833426,4638345064186407512,405eb642c8846a58,122.84782612734278,scalar-reference,6.9854122486390224e-12,5.6862318763361888e-14,1,1,1,1,1,Sequential,Reproducible,canonical-reduction,pairwise,canonical-pairwise-v1-leaf1024,ThreadPool,1,1
2,1.6.0,1.6.0,GCC 14.2,Linux,x86_64,AMD EPYC 9V74 80-Core Processor,sum_scaling,double,1048576,contiguous,1,stable,19,0.82036600000000004,4638345064186407512,405eb642c8846a58,122.84782612734278,scalar-reference,6.9854122486390224e-12,5.6862318763361888e-14,1,1,1,1,1,Sequential,Reproducible,canonical-reduction,pairwise,canonical-pairwise-v1-leaf1024,ThreadPool,1,1
2,1.6.0,1.6.0,GCC 14.2,Linux,x86_64,AMD EPYC 9V74 80-Core Processor,sum_scaling,double,1048576,contiguous,1,stable,20,0.85356600000000005,4638345064186407512,405eb642c8846a58,122.84782612734278,scalar-reference,6.9854122486390224e-12,5.6862318763361888e-14,1,1,1,1,1,Sequential,Reproducible,canonical-reduction,pairwise,canonical-pairwise-v1-leaf1024,ThreadPool,1,1
2,1.6.0,1.6.0,GCC 14.2,Linux,x86_64,AMD EPYC 9V74 80-Core Processor,sum_scaling,double,1048576,contiguous,1,stable,21,0.83232499999999998,4638345064186407512,405eb642c8846a58,122.84782612734278,scalar-reference,6.9854122486390224e-12,5.6862318763361888e-14,1,1,1,1,1,Sequential,Reproducible,canonical-reduction,pairwise,canonical-pairwise-v1-leaf1024,ThreadPool,1,1
2,1.6.0,1.6.0,GCC 14.2,Linux,x86_64,AMD EPYC 9V74 80-Core Processor,sum_scaling,double,1048576,contiguous,1,first_call,0,0.60166200000000003,4638345064186407512,405eb642c8846a58,122.84782612734278,scalar-reference,6.9854122486390224e-12,5.6862318763361888e-14,1,1,1,1,1,ThreadPool,Reproducible,canonical-reduction,pairwise,canonical-pairwise-v1-leaf1024,ThreadPool,2,2
2,1.6.0,1.6.0,GCC 14.2,Linux,x86_64,AMD EPYC 9V74 80-Core Processor,sum_scaling,double,1048576,contiguous,1,stable,1,0.485209,4638345064186407512,405eb642c8846a58,122.84782612734278,scalar-reference,6.9854122486390224e-12,5.6862318763361888e-14,1,1,1,1,1,ThreadPool,Reproducible,canonical-reduction,pairwise,canonical-pairwise-v1-leaf1024,ThreadPool,2,2
2,1.6.0,1.6.0,GCC 14.2,Linux,x86_64,AMD EPYC 9V74 80-Core Processor,sum_scaling,double,1048576,contiguous,1,stable,2,0.51873999999999998,4638345064186407512,405eb642c8846a58,122.84782612734278,scalar-reference,6.9854122486390224e-12,5.6862318763361888e-14,1,1,1,1,1,ThreadPool,Reproducible,canonical-reduction,pairwise,canonical-pairwise-v1-leaf1024,ThreadPool,2,2
2,1.6.0,1.6.0,GCC 14.2,Linux,x86_64,AMD EPYC 9V74 80-Core Processor,sum_scaling,double,1048576,contiguous,1,stable,3,0.52375700000000003,4638345064186407512,405eb642c8846a58,122.84782612734278,scalar-reference,6.9854122486390224e-12,5.6862318763361888e-14,1,1,1,1,1,ThreadPool,Reproducible,canonical-reduction,pairwise,canonical-pairwise-v1-leaf1024,ThreadPool,2,2
2,1.6.0,1.6.0,GCC 14.2,Linux,x86_64,AMD EPYC 9V74 80-Core Processor,sum_scaling,double,1048576,contiguous,1,stable,4,0.52471800000000002,4638345064186407512,405eb642c8846a58,122.84782612734278,scalar-reference,6.9854122486390224e-12,5.6862318763361888e-14,1,1,1,1,1,ThreadPool,Reproducible,canonical-reduction,pairwise,canonical-pairwise-v1-leaf1024,ThreadPool,2,2
2,1.6.0,1.6.0,GCC 14.2,Linux,x86_64,AMD EPYC 9V74 80-Core Processor,sum_scaling,double,1048576,contiguous,1,stable,5,0.47778900000000002,4638345064186407512,405eb642c8846a58,122.84782612734278,scalar-reference,6.9854122486390224e-12,5.6862318763361888e-14,1,1,1,1,1,ThreadPool,Reproducible,canonical-reduction,pairwise,canonical-pairwise-v1-leaf1024,ThreadPool,2,2
2,1.6.0,1.6.0,GCC 14.2,Linux,x86_64,AMD EPYC 9V74 80-Core Processor,sum_scaling,double,1048576,contiguous,1,stable,6,0.47576600000000002,4638345064186407512,405eb642c8846a58,122.84782612734278,scalar-reference,6.9854122486390224e-12,5.6862318763361888e-14,1,1,1,1,1,ThreadPool,Reproducible,canonical-reduction,pairwise,canonical-pairwise-v1-leaf1024,ThreadPool,2,2
2,1.6.0,1.6.0,GCC 14.2,Linux,x86_64,AMD EPYC 9V74 80-Core Processor,sum_scaling,double,1048576,contiguous,1,stable,7,0.51719700000000002,4638345064186407512,405eb642c8846a58,122.84782612734278,scalar-reference,6.9854122486390224e-12,5.6862318763361888e-14,1,1,1,1,1,ThreadPool,Reproducible,canonical-reduction,pairwise,canonical-pairwise-v1-leaf1024,ThreadPool,2,2
2,1.6.0,1.6.0,GCC 14.2,Linux,x86_64,AMD EPYC 9V74 80-Core Processor,sum_scaling,double,1048576,contiguous,1,stable,8,0.508965,4638345064186407512,405eb642c8846a58,122.84782612734278,scalar-reference,6.9854122486390224e-12,5.6862318763361888e-14,1,1,1,1,1,ThreadPool,Reproducible,canonical-reduction,pairwise,canonical-pairwise-v1-leaf1024,ThreadPool,2,2
2,1.6.0,1.6.0,GCC 14.2,Linux,x86_64,AMD EPYC 9V74 80-Core Processor,sum_scaling,double,1048576,contiguous,1,stable,9,0.48313600000000001,4638345064186407512,405eb642c8846a58,122.84782612734278,scalar-reference,6.9854122486390224e-12,5.6862318763361888e-14,1,1,1,1,1,ThreadPool,Reproducible,canonical-reduction,pairwise,canonical-pairwise-v1-leaf1024,ThreadPool,2,2
2,1.6.0,1.6.0,GCC 14.2,Linux,x86_64,AMD EPYC 9V74 80-Core Processor,sum_scaling,double,1048576,contiguous,1,stable,10,0.47863,4638345064186407512,405eb642c8846a58,122.84782612734278,scalar-reference,6.9854122486390224e-12,5.6862318763361888e-14,1,1,1,1,1,ThreadPool,Reproducible,canonical-reduction,pairwise,canonical-pairwise-v1-leaf1024,ThreadPool,2,2
2,1.6.0,1.6.0,GCC 14.2,Linux,x86_64,AMD EPYC 9V74 80-Core Processor,sum_scaling,double,1048576,contiguous,1,stable,11,0.47118900000000002,4638345064186407512,405eb642c8846a58,122.84782612734278,scalar-reference,6.9854122486390224e-12,5.6862318763361888e-14,1,1,1,1,1,ThreadPool,Reproducible,canonical-reduction,pairwise,canonical-pairwise-v1-leaf1024,ThreadPool,2,2
2,1.6.0,1.6.0,GCC 14.2,Linux,x86_64,AMD EPYC 9V74 80-Core Processor,sum_scaling,double,1048576,contiguous,1,stable,12,0.58638900000000005,4638345064186407512,405eb642c8846a58,122.84782612734278,scalar-reference,6.9854122486390224e-12,5.6862318763361888e-14,1,1,1,1,1,ThreadPool,Reproducible,canonical-reduction,pairwise,canonical-pairwise-v1-leaf1024,ThreadPool,2,2
2,1.6.0,1.6.0,GCC 14.2,Linux,x86_64,AMD EPYC 9V74 80-Core Processor,sum_scaling,double,1048576,contiguous,1,stable,13,0.48103299999999999,4638345064186407512,405eb642c8846a58,122.84782612734278,scalar-reference,6.9854122486390224e-12,5.6862318763361888e-14,1,1,1,1,1,ThreadPool,Reproducible,canonical-reduction,pairwise,canonical-pairwise-v1-leaf1024,ThreadPool,2,2
2,1.6.0,1.6.0,GCC 14.2,Linux,x86_64,AMD EPYC 9V74 80-Core Processor,sum_scaling,double,1048576,contiguous,1,stable,14,0.47471400000000002,4638345064186407512,405eb642c8846a58,122.84782612734278,scalar-reference,6.9854122486390224e-12,5.6862318763361888e-14,1,1,1,1,1,ThreadPool,Reproducible,canonical-reduction,pairwise,canonical-pairwise-v1-leaf1024,ThreadPool,2,2
2,1.6.0,1.6.0,GCC 14.2,Linux,x86_64,AMD EPYC 9V74 80-Core Processor,sum_scaling,double,1048576,contiguous,1,stable,15,0.51548499999999997,4638345064186407512,405eb642c8846a58,122.84782612734278,scalar-reference,6.9854122486390224e-12,5.6862318763361888e-14,1,1,1,1,1,ThreadPool,Reproducible,canonical-reduction,pairwise,canonical-pairwise-v1-leaf1024,ThreadPool,2,2
2,1.6.0,1.6.0,GCC 14.2,Linux,x86_64,AMD EPYC 9V74 80-Core Processor,sum_scaling,double,1048576,contiguous,1,stable,16,0.48535,4638345064186407512,405eb642c8846a58,122.84782612734278,scalar-reference,6.9854122486390224e-12,5.6862318763361888e-14,1,1,1,1,1,ThreadPool,Reproducible,canonical-reduction,pairwise,canonical-pairwise-v1-leaf1024,ThreadPool,2,2
2,1.6.0,1.6.0,GCC 14.2,Linux,x86_64,AMD EPYC 9V74 80-Core Processor,sum_scaling,double,1048576,contiguous,1,stable,17,0.48662100000000003,4638345064186407512,405eb642c8846a58,122.84782612734278,scalar-reference,6.9854122486390224e-12,5.6862318763361888e-14,1,1,1,1,1,ThreadPool,Reproducible,canonical-reduction,pairwise,canonical-pairwise-v1-leaf1024,ThreadPool,2,2
2,1.6.0,1.6.0,GCC 14.2,Linux,x86_64,AMD EPYC 9V74 80-Core Processor,sum_scaling,double,1048576,contiguous,1,stable,18,0.49682700000000002,4638345064186407512,405eb642c8846a58,122.84782612734278,scalar-reference,6.9854122486390224e-12,5.6862318763361888e-14,1,1,1,1,1,ThreadPool,Reproducible,canonical-reduction,pairwise,canonical-pairwise-v1-leaf1024,ThreadPool,2,2
2,1.6.0,1.6.0,GCC 14.2,Linux,x86_64,AMD EPYC 9V74 80-Core Processor,sum_scaling,double,1048576,contiguous,1,stable,19,0.47656700000000002,4638345064186407512,405eb642c8846a58,122.84782612734278,scalar-reference,6.9854122486390224e-12,5.6862318763361888e-14,1,1,1,1,1,ThreadPool,Reproducible,canonical-reduction,pairwise,canonical-pairwise-v1-leaf1024,ThreadPool,2,2
2,1.6.0,1.6.0,GCC 14.2,Linux,x86_64,AMD EPYC 9V74 80-Core Processor,sum_scaling,double,1048576,contiguous,1,stable,20,0.50743300000000002,4638345064186407512,405eb642c8846a58,122.84782612734278,scalar-reference,6.9854122486390224e-12,5.6862318763361888e-14,1,1,1,1,1,ThreadPool,Reproducible,canonical-reduction,pairwise,canonical-pairwise-v1-leaf1024,ThreadPool,2,2
2,1.6.0,1.6.0,GCC 14.2,Linux,x86_64,AMD EPYC 9V74 80-Core Processor,sum_scaling,double,1048576,contiguous,1,stable,21,0.47265099999999999,4638345064186407512,405eb642c8846a58,122.84782612734278,scalar-reference,6.9854122486390224e-12,5.6862318763361888e-14,1,1,1,1,1,ThreadPool,Reproducible,canonical-reduction,pairwise,canonical-pairwise-v1-leaf1024,ThreadPool,2,2
2,1.6.0,1.6.0,GCC 14.2,Linux,x86_64,AMD EPYC 9V74 80-Core Processor,sum_scaling,double,1048576,contiguous,1,first_call,0,0.38331900000000002,4638345064186407512,405eb642c8846a58,122.84782612734278,scalar-reference,6.9854122486390224e-12,5.6862318763361888e-14,1,1,1,1,1,ThreadPool,Reproducible,canonical-reduction,pairwise,canonical-pairwise-v1-leaf1024,ThreadPool,4,4
2,1.6.0,1.6.0,GCC 14.2,Linux,x86_64,AMD EPYC 9V74 80-Core Processor,sum_scaling,double,1048576,contiguous,1,stable,1,0.41473500000000002,4638345064186407512,405eb642c8846a58,122.84782612734278,scalar-reference,6.9854122486390224e-12,5.6862318763361888e-14,1,1,1,1,1,ThreadPool,Reproducible,canonical-reduction,pairwise,canonical-pairwise-v1-leaf1024,ThreadPool,4,4
2,1.6.0,1.6.0,GCC 14.2,Linux,x86_64,AMD EPYC 9V74 80-Core Processor,sum_scaling,double,1048576,contiguous,1,stable,2,0.36932799999999999,4638345064186407512,405eb642c8846a58,122.84782612734278,scalar-reference,6.9854122486390224e-12,5.6862318763361888e-14,1,1,1,1,1,ThreadPool,Reproducible,canonical-reduction,pairwise,canonical-pairwise-v1-leaf1024,ThreadPool,4,4
2,1.6.0,1.6.0,GCC 14.2,Linux,x86_64,AMD EPYC 9V74 80-Core Processor,sum_scaling,double,1048576,contiguous,1,stable,3,0.336009,4638345064186407512,405eb642c8846a58,122.84782612734278,scalar-reference,6.9854122486390224e-12,5.6862318763361888e-14,1,1,1,1,1,ThreadPool,Reproducible,canonical-reduction,pairwise,canonical-pairwise-v1-leaf1024,ThreadPool,4,4
2,1.6.0,1.6.0,GCC 14.2,Linux,x86_64,AMD EPYC 9V74 80-Core Processor,sum_scaling,double,1048576,contiguous,1,stable,4,0.87704099999999996,4638345064186407512,405eb642c8846a58,122.84782612734278,scalar-reference,6.9854122486390224e-12,5.6862318763361888e-14,1,1,1,1,1,ThreadPool,Reproducible,canonical-reduction,pairwise,canonical-pairwise-v1-leaf1024,ThreadPool,4,4
2,1.6.0,1.6.0,GCC 14.2,Linux,x86_64,AMD EPYC 9V74 80-Core Processor,sum_scaling,double,1048576,contiguous,1,stable,5,0.27810299999999999,4638345064186407512,405eb642c8846a58,122.84782612734278,scalar-reference,6.9854122486390224e-12,5.6862318763361888e-14,1,1,1,1,1,ThreadPool,Reproducible,canonical-reduction,pairwise,canonical-pairwise-v1-leaf1024,ThreadPool,4,4
2,1.6.0,1.6.0,GCC 14.2,Linux,x86_64,AMD EPYC 9V74 80-Core Processor,sum_scaling,double,1048576,contiguous,1,stable,6,0.36405999999999999,4638345064186407512,405eb642c8846a58,122.84782612734278,scalar-reference,6.9854122486390224e-12,5.6862318763361888e-14,1,1,1,1,1,ThreadPool,Reproducible,canonical-reduction,pairwise,canonical-pairwise-v1-leaf1024,ThreadPool,4,4
2,1.6.0,1.6.0,GCC 14.2,Linux,x86_64,AMD EPYC 9V74 80-Core Processor,sum_scaling,double,1048576,contiguous,1,stable,7,0.30027500000000001,4638345064186407512,405eb642c8846a58,122.84782612734278,scalar-reference,6.9854122486390224e-12,5.6862318763361888e-14,1,1,1,1,1,ThreadPool,Reproducible,canonical-reduction,pairwise,canonical-pairwise-v1-leaf1024,ThreadPool,4,4
2,1.6.0,1.6.0,GCC 14.2,Linux,x86_64,AMD EPYC 9V74 80-Core Processor,sum_scaling,double,1048576,contiguous,1,stable,8,0.86828799999999995,4638345064186407512,405eb642c8846a58,122.84782612734278,scalar-reference,6.9854122486390224e-12,5.6862318763361888e-14,1,1,1,1,1,ThreadPool,Reproducible,canonical-reduction,pairwise,canonical-pairwise-v1-leaf1024,ThreadPool,4,4
2,1.6.0,1.6.0,GCC 14.2,Linux,x86_64,AMD EPYC 9V74 80-Core Processor,sum_scaling,double,1048576,contiguous,1,stable,9,0.25969500000000001,4638345064186407512,405eb642c8846a58,122.84782612734278,scalar-reference,6.9854122486390224e-12,5.6862318763361888e-14,1,1,1,1,1,ThreadPool,Reproducible,canonical-reduction,pairwise,canonical-pairwise-v1-leaf1024,ThreadPool,4,4
2,1.6.0,1.6.0,GCC 14.2,Linux,x86_64,AMD EPYC 9V74 80-Core Processor,sum_scaling,double,1048576,contiguous,1,stable,10,0.32083600000000001,4638345064186407512,405eb642c8846a58,122.84782612734278,scalar-reference,6.9854122486390224e-12,5.6862318763361888e-14,1,1,1,1,1,ThreadPool,Reproducible,canonical-reduction,pairwise,canonical-pairwise-v1-leaf1024,ThreadPool,4,4
2,1.6.0,1.6.0,GCC 14.2,Linux,x86_64,AMD EPYC 9V74 80-Core Processor,sum_scaling,double,1048576,contiguous,1,stable,11,0.37706000000000001,4638345064186407512,405eb642c8846a58,122.84782612734278,scalar-reference,6.9854122486390224e-12,5.6862318763361888e-14,1,1,1,1,1,ThreadPool,Reproducible,canonical-reduction,pairwise,canonical-pairwise-v1-leaf1024,ThreadPool,4,4
2,1.6.0,1.6.0,GCC 14.2,Linux,x86_64,AMD EPYC 9V74 80-Core Processor,sum_scaling,double,1048576,contiguous,1,stable,12,0.32938800000000001,4638345064186407512,405eb642c8846a58,122.84782612734278,scalar-reference,6.9854122486390224e-12,5.6862318763361888e-14,1,1,1,1,1,ThreadPool,Reproducible,canonical-reduction,pairwise,canonical-pairwise-v1-leaf1024,ThreadPool,4,4
2,1.6.0,1.6.0,GCC 14.2,Linux,x86_64,AMD EPYC 9V74 80-Core Processor,sum_scaling,double,1048576,contiguous,1,stable,13,0.36031400000000002,4638345064186407512,405eb642c8846a58,122.84782612734278,scalar-reference,6.9854122486390224e-12,5.6862318763361888e-14,1,1,1,1,1,ThreadPool,Reproducible,canonical-reduction,pairwise,canonical-pairwise-v1-leaf1024,ThreadPool,4,4
2,1.6.0,1.6.0,GCC 14.2,Linux,x86_64,AMD EPYC 9V74 80-Core Processor,sum_scaling,double,1048576,contiguous,1,stable,14,0.27816299999999999,4638345064186407512,405eb642c8846a58,122.84782612734278,scalar-reference,6.9854122486390224e-12,5.6862318763361888e-14,1,1,1,1,1,ThreadPool,Reproducible,canonical-reduction,pairwise,canonical-pairwise-v1-leaf1024,ThreadPool,4,4
2,1.6.0,1.6.0,GCC 14.2,Linux,x86_64,AMD EPYC 9V74 80-Core Processor,sum_scaling,double,1048576,contiguous,1,stable,15,0.36626399999999998,4638345064186407512,405eb642c8846a58,122.84782612734278,scalar-reference,6.9854122486390224e-12,5.6862318763361888e-14,1,1,1,1,1,ThreadPool,Reproducible,canonical-reduction,pairwise,canonical-pairwise-v1-leaf1024,ThreadPool,4,4
2,1.6.0,1.6.0,GCC 14.2,Linux,x86_64,AMD EPYC 9V74 80-Core Processor,sum_scaling,double,1048576,contiguous,1,stable,16,0.35158099999999998,4638345064186407512,405eb642c8846a58,122.84782612734278,scalar-reference,6.9854122486390224e-12,5.6862318763361888e-14,1,1,1,1,1,ThreadPool,Reproducible,canonical-reduction,pairwise,canonical-pairwise-v1-leaf1024,ThreadPool,4,4
2,1.6.0,1.6.0,GCC 14.2,Linux,x86_64,AMD EPYC 9V74 80-Core Processor,sum_scaling,double,1048576,contiguous,1,stable,17,0.29048099999999999,4638345064186407512,405eb642c8846a58,122.84782612734278,scalar-reference,6.9854122486390224e-12,5.6862318763361888e-14,1,1,1,1,1,ThreadPool,Reproducible,canonical-reduction,pairwise,canonical-pairwise-v1-leaf1024,ThreadPool,4,4
2,1.6.0,1.6.0,GCC 14.2,Linux,x86_64,AMD EPYC 9V74 80-Core Processor,sum_scaling,double,1048576,contiguous,1,stable,18,0.37854100000000002,4638345064186407512,405eb642c8846a58,122.84782612734278,scalar-reference,6.9854122486390224e-12,5.6862318763361888e-14,1,1,1,1,1,ThreadPool,Reproducible,canonical-reduction,pairwise,canonical-pairwise-v1-leaf1024,ThreadPool,4,4
2,1.6.0,1.6.0,GCC 14.2,Linux,x86_64,AMD EPYC 9V74 80-Core Processor,sum_scaling,double,1048576,contiguous,1,stable,19,0.28002500000000002,4638345064186407512,405eb642c8846a58,122.84782612734278,scalar-reference,6.9854122486390224e-12,5.6862318763361888e-14,1,1,1,1,1,ThreadPool,Reproducible,canonical-reduction,pairwise,canonical-pairwise-v1-leaf1024,ThreadPool,4,4
2,1.6.0,1.6.0,GCC 14.2,Linux,x86_64,AMD EPYC 9V74 80-Core Processor,sum_scaling,double,1048576,contiguous,1,stable,20,0.36956899999999998,4638345064186407512,405eb642c8846a58,122.84782612734278,scalar-reference,6.9854122486390224e-12,5.6862318763361888e-14,1,1,1,1,1,ThreadPool,Reproducible,canonical-reduction,pairwise,canonical-pairwise-v1-leaf1024,ThreadPool,4,4
2,1.6.0,1.6.0,GCC 14.2,Linux,x86_64,AMD EPYC 9V74 80-Core Processor,sum_scaling,double,1048576,contiguous,1,stable,21,0.292153,4638345064186407512,405eb642c8846a58,122.84782612734278,scalar-reference,6.9854122486390224e-12,5.6862318763361888e-14,1,1,1,1,1,ThreadPool,Reproducible,canonical-reduction,pairwise,canonical-pairwise-v1-leaf1024,ThreadPool,4,4
2,1.6.0,1.6.0,GCC 14.2,Linux,x86_64,AMD EPYC 9V74 80-Core Processor,sum_scaling,double,1048576,contiguous,1,first_call,0,0.31287399999999999,4638345064186407512,405eb642c8846a58,122.84782612734278,scalar-reference,6.9854122486390224e-12,5.6862318763361888e-14,1,1,1,1,1,ThreadPool,Reproducible,canonical-reduction,pairwise,canonical-pairwise-v1-leaf1024,ThreadPool,8,5
2,1.6.0,1.6.0,GCC 14.2,Linux,x86_64,AMD EPYC 9V74 80-Core Processor,sum_scaling,double,1048576,contiguous,1,stable,1,0.28960000000000002,4638345064186407512,405eb642c8846a58,122.84782612734278,scalar-reference,6.9854122486390224e-12,5.6862318763361888e-14,1,1,1,1,1,ThreadPool,Reproducible,canonical-reduction,pairwise,canonical-pairwise-v1-leaf1024,ThreadPool,8,5
2,1.6.0,1.6.0,GCC 14.2,Linux,x86_64,AMD EPYC 9V74 80-Core Processor,sum_scaling,double,1048576,contiguous,1,stable,2,0.293215,4638345064186407512,405eb642c8846a58,122.84782612734278,scalar-reference,6.9854122486390224e-12,5.6862318763361888e-14,1,1,1,1,1,ThreadPool,Reproducible,canonical-reduction,pairwise,canonical-pairwise-v1-leaf1024,ThreadPool,8,5
2,1.6.0,1.6.0,GCC 14.2,Linux,x86_64,AMD EPYC 9V74 80-Core Processor,sum_scaling,double,1048576,contiguous,1,stable,3,0.28897899999999999,4638345064186407512,405eb642c8846a58,122.84782612734278,scalar-reference,6.9854122486390224e-12,5.6862318763361888e-14,1,1,1,1,1,ThreadPool,Reproducible,canonical-reduction,pairwise,canonical-pairwise-v1-leaf1024,ThreadPool,8,5
2,1.6.0,1.6.0,GCC 14.2,Linux,x86_64,AMD EPYC 9V74 80-Core Processor,sum_scaling,double,1048576,contiguous,1,stable,4,0.24138799999999999,4638345064186407512,405eb642c8846a58,122.84782612734278,scalar-reference,6.9854122486390224e-12,5.6862318763361888e-14,1,1,1,1,1,ThreadPool,Reproducible,canonical-reduction,pairwise,canonical-pairwise-v1-leaf1024,ThreadPool,8,5
2,1.6.0,1.6.0,GCC 14.2,Linux,x86_64,AMD EPYC 9V74 80-Core Processor,sum_scaling,double,1048576,contiguous,1,stable,5,0.29324499999999998,4638345064186407512,405eb642c8846a58,122.84782612734278,scalar-reference,6.9854122486390224e-12,5.6862318763361888e-14,1,1,1,1,1,ThreadPool,Reproducible,canonical-reduction,pairwise,canonical-pairwise-v1-leaf1024,ThreadPool,8,5
2,1.6.0,1.6.0,GCC 14.2,Linux,x86_64,AMD EPYC 9V74 80-Core Processor,sum_scaling,double,1048576,contiguous,1,stable,6,0.25059199999999998,4638345064186407512,405eb642c8846a58,122.84782612734278,scalar-reference,6.9854122486390224e-12,5.6862318763361888e-14,1,1,1,1,1,ThreadPool,Reproducible,canonical-reduction,pairwise,canonical-pairwise-v1-leaf1024,ThreadPool,8,5
2,1.6.0,1.6.0,GCC 14.2,Linux,x86_64,AMD EPYC 9V74 80-Core Processor,sum_scaling,double,1048576,contiguous,1,stable,7,0.29120099999999999,4638345064186407512,405eb642c8846a58,122.84782612734278,scalar-reference,6.9854122486390224e-12,5.6862318763361888e-14,1,1,1,1,1,ThreadPool,Reproducible,canonical-reduction,pairwise,canonical-pairwise-v1-leaf1024,ThreadPool,8,5
2,1.6.0,1.6.0,GCC 14.2,Linux,x86_64,AMD EPYC 9V74 80-Core Processor,sum_scaling,double,1048576,contiguous,1,stable,8,0.247116,4638345064186407512,405eb642c8846a58,122.84782612734278,scalar-reference,6.9854122486390224e-12,5.6862318763361888e-14,1,1,1,1,1,ThreadPool,Reproducible,canonical-reduction,pairwise,canonical-pairwise-v1-leaf1024,ThreadPool,8,5
2,1.6.0,1.6.0,GCC 14.2,Linux,x86_64,AMD EPYC 9V74 80-Core Processor,sum_scaling,double,1048576,contiguous,1,stable,9,0.33902199999999999,4638345064186407512,405eb642c8846a58,122.84782612734278,scalar-reference,6.9854122486390224e-12,5.6862318763361888e-14,1,1,1,1,1,ThreadPool,Reproducible,canonical-reduction,pairwise,canonical-pairwise-v1-leaf1024,ThreadPool,8,5
2,1.6.0,1.6.0,GCC 14.2,Linux,x86_64,AMD EPYC 9V74 80-Core Processor,sum_scaling,double,1048576,contiguous,1,stable,10,0.24836800000000001,4638345064186407512,405eb642c8846a58,122.84782612734278,scalar-reference,6.9854122486390224e-12,5.6862318763361888e-14,1,1,1,1,1,ThreadPool,Reproducible,canonical-reduction,pairwise,canonical-pairwise-v1-leaf1024,ThreadPool,8,5
2,1.6.0,1.6.0,GCC 14.2,Linux,x86_64,AMD EPYC 9V74 80-Core Processor,sum_scaling,double,1048576,contiguous,1,stable,11,0.26006600000000002,4638345064186407512,405eb642c8846a58,122.84782612734278,scalar-reference,6.9854122486390224e-12,5.6862318763361888e-14,1,1,1,1,1,ThreadPool,Reproducible,canonical-reduction,pairwise,canonical-pairwise-v1-leaf1024,ThreadPool,8,5
2,1.6.0,1.6.0,GCC 14.2,Linux,x86_64,AMD EPYC 9V74 80-Core Processor,sum_scaling,double,1048576,contiguous,1,stable,12,0.29944500000000002,4638345064186407512,405eb642c8846a58,122.84782612734278,scalar-reference,6.9854122486390224e-12,5.6862318763361888e-14,1,1,1,1,1,ThreadPool,Reproducible,canonical-reduction,pairwise,canonical-pairwise-v1-leaf1024,ThreadPool,8,5
2,1.6.0,1.6.0,GCC 14.2,Linux,x86_64,AMD EPYC 9V74 80-Core Processor,sum_scaling,double,1048576,contiguous,1,stable,13,0.23585,4638345064186407512,405eb642c8846a58,122.84782612734278,scalar-reference,6.9854122486390224e-12,5.6862318763361888e-14,1,1,1,1,1,ThreadPool,Reproducible,canonical-reduction,pairwise,canonical-pairwise-v1-leaf1024,ThreadPool,8,5
2,1.6.0,1.6.0,GCC 14.2,Linux,x86_64,AMD EPYC 9V74 80-Core Processor,sum_scaling,double,1048576,contiguous,1,stable,14,0.31207299999999999,4638345064186407512,405eb642c8846a58,122.84782612734278,scalar-reference,6.9854122486390224e-12,5.6862318763361888e-14,1,1,1,1,1,ThreadPool,Reproducible,canonical-reduction,pairwise,canonical-pairwise-v1-leaf1024,ThreadPool,8,5
2,1.6.0,1.6.0,GCC 14.2,Linux,x86_64,AMD EPYC 9V74 80-Core Processor,sum_scaling,double,1048576,contiguous,1,stable,15,0.31278400000000001,4638345064186407512,405eb642c8846a58,122.84782612734278,scalar-reference,6.9854122486390224e-12,5.6862318763361888e-14,1,1,1,1,1,ThreadPool,Reproducible,canonical-reduction,pairwise,canonical-pairwise-v1-leaf1024,ThreadPool,8,5
2,1.6.0,1.6.0,GCC 14.2,Linux,x86_64,AMD EPYC 9V74 80-Core Processor,sum_scaling,double,1048576,contiguous,1,stable,16,0.54151400000000005,4638345064186407512,405eb642c8846a58,122.84782612734278,scalar-reference,6.9854122486390224e-12,5.6862318763361888e-14,1,1,1,1,1,ThreadPool,Reproducible,canonical-reduction,pairwise,canonical-pairwise-v1-leaf1024,ThreadPool,8,5
2,1.6.0,1.6.0,GCC 14.2,Linux,x86_64,AMD EPYC 9V74 80-Core Processor,sum_scaling,double,1048576,contiguous,1,stable,17,0.380384,4638345064186407512,405eb642c8846a58,122.84782612734278,scalar-reference,6.9854122486390224e-12,5.6862318763361888e-14,1,1,1,1,1,ThreadPool,Reproducible,canonical-reduction,pairwise,canonical-pairwise-v1-leaf1024,ThreadPool,8,5
2,1.6.0,1.6.0,GCC 14.2,Linux,x86_64,AMD EPYC 9V74 80-Core Processor,sum_scaling,double,1048576,contiguous,1,stable,18,0.366734,4638345064186407512,405eb642c8846a58,122.84782612734278,scalar-reference,6.9854122486390224e-12,5.6862318763361888e-14,1,1,1,1,1,ThreadPool,Reproducible,canonical-reduction,pairwise,canonical-pairwise-v1-leaf1024,ThreadPool,8,5
2,1.6.0,1.6.0,GCC 14.2,Linux,x86_64,AMD EPYC 9V74 80-Core Processor,sum_scaling,double,1048576,contiguous,1,stable,19,0.35929299999999997,4638345064186407512,405eb642c8846a58,122.84782612734278,scalar-reference,6.9854122486390224e-12,5.6862318763361888e-14,1,1,1,1,1,ThreadPool,Reproducible,canonical-reduction,pairwise,canonical-pairwise-v1-leaf1024,ThreadPool,8,5
2,1.6.0,1.6.0,GCC 14.2,Linux,x86_64,AMD EPYC 9V74 80-Core Processor,sum_scaling,double,1048576,contiguous,1,stable,20,0.35973300000000002,4638345064186407512,405eb642c8846a58,122.84782612734278,scalar-reference,6.9854122486390224e-12,5.6862318763361888e-14,1,1,1,1,1,ThreadPool,Reproducible,canonical-reduction,pairwise,canonical-pairwise-v1-leaf1024,ThreadPool,8,5
2,1.6.0,1.6.0,GCC 14.2,Linux,x86_64,AMD EPYC 9V74 80-Core Processor,sum_scaling,double,1048576,contiguous,1,stable,21,0.656524,4638345064186407512,405eb642c8846a58,122.84782612734278,scalar-reference,6.9854122486390224e-12,5.6862318763361888e-14,1,1,1,1,1,ThreadPool,Reproducible,canonical-reduction,pairwise,canonical-pairwise-v1-leaf1024,ThreadPool,8,5
2,1.6.0,1.6.0,GCC 14.2,Linux,x86_64,AMD EPYC 9V74 80-Core Processor,sum_scaling,double,1048576,contiguous,1,first_call,0,0.84764700000000004,4638345064186407512,405eb642c8846a58,122.84782612734278,scalar-reference,6.9854122486390224e-12,5.6862318763361888e-14,1,1,1,1,1,Sequential,Reproducible,canonical-reduction,pairwise,canonical-pairwise-v1-leaf1024,StaticThread,1,1
2,1.6.0,1.6.0,GCC 14.2,Linux,x86_64,AMD EPYC 9V74 80-Core Processor,sum_scaling,double,1048576,contiguous,1,stable,1,0.81951600000000002,4638345064186407512,405eb642c8846a58,122.84782612734278,scalar-reference,6.9854122486390224e-12,5.6862318763361888e-14,1,1,1,1,1,Sequential,Reproducible,canonical-reduction,pairwise,canonical-pairwise-v1-leaf1024,StaticThread,1,1
2,1.6.0,1.6.0,GCC 14.2,Linux,x86_64,AMD EPYC 9V74 80-Core Processor,sum_scaling,double,1048576,contiguous,1,stable,2,0.81861399999999995,4638345064186407512,405eb642c8846a58,122.84782612734278,scalar-reference,6.9854122486390224e-12,5.6862318763361888e-14,1,1,1,1,1,Sequential,Reproducible,canonical-reduction,pairwise,canonical-pairwise-v1-leaf1024,StaticThread,1,1
2,1.6.0,1.6.0,GCC 14.2,Linux,x86_64,AMD EPYC 9V74 80-Core Processor,sum_scaling,double,1048576,contiguous,1,stable,3,0.818303,4638345064186407512,405eb642c8846a58,122.84782612734278,scalar-reference,6.9854122486390224e-12,5.6862318763361888e-14,1,1,1,1,1,Sequential,Reproducible,canonical-reduction,pairwise,canonical-pairwise-v1-leaf1024,StaticThread,1,1
2,1.6.0,1.6.0,GCC 14.2,Linux,x86_64,AMD EPYC 9V74 80-Core Processor,sum_scaling,double,1048576,contiguous,1,stable,4,0.864923,4638345064186407512,405eb642c8846a58,122.84782612734278,scalar-reference,6.9854122486390224e-12,5.6862318763361888e-14,1,1,1,1,1,Sequential,Reproducible,canonical-reduction,pairwise,canonical-pairwise-v1-leaf1024,StaticThread,1,1
2,1.6.0,1.6.0,GCC 14.2,Linux,x86_64,AMD EPYC 9V74 80-Core Processor,sum_scaling,double,1048576,contiguous,1,stable,5,0.83474800000000005,4638345064186407512,405eb642c8846a58,122.84782612734278,scalar-reference,6.9854122486390224e-12,5.6862318763361888e-14,1,1,1,1,1,Sequential,Reproducible,canonical-reduction,pairwise,canonical-pairwise-v1-leaf1024,StaticThread,1,1
2,1.6.0,1.6.0,GCC 14.2,Linux,x86_64,AMD EPYC 9V74 80-Core Processor,sum_scaling,double,1048576,contiguous,1,stable,6,0.81809299999999996,4638345064186407512,405eb642c8846a58,122.84782612734278,scalar-reference,6.9854122486390224e-12,5.6862318763361888e-14,1,1,1,1,1,Sequential,Reproducible,canonical-reduction,pairwise,canonical-pairwise-v1-leaf1024,StaticThread,1,1
2,1.6.0,1.6.0,GCC 14.2,Linux,x86_64,AMD EPYC 9V74 80-Core Processor,sum_scaling,double,1048576,contiguous,1,stable,7,0.82093799999999995,4638345064186407512,405eb642c8846a58,122.84782612734278,scalar-reference,6.9854122486390224e-12,5.6862318763361888e-14,1,1,1,1,1,Sequential,Reproducible,canonical-reduction,pairwise,canonical-pairwise-v1-leaf1024,StaticThread,1,1
2,1.6.0,1.6.0,GCC 14.2,Linux,x86_64,AMD EPYC 9V74 80-Core Processor,sum_scaling,double,1048576,contiguous,1,stable,8,0.83985600000000005,4638345064186407512,405eb642c8846a58,122.84782612734278,scalar-reference,6.9854122486390224e-12,5.6862318763361888e-14,1,1,1,1,1,Sequential,Reproducible,canonical-reduction,pairwise,canonical-pairwise-v1-leaf1024,StaticThread,1,1
2,1.6.0,1.6.0,GCC 14.2,Linux,x86_64,AMD EPYC 9V74 80-Core Processor,sum_scaling,double,1048576,contiguous,1,stable,9,0.81794299999999998,4638345064186407512,405eb642c8846a58,122.84782612734278,scalar-reference,6.9854122486390224e-12,5.6862318763361888e-14,1,1,1,1,1,Sequential,Reproducible,canonical-reduction,pairwise,canonical-pairwise-v1-leaf1024,StaticThread,1,1
2,1.6.0,1.6.0,GCC 14.2,Linux,x86_64,AMD EPYC 9V74 80-Core Processor,sum_scaling,double,1048576,contiguous,1,stable,10,0.95629900000000001,4638345064186407512,405eb642c8846a58,122.84782612734278,scalar-reference,6.9854122486390224e-12,5.6862318763361888e-14,1,1,1,1,1,Sequential,Reproducible,canonical-reduction,pairwise,canonical-pairwise-v1-leaf1024,StaticThread,1,1
2,1.6.0,1.6.0,GCC 14.2,Linux,x86_64,AMD EPYC 9V74 80-Core Processor,sum_scaling,double,1048576,contiguous,1,stable,11,0.81976599999999999,4638345064186407512,405eb642c8846a58,122.84782612734278,scalar-reference,6.9854122486390224e-12,5.6862318763361888e-14,1,1,1,1,1,Sequential,Reproducible,canonical-reduction,pairwise,canonical-pairwise-v1-leaf1024,StaticThread,1,1
2,1.6.0,1.6.0,GCC 14.2,Linux,x86_64,AMD EPYC 9V74 80-Core Processor,sum_scaling,double,1048576,contiguous,1,stable,12,0.81837400000000005,4638345064186407512,405eb642c8846a58,122.84782612734278,scalar-reference,6.9854122486390224e-12,5.6862318763361888e-14,1,1,1,1,1,Sequential,Reproducible,canonical-reduction,pairwise,canonical-pairwise-v1-leaf1024,StaticThread,1,1
2,1.6.0,1.6.0,GCC 14.2,Linux,x86_64,AMD EPYC 9V74 80-Core Processor,sum_scaling,double,1048576,contiguous,1,stable,13,0.84402200000000005,4638345064186407512,405eb642c8846a58,122.84782612734278,scalar-reference,6.9854122486390224e-12,5.6862318763361888e-14,1,1,1,1,1,Sequential,Reproducible,canonical-reduction,pairwise,canonical-pairwise-v1-leaf1024,StaticThread,1,1
2,1.6.0,1.6.0,GCC 14.2,Linux,x86_64,AMD EPYC 9V74 80-Core Processor,sum_scaling,double,1048576,contiguous,1,stable,14,0.81940500000000005,4638345064186407512,405eb642c8846a58,122.84782612734278,scalar-reference,6.9854122486390224e-12,5.6862318763361888e-14,1,1,1,1,1,Sequential,Reproducible,canonical-reduction,pairwise,canonical-pairwise-v1-leaf1024,StaticThread,1,1
2,1.6.0,1.6.0,GCC 14.2,Linux,x86_64,AMD EPYC 9V74 80-Core Processor,sum_scaling,double,1048576,contiguous,1,stable,15,0.83366600000000002,4638345064186407512,405eb642c8846a58,122.84782612734278,scalar-reference,6.9854122486390224e-12,5.6862318763361888e-14,1,1,1,1,1,Sequential,Reproducible,canonical-reduction,pairwise,canonical-pairwise-v1-leaf1024,StaticThread,1,1
2,1.6.0,1.6.0,GCC 14.2,Linux,x86_64,AMD EPYC 9V74 80-Core Processor,sum_scaling,double,1048576,contiguous,1,stable,16,0.81918500000000005,4638345064186407512,405eb642c8846a58,122.84782612734278,scalar-reference,6.9854122486390224e-12,5.6862318763361888e-14,1,1,1,1,1,Sequential,Reproducible,canonical-reduction,pairwise,canonical-pairwise-v1-leaf1024,StaticThread,1,1
2,1.6.0,1.6.0,GCC 14.2,Linux,x86_64,AMD EPYC 9V74 80-Core Processor,sum_scaling,double,1048576,contiguous,1,stable,17,0.81835400000000003,4638345064186407512,405eb642c8846a58,122.84782612734278,scalar-reference,6.9854122486390224e-12,5.6862318763361888e-14,1,1,1,1,1,Sequential,Reproducible,canonical-reduction,pairwise,canonical-pairwise-v1-leaf1024,StaticThread,1,1
2,1.6.0,1.6.0,GCC 14.2,Linux,x86_64,AMD EPYC 9V74 80-Core Processor,sum_scaling,double,1048576,contiguous,1,stable,18,0.83750199999999997,4638345064186407512,405eb642c8846a58,122.84782612734278,scalar-reference,6.9854122486390224e-12,5.6862318763361888e-14,1,1,1,1,1,Sequential,Reproducible,canonical-reduction,pairwise,canonical-pairwise-v1-leaf1024,StaticThread,1,1
2,1.6.0,1.6.0,GCC 14.2,Linux,x86_64,AMD EPYC 9V74 80-Core Processor,sum_scaling,double,1048576,contiguous,1,stable,19,0.83476799999999995,4638345064186407512,405eb642c8846a58,122.84782612734278,scalar-reference,6.9854122486390224e-12,5.6862318763361888e-14,1,1,1,1,1,Sequential,Reproducible,canonical-reduction,pairwise,canonical-pairwise-v1-leaf1024,StaticThread,1,1
2,1.6.0,1.6.0,GCC 14.2,Linux,x86_64,AMD EPYC 9V74 80-Core Processor,sum_scaling,double,1048576,contiguous,1,stable,20,0.81908499999999995,4638345064186407512,405eb642c8846a58,122.84782612734278,scalar-reference,6.9854122486390224e-12,5.6862318763361888e-14,1,1,1,1,1,Sequential,Reproducible,canonical-reduction,pairwise,canonical-pairwise-v1-leaf1024,StaticThread,1,1
2,1.6.0,1.6.0,GCC 14.2,Linux,x86_64,AMD EPYC 9V74 80-Core Processor,sum_scaling,double,1048576,contiguous,1,stable,21,0.81844399999999995,4638345064186407512,405eb642c8846a58,122.84782612734278,scalar-reference,6.9854122486390224e-12,5.6862318763361888e-14,1,1,1,1,1,Sequential,Reproducible,canonical-reduction,pairwise,canonical-pairwise-v1-leaf1024,StaticThread,1,1
2,1.6.0,1.6.0,GCC 14.2,Linux,x86_64,AMD EPYC 9V74 80-Core Processor,sum_scaling,double,1048576,contiguous,1,first_call,0,0.89422599999999997,4638345064186407512,405eb642c8846a58,122.84782612734278,scalar-reference,6.9854122486390224e-12,5.6862318763361888e-14,1,1,1,1,1,StaticThread,Reproducible,canonical-reduction,pairwise,canonical-pairwise-v1-leaf1024,StaticThread,2,2
2,1.6.0,1.6.0,GCC 14.2,Linux,x86_64,AMD EPYC 9V74 80-Core Processor,sum_scaling,double,1048576,contiguous,1,stable,1,0.57547400000000004,4638345064186407512,405eb642c8846a58,122.84782612734278,scalar-reference,6.9854122486390224e-12,5.6862318763361888e-14,1,1,1,1,1,StaticThread,Reproducible,canonical-reduction,pairwise,canonical-pairwise-v1-leaf1024,StaticThread,2,2
2,1.6.0,1.6.0,GCC 14.2,Linux,x86_64,AMD EPYC 9V74 80-Core Processor,sum_scaling,double,1048576,contiguous,1,stable,2,0.52804300000000004,4638345064186407512,405eb642c8846a58,122.84782612734278,scalar-reference,6.9854122486390224e-12,5.6862318763361888e-14,1,1,1,1,1,StaticThread,Reproducible,canonical-reduction,pairwise,canonical-pairwise-v1-leaf1024,StaticThread,2,2
2,1.6.0,1.6.0,GCC 14.2,Linux,x86_64,AMD EPYC 9V74 80-Core Processor,sum_scaling,double,1048576,contiguous,1,stable,3,0.638598,4638345064186407512,405eb642c8846a58,122.84782612734278,scalar-reference,6.9854122486390224e-12,5.6862318763361888e-14,1,1,1,1,1,StaticThread,Reproducible,canonical-reduction,pairwise,canonical-pairwise-v1-leaf1024,StaticThread,2,2
2,1.6.0,1.6.0,GCC 14.2,Linux,x86_64,AMD EPYC 9V74 80-Core Processor,sum_scaling,double,1048576,contiguous,1,stable,4,0.495666,4638345064186407512,405eb642c8846a58,122.84782612734278,scalar-reference,6.9854122486390224e-12,5.6862318763361888e-14,1,1,1,1,1,StaticThread,Reproducible,canonical-reduction,pairwise,canonical-pairwise-v1-leaf1024,StaticThread,2,2
2,1.6.0,1.6.0,GCC 14.2,Linux,x86_64,AMD EPYC 9V74 80-Core Processor,sum_scaling,double,1048576,contiguous,1,stable,5,0.49072700000000002,4638345064186407512,405eb642c8846a58,122.84782612734278,scalar-reference,6.9854122486390224e-12,5.6862318763361888e-14,1,1,1,1,1,StaticThread,Reproducible,canonical-reduction,pairwise,canonical-pairwise-v1-leaf1024,StaticThread,2,2
2,1.6.0,1.6.0,GCC 14.2,Linux,x86_64,AMD EPYC 9V74 80-Core Processor,sum_scaling,double,1048576,contiguous,1,stable,6,0.49011700000000002,4638345064186407512,405eb642c8846a58,122.84782612734278,scalar-reference,6.9854122486390224e-12,5.6862318763361888e-14,1,1,1,1,1,StaticThread,Reproducible,canonical-reduction,pairwise,canonical-pairwise-v1-leaf1024,StaticThread,2,2
2,1.6.0,1.6.0,GCC 14.2,Linux,x86_64,AMD EPYC 9V74 80-Core Processor,sum_scaling,double,1048576,contiguous,1,stable,7,0.54012099999999996,4638345064186407512,405eb642c8846a58,122.84782612734278,scalar-reference,6.9854122486390224e-12,5.6862318763361888e-14,1,1,1,1,1,StaticThread,Reproducible,canonical-reduction,pairwise,canonical-pairwise-v1-leaf1024,StaticThread,2,2
2,1.6.0,1.6.0,GCC 14.2,Linux,x86_64,AMD EPYC 9V74 80-Core Processor,sum_scaling,double,1048576,contiguous,1,stable,8,0.56952499999999995,4638345064186407512,405eb642c8846a58,122.84782612734278,scalar-reference,6.9854122486390224e-12,5.6862318763361888e-14,1,1,1,1,1,StaticThread,Reproducible,canonical-reduction,pairwise,canonical-pairwise-v1-leaf1024,StaticThread,2,2
2,1.6.0,1.6.0,GCC 14.2,Linux,x86_64,AMD EPYC 9V74 80-Core Processor,sum_scaling,double,1048576,contiguous,1,stable,9,0.51287099999999997,4638345064186407512,405eb642c8846a58,122.84782612734278,scalar-reference,6.9854122486390224e-12,5.6862318763361888e-14,1,1,1,1,1,StaticThread,Reproducible,canonical-reduction,pairwise,canonical-pairwise-v1-leaf1024,StaticThread,2,2
2,1.6.0,1.6.0,GCC 14.2,Linux,x86_64,AMD EPYC 9V74 80-Core Processor,sum_scaling,double,1048576,contiguous,1,stable,10,0.54688099999999995,4638345064186407512,405eb642c8846a58,122.84782612734278,scalar-reference,6.9854122486390224e-12,5.6862318763361888e-14,1,1,1,1,1,StaticThread,Reproducible,canonical-reduction,pairwise,canonical-pairwise-v1-leaf1024,StaticThread,2,2
2,1.6.0,1.6.0,GCC 14.2,Linux,x86_64,AMD EPYC 9V74 80-Core Processor,sum_scaling,double,1048576,contiguous,1,stable,11,0.50191399999999997,4638345064186407512,405eb642c8846a58,122.84782612734278,scalar-reference,6.9854122486390224e-12,5.6862318763361888e-14,1,1,1,1,1,StaticThread,Reproducible,canonical-reduction,pairwise,canonical-pairwise-v1-leaf1024,StaticThread,2,2
2,1.6.0,1.6.0,GCC 14.2,Linux,x86_64,AMD EPYC 9V74 80-Core Processor,sum_scaling,double,1048576,contiguous,1,stable,12,0.49818899999999999,4638345064186407512,405eb642c8846a58,122.84782612734278,scalar-reference,6.9854122486390224e-12,5.6862318763361888e-14,1,1,1,1,1,StaticThread,Reproducible,canonical-reduction,pairwise,canonical-pairwise-v1-leaf1024,StaticThread,2,2
2,1.6.0,1.6.0,GCC 14.2,Linux,x86_64,AMD EPYC 9V74 80-Core Processor,sum_scaling,double,1048576,contiguous,1,stable,13,0.498249,4638345064186407512,405eb642c8846a58,122.84782612734278,scalar-reference,6.9854122486390224e-12,5.6862318763361888e-14,1,1,1,1,1,StaticThread,Reproducible,canonical-reduction,pairwise,canonical-pairwise-v1-leaf1024,StaticThread,2,2
2,1.6.0,1.6.0,GCC 14.2,Linux,x86_64,AMD EPYC 9V74 80-Core Processor,sum_scaling,double,1048576,contiguous,1,stable,14,0.49890000000000001,4638345064186407512,405eb642c8846a58,122.84782612734278,scalar-reference,6.9854122486390224e-12,5.6862318763361888e-14,1,1,1,1,1,StaticThread,Reproducible,canonical-reduction,pairwise,canonical-pairwise-v1-leaf1024,StaticThread,2,2
2,1.6.0,1.6.0,GCC 14.2,Linux,x86_64,AMD EPYC 9V74 80-Core Processor,sum_scaling,double,1048576,contiguous,1,stable,15,0.49786900000000001,4638345064186407512,405eb642c8846a58,122.84782612734278,scalar-reference,6.9854122486390224e-12,5.6862318763361888e-14,1,1,1,1,1,StaticThread,Reproducible,canonical-reduction,pairwise,canonical-pairwise-v1-leaf1024,StaticThread,2,2
2,1.6.0,1.6.0,GCC 14.2,Linux,x86_64,AMD EPYC 9V74 80-Core Processor,sum_scaling,double,1048576,contiguous,1,stable,16,0.52759299999999998,4638345064186407512,405eb642c8846a58,122.84782612734278,scalar-reference,6.9854122486390224e-12,5.6862318763361888e-14,1,1,1,1,1,StaticThread,Reproducible,canonical-reduction,pairwise,canonical-pairwise-v1-leaf1024,StaticThread,2,2
2,1.6.0,1.6.0,GCC 14.2,Linux,x86_64,AMD EPYC 9V74 80-Core Processor,sum_scaling,double,1048576,contiguous,1,stable,17,0.52716200000000002,4638345064186407512,405eb642c8846a58,122.84782612734278,scalar-reference,6.9854122486390224e-12,5.6862318763361888e-14,1,1,1,1,1,StaticThread,Reproducible,canonical-reduction,pairwise,canonical-pairwise-v1-leaf1024,StaticThread,2,2
2,1.6.0,1.6.0,GCC 14.2,Linux,x86_64,AMD EPYC 9V74 80-Core Processor,sum_scaling,double,1048576,contiguous,1,stable,18,0.55483300000000002,4638345064186407512,405eb642c8846a58,122.84782612734278,scalar-reference,6.9854122486390224e-12,5.6862318763361888e-14,1,1,1,1,1,StaticThread,Reproducible,canonical-reduction,pairwise,canonical-pairwise-v1-leaf1024,StaticThread,2,2
2,1.6.0,1.6.0,GCC 14.2,Linux,x86_64,AMD EPYC 9V74 80-Core Processor,sum_scaling,double,1048576,contiguous,1,stable,19,0.519401,4638345064186407512,405eb642c8846a58,122.84782612734278,scalar-reference,6.9854122486390224e-12,5.6862318763361888e-14,1,1,1,1,1,StaticThread,Reproducible,canonical-reduction,pairwise,canonical-pairwise-v1-leaf1024,StaticThread,2,2
2,1.6.0,1.6.0,GCC 14.2,Linux,x86_64,AMD EPYC 9V74 80-Core Processor,sum_scaling,double,1048576,contiguous,1,stable,20,0.51348199999999999,4638345064186407512,405eb642c8846a58,122.84782612734278,scalar-reference,6.9854122486390224e-12,5.6862318763361888e-14,1,1,1,1,1,StaticThread,Reproducible,canonical-reduction,pairwise,canonical-pairwise-v1-leaf1024,StaticThread,2,2
2,1.6.0,1.6.0,GCC 14.2,Linux,x86_64,AMD EPYC 9V74 80-Core Processor,sum_scaling,double,1048576,contiguous,1,stable,21,0.54226399999999997,4638345064186407512,405eb642c8846a58,122.84782612734278,scalar-reference,6.9854122486390224e-12,5.6862318763361888e-14,1,1,1,1,1,StaticThread,Reproducible,canonical-reduction,pairwise,canonical-pairwise-v1-leaf1024,StaticThread,2,2
2,1.6.0,1.6.0,GCC 14.2,Linux,x86_64,AMD EPYC 9V74 80-Core Processor,sum_scaling,double,1048576,contiguous,1,first_call,0,0.42977700000000002,4638345064186407512,405eb642c8846a58,122.84782612734278,scalar-reference,6.9854122486390224e-12,5.6862318763361888e-14,1,1,1,1,1,StaticThread,Reproducible,canonical-reduction,pairwise,canonical-pairwise-v1-leaf1024,StaticThread,4,4
2,1.6.0,1.6.0,GCC 14.2,Linux,x86_64,AMD EPYC 9V74 80-Core Processor,sum_scaling,double,1048576,contiguous,1,stable,1,0.34518199999999999,4638345064186407512,405eb642c8846a58,122.84782612734278,scalar-reference,6.9854122486390224e-12,5.6862318763361888e-14,1,1,1,1,1,StaticThread,Reproducible,canonical-reduction,pairwise,canonical-pairwise-v1-leaf1024,StaticThread,4,4
2,1.6.0,1.6.0,GCC 14.2,Linux,x86_64,AMD EPYC 9V74 80-Core Processor,sum_scaling,double,1048576,contiguous,1,stable,2,0.38002399999999997,4638345064186407512,405eb642c8846a58,122.84782612734278,scalar-reference,6.9854122486390224e-12,5.6862318763361888e-14,1,1,1,1,1,StaticThread,Reproducible,canonical-reduction,pairwise,canonical-pairwise-v1-leaf1024,StaticThread,4,4
2,1.6.0,1.6.0,GCC 14.2,Linux,x86_64,AMD EPYC 9V74 80-Core Processor,sum_scaling,double,1048576,contiguous,1,stable,3,0.34499200000000002,4638345064186407512,405eb642c8846a58,122.84782612734278,scalar-reference,6.9854122486390224e-12,5.6862318763361888e-14,1,1,1,1,1,StaticThread,Reproducible,canonical-reduction,pairwise,canonical-pairwise-v1-leaf1024,StaticThread,4,4
2,1.6.0,1.6.0,GCC 14.2,Linux,x86_64,AMD EPYC 9V74 80-Core Processor,sum_scaling,double,1048576,contiguous,1,stable,4,0.34874699999999997,4638345064186407512,405eb642c8846a58,122.84782612734278,scalar-reference,6.9854122486390224e-12,5.6862318763361888e-14,1,1,1,1,1,StaticThread,Reproducible,canonical-reduction,pairwise,canonical-pairwise-v1-leaf1024,StaticThread,4,4
2,1.6.0,1.6.0,GCC 14.2,Linux,x86_64,AMD EPYC 9V74 80-Core Processor,sum_scaling,double,1048576,contiguous,1,stable,5,0.37824099999999999,4638345064186407512,405eb642c8846a58,122.84782612734278,scalar-reference,6.9854122486390224e-12,5.6862318763361888e-14,1,1,1,1,1,StaticThread,Reproducible,canonical-reduction,pairwise,canonical-pairwise-v1-leaf1024,StaticThread,4,4
2,1.6.0,1.6.0,GCC 14.2,Linux,x86_64,AMD EPYC 9V74 80-Core Processor,sum_scaling,double,1048576,contiguous,1,stable,6,0.32325900000000002,4638345064186407512,405eb642c8846a58,122.84782612734278,scalar-reference,6.9854122486390224e-12,5.6862318763361888e-14,1,1,1,1,1,StaticThread,Reproducible,canonical-reduction,pairwise,canonical-pairwise-v1-leaf1024,StaticThread,4,4
2,1.6.0,1.6.0,GCC 14.2,Linux,x86_64,AMD EPYC 9V74 80-Core Processor,sum_scaling,double,1048576,contiguous,1,stable,7,0.322438,4638345064186407512,405eb642c8846a58,122.84782612734278,scalar-reference,6.9854122486390224e-12,5.6862318763361888e-14,1,1,1,1,1,StaticThread,Reproducible,canonical-reduction,pairwise,canonical-pairwise-v1-leaf1024,StaticThread,4,4
2,1.6.0,1.6.0,GCC 14.2,Linux,x86_64,AMD EPYC 9V74 80-Core Processor,sum_scaling,double,1048576,contiguous,1,stable,8,0.379913,4638345064186407512,405eb642c8846a58,122.84782612734278,scalar-reference,6.9854122486390224e-12,5.6862318763361888e-14,1,1,1,1,1,StaticThread,Reproducible,canonical-reduction,pairwise,canonical-pairwise-v1-leaf1024,StaticThread,4,4
2,1.6.0,1.6.0,GCC 14.2,Linux,x86_64,AMD EPYC 9V74 80-Core Processor,sum_scaling,double,1048576,contiguous,1,stable,9,0.31983400000000001,4638345064186407512,405eb642c8846a58,122.84782612734278,scalar-reference,6.9854122486390224e-12,5.6862318763361888e-14,1,1,1,1,1,StaticThread,Reproducible,canonical-reduction,pairwise,canonical-pairwise-v1-leaf1024,StaticThread,4,4
2,1.6.0,1.6.0,GCC 14.2,Linux,x86_64,AMD EPYC 9V74 80-Core Processor,sum_scaling,double,1048576,contiguous,1,stable,10,0.316469,4638345064186407512,405eb642c8846a58,122.84782612734278,scalar-reference,6.9854122486390224e-12,5.6862318763361888e-14,1,1,1,1,1,StaticThread,Reproducible,canonical-reduction,pairwise,canonical-pairwise-v1-leaf1024,StaticThread,4,4
2,1.6.0,1.6.0,GCC 14.2,Linux,x86_64,AMD EPYC 9V74 80-Core Processor,sum_scaling,double,1048576,contiguous,1,stable,11,0.320936,4638345064186407512,405eb642c8846a58,122.84782612734278,scalar-reference,6.9854122486390224e-12,5.6862318763361888e-14,1,1,1,1,1,StaticThread,Reproducible,canonical-reduction,pairwise,canonical-pairwise-v1-leaf1024,StaticThread,4,4
2,1.6.0,1.6.0,GCC 14.2,Linux,x86_64,AMD EPYC 9V74 80-Core Processor,sum_scaling,double,1048576,contiguous,1,stable,12,0.322409,4638345064186407512,405eb642c8846a58,122.84782612734278,scalar-reference,6.9854122486390224e-12,5.6862318763361888e-14,1,1,1,1,1,StaticThread,Reproducible,canonical-reduction,pairwise,canonical-pairwise-v1-leaf1024,StaticThread,4,4
2,1.6.0,1.6.0,GCC 14.2,Linux,x86_64,AMD EPYC 9V74 80-Core Processor,sum_scaling,double,1048576,contiguous,1,stable,13,0.34388000000000002,4638345064186407512,405eb642c8846a58,122.84782612734278,scalar-reference,6.9854122486390224e-12,5.6862318763361888e-14,1,1,1,1,1,StaticThread,Reproducible,canonical-reduction,pairwise,canonical-pairwise-v1-leaf1024,StaticThread,4,4
2,1.6.0,1.6.0,GCC 14.2,Linux,x86_64,AMD EPYC 9V74 80-Core Processor,sum_scaling,double,1048576,contiguous,1,stable,14,0.320185,4638345064186407512,405eb642c8846a58,122.84782612734278,scalar-reference,6.9854122486390224e-12,5.6862318763361888e-14,1,1,1,1,1,StaticThread,Reproducible,canonical-reduction,pairwise,canonical-pairwise-v1-leaf1024,StaticThread,4,4
2,1.6.0,1.6.0,GCC 14.2,Linux,x86_64,AMD EPYC 9V74 80-Core Processor,sum_scaling,double,1048576,contiguous,1,stable,15,0.31968400000000002,4638345064186407512,405eb642c8846a58,122.84782612734278,scalar-reference,6.9854122486390224e-12,5.6862318763361888e-14,1,1,1,1,1,StaticThread,Reproducible,canonical-reduction,pairwise,canonical-pairwise-v1-leaf1024,StaticThread,4,4
2,1.6.0,1.6.0,GCC 14.2,Linux,x86_64,AMD EPYC 9V74 80-Core Processor,sum_scaling,double,1048576,contiguous,1,stable,16,0.30393999999999999,4638345064186407512,405eb642c8846a58,122.84782612734278,scalar-reference,6.9854122486390224e-12,5.6862318763361888e-14,1,1,1,1,1,StaticThread,Reproducible,canonical-reduction,pairwise,canonical-pairwise-v1-leaf1024,StaticThread,4,4
2,1.6.0,1.6.0,GCC 14.2,Linux,x86_64,AMD EPYC 9V74 80-Core Processor,sum_scaling,double,1048576,contiguous,1,stable,17,0.328737,4638345064186407512,405eb642c8846a58,122.84782612734278,scalar-reference,6.9854122486390224e-12,5.6862318763361888e-14,1,1,1,1,1,StaticThread,Reproducible,canonical-reduction,pairwise,canonical-pairwise-v1-leaf1024,StaticThread,4,4
2,1.6.0,1.6.0,GCC 14.2,Linux,x86_64,AMD EPYC 9V74 80-Core Processor,sum_scaling,double,1048576,contiguous,1,stable,18,0.32011499999999998,4638345064186407512,405eb642c8846a58,122.84782612734278,scalar-reference,6.9854122486390224e-12,5.6862318763361888e-14,1,1,1,1,1,StaticThread,Reproducible,canonical-reduction,pairwise,canonical-pairwise-v1-leaf1024,StaticThread,4,4
2,1.6.0,1.6.0,GCC 14.2,Linux,x86_64,AMD EPYC 9V74 80-Core Processor,sum_scaling,double,1048576,contiguous,1,stable,19,0.31886300000000001,4638345064186407512,405eb642c8846a58,122.84782612734278,scalar-reference,6.9854122486390224e-12,5.6862318763361888e-14,1,1,1,1,1,StaticThread,Reproducible,canonical-reduction,pairwise,canonical-pairwise-v1-leaf1024,StaticThread,4,4
2,1.6.0,1.6.0,GCC 14.2,Linux,x86_64,AMD EPYC 9V74 80-Core Processor,sum_scaling,double,1048576,contiguous,1,stable,20,0.32001400000000002,4638345064186407512,405eb642c8846a58,122.84782612734278,scalar-reference,6.9854122486390224e-12,5.6862318763361888e-14,1,1,1,1,1,StaticThread,Reproducible,canonical-reduction,pairwise,canonical-pairwise-v1-leaf1024,StaticThread,4,4
2,1.6.0,1.6.0,GCC 14.2,Linux,x86_64,AMD EPYC 9V74 80-Core Processor,sum_scaling,double,1048576,contiguous,1,stable,21,0.32148700000000002,4638345064186407512,405eb642c8846a58,122.84782612734278,scalar-reference,6.9854122486390224e-12,5.6862318763361888e-14,1,1,1,1,1,StaticThread,Reproducible,canonical-reduction,pairwise,canonical-pairwise-v1-leaf1024,StaticThread,4,4
2,1.6.0,1.6.0,GCC 14.2,Linux,x86_64,AMD EPYC 9V74 80-Core Processor,sum_scaling,double,1048576,contiguous,1,first_call,0,0.34268799999999999,4638345064186407512,405eb642c8846a58,122.84782612734278,scalar-reference,6.9854122486390224e-12,5.6862318763361888e-14,1,1,1,1,1,StaticThread,Reproducible,canonical-reduction,pairwise,canonical-pairwise-v1-leaf1024,StaticThread,8,5
2,1.6.0,1.6.0,GCC 14.2,Linux,x86_64,AMD EPYC 9V74 80-Core Processor,sum_scaling,double,1048576,contiguous,1,stable,1,0.32837699999999997,4638345064186407512,405eb642c8846a58,122.84782612734278,scalar-reference,6.9854122486390224e-12,5.6862318763361888e-14,1,1,1,1,1,StaticThread,Reproducible,canonical-reduction,pairwise,canonical-pairwise-v1-leaf1024,StaticThread,8,5
2,1.6.0,1.6.0,GCC 14.2,Linux,x86_64,AMD EPYC 9V74 80-Core Processor,sum_scaling,double,1048576,contiguous,1,stable,2,0.31142199999999998,4638345064186407512,405eb642c8846a58,122.84782612734278,scalar-reference,6.9854122486390224e-12,5.6862318763361888e-14,1,1,1,1,1,StaticThread,Reproducible,canonical-reduction,pairwise,canonical-pairwise-v1-leaf1024,StaticThread,8,5
2,1.6.0,1.6.0,GCC 14.2,Linux,x86_64,AMD EPYC 9V74 80-Core Processor,sum_scaling,double,1048576,contiguous,1,stable,3,0.36527199999999999,4638345064186407512,405eb642c8846a58,122.84782612734278,scalar-reference,6.9854122486390224e-12,5.6862318763361888e-14,1,1,1,1,1,StaticThread,Reproducible,canonical-reduction,pairwise,canonical-pairwise-v1-leaf1024,StaticThread,8,5
2,1.6.0,1.6.0,GCC 14.2,Linux,x86_64,AMD EPYC 9V74 80-Core Processor,sum_scaling,double,1048576,contiguous,1,stable,4,0.421315,4638345064186407512,405eb642c8846a58,122.84782612734278,scalar-reference,6.9854122486390224e-12,5.6862318763361888e-14,1,1,1,1,1,StaticThread,Reproducible,canonical-reduction,pairwise,canonical-pairwise-v1-leaf1024,StaticThread,8,5
2,1.6.0,1.6.0,GCC 14.2,Linux,x86_64,AMD EPYC 9V74 80-Core Processor,sum_scaling,double,1048576,contiguous,1,stable,5,0.32930900000000002,4638345064186407512,405eb642c8846a58,122.84782612734278,scalar-reference,6.9854122486390224e-12,5.6862318763361888e-14,1,1,1,1,1,StaticThread,Reproducible,canonical-reduction,pairwise,canonical-pairwise-v1-leaf1024,StaticThread,8,5
2,1.6.0,1.6.0,GCC 14.2,Linux,x86_64,AMD EPYC 9V74 80-Core Processor,sum_scaling,double,1048576,contiguous,1,stable,6,0.32875700000000002,4638345064186407512,405eb642c8846a58,122.84782612734278,scalar-reference,6.9854122486390224e-12,5.6862318763361888e-14,1,1,1,1,1,StaticThread,Reproducible,canonical-reduction,pairwise,canonical-pairwise-v1-leaf1024,StaticThread,8,5
2,1.6.0,1.6.0,GCC 14.2,Linux,x86_64,AMD EPYC 9V74 80-Core Processor,sum_scaling,double,1048576,contiguous,1,stable,7,0.47400300000000001,4638345064186407512,405eb642c8846a58,122.84782612734278,scalar-reference,6.9854122486390224e-12,5.6862318763361888e-14,1,1,1,1,1,StaticThread,Reproducible,canonical-reduction,pairwise,canonical-pairwise-v1-leaf1024,StaticThread,8,5
2,1.6.0,1.6.0,GCC 14.2,Linux,x86_64,AMD EPYC 9V74 80-Core Processor,sum_scaling,double,1048576,contiguous,1,stable,8,0.41600700000000002,4638345064186407512,405eb642c8846a58,122.84782612734278,scalar-reference,6.9854122486390224e-12,5.6862318763361888e-14,1,1,1,1,1,StaticThread,Reproducible,canonical-reduction,pairwise,canonical-pairwise-v1-leaf1024,StaticThread,8,5
2,1.6.0,1.6.0,GCC 14.2,Linux,x86_64,AMD EPYC 9V74 80-Core Processor,sum_scaling,double,1048576,contiguous,1,stable,9,0.33830199999999999,4638345064186407512,405eb642c8846a58,122.84782612734278,scalar-reference,6.9854122486390224e-12,5.6862318763361888e-14,1,1,1,1,1,StaticThread,Reproducible,canonical-reduction,pairwise,canonical-pairwise-v1-leaf1024,StaticThread,8,5
2,1.6.0,1.6.0,GCC 14.2,Linux,x86_64,AMD EPYC 9V74 80-Core Processor,sum_scaling,double,1048576,contiguous,1,stable,10,0.32558300000000001,4638345064186407512,405eb642c8846a58,122.84782612734278,scalar-reference,6.9854122486390224e-12,5.6862318763361888e-14,1,1,1,1,1,StaticThread,Reproducible,canonical-reduction,pairwise,canonical-pairwise-v1-leaf1024,StaticThread,8,5
2,1.6.0,1.6.0,GCC 14.2,Linux,x86_64,AMD EPYC 9V74 80-Core Processor,sum_scaling,double,1048576,contiguous,1,stable,11,0.32673400000000002,4638345064186407512,405eb642c8846a58,122.84782612734278,scalar-reference,6.9854122486390224e-12,5.6862318763361888e-14,1,1,1,1,1,StaticThread,Reproducible,canonical-reduction,pairwise,canonical-pairwise-v1-leaf1024,StaticThread,8,5
2,1.6.0,1.6.0,GCC 14.2,Linux,x86_64,AMD EPYC 9V74 80-Core Processor,sum_scaling,double,1048576,contiguous,1,stable,12,0.31757099999999999,4638345064186407512,405eb642c8846a58,122.84782612734278,scalar-reference,6.9854122486390224e-12,5.6862318763361888e-14,1,1,1,1,1,StaticThread,Reproducible,canonical-reduction,pairwise,canonical-pairwise-v1-leaf1024,StaticThread,8,5
2,1.6.0,1.6.0,GCC 14.2,Linux,x86_64,AMD EPYC 9V74 80-Core Processor,sum_scaling,double,1048576,contiguous,1,stable,13,0.32764599999999999,4638345064186407512,405eb642c8846a58,122.84782612734278,scalar-reference,6.9854122486390224e-12,5.6862318763361888e-14,1,1,1,1,1,StaticThread,Reproducible,canonical-reduction,pairwise,canonical-pairwise-v1-leaf1024,StaticThread,8,5
2,1.6.0,1.6.0,GCC 14.2,Linux,x86_64,AMD EPYC 9V74 80-Core Processor,sum_scaling,double,1048576,contiguous,1,stable,14,0.34979900000000003,4638345064186407512,405eb642c8846a58,122.84782612734278,scalar-reference,6.9854122486390224e-12,5.6862318763361888e-14,1,1,1,1,1,StaticThread,Reproducible,canonical-reduction,pairwise,canonical-pairwise-v1-leaf1024,StaticThread,8,5
2,1.6.0,1.6.0,GCC 14.2,Linux,x86_64,AMD EPYC 9V74 80-Core Processor,sum_scaling,double,1048576,contiguous,1,stable,15,0.45826,4638345064186407512,405eb642c8846a58,122.84782612734278,scalar-reference,6.9854122486390224e-12,5.6862318763361888e-14,1,1,1,1,1,StaticThread,Reproducible,canonical-reduction,pairwise,canonical-pairwise-v1-leaf1024,StaticThread,8,5
2,1.6.0,1.6.0,GCC 14.2,Linux,x86_64,AMD EPYC 9V74 80-Core Processor,sum_scaling,double,1048576,contiguous,1,stable,16,0.33381499999999997,4638345064186407512,405eb642c8846a58,122.84782612734278,scalar-reference,6.9854122486390224e-12,5.6862318763361888e-14,1,1,1,1,1,StaticThread,Reproducible,canonical-reduction,pairwise,canonical-pairwise-v1-leaf1024,StaticThread,8,5
2,1.6.0,1.6.0,GCC 14.2,Linux,x86_64,AMD EPYC 9V74 80-Core Processor,sum_scaling,double,1048576,contiguous,1,stable,17,0.33816200000000002,4638345064186407512,405eb642c8846a58,122.84782612734278,scalar-reference,6.9854122486390224e-12,5.6862318763361888e-14,1,1,1,1,1,StaticThread,Reproducible,canonical-reduction,pairwise,canonical-pairwise-v1-leaf1024,StaticThread,8,5
2,1.6.0,1.6.0,GCC 14.2,Linux,x86_64,AMD EPYC 9V74 80-Core Processor,sum_scaling,double,1048576,contiguous,1,stable,18,0.32282899999999998,4638345064186407512,405eb642c8846a58,122.84782612734278,scalar-reference,6.9854122486390224e-12,5.6862318763361888e-14,1,1,1,1,1,StaticThread,Reproducible,canonical-reduction,pairwise,canonical-pairwise-v1-leaf1024,StaticThread,8,5
2,1.6.0,1.6.0,GCC 14.2,Linux,x86_64,AMD EPYC 9V74 80-Core Processor,sum_scaling,double,1048576,contiguous,1,stable,19,0.33100099999999999,4638345064186407512,405eb642c8846a58,122.84782612734278,scalar-reference,6.9854122486390224e-12,5.6862318763361888e-14,1,1,1,1,1,StaticThread,Reproducible,canonical-reduction,pairwise,canonical-pairwise-v1-leaf1024,StaticThread,8,5
2,1.6.0,1.6.0,GCC 14.2,Linux,x86_64,AMD EPYC 9V74 80-Core Processor,sum_scaling,double,1048576,contiguous,1,stable,20,0.33839200000000003,4638345064186407512,405eb642c8846a58,122.84782612734278,scalar-reference,6.9854122486390224e-12,5.6862318763361888e-14,1,1,1,1,1,StaticThread,Reproducible,canonical-reduction,pairwise,canonical-pairwise-v1-leaf1024,StaticThread,8,5
2,1.6.0,1.6.0,GCC 14.2,Linux,x86_64,AMD EPYC 9V74 80-Core Processor,sum_scaling,double,1048576,contiguous,1,stable,21,0.31206299999999998,4638345064186407512,405eb642c8846a58,122.84782612734278,scalar-reference,6.9854122486390224e-12,5.6862318763361888e-14,1,1,1,1,1,StaticThread,Reproducible,canonical-reduction,pairwise,canonical-pairwise-v1-leaf1024,StaticThread,8,5
2,1.6.0,1.6.0,GCC 14.2,Linux,x86_64,AMD EPYC 9V74 80-Core Processor,axpy_pointwise_matrix,double,262144,contiguous,1,first_call,0,0.089502999999999999,4688251006710284584,0a49b667e681e49f,262364.8758144551,0a49b667e681e49f,0,0,1,1,1,1,1,Sequential,Reproducible,canonical-pointwise,fixed_pointwise_expression,canonical-pointwise-v1-target4096,ThreadPool,1,1
2,1.6.0,1.6.0,GCC 14.2,Linux,x86_64,AMD EPYC 9V74 80-Core Processor,axpy_pointwise_matrix,double,262144,contiguous,1,stable,1,0.065387000000000001,4688251006710284584,0a49b667e681e49f,262364.8758144551,0a49b667e681e49f,0,0,1,1,1,1,1,Sequential,Reproducible,canonical-pointwise,fixed_pointwise_expression,canonical-pointwise-v1-target4096,ThreadPool,1,1
2,1.6.0,1.6.0,GCC 14.2,Linux,x86_64,AMD EPYC 9V74 80-Core Processor,axpy_pointwise_matrix,double,262144,contiguous,1,stable,2,0.057005,4688251006710284584,0a49b667e681e49f,262364.8758144551,0a49b667e681e49f,0,0,1,1,1,1,1,Sequential,Reproducible,canonical-pointwise,fixed_pointwise_expression,canonical-pointwise-v1-target4096,ThreadPool,1,1
2,1.6.0,1.6.0,GCC 14.2,Linux,x86_64,AMD EPYC 9V74 80-Core Processor,axpy_pointwise_matrix,double,262144,contiguous,1,stable,3,0.059478000000000003,4688251006710284584,0a49b667e681e49f,262364.8758144551,0a49b667e681e49f,0,0,1,1,1,1,1,Sequential,Reproducible,canonical-pointwise,fixed_pointwise_expression,canonical-pointwise-v1-target4096,ThreadPool,1,1
2,1.6.0,1.6.0,GCC 14.2,Linux,x86_64,AMD EPYC 9V74 80-Core Processor,axpy_pointwise_matrix,double,262144,contiguous,1,stable,4,0.056494000000000003,4688251006710284584,0a49b667e681e49f,262364.8758144551,0a49b667e681e49f,0,0,1,1,1,1,1,Sequential,Reproducible,canonical-pointwise,fixed_pointwise_expression,canonical-pointwise-v1-target4096,ThreadPool,1,1
2,1.6.0,1.6.0,GCC 14.2,Linux,x86_64,AMD EPYC 9V74 80-Core Processor,axpy_pointwise_matrix,double,262144,contiguous,1,stable,5,0.057305000000000002,4688251006710284584,0a49b667e681e49f,262364.8758144551,0a49b667e681e49f,0,0,1,1,1,1,1,Sequential,Reproducible,canonical-pointwise,fixed_pointwise_expression,canonical-pointwise-v1-target4096,ThreadPool,1,1
2,1.6.0,1.6.0,GCC 14.2,Linux,x86_64,AMD EPYC 9V74 80-Core Processor,axpy_pointwise_matrix,double,262144,contiguous,1,stable,6,0.061251,4688251006710284584,0a49b667e681e49f,262364.8758144551,0a49b667e681e49f,0,0,1,1,1,1,1,Sequential,Reproducible,canonical-pointwise,fixed_pointwise_expression,canonical-pointwise-v1-target4096,ThreadPool,1,1
2,1.6.0,1.6.0,GCC 14.2,Linux,x86_64,AMD EPYC 9V74 80-Core Processor,axpy_pointwise_matrix,double,262144,contiguous,1,stable,7,0.058797000000000002,4688251006710284584,0a49b667e681e49f,262364.8758144551,0a49b667e681e49f,0,0,1,1,1,1,1,Sequential,Reproducible,canonical-pointwise,fixed_pointwise_expression,canonical-pointwise-v1-target4096,ThreadPool,1,1
2,1.6.0,1.6.0,GCC 14.2,Linux,x86_64,AMD EPYC 9V74 80-Core Processor,axpy_pointwise_matrix,double,262144,contiguous,1,stable,8,0.059527999999999998,4688251006710284584,0a49b667e681e49f,262364.8758144551,0a49b667e681e49f,0,0,1,1,1,1,1,Sequential,Reproducible,canonical-pointwise,fixed_pointwise_expression,canonical-pointwise-v1-target4096,ThreadPool,1,1
2,1.6.0,1.6.0,GCC 14.2,Linux,x86_64,AMD EPYC 9V74 80-Core Processor,axpy_pointwise_matrix,double,262144,contiguous,1,stable,9,0.057986000000000003,4688251006710284584,0a49b667e681e49f,262364.8758144551,0a49b667e681e49f,0,0,1,1,1,1,1,Sequential,Reproducible,canonical-pointwise,fixed_pointwise_expression,canonical-pointwise-v1-target4096,ThreadPool,1,1
2,1.6.0,1.6.0,GCC 14.2,Linux,x86_64,AMD EPYC 9V74 80-Core Processor,axpy_pointwise_matrix,double,262144,contiguous,1,stable,10,0.067751000000000006,4688251006710284584,0a49b667e681e49f,262364.8758144551,0a49b667e681e49f,0,0,1,1,1,1,1,Sequential,Reproducible,canonical-pointwise,fixed_pointwise_expression,canonical-pointwise-v1-target4096,ThreadPool,1,1
2,1.6.0,1.6.0,GCC 14.2,Linux,x86_64,AMD EPYC 9V74 80-Core Processor,axpy_pointwise_matrix,double,262144,contiguous,1,stable,11,0.058517,4688251006710284584,0a49b667e681e49f,262364.8758144551,0a49b667e681e49f,0,0,1,1,1,1,1,Sequential,Reproducible,canonical-pointwise,fixed_pointwise_expression,canonical-pointwise-v1-target4096,ThreadPool,1,1
2,1.6.0,1.6.0,GCC 14.2,Linux,x86_64,AMD EPYC 9V74 80-Core Processor,axpy_pointwise_matrix,double,262144,contiguous,1,stable,12,0.060469000000000002,4688251006710284584,0a49b667e681e49f,262364.8758144551,0a49b667e681e49f,0,0,1,1,1,1,1,Sequential,Reproducible,canonical-pointwise,fixed_pointwise_expression,canonical-pointwise-v1-target4096,ThreadPool,1,1
2,1.6.0,1.6.0,GCC 14.2,Linux,x86_64,AMD EPYC 9V74 80-Core Processor,axpy_pointwise_matrix,double,262144,contiguous,1,stable,13,0.061121000000000002,4688251006710284584,0a49b667e681e49f,262364.8758144551,0a49b667e681e49f,0,0,1,1,1,1,1,Sequential,Reproducible,canonical-pointwise,fixed_pointwise_expression,canonical-pointwise-v1-target4096,ThreadPool,1,1
2,1.6.0,1.6.0,GCC 14.2,Linux,x86_64,AMD EPYC 9V74 80-Core Processor,axpy_pointwise_matrix,double,262144,contiguous,1,stable,14,0.058366000000000001,4688251006710284584,0a49b667e681e49f,262364.8758144551,0a49b667e681e49f,0,0,1,1,1,1,1,Sequential,Reproducible,canonical-pointwise,fixed_pointwise_expression,canonical-pointwise-v1-target4096,ThreadPool,1,1
2,1.6.0,1.6.0,GCC 14.2,Linux,x86_64,AMD EPYC 9V74 80-Core Processor,axpy_pointwise_matrix,double,262144,contiguous,1,stable,15,0.061551000000000002,4688251006710284584,0a49b667e681e49f,262364.8758144551,0a49b667e681e49f,0,0,1,1,1,1,1,Sequential,Reproducible,canonical-pointwise,fixed_pointwise_expression,canonical-pointwise-v1-target4096,ThreadPool,1,1
2,1.6.0,1.6.0,GCC 14.2,Linux,x86_64,AMD EPYC 9V74 80-Core Processor,axpy_pointwise_matrix,double,262144,contiguous,1,stable,16,0.058916999999999997,4688251006710284584,0a49b667e681e49f,262364.8758144551,0a49b667e681e49f,0,0,1,1,1,1,1,Sequential,Reproducible,canonical-pointwise,fixed_pointwise_expression,canonical-pointwise-v1-target4096,ThreadPool,1,1
2,1.6.0,1.6.0,GCC 14.2,Linux,x86_64,AMD EPYC 9V74 80-Core Processor,axpy_pointwise_matrix,double,262144,contiguous,1,stable,17,0.056814000000000003,4688251006710284584,0a49b667e681e49f,262364.8758144551,0a49b667e681e49f,0,0,1,1,1,1,1,Sequential,Reproducible,canonical-pointwise,fixed_pointwise_expression,canonical-pointwise-v1-target4096,ThreadPool,1,1
2,1.6.0,1.6.0,GCC 14.2,Linux,x86_64,AMD EPYC 9V74 80-Core Processor,axpy_pointwise_matrix,double,262144,contiguous,1,stable,18,0.058285999999999998,4688251006710284584,0a49b667e681e49f,262364.8758144551,0a49b667e681e49f,0,0,1,1,1,1,1,Sequential,Reproducible,canonical-pointwise,fixed_pointwise_expression,canonical-pointwise-v1-target4096,ThreadPool,1,1
2,1.6.0,1.6.0,GCC 14.2,Linux,x86_64,AMD EPYC 9V74 80-Core Processor,axpy_pointwise_matrix,double,262144,contiguous,1,stable,19,0.056703999999999997,4688251006710284584,0a49b667e681e49f,262364.8758144551,0a49b667e681e49f,0,0,1,1,1,1,1,Sequential,Reproducible,canonical-pointwise,fixed_pointwise_expression,canonical-pointwise-v1-target4096,ThreadPool,1,1
2,1.6.0,1.6.0,GCC 14.2,Linux,x86_64,AMD EPYC 9V74 80-Core Processor,axpy_pointwise_matrix,double,262144,contiguous,1,stable,20,0.057896000000000003,4688251006710284584,0a49b667e681e49f,262364.8758144551,0a49b667e681e49f,0,0,1,1,1,1,1,Sequential,Reproducible,canonical-pointwise,fixed_pointwise_expression,canonical-pointwise-v1-target4096,ThreadPool,1,1
2,1.6.0,1.6.0,GCC 14.2,Linux,x86_64,AMD EPYC 9V74 80-Core Processor,axpy_pointwise_matrix,double,262144,contiguous,1,stable,21,0.093148999999999996,4688251006710284584,0a49b667e681e49f,262364.8758144551,0a49b667e681e49f,0,0,1,1,1,1,1,Sequential,Reproducible,canonical-pointwise,fixed_pointwise_expression,canonical-pointwise-v1-target4096,ThreadPool,1,1
2,1.6.0,1.6.0,GCC 14.2,Linux,x86_64,AMD EPYC 9V74 80-Core Processor,stencil_pointwise_matrix,double,262656,contiguous,513,first_call,0,0.31193300000000002,4692868244445875020,772b438f26ac75c1,537958.96856913855,772b438f26ac75c1,0,0,1,1,1,1,1,Sequential,Reproducible,canonical-pointwise,fixed_pointwise_expression,canonical-pointwise-2d-v1-target4096,ThreadPool,1,1
2,1.6.0,1.6.0,GCC 14.2,Linux,x86_64,AMD EPYC 9V74 80-Core Processor,stencil_pointwise_matrix,double,262656,contiguous,513,stable,1,0.21240500000000001,4692868244445875020,772b438f26ac75c1,537958.96856913855,772b438f26ac75c1,0,0,1,1,1,1,1,Sequential,Reproducible,canonical-pointwise,fixed_pointwise_expression,canonical-pointwise-2d-v1-target4096,ThreadPool,1,1
2,1.6.0,1.6.0,GCC 14.2,Linux,x86_64,AMD EPYC 9V74 80-Core Processor,stencil_pointwise_matrix,double,262656,contiguous,513,stable,2,0.18240100000000001,4692868244445875020,772b438f26ac75c1,537958.96856913855,772b438f26ac75c1,0,0,1,1,1,1,1,Sequential,Reproducible,canonical-pointwise,fixed_pointwise_expression,canonical-pointwise-2d-v1-target4096,ThreadPool,1,1
2,1.6.0,1.6.0,GCC 14.2,Linux,x86_64,AMD EPYC 9V74 80-Core Processor,stencil_pointwise_matrix,double,262656,contiguous,513,stable,3,0.180398,4692868244445875020,772b438f26ac75c1,537958.96856913855,772b438f26ac75c1,0,0,1,1,1,1,1,Sequential,Reproducible,canonical-pointwise,fixed_pointwise_expression,canonical-pointwise-2d-v1-target4096,ThreadPool,1,1
2,1.6.0,1.6.0,GCC 14.2,Linux,x86_64,AMD EPYC 9V74 80-Core Processor,stencil_pointwise_matrix,double,262656,contiguous,513,stable,4,0.17874499999999999,4692868244445875020,772b438f26ac75c1,537958.96856913855,772b438f26ac75c1,0,0,1,1,1,1,1,Sequential,Reproducible,canonical-pointwise,fixed_pointwise_expression,canonical-pointwise-2d-v1-target4096,ThreadPool,1,1
2,1.6.0,1.6.0,GCC 14.2,Linux,x86_64,AMD EPYC 9V74 80-Core Processor,stencil_pointwise_matrix,double,262656,contiguous,513,stable,5,0.17677200000000001,4692868244445875020,772b438f26ac75c1,537958.96856913855,772b438f26ac75c1,0,0,1,1,1,1,1,Sequential,Reproducible,canonical-pointwise,fixed_pointwise_expression,canonical-pointwise-2d-v1-target4096,ThreadPool,1,1
2,1.6.0,1.6.0,GCC 14.2,Linux,x86_64,AMD EPYC 9V74 80-Core Processor,stencil_pointwise_matrix,double,262656,contiguous,513,stable,6,0.17790400000000001,4692868244445875020,772b438f26ac75c1,537958.96856913855,772b438f26ac75c1,0,0,1,1,1,1,1,Sequential,Reproducible,canonical-pointwise,fixed_pointwise_expression,canonical-pointwise-2d-v1-target4096,ThreadPool,1,1
2,1.6.0,1.6.0,GCC 14.2,Linux,x86_64,AMD EPYC 9V74 80-Core Processor,stencil_pointwise_matrix,double,262656,contiguous,513,stable,7,0.176842,4692868244445875020,772b438f26ac75c1,537958.96856913855,772b438f26ac75c1,0,0,1,1,1,1,1,Sequential,Reproducible,canonical-pointwise,fixed_pointwise_expression,canonical-pointwise-2d-v1-target4096,ThreadPool,1,1
2,1.6.0,1.6.0,GCC 14.2,Linux,x86_64,AMD EPYC 9V74 80-Core Processor,stencil_pointwise_matrix,double,262656,contiguous,513,stable,8,0.177513,4692868244445875020,772b438f26ac75c1,537958.96856913855,772b438f26ac75c1,0,0,1,1,1,1,1,Sequential,Reproducible,canonical-pointwise,fixed_pointwise_expression,canonical-pointwise-2d-v1-target4096,ThreadPool,1,1
2,1.6.0,1.6.0,GCC 14.2,Linux,x86_64,AMD EPYC 9V74 80-Core Processor,stencil_pointwise_matrix,double,262656,contiguous,513,stable,9,0.17699200000000001,4692868244445875020,772b438f26ac75c1,537958.96856913855,772b438f26ac75c1,0,0,1,1,1,1,1,Sequential,Reproducible,canonical-pointwise,fixed_pointwise_expression,canonical-pointwise-2d-v1-target4096,ThreadPool,1,1
2,1.6.0,1.6.0,GCC 14.2,Linux,x86_64,AMD EPYC 9V74 80-Core Processor,stencil_pointwise_matrix,double,262656,contiguous,513,stable,10,0.180148,4692868244445875020,772b438f26ac75c1,537958.96856913855,772b438f26ac75c1,0,0,1,1,1,1,1,Sequential,Reproducible,canonical-pointwise,fixed_pointwise_expression,canonical-pointwise-2d-v1-target4096,ThreadPool,1,1
2,1.6.0,1.6.0,GCC 14.2,Linux,x86_64,AMD EPYC 9V74 80-Core Processor,stencil_pointwise_matrix,double,262656,contiguous,513,stable,11,0.176372,4692868244445875020,772b438f26ac75c1,537958.96856913855,772b438f26ac75c1,0,0,1,1,1,1,1,Sequential,Reproducible,canonical-pointwise,fixed_pointwise_expression,canonical-pointwise-2d-v1-target4096,ThreadPool,1,1
2,1.6.0,1.6.0,GCC 14.2,Linux,x86_64,AMD EPYC 9V74 80-Core Processor,stencil_pointwise_matrix,double,262656,contiguous,513,stable,12,0.17874499999999999,4692868244445875020,772b438f26ac75c1,537958.96856913855,772b438f26ac75c1,0,0,1,1,1,1,1,Sequential,Reproducible,canonical-pointwise,fixed_pointwise_expression,canonical-pointwise-2d-v1-target4096,ThreadPool,1,1
2,1.6.0,1.6.0,GCC 14.2,Linux,x86_64,AMD EPYC 9V74 80-Core Processor,stencil_pointwise_matrix,double,262656,contiguous,513,stable,13,0.19035199999999999,4692868244445875020,772b438f26ac75c1,537958.96856913855,772b438f26ac75c1,0,0,1,1,1,1,1,Sequential,Reproducible,canonical-pointwise,fixed_pointwise_expression,canonical-pointwise-2d-v1-target4096,ThreadPool,1,1
2,1.6.0,1.6.0,GCC 14.2,Linux,x86_64,AMD EPYC 9V74 80-Core Processor,stencil_pointwise_matrix,double,262656,contiguous,513,stable,14,0.17786399999999999,4692868244445875020,772b438f26ac75c1,537958.96856913855,772b438f26ac75c1,0,0,1,1,1,1,1,Sequential,Reproducible,canonical-pointwise,fixed_pointwise_expression,canonical-pointwise-2d-v1-target4096,ThreadPool,1,1
2,1.6.0,1.6.0,GCC 14.2,Linux,x86_64,AMD EPYC 9V74 80-Core Processor,stencil_pointwise_matrix,double,262656,contiguous,513,stable,15,0.177042,4692868244445875020,772b438f26ac75c1,537958.96856913855,772b438f26ac75c1,0,0,1,1,1,1,1,Sequential,Reproducible,canonical-pointwise,fixed_pointwise_expression,canonical-pointwise-2d-v1-target4096,ThreadPool,1,1
2,1.6.0,1.6.0,GCC 14.2,Linux,x86_64,AMD EPYC 9V74 80-Core Processor,stencil_pointwise_matrix,double,262656,contiguous,513,stable,16,0.17707300000000001,4692868244445875020,772b438f26ac75c1,537958.96856913855,772b438f26ac75c1,0,0,1,1,1,1,1,Sequential,Reproducible,canonical-pointwise,fixed_pointwise_expression,canonical-pointwise-2d-v1-target4096,ThreadPool,1,1
2,1.6.0,1.6.0,GCC 14.2,Linux,x86_64,AMD EPYC 9V74 80-Core Processor,stencil_pointwise_matrix,double,262656,contiguous,513,stable,17,0.177263,4692868244445875020,772b438f26ac75c1,537958.96856913855,772b438f26ac75c1,0,0,1,1,1,1,1,Sequential,Reproducible,canonical-pointwise,fixed_pointwise_expression,canonical-pointwise-2d-v1-target4096,ThreadPool,1,1
2,1.6.0,1.6.0,GCC 14.2,Linux,x86_64,AMD EPYC 9V74 80-Core Processor,stencil_pointwise_matrix,double,262656,contiguous,513,stable,18,0.17677200000000001,4692868244445875020,772b438f26ac75c1,537958.96856913855,772b438f26ac75c1,0,0,1,1,1,1,1,Sequential,Reproducible,canonical-pointwise,fixed_pointwise_expression,canonical-pointwise-2d-v1-target4096,ThreadPool,1,1
2,1.6.0,1.6.0,GCC 14.2,Linux,x86_64,AMD EPYC 9V74 80-Core Processor,stencil_pointwise_matrix,double,262656,contiguous,513,stable,19,0.180287,4692868244445875020,772b438f26ac75c1,537958.96856913855,772b438f26ac75c1,0,0,1,1,1,1,1,Sequential,Reproducible,canonical-pointwise,fixed_pointwise_expression,canonical-pointwise-2d-v1-target4096,ThreadPool,1,1
2,1.6.0,1.6.0,GCC 14.2,Linux,x86_64,AMD EPYC 9V74 80-Core Processor,stencil_pointwise_matrix,double,262656,contiguous,513,stable,20,0.18168000000000001,4692868244445875020,772b438f26ac75c1,537958.96856913855,772b438f26ac75c1,0,0,1,1,1,1,1,Sequential,Reproducible,canonical-pointwise,fixed_pointwise_expression,canonical-pointwise-2d-v1-target4096,ThreadPool,1,1
2,1.6.0,1.6.0,GCC 14.2,Linux,x86_64,AMD EPYC 9V74 80-Core Processor,stencil_pointwise_matrix,double,262656,contiguous,513,stable,21,0.26758700000000002,4692868244445875020,772b438f26ac75c1,537958.96856913855,772b438f26ac75c1,0,0,1,1,1,1,1,Sequential,Reproducible,canonical-pointwise,fixed_pointwise_expression,canonical-pointwise-2d-v1-target4096,ThreadPool,1,1
2,1.6.0,1.6.0,GCC 14.2,Linux,x86_64,AMD EPYC 9V74 80-Core Processor,axpy_pointwise_matrix,double,262144,contiguous,1,first_call,0,0.24465300000000001,4688251006710284584,0a49b667e681e49f,262364.8758144551,0a49b667e681e49f,0,0,1,1,1,1,1,ThreadPool,Reproducible,canonical-pointwise,fixed_pointwise_expression,canonical-pointwise-v1-target4096,ThreadPool,2,2
2,1.6.0,1.6.0,GCC 14.2,Linux,x86_64,AMD EPYC 9V74 80-Core Processor,axpy_pointwise_matrix,double,262144,contiguous,1,stable,1,0.122862,4688251006710284584,0a49b667e681e49f,262364.8758144551,0a49b667e681e49f,0,0,1,1,1,1,1,ThreadPool,Reproducible,canonical-pointwise,fixed_pointwise_expression,canonical-pointwise-v1-target4096,ThreadPool,2,2
2,1.6.0,1.6.0,GCC 14.2,Linux,x86_64,AMD EPYC 9V74 80-Core Processor,axpy_pointwise_matrix,double,262144,contiguous,1,stable,2,0.079198000000000005,4688251006710284584,0a49b667e681e49f,262364.8758144551,0a49b667e681e49f,0,0,1,1,1,1,1,ThreadPool,Reproducible,canonical-pointwise,fixed_pointwise_expression,canonical-pointwise-v1-target4096,ThreadPool,2,2
2,1.6.0,1.6.0,GCC 14.2,Linux,x86_64,AMD EPYC 9V74 80-Core Processor,axpy_pointwise_matrix,double,262144,contiguous,1,stable,3,0.111555,4688251006710284584,0a49b667e681e49f,262364.8758144551,0a49b667e681e49f,0,0,1,1,1,1,1,ThreadPool,Reproducible,canonical-pointwise,fixed_pointwise_expression,canonical-pointwise-v1-target4096,ThreadPool,2,2
2,1.6.0,1.6.0,GCC 14.2,Linux,x86_64,AMD EPYC 9V74 80-Core Processor,axpy_pointwise_matrix,double,262144,contiguous,1,stable,4,0.13651199999999999,4688251006710284584,0a49b667e681e49f,262364.8758144551,0a49b667e681e49f,0,0,1,1,1,1,1,ThreadPool,Reproducible,canonical-pointwise,fixed_pointwise_expression,canonical-pointwise-v1-target4096,ThreadPool,2,2
2,1.6.0,1.6.0,GCC 14.2,Linux,x86_64,AMD EPYC 9V74 80-Core Processor,axpy_pointwise_matrix,double,262144,contiguous,1,stable,5,0.18565499999999999,4688251006710284584,0a49b667e681e49f,262364.8758144551,0a49b667e681e49f,0,0,1,1,1,1,1,ThreadPool,Reproducible,canonical-pointwise,fixed_pointwise_expression,canonical-pointwise-v1-target4096,ThreadPool,2,2
2,1.6.0,1.6.0,GCC 14.2,Linux,x86_64,AMD EPYC 9V74 80-Core Processor,axpy_pointwise_matrix,double,262144,contiguous,1,stable,6,0.077604999999999993,4688251006710284584,0a49b667e681e49f,262364.8758144551,0a49b667e681e49f,0,0,1,1,1,1,1,ThreadPool,Reproducible,canonical-pointwise,fixed_pointwise_expression,canonical-pointwise-v1-target4096,ThreadPool,2,2
2,1.6.0,1.6.0,GCC 14.2,Linux,x86_64,AMD EPYC 9V74 80-Core Processor,axpy_pointwise_matrix,double,262144,contiguous,1,stable,7,0.076703999999999994,4688251006710284584,0a49b667e681e49f,262364.8758144551,0a49b667e681e49f,0,0,1,1,1,1,1,ThreadPool,Reproducible,canonical-pointwise,fixed_pointwise_expression,canonical-pointwise-v1-target4096,ThreadPool,2,2
2,1.6.0,1.6.0,GCC 14.2,Linux,x86_64,AMD EPYC 9V74 80-Core Processor,axpy_pointwise_matrix,double,262144,contiguous,1,stable,8,0.092676999999999995,4688251006710284584,0a49b667e681e49f,262364.8758144551,0a49b667e681e49f,0,0,1,1,1,1,1,ThreadPool,Reproducible,canonical-pointwise,fixed_pointwise_expression,canonical-pointwise-v1-target4096,ThreadPool,2,2
2,1.6.0,1.6.0,GCC 14.2,Linux,x86_64,AMD EPYC 9V74 80-Core Processor,axpy_pointwise_matrix,double,262144,contiguous,1,stable,9,0.075572,4688251006710284584,0a49b667e681e49f,262364.8758144551,0a49b667e681e49f,0,0,1,1,1,1,1,ThreadPool,Reproducible,canonical-pointwise,fixed_pointwise_expression,canonical-pointwise-v1-target4096,ThreadPool,2,2
2,1.6.0,1.6.0,GCC 14.2,Linux,x86_64,AMD EPYC 9V74 80-Core Processor,axpy_pointwise_matrix,double,262144,contiguous,1,stable,10,0.21157400000000001,4688251006710284584,0a49b667e681e49f,262364.8758144551,0a49b667e681e49f,0,0,1,1,1,1,1,ThreadPool,Reproducible,canonical-pointwise,fixed_pointwise_expression,canonical-pointwise-v1-target4096,ThreadPool,2,2
2,1.6.0,1.6.0,GCC 14.2,Linux,x86_64,AMD EPYC 9V74 80-Core Processor,axpy_pointwise_matrix,double,262144,contiguous,1,stable,11,0.075972999999999999,4688251006710284584,0a49b667e681e49f,262364.8758144551,0a49b667e681e49f,0,0,1,1,1,1,1,ThreadPool,Reproducible,canonical-pointwise,fixed_pointwise_expression,canonical-pointwise-v1-target4096,ThreadPool,2,2
2,1.6.0,1.6.0,GCC 14.2,Linux,x86_64,AMD EPYC 9V74 80-Core Processor,axpy_pointwise_matrix,double,262144,contiguous,1,stable,12,0.073848999999999998,4688251006710284584,0a49b667e681e49f,262364.8758144551,0a49b667e681e49f,0,0,1,1,1,1,1,ThreadPool,Reproducible,canonical-pointwise,fixed_pointwise_expression,canonical-pointwise-v1-target4096,ThreadPool,2,2
2,1.6.0,1.6.0,GCC 14.2,Linux,x86_64,AMD EPYC 9V74 80-Core Processor,axpy_pointwise_matrix,double,262144,contiguous,1,stable,13,0.088691999999999993,4688251006710284584,0a49b667e681e49f,262364.8758144551,0a49b667e681e49f,0,0,1,1,1,1,1,ThreadPool,Reproducible,canonical-pointwise,fixed_pointwise_expression,canonical-pointwise-v1-target4096,ThreadPool,2,2
2,1.6.0,1.6.0,GCC 14.2,Linux,x86_64,AMD EPYC 9V74 80-Core Processor,axpy_pointwise_matrix,double,262144,contiguous,1,stable,14,0.074771000000000004,4688251006710284584,0a49b667e681e49f,262364.8758144551,0a49b667e681e49f,0,0,1,1,1,1,1,ThreadPool,Reproducible,canonical-pointwise,fixed_pointwise_expression,canonical-pointwise-v1-target4096,ThreadPool,2,2
2,1.6.0,1.6.0,GCC 14.2,Linux,x86_64,AMD EPYC 9V74 80-Core Processor,axpy_pointwise_matrix,double,262144,contiguous,1,stable,15,0.13708300000000001,4688251006710284584,0a49b667e681e49f,262364.8758144551,0a49b667e681e49f,0,0,1,1,1,1,1,ThreadPool,Reproducible,canonical-pointwise,fixed_pointwise_expression,canonical-pointwise-v1-target4096,ThreadPool,2,2
2,1.6.0,1.6.0,GCC 14.2,Linux,x86_64,AMD EPYC 9V74 80-Core Processor,axpy_pointwise_matrix,double,262144,contiguous,1,stable,16,0.073959999999999998,4688251006710284584,0a49b667e681e49f,262364.8758144551,0a49b667e681e49f,0,0,1,1,1,1,1,ThreadPool,Reproducible,canonical-pointwise,fixed_pointwise_expression,canonical-pointwise-v1-target4096,ThreadPool,2,2
2,1.6.0,1.6.0,GCC 14.2,Linux,x86_64,AMD EPYC 9V74 80-Core Processor,axpy_pointwise_matrix,double,262144,contiguous,1,stable,17,0.072417999999999996,4688251006710284584,0a49b667e681e49f,262364.8758144551,0a49b667e681e49f,0,0,1,1,1,1,1,ThreadPool,Reproducible,canonical-pointwise,fixed_pointwise_expression,canonical-pointwise-v1-target4096,ThreadPool,2,2
2,1.6.0,1.6.0,GCC 14.2,Linux,x86_64,AMD EPYC 9V74 80-Core Processor,axpy_pointwise_matrix,double,262144,contiguous,1,stable,18,0.102462,4688251006710284584,0a49b667e681e49f,262364.8758144551,0a49b667e681e49f,0,0,1,1,1,1,1,ThreadPool,Reproducible,canonical-pointwise,fixed_pointwise_expression,canonical-pointwise-v1-target4096,ThreadPool,2,2
2,1.6.0,1.6.0,GCC 14.2,Linux,x86_64,AMD EPYC 9V74 80-Core Processor,axpy_pointwise_matrix,double,262144,contiguous,1,stable,19,0.079458000000000001,4688251006710284584,0a49b667e681e49f,262364.8758144551,0a49b667e681e49f,0,0,1,1,1,1,1,ThreadPool,Reproducible,canonical-pointwise,fixed_pointwise_expression,canonical-pointwise-v1-target4096,ThreadPool,2,2
2,1.6.0,1.6.0,GCC 14.2,Linux,x86_64,AMD EPYC 9V74 80-Core Processor,axpy_pointwise_matrix,double,262144,contiguous,1,stable,20,0.15560099999999999,4688251006710284584,0a49b667e681e49f,262364.8758144551,0a49b667e681e49f,0,0,1,1,1,1,1,ThreadPool,Reproducible,canonical-pointwise,fixed_pointwise_expression,canonical-pointwise-v1-target4096,ThreadPool,2,2
2,1.6.0,1.6.0,GCC 14.2,Linux,x86_64,AMD EPYC 9V74 80-Core Processor,axpy_pointwise_matrix,double,262144,contiguous,1,stable,21,0.077134999999999995,4688251006710284584,0a49b667e681e49f,262364.8758144551,0a49b667e681e49f,0,0,1,1,1,1,1,ThreadPool,Reproducible,canonical-pointwise,fixed_pointwise_expression,canonical-pointwise-v1-target4096,ThreadPool,2,2
2,1.6.0,1.6.0,GCC 14.2,Linux,x86_64,AMD EPYC 9V74 80-Core Processor,stencil_pointwise_matrix,double,262656,contiguous,513,first_call,0,0.25802199999999997,4692868244445875020,772b438f26ac75c1,537958.96856913855,772b438f26ac75c1,0,0,1,1,1,1,1,ThreadPool,Reproducible,canonical-pointwise,fixed_pointwise_expression,canonical-pointwise-2d-v1-target4096,ThreadPool,2,2
2,1.6.0,1.6.0,GCC 14.2,Linux,x86_64,AMD EPYC 9V74 80-Core Processor,stencil_pointwise_matrix,double,262656,contiguous,513,stable,1,0.29566900000000002,4692868244445875020,772b438f26ac75c1,537958.96856913855,772b438f26ac75c1,0,0,1,1,1,1,1,ThreadPool,Reproducible,canonical-pointwise,fixed_pointwise_expression,canonical-pointwise-2d-v1-target4096,ThreadPool,2,2
2,1.6.0,1.6.0,GCC 14.2,Linux,x86_64,AMD EPYC 9V74 80-Core Processor,stencil_pointwise_matrix,double,262656,contiguous,513,stable,2,0.16340199999999999,4692868244445875020,772b438f26ac75c1,537958.96856913855,772b438f26ac75c1,0,0,1,1,1,1,1,ThreadPool,Reproducible,canonical-pointwise,fixed_pointwise_expression,canonical-pointwise-2d-v1-target4096,ThreadPool,2,2
2,1.6.0,1.6.0,GCC 14.2,Linux,x86_64,AMD EPYC 9V74 80-Core Processor,stencil_pointwise_matrix,double,262656,contiguous,513,stable,3,0.150924,4692868244445875020,772b438f26ac75c1,537958.96856913855,772b438f26ac75c1,0,0,1,1,1,1,1,ThreadPool,Reproducible,canonical-pointwise,fixed_pointwise_expression,canonical-pointwise-2d-v1-target4096,ThreadPool,2,2
2,1.6.0,1.6.0,GCC 14.2,Linux,x86_64,AMD EPYC 9V74 80-Core Processor,stencil_pointwise_matrix,double,262656,contiguous,513,stable,4,0.149842,4692868244445875020,772b438f26ac75c1,537958.96856913855,772b438f26ac75c1,0,0,1,1,1,1,1,ThreadPool,Reproducible,canonical-pointwise,fixed_pointwise_expression,canonical-pointwise-2d-v1-target4096,ThreadPool,2,2
2,1.6.0,1.6.0,GCC 14.2,Linux,x86_64,AMD EPYC 9V74 80-Core Processor,stencil_pointwise_matrix,double,262656,contiguous,513,stable,5,0.28465200000000002,4692868244445875020,772b438f26ac75c1,537958.96856913855,772b438f26ac75c1,0,0,1,1,1,1,1,ThreadPool,Reproducible,canonical-pointwise,fixed_pointwise_expression,canonical-pointwise-2d-v1-target4096,ThreadPool,2,2
2,1.6.0,1.6.0,GCC 14.2,Linux,x86_64,AMD EPYC 9V74 80-Core Processor,stencil_pointwise_matrix,double,262656,contiguous,513,stable,6,0.28075600000000001,4692868244445875020,772b438f26ac75c1,537958.96856913855,772b438f26ac75c1,0,0,1,1,1,1,1,ThreadPool,Reproducible,canonical-pointwise,fixed_pointwise_expression,canonical-pointwise-2d-v1-target4096,ThreadPool,2,2
2,1.6.0,1.6.0,GCC 14.2,Linux,x86_64,AMD EPYC 9V74 80-Core Processor,stencil_pointwise_matrix,double,262656,contiguous,513,stable,7,0.197243,4692868244445875020,772b438f26ac75c1,537958.96856913855,772b438f26ac75c1,0,0,1,1,1,1,1,ThreadPool,Reproducible,canonical-pointwise,fixed_pointwise_expression,canonical-pointwise-2d-v1-target4096,ThreadPool,2,2
2,1.6.0,1.6.0,GCC 14.2,Linux,x86_64,AMD EPYC 9V74 80-Core Processor,stencil_pointwise_matrix,double,262656,contiguous,513,stable,8,0.19226499999999999,4692868244445875020,772b438f26ac75c1,537958.96856913855,772b438f26ac75c1,0,0,1,1,1,1,1,ThreadPool,Reproducible,canonical-pointwise,fixed_pointwise_expression,canonical-pointwise-2d-v1-target4096,ThreadPool,2,2
2,1.6.0,1.6.0,GCC 14.2,Linux,x86_64,AMD EPYC 9V74 80-Core Processor,stencil_pointwise_matrix,double,262656,contiguous,513,stable,9,0.15105399999999999,4692868244445875020,772b438f26ac75c1,537958.96856913855,772b438f26ac75c1,0,0,1,1,1,1,1,ThreadPool,Reproducible,canonical-pointwise,fixed_pointwise_expression,canonical-pointwise-2d-v1-target4096,ThreadPool,2,2
2,1.6.0,1.6.0,GCC 14.2,Linux,x86_64,AMD EPYC 9V74 80-Core Processor,stencil_pointwise_matrix,double,262656,contiguous,513,stable,10,0.147839,4692868244445875020,772b438f26ac75c1,537958.96856913855,772b438f26ac75c1,0,0,1,1,1,1,1,ThreadPool,Reproducible,canonical-pointwise,fixed_pointwise_expression,canonical-pointwise-2d-v1-target4096,ThreadPool,2,2
2,1.6.0,1.6.0,GCC 14.2,Linux,x86_64,AMD EPYC 9V74 80-Core Processor,stencil_pointwise_matrix,double,262656,contiguous,513,stable,11,0.28936899999999999,4692868244445875020,772b438f26ac75c1,537958.96856913855,772b438f26ac75c1,0,0,1,1,1,1,1,ThreadPool,Reproducible,canonical-pointwise,fixed_pointwise_expression,canonical-pointwise-2d-v1-target4096,ThreadPool,2,2
2,1.6.0,1.6.0,GCC 14.2,Linux,x86_64,AMD EPYC 9V74 80-Core Processor,stencil_pointwise_matrix,double,262656,contiguous,513,stable,12,0.191384,4692868244445875020,772b438f26ac75c1,537958.96856913855,772b438f26ac75c1,0,0,1,1,1,1,1,ThreadPool,Reproducible,canonical-pointwise,fixed_pointwise_expression,canonical-pointwise-2d-v1-target4096,ThreadPool,2,2
2,1.6.0,1.6.0,GCC 14.2,Linux,x86_64,AMD EPYC 9V74 80-Core Processor,stencil_pointwise_matrix,double,262656,contiguous,513,stable,13,0.16150900000000001,4692868244445875020,772b438f26ac75c1,537958.96856913855,772b438f26ac75c1,0,0,1,1,1,1,1,ThreadPool,Reproducible,canonical-pointwise,fixed_pointwise_expression,canonical-pointwise-2d-v1-target4096,ThreadPool,2,2
2,1.6.0,1.6.0,GCC 14.2,Linux,x86_64,AMD EPYC 9V74 80-Core Processor,stencil_pointwise_matrix,double,262656,contiguous,513,stable,14,0.17119400000000001,4692868244445875020,772b438f26ac75c1,537958.96856913855,772b438f26ac75c1,0,0,1,1,1,1,1,ThreadPool,Reproducible,canonical-pointwise,fixed_pointwise_expression,canonical-pointwise-2d-v1-target4096,ThreadPool,2,2
2,1.6.0,1.6.0,GCC 14.2,Linux,x86_64,AMD EPYC 9V74 80-Core Processor,stencil_pointwise_matrix,double,262656,contiguous,513,stable,15,0.153498,4692868244445875020,772b438f26ac75c1,537958.96856913855,772b438f26ac75c1,0,0,1,1,1,1,1,ThreadPool,Reproducible,canonical-pointwise,fixed_pointwise_expression,canonical-pointwise-2d-v1-target4096,ThreadPool,2,2
2,1.6.0,1.6.0,GCC 14.2,Linux,x86_64,AMD EPYC 9V74 80-Core Processor,stencil_pointwise_matrix,double,262656,contiguous,513,stable,16,0.264712,4692868244445875020,772b438f26ac75c1,537958.96856913855,772b438f26ac75c1,0,0,1,1,1,1,1,ThreadPool,Reproducible,canonical-pointwise,fixed_pointwise_expression,canonical-pointwise-2d-v1-target4096,ThreadPool,2,2
2,1.6.0,1.6.0,GCC 14.2,Linux,x86_64,AMD EPYC 9V74 80-Core Processor,stencil_pointwise_matrix,double,262656,contiguous,513,stable,17,0.17962600000000001,4692868244445875020,772b438f26ac75c1,537958.96856913855,772b438f26ac75c1,0,0,1,1,1,1,1,ThreadPool,Reproducible,canonical-pointwise,fixed_pointwise_expression,canonical-pointwise-2d-v1-target4096,ThreadPool,2,2
2,1.6.0,1.6.0,GCC 14.2,Linux,x86_64,AMD EPYC 9V74 80-Core Processor,stencil_pointwise_matrix,double,262656,contiguous,513,stable,18,0.17504900000000001,4692868244445875020,772b438f26ac75c1,537958.96856913855,772b438f26ac75c1,0,0,1,1,1,1,1,ThreadPool,Reproducible,canonical-pointwise,fixed_pointwise_expression,canonical-pointwise-2d-v1-target4096,ThreadPool,2,2
2,1.6.0,1.6.0,GCC 14.2,Linux,x86_64,AMD EPYC 9V74 80-Core Processor,stencil_pointwise_matrix,double,262656,contiguous,513,stable,19,0.15148400000000001,4692868244445875020,772b438f26ac75c1,537958.96856913855,772b438f26ac75c1,0,0,1,1,1,1,1,ThreadPool,Reproducible,canonical-pointwise,fixed_pointwise_expression,canonical-pointwise-2d-v1-target4096,ThreadPool,2,2
2,1.6.0,1.6.0,GCC 14.2,Linux,x86_64,AMD EPYC 9V74 80-Core Processor,stencil_pointwise_matrix,double,262656,contiguous,513,stable,20,0.16556499999999999,4692868244445875020,772b438f26ac75c1,537958.96856913855,772b438f26ac75c1,0,0,1,1,1,1,1,ThreadPool,Reproducible,canonical-pointwise,fixed_pointwise_expression,canonical-pointwise-2d-v1-target4096,ThreadPool,2,2
2,1.6.0,1.6.0,GCC 14.2,Linux,x86_64,AMD EPYC 9V74 80-Core Processor,stencil_pointwise_matrix,double,262656,contiguous,513,stable,21,0.268038,4692868244445875020,772b438f26ac75c1,537958.96856913855,772b438f26ac75c1,0,0,1,1,1,1,1,ThreadPool,Reproducible,canonical-pointwise,fixed_pointwise_expression,canonical-pointwise-2d-v1-target4096,ThreadPool,2,2
2,1.6.0,1.6.0,GCC 14.2,Linux,x86_64,AMD EPYC 9V74 80-Core Processor,axpy_pointwise_matrix,double,262144,contiguous,1,first_call,0,0.15071399999999999,4688251006710284584,0a49b667e681e49f,262364.8758144551,0a49b667e681e49f,0,0,1,1,1,1,1,ThreadPool,Reproducible,canonical-pointwise,fixed_pointwise_expression,canonical-pointwise-v1-target4096,ThreadPool,4,4
2,1.6.0,1.6.0,GCC 14.2,Linux,x86_64,AMD EPYC 9V74 80-Core Processor,axpy_pointwise_matrix,double,262144,contiguous,1,stable,1,0.16033800000000001,4688251006710284584,0a49b667e681e49f,262364.8758144551,0a49b667e681e49f,0,0,1,1,1,1,1,ThreadPool,Reproducible,canonical-pointwise,fixed_pointwise_expression,canonical-pointwise-v1-target4096,ThreadPool,4,4
2,1.6.0,1.6.0,GCC 14.2,Linux,x86_64,AMD EPYC 9V74 80-Core Processor,axpy_pointwise_matrix,double,262144,contiguous,1,stable,2,0.15367800000000001,4688251006710284584,0a49b667e681e49f,262364.8758144551,0a49b667e681e49f,0,0,1,1,1,1,1,ThreadPool,Reproducible,canonical-pointwise,fixed_pointwise_expression,canonical-pointwise-v1-target4096,ThreadPool,4,4
2,1.6.0,1.6.0,GCC 14.2,Linux,x86_64,AMD EPYC 9V74 80-Core Processor,axpy_pointwise_matrix,double,262144,contiguous,1,stable,3,0.14405299999999999,4688251006710284584,0a49b667e681e49f,262364.8758144551,0a49b667e681e49f,0,0,1,1,1,1,1,ThreadPool,Reproducible,canonical-pointwise,fixed_pointwise_expression,canonical-pointwise-v1-target4096,ThreadPool,4,4
2,1.6.0,1.6.0,GCC 14.2,Linux,x86_64,AMD EPYC 9V74 80-Core Processor,axpy_pointwise_matrix,double,262144,contiguous,1,stable,4,0.14286199999999999,4688251006710284584,0a49b667e681e49f,262364.8758144551,0a49b667e681e49f,0,0,1,1,1,1,1,ThreadPool,Reproducible,canonical-pointwise,fixed_pointwise_expression,canonical-pointwise-v1-target4096,ThreadPool,4,4
2,1.6.0,1.6.0,GCC 14.2,Linux,x86_64,AMD EPYC 9V74 80-Core Processor,axpy_pointwise_matrix,double,262144,contiguous,1,stable,5,0.099357000000000001,4688251006710284584,0a49b667e681e49f,262364.8758144551,0a49b667e681e49f,0,0,1,1,1,1,1,ThreadPool,Reproducible,canonical-pointwise,fixed_pointwise_expression,canonical-pointwise-v1-target4096,ThreadPool,4,4
2,1.6.0,1.6.0,GCC 14.2,Linux,x86_64,AMD EPYC 9V74 80-Core Processor,axpy_pointwise_matrix,double,262144,contiguous,1,stable,6,0.116463,4688251006710284584,0a49b667e681e49f,262364.8758144551,0a49b667e681e49f,0,0,1,1,1,1,1,ThreadPool,Reproducible,canonical-pointwise,fixed_pointwise_expression,canonical-pointwise-v1-target4096,ThreadPool,4,4
2,1.6.0,1.6.0,GCC 14.2,Linux,x86_64,AMD EPYC 9V74 80-Core Processor,axpy_pointwise_matrix,double,262144,contiguous,1,stable,7,0.11643299999999999,4688251006710284584,0a49b667e681e49f,262364.8758144551,0a49b667e681e49f,0,0,1,1,1,1,1,ThreadPool,Reproducible,canonical-pointwise,fixed_pointwise_expression,canonical-pointwise-v1-target4096,ThreadPool,4,4
2,1.6.0,1.6.0,GCC 14.2,Linux,x86_64,AMD EPYC 9V74 80-Core Processor,axpy_pointwise_matrix,double,262144,contiguous,1,stable,8,0.118966,4688251006710284584,0a49b667e681e49f,262364.8758144551,0a49b667e681e49f,0,0,1,1,1,1,1,ThreadPool,Reproducible,canonical-pointwise,fixed_pointwise_expression,canonical-pointwise-v1-target4096,ThreadPool,4,4
2,1.6.0,1.6.0,GCC 14.2,Linux,x86_64,AMD EPYC 9V74 80-Core Processor,axpy_pointwise_matrix,double,262144,contiguous,1,stable,9,0.11093500000000001,4688251006710284584,0a49b667e681e49f,262364.8758144551,0a49b667e681e49f,0,0,1,1,1,1,1,ThreadPool,Reproducible,canonical-pointwise,fixed_pointwise_expression,canonical-pointwise-v1-target4096,ThreadPool,4,4
2,1.6.0,1.6.0,GCC 14.2,Linux,x86_64,AMD EPYC 9V74 80-Core Processor,axpy_pointwise_matrix,double,262144,contiguous,1,stable,10,0.115261,4688251006710284584,0a49b667e681e49f,262364.8758144551,0a49b667e681e49f,0,0,1,1,1,1,1,ThreadPool,Reproducible,canonical-pointwise,fixed_pointwise_expression,canonical-pointwise-v1-target4096,ThreadPool,4,4
2,1.6.0,1.6.0,GCC 14.2,Linux,x86_64,AMD EPYC 9V74 80-Core Processor,axpy_pointwise_matrix,double,262144,contiguous,1,stable,11,0.091845999999999997,4688251006710284584,0a49b667e681e49f,262364.8758144551,0a49b667e681e49f,0,0,1,1,1,1,1,ThreadPool,Reproducible,canonical-pointwise,fixed_pointwise_expression,canonical-pointwise-v1-target4096,ThreadPool,4,4
2,1.6.0,1.6.0,GCC 14.2,Linux,x86_64,AMD EPYC 9V74 80-Core Processor,axpy_pointwise_matrix,double,262144,contiguous,1,stable,12,0.133048,4688251006710284584,0a49b667e681e49f,262364.8758144551,0a49b667e681e49f,0,0,1,1,1,1,1,ThreadPool,Reproducible,canonical-pointwise,fixed_pointwise_expression,canonical-pointwise-v1-target4096,ThreadPool,4,4
2,1.6.0,1.6.0,GCC 14.2,Linux,x86_64,AMD EPYC 9V74 80-Core Processor,axpy_pointwise_matrix,double,262144,contiguous,1,stable,13,0.11344899999999999,4688251006710284584,0a49b667e681e49f,262364.8758144551,0a49b667e681e49f,0,0,1,1,1,1,1,ThreadPool,Reproducible,canonical-pointwise,fixed_pointwise_expression,canonical-pointwise-v1-target4096,ThreadPool,4,4
2,1.6.0,1.6.0,GCC 14.2,Linux,x86_64,AMD EPYC 9V74 80-Core Processor,axpy_pointwise_matrix,double,262144,contiguous,1,stable,14,0.11114499999999999,4688251006710284584,0a49b667e681e49f,262364.8758144551,0a49b667e681e49f,0,0,1,1,1,1,1,ThreadPool,Reproducible,canonical-pointwise,fixed_pointwise_expression,canonical-pointwise-v1-target4096,ThreadPool,4,4
2,1.6.0,1.6.0,GCC 14.2,Linux,x86_64,AMD EPYC 9V74 80-Core Processor,axpy_pointwise_matrix,double,262144,contiguous,1,stable,15,0.120338,4688251006710284584,0a49b667e681e49f,262364.8758144551,0a49b667e681e49f,0,0,1,1,1,1,1,ThreadPool,Reproducible,canonical-pointwise,fixed_pointwise_expression,canonical-pointwise-v1-target4096,ThreadPool,4,4
2,1.6.0,1.6.0,GCC 14.2,Linux,x86_64,AMD EPYC 9V74 80-Core Processor,axpy_pointwise_matrix,double,262144,contiguous,1,stable,16,0.124976,4688251006710284584,0a49b667e681e49f,262364.8758144551,0a49b667e681e49f,0,0,1,1,1,1,1,ThreadPool,Reproducible,canonical-pointwise,fixed_pointwise_expression,canonical-pointwise-v1-target4096,ThreadPool,4,4
2,1.6.0,1.6.0,GCC 14.2,Linux,x86_64,AMD EPYC 9V74 80-Core Processor,axpy_pointwise_matrix,double,262144,contiguous,1,stable,17,0.12831100000000001,4688251006710284584,0a49b667e681e49f,262364.8758144551,0a49b667e681e49f,0,0,1,1,1,1,1,ThreadPool,Reproducible,canonical-pointwise,fixed_pointwise_expression,canonical-pointwise-v1-target4096,ThreadPool,4,4
2,1.6.0,1.6.0,GCC 14.2,Linux,x86_64,AMD EPYC 9V74 80-Core Processor,axpy_pointwise_matrix,double,262144,contiguous,1,stable,18,0.099248000000000003,4688251006710284584,0a49b667e681e49f,262364.8758144551,0a49b667e681e49f,0,0,1,1,1,1,1,ThreadPool,Reproducible,canonical-pointwise,fixed_pointwise_expression,canonical-pointwise-v1-target4096,ThreadPool,4,4
2,1.6.0,1.6.0,GCC 14.2,Linux,x86_64,AMD EPYC 9V74 80-Core Processor,axpy_pointwise_matrix,double,262144,contiguous,1,stable,19,0.091335,4688251006710284584,0a49b667e681e49f,262364.8758144551,0a49b667e681e49f,0,0,1,1,1,1,1,ThreadPool,Reproducible,canonical-pointwise,fixed_pointwise_expression,canonical-pointwise-v1-target4096,ThreadPool,4,4
2,1.6.0,1.6.0,GCC 14.2,Linux,x86_64,AMD EPYC 9V74 80-Core Processor,axpy_pointwise_matrix,double,262144,contiguous,1,stable,20,0.1079,4688251006710284584,0a49b667e681e49f,262364.8758144551,0a49b667e681e49f,0,0,1,1,1,1,1,ThreadPool,Reproducible,canonical-pointwise,fixed_pointwise_expression,canonical-pointwise-v1-target4096,ThreadPool,4,4
2,1.6.0,1.6.0,GCC 14.2,Linux,x86_64,AMD EPYC 9V74 80-Core Processor,axpy_pointwise_matrix,double,262144,contiguous,1,stable,21,0.12839100000000001,4688251006710284584,0a49b667e681e49f,262364.8758144551,0a49b667e681e49f,0,0,1,1,1,1,1,ThreadPool,Reproducible,canonical-pointwise,fixed_pointwise_expression,canonical-pointwise-v1-target4096,ThreadPool,4,4
2,1.6.0,1.6.0,GCC 14.2,Linux,x86_64,AMD EPYC 9V74 80-Core Processor,stencil_pointwise_matrix,double,262656,contiguous,513,first_call,0,0.20438300000000001,4692868244445875020,772b438f26ac75c1,537958.96856913855,772b438f26ac75c1,0,0,1,1,1,1,1,ThreadPool,Reproducible,canonical-pointwise,fixed_pointwise_expression,canonical-pointwise-2d-v1-target4096,ThreadPool,4,4
2,1.6.0,1.6.0,GCC 14.2,Linux,x86_64,AMD EPYC 9V74 80-Core Processor,stencil_pointwise_matrix,double,262656,contiguous,513,stable,1,0.21746299999999999,4692868244445875020,772b438f26ac75c1,537958.96856913855,772b438f26ac75c1,0,0,1,1,1,1,1,ThreadPool,Reproducible,canonical-pointwise,fixed_pointwise_expression,canonical-pointwise-2d-v1-target4096,ThreadPool,4,4
2,1.6.0,1.6.0,GCC 14.2,Linux,x86_64,AMD EPYC 9V74 80-Core Processor,stencil_pointwise_matrix,double,262656,contiguous,513,stable,2,0.15495,4692868244445875020,772b438f26ac75c1,537958.96856913855,772b438f26ac75c1,0,0,1,1,1,1,1,ThreadPool,Reproducible,canonical-pointwise,fixed_pointwise_expression,canonical-pointwise-2d-v1-target4096,ThreadPool,4,4
2,1.6.0,1.6.0,GCC 14.2,Linux,x86_64,AMD EPYC 9V74 80-Core Processor,stencil_pointwise_matrix,double,262656,contiguous,513,stable,3,0.140428,4692868244445875020,772b438f26ac75c1,537958.96856913855,772b438f26ac75c1,0,0,1,1,1,1,1,ThreadPool,Reproducible,canonical-pointwise,fixed_pointwise_expression,canonical-pointwise-2d-v1-target4096,ThreadPool,4,4
2,1.6.0,1.6.0,GCC 14.2,Linux,x86_64,AMD EPYC 9V74 80-Core Processor,stencil_pointwise_matrix,double,262656,contiguous,513,stable,4,0.142321,4692868244445875020,772b438f26ac75c1,537958.96856913855,772b438f26ac75c1,0,0,1,1,1,1,1,ThreadPool,Reproducible,canonical-pointwise,fixed_pointwise_expression,canonical-pointwise-2d-v1-target4096,ThreadPool,4,4
2,1.6.0,1.6.0,GCC 14.2,Linux,x86_64,AMD EPYC 9V74 80-Core Processor,stencil_pointwise_matrix,double,262656,contiguous,513,stable,5,0.13517100000000001,4692868244445875020,772b438f26ac75c1,537958.96856913855,772b438f26ac75c1,0,0,1,1,1,1,1,ThreadPool,Reproducible,canonical-pointwise,fixed_pointwise_expression,canonical-pointwise-2d-v1-target4096,ThreadPool,4,4
2,1.6.0,1.6.0,GCC 14.2,Linux,x86_64,AMD EPYC 9V74 80-Core Processor,stencil_pointwise_matrix,double,262656,contiguous,513,stable,6,0.14829999999999999,4692868244445875020,772b438f26ac75c1,537958.96856913855,772b438f26ac75c1,0,0,1,1,1,1,1,ThreadPool,Reproducible,canonical-pointwise,fixed_pointwise_expression,canonical-pointwise-2d-v1-target4096,ThreadPool,4,4
2,1.6.0,1.6.0,GCC 14.2,Linux,x86_64,AMD EPYC 9V74 80-Core Processor,stencil_pointwise_matrix,double,262656,contiguous,513,stable,7,0.146457,4692868244445875020,772b438f26ac75c1,537958.96856913855,772b438f26ac75c1,0,0,1,1,1,1,1,ThreadPool,Reproducible,canonical-pointwise,fixed_pointwise_expression,canonical-pointwise-2d-v1-target4096,ThreadPool,4,4
2,1.6.0,1.6.0,GCC 14.2,Linux,x86_64,AMD EPYC 9V74 80-Core Processor,stencil_pointwise_matrix,double,262656,contiguous,513,stable,8,0.13863600000000001,4692868244445875020,772b438f26ac75c1,537958.96856913855,772b438f26ac75c1,0,0,1,1,1,1,1,ThreadPool,Reproducible,canonical-pointwise,fixed_pointwise_expression,canonical-pointwise-2d-v1-target4096,ThreadPool,4,4
2,1.6.0,1.6.0,GCC 14.2,Linux,x86_64,AMD EPYC 9V74 80-Core Processor,stencil_pointwise_matrix,double,262656,contiguous,513,stable,9,0.23507900000000001,4692868244445875020,772b438f26ac75c1,537958.96856913855,772b438f26ac75c1,0,0,1,1,1,1,1,ThreadPool,Reproducible,canonical-pointwise,fixed_pointwise_expression,canonical-pointwise-2d-v1-target4096,ThreadPool,4,4
2,1.6.0,1.6.0,GCC 14.2,Linux,x86_64,AMD EPYC 9V74 80-Core Processor,stencil_pointwise_matrix,double,262656,contiguous,513,stable,10,0.18729699999999999,4692868244445875020,772b438f26ac75c1,537958.96856913855,772b438f26ac75c1,0,0,1,1,1,1,1,ThreadPool,Reproducible,canonical-pointwise,fixed_pointwise_expression,canonical-pointwise-2d-v1-target4096,ThreadPool,4,4
2,1.6.0,1.6.0,GCC 14.2,Linux,x86_64,AMD EPYC 9V74 80-Core Processor,stencil_pointwise_matrix,double,262656,contiguous,513,stable,11,0.14152000000000001,4692868244445875020,772b438f26ac75c1,537958.96856913855,772b438f26ac75c1,0,0,1,1,1,1,1,ThreadPool,Reproducible,canonical-pointwise,fixed_pointwise_expression,canonical-pointwise-2d-v1-target4096,ThreadPool,4,4
2,1.6.0,1.6.0,GCC 14.2,Linux,x86_64,AMD EPYC 9V74 80-Core Processor,stencil_pointwise_matrix,double,262656,contiguous,513,stable,12,0.206757,4692868244445875020,772b438f26ac75c1,537958.96856913855,772b438f26ac75c1,0,0,1,1,1,1,1,ThreadPool,Reproducible,canonical-pointwise,fixed_pointwise_expression,canonical-pointwise-2d-v1-target4096,ThreadPool,4,4
2,1.6.0,1.6.0,GCC 14.2,Linux,x86_64,AMD EPYC 9V74 80-Core Processor,stencil_pointwise_matrix,double,262656,contiguous,513,stable,13,0.15387899999999999,4692868244445875020,772b438f26ac75c1,537958.96856913855,772b438f26ac75c1,0,0,1,1,1,1,1,ThreadPool,Reproducible,canonical-pointwise,fixed_pointwise_expression,canonical-pointwise-2d-v1-target4096,ThreadPool,4,4
2,1.6.0,1.6.0,GCC 14.2,Linux,x86_64,AMD EPYC 9V74 80-Core Processor,stencil_pointwise_matrix,double,262656,contiguous,513,stable,14,0.135961,4692868244445875020,772b438f26ac75c1,537958.96856913855,772b438f26ac75c1,0,0,1,1,1,1,1,ThreadPool,Reproducible,canonical-pointwise,fixed_pointwise_expression,canonical-pointwise-2d-v1-target4096,ThreadPool,4,4
2,1.6.0,1.6.0,GCC 14.2,Linux,x86_64,AMD EPYC 9V74 80-Core Processor,stencil_pointwise_matrix,double,262656,contiguous,513,stable,15,0.32905800000000002,4692868244445875020,772b438f26ac75c1,537958.96856913855,772b438f26ac75c1,0,0,1,1,1,1,1,ThreadPool,Reproducible,canonical-pointwise,fixed_pointwise_expression,canonical-pointwise-2d-v1-target4096,ThreadPool,4,4
2,1.6.0,1.6.0,GCC 14.2,Linux,x86_64,AMD EPYC 9V74 80-Core Processor,stencil_pointwise_matrix,double,262656,contiguous,513,stable,16,0.33661999999999997,4692868244445875020,772b438f26ac75c1,537958.96856913855,772b438f26ac75c1,0,0,1,1,1,1,1,ThreadPool,Reproducible,canonical-pointwise,fixed_pointwise_expression,canonical-pointwise-2d-v1-target4096,ThreadPool,4,4
2,1.6.0,1.6.0,GCC 14.2,Linux,x86_64,AMD EPYC 9V74 80-Core Processor,stencil_pointwise_matrix,double,262656,contiguous,513,stable,17,0.19384799999999999,4692868244445875020,772b438f26ac75c1,537958.96856913855,772b438f26ac75c1,0,0,1,1,1,1,1,ThreadPool,Reproducible,canonical-pointwise,fixed_pointwise_expression,canonical-pointwise-2d-v1-target4096,ThreadPool,4,4
2,1.6.0,1.6.0,GCC 14.2,Linux,x86_64,AMD EPYC 9V74 80-Core Processor,stencil_pointwise_matrix,double,262656,contiguous,513,stable,18,0.18426300000000001,4692868244445875020,772b438f26ac75c1,537958.96856913855,772b438f26ac75c1,0,0,1,1,1,1,1,ThreadPool,Reproducible,canonical-pointwise,fixed_pointwise_expression,canonical-pointwise-2d-v1-target4096,ThreadPool,4,4
2,1.6.0,1.6.0,GCC 14.2,Linux,x86_64,AMD EPYC 9V74 80-Core Processor,stencil_pointwise_matrix,double,262656,contiguous,513,stable,19,0.20308100000000001,4692868244445875020,772b438f26ac75c1,537958.96856913855,772b438f26ac75c1,0,0,1,1,1,1,1,ThreadPool,Reproducible,canonical-pointwise,fixed_pointwise_expression,canonical-pointwise-2d-v1-target4096,ThreadPool,4,4
2,1.6.0,1.6.0,GCC 14.2,Linux,x86_64,AMD EPYC 9V74 80-Core Processor,stencil_pointwise_matrix,double,262656,contiguous,513,stable,20,0.137484,4692868244445875020,772b438f26ac75c1,537958.96856913855,772b438f26ac75c1,0,0,1,1,1,1,1,ThreadPool,Reproducible,canonical-pointwise,fixed_pointwise_expression,canonical-pointwise-2d-v1-target4096,ThreadPool,4,4
2,1.6.0,1.6.0,GCC 14.2,Linux,x86_64,AMD EPYC 9V74 80-Core Processor,stencil_pointwise_matrix,double,262656,contiguous,513,stable,21,0.208149,4692868244445875020,772b438f26ac75c1,537958.96856913855,772b438f26ac75c1,0,0,1,1,1,1,1,ThreadPool,Reproducible,canonical-pointwise,fixed_pointwise_expression,canonical-pointwise-2d-v1-target4096,ThreadPool,4,4
2,1.6.0,1.6.0,GCC 14.2,Linux,x86_64,AMD EPYC 9V74 80-Core Processor,axpy_pointwise_matrix,double,262144,contiguous,1,first_call,0,0.181309,4688251006710284584,0a49b667e681e49f,262364.8758144551,0a49b667e681e49f,0,0,1,1,1,1,1,ThreadPool,Reproducible,canonical-pointwise,fixed_pointwise_expression,canonical-pointwise-v1-target4096,ThreadPool,8,5
2,1.6.0,1.6.0,GCC 14.2,Linux,x86_64,AMD EPYC 9V74 80-Core Processor,axpy_pointwise_matrix,double,262144,contiguous,1,stable,1,0.15768399999999999,4688251006710284584,0a49b667e681e49f,262364.8758144551,0a49b667e681e49f,0,0,1,1,1,1,1,ThreadPool,Reproducible,canonical-pointwise,fixed_pointwise_expression,canonical-pointwise-v1-target4096,ThreadPool,8,5
2,1.6.0,1.6.0,GCC 14.2,Linux,x86_64,AMD EPYC 9V74 80-Core Processor,axpy_pointwise_matrix,double,262144,contiguous,1,stable,2,0.13208600000000001,4688251006710284584,0a49b667e681e49f,262364.8758144551,0a49b667e681e49f,0,0,1,1,1,1,1,ThreadPool,Reproducible,canonical-pointwise,fixed_pointwise_expression,canonical-pointwise-v1-target4096,ThreadPool,8,5
2,1.6.0,1.6.0,GCC 14.2,Linux,x86_64,AMD EPYC 9V74 80-Core Processor,axpy_pointwise_matrix,double,262144,contiguous,1,stable,3,0.152145,4688251006710284584,0a49b667e681e49f,262364.8758144551,0a49b667e681e49f,0,0,1,1,1,1,1,ThreadPool,Reproducible,canonical-pointwise,fixed_pointwise_expression,canonical-pointwise-v1-target4096,ThreadPool,8,5
2,1.6.0,1.6.0,GCC 14.2,Linux,x86_64,AMD EPYC 9V74 80-Core Processor,axpy_pointwise_matrix,double,262144,contiguous,1,stable,4,0.133238,4688251006710284584,0a49b667e681e49f,262364.8758144551,0a49b667e681e49f,0,0,1,1,1,1,1,ThreadPool,Reproducible,canonical-pointwise,fixed_pointwise_expression,canonical-pointwise-v1-target4096,ThreadPool,8,5
2,1.6.0,1.6.0,GCC 14.2,Linux,x86_64,AMD EPYC 9V74 80-Core Processor,axpy_pointwise_matrix,double,262144,contiguous,1,stable,5,0.095472000000000001,4688251006710284584,0a49b667e681e49f,262364.8758144551,0a49b667e681e49f,0,0,1,1,1,1,1,ThreadPool,Reproducible,canonical-pointwise,fixed_pointwise_expression,canonical-pointwise-v1-target4096,ThreadPool,8,5
2,1.6.0,1.6.0,GCC 14.2,Linux,x86_64,AMD EPYC 9V74 80-Core Processor,axpy_pointwise_matrix,double,262144,contiguous,1,stable,6,0.123443,4688251006710284584,0a49b667e681e49f,262364.8758144551,0a49b667e681e49f,0,0,1,1,1,1,1,ThreadPool,Reproducible,canonical-pointwise,fixed_pointwise_expression,canonical-pointwise-v1-target4096,ThreadPool,8,5
2,1.6.0,1.6.0,GCC 14.2,Linux,x86_64,AMD EPYC 9V74 80-Core Processor,axpy_pointwise_matrix,double,262144,contiguous,1,stable,7,0.14577699999999999,4688251006710284584,0a49b667e681e49f,262364.8758144551,0a49b667e681e49f,0,0,1,1,1,1,1,ThreadPool,Reproducible,canonical-pointwise,fixed_pointwise_expression,canonical-pointwise-v1-target4096,ThreadPool,8,5
2,1.6.0,1.6.0,GCC 14.2,Linux,x86_64,AMD EPYC 9V74 80-Core Processor,axpy_pointwise_matrix,double,262144,contiguous,1,stable,8,0.098877000000000007,4688251006710284584,0a49b667e681e49f,262364.8758144551,0a49b667e681e49f,0,0,1,1,1,1,1,ThreadPool,Reproducible,canonical-pointwise,fixed_pointwise_expression,canonical-pointwise-v1-target4096,ThreadPool,8,5
2,1.6.0,1.6.0,GCC 14.2,Linux,x86_64,AMD EPYC 9V74 80-Core Processor,axpy_pointwise_matrix,double,262144,contiguous,1,stable,9,0.105837,4688251006710284584,0a49b667e681e49f,262364.8758144551,0a49b667e681e49f,0,0,1,1,1,1,1,ThreadPool,Reproducible,canonical-pointwise,fixed_pointwise_expression,canonical-pointwise-v1-target4096,ThreadPool,8,5
2,1.6.0,1.6.0,GCC 14.2,Linux,x86_64,AMD EPYC 9V74 80-Core Processor,axpy_pointwise_matrix,double,262144,contiguous,1,stable,10,0.13158500000000001,4688251006710284584,0a49b667e681e49f,262364.8758144551,0a49b667e681e49f,0,0,1,1,1,1,1,ThreadPool,Reproducible,canonical-pointwise,fixed_pointwise_expression,canonical-pointwise-v1-target4096,ThreadPool,8,5
2,1.6.0,1.6.0,GCC 14.2,Linux,x86_64,AMD EPYC 9V74 80-Core Processor,axpy_pointwise_matrix,double,262144,contiguous,1,stable,11,0.089402999999999996,4688251006710284584,0a49b667e681e49f,262364.8758144551,0a49b667e681e49f,0,0,1,1,1,1,1,ThreadPool,Reproducible,canonical-pointwise,fixed_pointwise_expression,canonical-pointwise-v1-target4096,ThreadPool,8,5
2,1.6.0,1.6.0,GCC 14.2,Linux,x86_64,AMD EPYC 9V74 80-Core Processor,axpy_pointwise_matrix,double,262144,contiguous,1,stable,12,0.110934,4688251006710284584,0a49b667e681e49f,262364.8758144551,0a49b667e681e49f,0,0,1,1,1,1,1,ThreadPool,Reproducible,canonical-pointwise,fixed_pointwise_expression,canonical-pointwise-v1-target4096,ThreadPool,8,5
2,1.6.0,1.6.0,GCC 14.2,Linux,x86_64,AMD EPYC 9V74 80-Core Processor,axpy_pointwise_matrix,double,262144,contiguous,1,stable,13,0.109682,4688251006710284584,0a49b667e681e49f,262364.8758144551,0a49b667e681e49f,0,0,1,1,1,1,1,ThreadPool,Reproducible,canonical-pointwise,fixed_pointwise_expression,canonical-pointwise-v1-target4096,ThreadPool,8,5
2,1.6.0,1.6.0,GCC 14.2,Linux,x86_64,AMD EPYC 9V74 80-Core Processor,axpy_pointwise_matrix,double,262144,contiguous,1,stable,14,0.122212,4688251006710284584,0a49b667e681e49f,262364.8758144551,0a49b667e681e49f,0,0,1,1,1,1,1,ThreadPool,Reproducible,canonical-pointwise,fixed_pointwise_expression,canonical-pointwise-v1-target4096,ThreadPool,8,5
2,1.6.0,1.6.0,GCC 14.2,Linux,x86_64,AMD EPYC 9V74 80-Core Processor,axpy_pointwise_matrix,double,262144,contiguous,1,stable,15,0.120548,4688251006710284584,0a49b667e681e49f,262364.8758144551,0a49b667e681e49f,0,0,1,1,1,1,1,ThreadPool,Reproducible,canonical-pointwise,fixed_pointwise_expression,canonical-pointwise-v1-target4096,ThreadPool,8,5
2,1.6.0,1.6.0,GCC 14.2,Linux,x86_64,AMD EPYC 9V74 80-Core Processor,axpy_pointwise_matrix,double,262144,contiguous,1,stable,16,0.107209,4688251006710284584,0a49b667e681e49f,262364.8758144551,0a49b667e681e49f,0,0,1,1,1,1,1,ThreadPool,Reproducible,canonical-pointwise,fixed_pointwise_expression,canonical-pointwise-v1-target4096,ThreadPool,8,5
2,1.6.0,1.6.0,GCC 14.2,Linux,x86_64,AMD EPYC 9V74 80-Core Processor,axpy_pointwise_matrix,double,262144,contiguous,1,stable,17,0.13053400000000001,4688251006710284584,0a49b667e681e49f,262364.8758144551,0a49b667e681e49f,0,0,1,1,1,1,1,ThreadPool,Reproducible,canonical-pointwise,fixed_pointwise_expression,canonical-pointwise-v1-target4096,ThreadPool,8,5
2,1.6.0,1.6.0,GCC 14.2,Linux,x86_64,AMD EPYC 9V74 80-Core Processor,axpy_pointwise_matrix,double,262144,contiguous,1,stable,18,0.10115,4688251006710284584,0a49b667e681e49f,262364.8758144551,0a49b667e681e49f,0,0,1,1,1,1,1,ThreadPool,Reproducible,canonical-pointwise,fixed_pointwise_expression,canonical-pointwise-v1-target4096,ThreadPool,8,5
2,1.6.0,1.6.0,GCC 14.2,Linux,x86_64,AMD EPYC 9V74 80-Core Processor,axpy_pointwise_matrix,double,262144,contiguous,1,stable,19,0.11204699999999999,4688251006710284584,0a49b667e681e49f,262364.8758144551,0a49b667e681e49f,0,0,1,1,1,1,1,ThreadPool,Reproducible,canonical-pointwise,fixed_pointwise_expression,canonical-pointwise-v1-target4096,ThreadPool,8,5
2,1.6.0,1.6.0,GCC 14.2,Linux,x86_64,AMD EPYC 9V74 80-Core Processor,axpy_pointwise_matrix,double,262144,contiguous,1,stable,20,0.121921,4688251006710284584,0a49b667e681e49f,262364.8758144551,0a49b667e681e49f,0,0,1,1,1,1,1,ThreadPool,Reproducible,canonical-pointwise,fixed_pointwise_expression,canonical-pointwise-v1-target4096,ThreadPool,8,5
2,1.6.0,1.6.0,GCC 14.2,Linux,x86_64,AMD EPYC 9V74 80-Core Processor,axpy_pointwise_matrix,double,262144,contiguous,1,stable,21,0.098715999999999998,4688251006710284584,0a49b667e681e49f,262364.8758144551,0a49b667e681e49f,0,0,1,1,1,1,1,ThreadPool,Reproducible,canonical-pointwise,fixed_pointwise_expression,canonical-pointwise-v1-target4096,ThreadPool,8,5
2,1.6.0,1.6.0,GCC 14.2,Linux,x86_64,AMD EPYC 9V74 80-Core Processor,stencil_pointwise_matrix,double,262656,contiguous,513,first_call,0,0.22476299999999999,4692868244445875020,772b438f26ac75c1,537958.96856913855,772b438f26ac75c1,0,0,1,1,1,1,1,ThreadPool,Reproducible,canonical-pointwise,fixed_pointwise_expression,canonical-pointwise-2d-v1-target4096,ThreadPool,8,5
2,1.6.0,1.6.0,GCC 14.2,Linux,x86_64,AMD EPYC 9V74 80-Core Processor,stencil_pointwise_matrix,double,262656,contiguous,513,stable,1,0.17705199999999999,4692868244445875020,772b438f26ac75c1,537958.96856913855,772b438f26ac75c1,0,0,1,1,1,1,1,ThreadPool,Reproducible,canonical-pointwise,fixed_pointwise_expression,canonical-pointwise-2d-v1-target4096,ThreadPool,8,5
2,1.6.0,1.6.0,GCC 14.2,Linux,x86_64,AMD EPYC 9V74 80-Core Processor,stencil_pointwise_matrix,double,262656,contiguous,513,stable,2,0.297902,4692868244445875020,772b438f26ac75c1,537958.96856913855,772b438f26ac75c1,0,0,1,1,1,1,1,ThreadPool,Reproducible,canonical-pointwise,fixed_pointwise_expression,canonical-pointwise-2d-v1-target4096,ThreadPool,8,5
2,1.6.0,1.6.0,GCC 14.2,Linux,x86_64,AMD EPYC 9V74 80-Core Processor,stencil_pointwise_matrix,double,262656,contiguous,513,stable,3,0.18640599999999999,4692868244445875020,772b438f26ac75c1,537958.96856913855,772b438f26ac75c1,0,0,1,1,1,1,1,ThreadPool,Reproducible,canonical-pointwise,fixed_pointwise_expression,canonical-pointwise-2d-v1-target4096,ThreadPool,8,5
2,1.6.0,1.6.0,GCC 14.2,Linux,x86_64,AMD EPYC 9V74 80-Core Processor,stencil_pointwise_matrix,double,262656,contiguous,513,stable,4,0.17585100000000001,4692868244445875020,772b438f26ac75c1,537958.96856913855,772b438f26ac75c1,0,0,1,1,1,1,1,ThreadPool,Reproducible,canonical-pointwise,fixed_pointwise_expression,canonical-pointwise-2d-v1-target4096,ThreadPool,8,5
2,1.6.0,1.6.0,GCC 14.2,Linux,x86_64,AMD EPYC 9V74 80-Core Processor,stencil_pointwise_matrix,double,262656,contiguous,513,stable,5,0.15176500000000001,4692868244445875020,772b438f26ac75c1,537958.96856913855,772b438f26ac75c1,0,0,1,1,1,1,1,ThreadPool,Reproducible,canonical-pointwise,fixed_pointwise_expression,canonical-pointwise-2d-v1-target4096,ThreadPool,8,5
2,1.6.0,1.6.0,GCC 14.2,Linux,x86_64,AMD EPYC 9V74 80-Core Processor,stencil_pointwise_matrix,double,262656,contiguous,513,stable,6,0.27882400000000002,4692868244445875020,772b438f26ac75c1,537958.96856913855,772b438f26ac75c1,0,0,1,1,1,1,1,ThreadPool,Reproducible,canonical-pointwise,fixed_pointwise_expression,canonical-pointwise-2d-v1-target4096,ThreadPool,8,5
2,1.6.0,1.6.0,GCC 14.2,Linux,x86_64,AMD EPYC 9V74 80-Core Processor,stencil_pointwise_matrix,double,262656,contiguous,513,stable,7,0.15301699999999999,4692868244445875020,772b438f26ac75c1,537958.96856913855,772b438f26ac75c1,0,0,1,1,1,1,1,ThreadPool,Reproducible,canonical-pointwise,fixed_pointwise_expression,canonical-pointwise-2d-v1-target4096,ThreadPool,8,5
2,1.6.0,1.6.0,GCC 14.2,Linux,x86_64,AMD EPYC 9V74 80-Core Processor,stencil_pointwise_matrix,double,262656,contiguous,513,stable,8,0.16248099999999999,4692868244445875020,772b438f26ac75c1,537958.96856913855,772b438f26ac75c1,0,0,1,1,1,1,1,ThreadPool,Reproducible,canonical-pointwise,fixed_pointwise_expression,canonical-pointwise-2d-v1-target4096,ThreadPool,8,5
2,1.6.0,1.6.0,GCC 14.2,Linux,x86_64,AMD EPYC 9V74 80-Core Processor,stencil_pointwise_matrix,double,262656,contiguous,513,stable,9,0.14405399999999999,4692868244445875020,772b438f26ac75c1,537958.96856913855,772b438f26ac75c1,0,0,1,1,1,1,1,ThreadPool,Reproducible,canonical-pointwise,fixed_pointwise_expression,canonical-pointwise-2d-v1-target4096,ThreadPool,8,5
2,1.6.0,1.6.0,GCC 14.2,Linux,x86_64,AMD EPYC 9V74 80-Core Processor,stencil_pointwise_matrix,double,262656,contiguous,513,stable,10,0.27535799999999999,4692868244445875020,772b438f26ac75c1,537958.96856913855,772b438f26ac75c1,0,0,1,1,1,1,1,ThreadPool,Reproducible,canonical-pointwise,fixed_pointwise_expression,canonical-pointwise-2d-v1-target4096,ThreadPool,8,5
2,1.6.0,1.6.0,GCC 14.2,Linux,x86_64,AMD EPYC 9V74 80-Core Processor,stencil_pointwise_matrix,double,262656,contiguous,513,stable,11,0.17561099999999999,4692868244445875020,772b438f26ac75c1,537958.96856913855,772b438f26ac75c1,0,0,1,1,1,1,1,ThreadPool,Reproducible,canonical-pointwise,fixed_pointwise_expression,canonical-pointwise-2d-v1-target4096,ThreadPool,8,5
2,1.6.0,1.6.0,GCC 14.2,Linux,x86_64,AMD EPYC 9V74 80-Core Processor,stencil_pointwise_matrix,double,262656,contiguous,513,stable,12,0.211093,4692868244445875020,772b438f26ac75c1,537958.96856913855,772b438f26ac75c1,0,0,1,1,1,1,1,ThreadPool,Reproducible,canonical-pointwise,fixed_pointwise_expression,canonical-pointwise-2d-v1-target4096,ThreadPool,8,5
2,1.6.0,1.6.0,GCC 14.2,Linux,x86_64,AMD EPYC 9V74 80-Core Processor,stencil_pointwise_matrix,double,262656,contiguous,513,stable,13,0.17003199999999999,4692868244445875020,772b438f26ac75c1,537958.96856913855,772b438f26ac75c1,0,0,1,1,1,1,1,ThreadPool,Reproducible,canonical-pointwise,fixed_pointwise_expression,canonical-pointwise-2d-v1-target4096,ThreadPool,8,5
2,1.6.0,1.6.0,GCC 14.2,Linux,x86_64,AMD EPYC 9V74 80-Core Processor,stencil_pointwise_matrix,double,262656,contiguous,513,stable,14,0.25619999999999998,4692868244445875020,772b438f26ac75c1,537958.96856913855,772b438f26ac75c1,0,0,1,1,1,1,1,ThreadPool,Reproducible,canonical-pointwise,fixed_pointwise_expression,canonical-pointwise-2d-v1-target4096,ThreadPool,8,5
2,1.6.0,1.6.0,GCC 14.2,Linux,x86_64,AMD EPYC 9V74 80-Core Processor,stencil_pointwise_matrix,double,262656,contiguous,513,stable,15,0.287437,4692868244445875020,772b438f26ac75c1,537958.96856913855,772b438f26ac75c1,0,0,1,1,1,1,1,ThreadPool,Reproducible,canonical-pointwise,fixed_pointwise_expression,canonical-pointwise-2d-v1-target4096,ThreadPool,8,5
2,1.6.0,1.6.0,GCC 14.2,Linux,x86_64,AMD EPYC 9V74 80-Core Processor,stencil_pointwise_matrix,double,262656,contiguous,513,stable,16,0.18449399999999999,4692868244445875020,772b438f26ac75c1,537958.96856913855,772b438f26ac75c1,0,0,1,1,1,1,1,ThreadPool,Reproducible,canonical-pointwise,fixed_pointwise_expression,canonical-pointwise-2d-v1-target4096,ThreadPool,8,5
2,1.6.0,1.6.0,GCC 14.2,Linux,x86_64,AMD EPYC 9V74 80-Core Processor,stencil_pointwise_matrix,double,262656,contiguous,513,stable,17,0.16875999999999999,4692868244445875020,772b438f26ac75c1,537958.96856913855,772b438f26ac75c1,0,0,1,1,1,1,1,ThreadPool,Reproducible,canonical-pointwise,fixed_pointwise_expression,canonical-pointwise-2d-v1-target4096,ThreadPool,8,5
2,1.6.0,1.6.0,GCC 14.2,Linux,x86_64,AMD EPYC 9V74 80-Core Processor,stencil_pointwise_matrix,double,262656,contiguous,513,stable,18,0.14305300000000001,4692868244445875020,772b438f26ac75c1,537958.96856913855,772b438f26ac75c1,0,0,1,1,1,1,1,ThreadPool,Reproducible,canonical-pointwise,fixed_pointwise_expression,canonical-pointwise-2d-v1-target4096,ThreadPool,8,5
2,1.6.0,1.6.0,GCC 14.2,Linux,x86_64,AMD EPYC 9V74 80-Core Processor,stencil_pointwise_matrix,double,262656,contiguous,513,stable,19,0.17923600000000001,4692868244445875020,772b438f26ac75c1,537958.96856913855,772b438f26ac75c1,0,0,1,1,1,1,1,ThreadPool,Reproducible,canonical-pointwise,fixed_pointwise_expression,canonical-pointwise-2d-v1-target4096,ThreadPool,8,5
2,1.6.0,1.6.0,GCC 14.2,Linux,x86_64,AMD EPYC 9V74 80-Core Processor,stencil_pointwise_matrix,double,262656,contiguous,513,stable,20,0.162441,4692868244445875020,772b438f26ac75c1,537958.96856913855,772b438f26ac75c1,0,0,1,1,1,1,1,ThreadPool,Reproducible,canonical-pointwise,fixed_pointwise_expression,canonical-pointwise-2d-v1-target4096,ThreadPool,8,5
2,1.6.0,1.6.0,GCC 14.2,Linux,x86_64,AMD EPYC 9V74 80-Core Processor,stencil_pointwise_matrix,double,262656,contiguous,513,stable,21,0.150894,4692868244445875020,772b438f26ac75c1,537958.96856913855,772b438f26ac75c1,0,0,1,1,1,1,1,ThreadPool,Reproducible,canonical-pointwise,fixed_pointwise_expression,canonical-pointwise-2d-v1-target4096,ThreadPool,8,5
2,1.6.0,1.6.0,GCC 14.2,Linux,x86_64,AMD EPYC 9V74 80-Core Processor,axpy_pointwise_matrix,double,262144,contiguous,1,first_call,0,0.110013,4688251006710284584,0a49b667e681e49f,262364.8758144551,0a49b667e681e49f,0,0,1,1,1,1,1,Sequential,Reproducible,canonical-pointwise,fixed_pointwise_expression,canonical-pointwise-v1-target4096,StaticThread,1,1
2,1.6.0,1.6.0,GCC 14.2,Linux,x86_64,AMD EPYC 9V74 80-Core Processor,axpy_pointwise_matrix,double,262144,contiguous,1,stable,1,0.071076,4688251006710284584,0a49b667e681e49f,262364.8758144551,0a49b667e681e49f,0,0,1,1,1,1,1,Sequential,Reproducible,canonical-pointwise,fixed_pointwise_expression,canonical-pointwise-v1-target4096,StaticThread,1,1
2,1.6.0,1.6.0,GCC 14.2,Linux,x86_64,AMD EPYC 9V74 80-Core Processor,axpy_pointwise_matrix,double,262144,contiguous,1,stable,2,0.058157,4688251006710284584,0a49b667e681e49f,262364.8758144551,0a49b667e681e49f,0,0,1,1,1,1,1,Sequential,Reproducible,canonical-pointwise,fixed_pointwise_expression,canonical-pointwise-v1-target4096,StaticThread,1,1
2,1.6.0,1.6.0,GCC 14.2,Linux,x86_64,AMD EPYC 9V74 80-Core Processor,axpy_pointwise_matrix,double,262144,contiguous,1,stable,3,0.058236999999999997,4688251006710284584,0a49b667e681e49f,262364.8758144551,0a49b667e681e49f,0,0,1,1,1,1,1,Sequential,Reproducible,canonical-pointwise,fixed_pointwise_expression,canonical-pointwise-v1-target4096,StaticThread,1,1
2,1.6.0,1.6.0,GCC 14.2,Linux,x86_64,AMD EPYC 9V74 80-Core Processor,axpy_pointwise_matrix,double,262144,contiguous,1,stable,4,0.058547000000000002,4688251006710284584,0a49b667e681e49f,262364.8758144551,0a49b667e681e49f,0,0,1,1,1,1,1,Sequential,Reproducible,canonical-pointwise,fixed_pointwise_expression,canonical-pointwise-v1-target4096,StaticThread,1,1
2,1.6.0,1.6.0,GCC 14.2,Linux,x86_64,AMD EPYC 9V74 80-Core Processor,axpy_pointwise_matrix,double,262144,contiguous,1,stable,5,0.069814000000000001,4688251006710284584,0a49b667e681e49f,262364.8758144551,0a49b667e681e49f,0,0,1,1,1,1,1,Sequential,Reproducible,canonical-pointwise,fixed_pointwise_expression,canonical-pointwise-v1-target4096,StaticThread,1,1
2,1.6.0,1.6.0,GCC 14.2,Linux,x86_64,AMD EPYC 9V74 80-Core Processor,axpy_pointwise_matrix,double,262144,contiguous,1,stable,6,0.069994000000000001,4688251006710284584,0a49b667e681e49f,262364.8758144551,0a49b667e681e49f,0,0,1,1,1,1,1,Sequential,Reproducible,canonical-pointwise,fixed_pointwise_expression,canonical-pointwise-v1-target4096,StaticThread,1,1
2,1.6.0,1.6.0,GCC 14.2,Linux,x86_64,AMD EPYC 9V74 80-Core Processor,axpy_pointwise_matrix,double,262144,contiguous,1,stable,7,0.059809000000000001,4688251006710284584,0a49b667e681e49f,262364.8758144551,0a49b667e681e49f,0,0,1,1,1,1,1,Sequential,Reproducible,canonical-pointwise,fixed_pointwise_expression,canonical-pointwise-v1-target4096,StaticThread,1,1
2,1.6.0,1.6.0,GCC 14.2,Linux,x86_64,AMD EPYC 9V74 80-Core Processor,axpy_pointwise_matrix,double,262144,contiguous,1,stable,8,0.058316,4688251006710284584,0a49b667e681e49f,262364.8758144551,0a49b667e681e49f,0,0,1,1,1,1,1,Sequential,Reproducible,canonical-pointwise,fixed_pointwise_expression,canonical-pointwise-v1-target4096,StaticThread,1,1
2,1.6.0,1.6.0,GCC 14.2,Linux,x86_64,AMD EPYC 9V74 80-Core Processor,axpy_pointwise_matrix,double,262144,contiguous,1,stable,9,0.059047000000000002,4688251006710284584,0a49b667e681e49f,262364.8758144551,0a49b667e681e49f,0,0,1,1,1,1,1,Sequential,Reproducible,canonical-pointwise,fixed_pointwise_expression,canonical-pointwise-v1-target4096,StaticThread,1,1
2,1.6.0,1.6.0,GCC 14.2,Linux,x86_64,AMD EPYC 9V74 80-Core Processor,axpy_pointwise_matrix,double,262144,contiguous,1,stable,10,0.057404999999999998,4688251006710284584,0a49b667e681e49f,262364.8758144551,0a49b667e681e49f,0,0,1,1,1,1,1,Sequential,Reproducible,canonical-pointwise,fixed_pointwise_expression,canonical-pointwise-v1-target4096,StaticThread,1,1
2,1.6.0,1.6.0,GCC 14.2,Linux,x86_64,AMD EPYC 9V74 80-Core Processor,axpy_pointwise_matrix,double,262144,contiguous,1,stable,11,0.061101000000000003,4688251006710284584,0a49b667e681e49f,262364.8758144551,0a49b667e681e49f,0,0,1,1,1,1,1,Sequential,Reproducible,canonical-pointwise,fixed_pointwise_expression,canonical-pointwise-v1-target4096,StaticThread,1,1
2,1.6.0,1.6.0,GCC 14.2,Linux,x86_64,AMD EPYC 9V74 80-Core Processor,axpy_pointwise_matrix,double,262144,contiguous,1,stable,12,0.057555000000000002,4688251006710284584,0a49b667e681e49f,262364.8758144551,0a49b667e681e49f,0,0,1,1,1,1,1,Sequential,Reproducible,canonical-pointwise,fixed_pointwise_expression,canonical-pointwise-v1-target4096,StaticThread,1,1
2,1.6.0,1.6.0,GCC 14.2,Linux,x86_64,AMD EPYC 9V74 80-Core Processor,axpy_pointwise_matrix,double,262144,contiguous,1,stable,13,0.058116000000000001,4688251006710284584,0a49b667e681e49f,262364.8758144551,0a49b667e681e49f,0,0,1,1,1,1,1,Sequential,Reproducible,canonical-pointwise,fixed_pointwise_expression,canonical-pointwise-v1-target4096,StaticThread,1,1
2,1.6.0,1.6.0,GCC 14.2,Linux,x86_64,AMD EPYC 9V74 80-Core Processor,axpy_pointwise_matrix,double,262144,contiguous,1,stable,14,0.057956000000000001,4688251006710284584,0a49b667e681e49f,262364.8758144551,0a49b667e681e49f,0,0,1,1,1,1,1,Sequential,Reproducible,canonical-pointwise,fixed_pointwise_expression,canonical-pointwise-v1-target4096,StaticThread,1,1
2,1.6.0,1.6.0,GCC 14.2,Linux,x86_64,AMD EPYC 9V74 80-Core Processor,axpy_pointwise_matrix,double,262144,contiguous,1,stable,15,0.058666999999999997,4688251006710284584,0a49b667e681e49f,262364.8758144551,0a49b667e681e49f,0,0,1,1,1,1,1,Sequential,Reproducible,canonical-pointwise,fixed_pointwise_expression,canonical-pointwise-v1-target4096,StaticThread,1,1
2,1.6.0,1.6.0,GCC 14.2,Linux,x86_64,AMD EPYC 9V74 80-Core Processor,axpy_pointwise_matrix,double,262144,contiguous,1,stable,16,0.057195000000000003,4688251006710284584,0a49b667e681e49f,262364.8758144551,0a49b667e681e49f,0,0,1,1,1,1,1,Sequential,Reproducible,canonical-pointwise,fixed_pointwise_expression,canonical-pointwise-v1-target4096,StaticThread,1,1
2,1.6.0,1.6.0,GCC 14.2,Linux,x86_64,AMD EPYC 9V74 80-Core Processor,axpy_pointwise_matrix,double,262144,contiguous,1,stable,17,0.056432999999999997,4688251006710284584,0a49b667e681e49f,262364.8758144551,0a49b667e681e49f,0,0,1,1,1,1,1,Sequential,Reproducible,canonical-pointwise,fixed_pointwise_expression,canonical-pointwise-v1-target4096,StaticThread,1,1
2,1.6.0,1.6.0,GCC 14.2,Linux,x86_64,AMD EPYC 9V74 80-Core Processor,axpy_pointwise_matrix,double,262144,contiguous,1,stable,18,0.057265000000000003,4688251006710284584,0a49b667e681e49f,262364.8758144551,0a49b667e681e49f,0,0,1,1,1,1,1,Sequential,Reproducible,canonical-pointwise,fixed_pointwise_expression,canonical-pointwise-v1-target4096,StaticThread,1,1
2,1.6.0,1.6.0,GCC 14.2,Linux,x86_64,AMD EPYC 9V74 80-Core Processor,axpy_pointwise_matrix,double,262144,contiguous,1,stable,19,0.057815999999999999,4688251006710284584,0a49b667e681e49f,262364.8758144551,0a49b667e681e49f,0,0,1,1,1,1,1,Sequential,Reproducible,canonical-pointwise,fixed_pointwise_expression,canonical-pointwise-v1-target4096,StaticThread,1,1
2,1.6.0,1.6.0,GCC 14.2,Linux,x86_64,AMD EPYC 9V74 80-Core Processor,axpy_pointwise_matrix,double,262144,contiguous,1,stable,20,0.056002999999999997,4688251006710284584,0a49b667e681e49f,262364.8758144551,0a49b667e681e49f,0,0,1,1,1,1,1,Sequential,Reproducible,canonical-pointwise,fixed_pointwise_expression,canonical-pointwise-v1-target4096,StaticThread,1,1
2,1.6.0,1.6.0,GCC 14.2,Linux,x86_64,AMD EPYC 9V74 80-Core Processor,axpy_pointwise_matrix,double,262144,contiguous,1,stable,21,0.058146000000000003,4688251006710284584,0a49b667e681e49f,262364.8758144551,0a49b667e681e49f,0,0,1,1,1,1,1,Sequential,Reproducible,canonical-pointwise,fixed_pointwise_expression,canonical-pointwise-v1-target4096,StaticThread,1,1
2,1.6.0,1.6.0,GCC 14.2,Linux,x86_64,AMD EPYC 9V74 80-Core Processor,stencil_pointwise_matrix,double,262656,contiguous,513,first_call,0,0.248529,4692868244445875020,772b438f26ac75c1,537958.96856913855,772b438f26ac75c1,0,0,1,1,1,1,1,Sequential,Reproducible,canonical-pointwise,fixed_pointwise_expression,canonical-pointwise-2d-v1-target4096,StaticThread,1,1
2,1.6.0,1.6.0,GCC 14.2,Linux,x86_64,AMD EPYC 9V74 80-Core Processor,stencil_pointwise_matrix,double,262656,contiguous,513,stable,1,0.199737,4692868244445875020,772b438f26ac75c1,537958.96856913855,772b438f26ac75c1,0,0,1,1,1,1,1,Sequential,Reproducible,canonical-pointwise,fixed_pointwise_expression,canonical-pointwise-2d-v1-target4096,StaticThread,1,1
2,1.6.0,1.6.0,GCC 14.2,Linux,x86_64,AMD EPYC 9V74 80-Core Processor,stencil_pointwise_matrix,double,262656,contiguous,513,stable,2,0.19319600000000001,4692868244445875020,772b438f26ac75c1,537958.96856913855,772b438f26ac75c1,0,0,1,1,1,1,1,Sequential,Reproducible,canonical-pointwise,fixed_pointwise_expression,canonical-pointwise-2d-v1-target4096,StaticThread,1,1
2,1.6.0,1.6.0,GCC 14.2,Linux,x86_64,AMD EPYC 9V74 80-Core Processor,stencil_pointwise_matrix,double,262656,contiguous,513,stable,3,0.17655199999999999,4692868244445875020,772b438f26ac75c1,537958.96856913855,772b438f26ac75c1,0,0,1,1,1,1,1,Sequential,Reproducible,canonical-pointwise,fixed_pointwise_expression,canonical-pointwise-2d-v1-target4096,StaticThread,1,1
2,1.6.0,1.6.0,GCC 14.2,Linux,x86_64,AMD EPYC 9V74 80-Core Processor,stencil_pointwise_matrix,double,262656,contiguous,513,stable,4,0.17616100000000001,4692868244445875020,772b438f26ac75c1,537958.96856913855,772b438f26ac75c1,0,0,1,1,1,1,1,Sequential,Reproducible,canonical-pointwise,fixed_pointwise_expression,canonical-pointwise-2d-v1-target4096,StaticThread,1,1
2,1.6.0,1.6.0,GCC 14.2,Linux,x86_64,AMD EPYC 9V74 80-Core Processor,stencil_pointwise_matrix,double,262656,contiguous,513,stable,5,0.23422799999999999,4692868244445875020,772b438f26ac75c1,537958.96856913855,772b438f26ac75c1,0,0,1,1,1,1,1,Sequential,Reproducible,canonical-pointwise,fixed_pointwise_expression,canonical-pointwise-2d-v1-target4096,StaticThread,1,1
2,1.6.0,1.6.0,GCC 14.2,Linux,x86_64,AMD EPYC 9V74 80-Core Processor,stencil_pointwise_matrix,double,262656,contiguous,513,stable,6,0.178535,4692868244445875020,772b438f26ac75c1,537958.96856913855,772b438f26ac75c1,0,0,1,1,1,1,1,Sequential,Reproducible,canonical-pointwise,fixed_pointwise_expression,canonical-pointwise-2d-v1-target4096,StaticThread,1,1
2,1.6.0,1.6.0,GCC 14.2,Linux,x86_64,AMD EPYC 9V74 80-Core Processor,stencil_pointwise_matrix,double,262656,contiguous,513,stable,7,0.176122,4692868244445875020,772b438f26ac75c1,537958.96856913855,772b438f26ac75c1,0,0,1,1,1,1,1,Sequential,Reproducible,canonical-pointwise,fixed_pointwise_expression,canonical-pointwise-2d-v1-target4096,StaticThread,1,1
2,1.6.0,1.6.0,GCC 14.2,Linux,x86_64,AMD EPYC 9V74 80-Core Processor,stencil_pointwise_matrix,double,262656,contiguous,513,stable,8,0.25201400000000002,4692868244445875020,772b438f26ac75c1,537958.96856913855,772b438f26ac75c1,0,0,1,1,1,1,1,Sequential,Reproducible,canonical-pointwise,fixed_pointwise_expression,canonical-pointwise-2d-v1-target4096,StaticThread,1,1
2,1.6.0,1.6.0,GCC 14.2,Linux,x86_64,AMD EPYC 9V74 80-Core Processor,stencil_pointwise_matrix,double,262656,contiguous,513,stable,9,0.17946599999999999,4692868244445875020,772b438f26ac75c1,537958.96856913855,772b438f26ac75c1,0,0,1,1,1,1,1,Sequential,Reproducible,canonical-pointwise,fixed_pointwise_expression,canonical-pointwise-2d-v1-target4096,StaticThread,1,1
2,1.6.0,1.6.0,GCC 14.2,Linux,x86_64,AMD EPYC 9V74 80-Core Processor,stencil_pointwise_matrix,double,262656,contiguous,513,stable,10,0.17846500000000001,4692868244445875020,772b438f26ac75c1,537958.96856913855,772b438f26ac75c1,0,0,1,1,1,1,1,Sequential,Reproducible,canonical-pointwise,fixed_pointwise_expression,canonical-pointwise-2d-v1-target4096,StaticThread,1,1
2,1.6.0,1.6.0,GCC 14.2,Linux,x86_64,AMD EPYC 9V74 80-Core Processor,stencil_pointwise_matrix,double,262656,contiguous,513,stable,11,0.17838499999999999,4692868244445875020,772b438f26ac75c1,537958.96856913855,772b438f26ac75c1,0,0,1,1,1,1,1,Sequential,Reproducible,canonical-pointwise,fixed_pointwise_expression,canonical-pointwise-2d-v1-target4096,StaticThread,1,1
2,1.6.0,1.6.0,GCC 14.2,Linux,x86_64,AMD EPYC 9V74 80-Core Processor,stencil_pointwise_matrix,double,262656,contiguous,513,stable,12,0.179426,4692868244445875020,772b438f26ac75c1,537958.96856913855,772b438f26ac75c1,0,0,1,1,1,1,1,Sequential,Reproducible,canonical-pointwise,fixed_pointwise_expression,canonical-pointwise-2d-v1-target4096,StaticThread,1,1
2,1.6.0,1.6.0,GCC 14.2,Linux,x86_64,AMD EPYC 9V74 80-Core Processor,stencil_pointwise_matrix,double,262656,contiguous,513,stable,13,0.17710300000000001,4692868244445875020,772b438f26ac75c1,537958.96856913855,772b438f26ac75c1,0,0,1,1,1,1,1,Sequential,Reproducible,canonical-pointwise,fixed_pointwise_expression,canonical-pointwise-2d-v1-target4096,StaticThread,1,1
2,1.6.0,1.6.0,GCC 14.2,Linux,x86_64,AMD EPYC 9V74 80-Core Processor,stencil_pointwise_matrix,double,262656,contiguous,513,stable,14,0.17636099999999999,4692868244445875020,772b438f26ac75c1,537958.96856913855,772b438f26ac75c1,0,0,1,1,1,1,1,Sequential,Reproducible,canonical-pointwise,fixed_pointwise_expression,canonical-pointwise-2d-v1-target4096,StaticThread,1,1
2,1.6.0,1.6.0,GCC 14.2,Linux,x86_64,AMD EPYC 9V74 80-Core Processor,stencil_pointwise_matrix,double,262656,contiguous,513,stable,15,0.19237499999999999,4692868244445875020,772b438f26ac75c1,537958.96856913855,772b438f26ac75c1,0,0,1,1,1,1,1,Sequential,Reproducible,canonical-pointwise,fixed_pointwise_expression,canonical-pointwise-2d-v1-target4096,StaticThread,1,1
2,1.6.0,1.6.0,GCC 14.2,Linux,x86_64,AMD EPYC 9V74 80-Core Processor,stencil_pointwise_matrix,double,262656,contiguous,513,stable,16,0.17977599999999999,4692868244445875020,772b438f26ac75c1,537958.96856913855,772b438f26ac75c1,0,0,1,1,1,1,1,Sequential,Reproducible,canonical-pointwise,fixed_pointwise_expression,canonical-pointwise-2d-v1-target4096,StaticThread,1,1
2,1.6.0,1.6.0,GCC 14.2,Linux,x86_64,AMD EPYC 9V74 80-Core Processor,stencil_pointwise_matrix,double,262656,contiguous,513,stable,17,0.19572000000000001,4692868244445875020,772b438f26ac75c1,537958.96856913855,772b438f26ac75c1,0,0,1,1,1,1,1,Sequential,Reproducible,canonical-pointwise,fixed_pointwise_expression,canonical-pointwise-2d-v1-target4096,StaticThread,1,1
2,1.6.0,1.6.0,GCC 14.2,Linux,x86_64,AMD EPYC 9V74 80-Core Processor,stencil_pointwise_matrix,double,262656,contiguous,513,stable,18,0.17807400000000001,4692868244445875020,772b438f26ac75c1,537958.96856913855,772b438f26ac75c1,0,0,1,1,1,1,1,Sequential,Reproducible,canonical-pointwise,fixed_pointwise_expression,canonical-pointwise-2d-v1-target4096,StaticThread,1,1
2,1.6.0,1.6.0,GCC 14.2,Linux,x86_64,AMD EPYC 9V74 80-Core Processor,stencil_pointwise_matrix,double,262656,contiguous,513,stable,19,0.177733,4692868244445875020,772b438f26ac75c1,537958.96856913855,772b438f26ac75c1,0,0,1,1,1,1,1,Sequential,Reproducible,canonical-pointwise,fixed_pointwise_expression,canonical-pointwise-2d-v1-target4096,StaticThread,1,1
2,1.6.0,1.6.0,GCC 14.2,Linux,x86_64,AMD EPYC 9V74 80-Core Processor,stencil_pointwise_matrix,double,262656,contiguous,513,stable,20,0.17704300000000001,4692868244445875020,772b438f26ac75c1,537958.96856913855,772b438f26ac75c1,0,0,1,1,1,1,1,Sequential,Reproducible,canonical-pointwise,fixed_pointwise_expression,canonical-pointwise-2d-v1-target4096,StaticThread,1,1
2,1.6.0,1.6.0,GCC 14.2,Linux,x86_64,AMD EPYC 9V74 80-Core Processor,stencil_pointwise_matrix,double,262656,contiguous,513,stable,21,0.17743400000000001,4692868244445875020,772b438f26ac75c1,537958.96856913855,772b438f26ac75c1,0,0,1,1,1,1,1,Sequential,Reproducible,canonical-pointwise,fixed_pointwise_expression,canonical-pointwise-2d-v1-target4096,StaticThread,1,1
2,1.6.0,1.6.0,GCC 14.2,Linux,x86_64,AMD EPYC 9V74 80-Core Processor,axpy_pointwise_matrix,double,262144,contiguous,1,first_call,0,0.51050700000000004,4688251006710284584,0a49b667e681e49f,262364.8758144551,0a49b667e681e49f,0,0,1,1,1,1,1,StaticThread,Reproducible,canonical-pointwise,fixed_pointwise_expression,canonical-pointwise-v1-target4096,StaticThread,2,2
2,1.6.0,1.6.0,GCC 14.2,Linux,x86_64,AMD EPYC 9V74 80-Core Processor,axpy_pointwise_matrix,double,262144,contiguous,1,stable,1,0.24351100000000001,4688251006710284584,0a49b667e681e49f,262364.8758144551,0a49b667e681e49f,0,0,1,1,1,1,1,StaticThread,Reproducible,canonical-pointwise,fixed_pointwise_expression,canonical-pointwise-v1-target4096,StaticThread,2,2
2,1.6.0,1.6.0,GCC 14.2,Linux,x86_64,AMD EPYC 9V74 80-Core Processor,axpy_pointwise_matrix,double,262144,contiguous,1,stable,2,0.17266599999999999,4688251006710284584,0a49b667e681e49f,262364.8758144551,0a49b667e681e49f,0,0,1,1,1,1,1,StaticThread,Reproducible,canonical-pointwise,fixed_pointwise_expression,canonical-pointwise-v1-target4096,StaticThread,2,2
2,1.6.0,1.6.0,GCC 14.2,Linux,x86_64,AMD EPYC 9V74 80-Core Processor,axpy_pointwise_matrix,double,262144,contiguous,1,stable,3,0.139206,4688251006710284584,0a49b667e681e49f,262364.8758144551,0a49b667e681e49f,0,0,1,1,1,1,1,StaticThread,Reproducible,canonical-pointwise,fixed_pointwise_expression,canonical-pointwise-v1-target4096,StaticThread,2,2
2,1.6.0,1.6.0,GCC 14.2,Linux,x86_64,AMD EPYC 9V74 80-Core Processor,axpy_pointwise_matrix,double,262144,contiguous,1,stable,4,0.20330100000000001,4688251006710284584,0a49b667e681e49f,262364.8758144551,0a49b667e681e49f,0,0,1,1,1,1,1,StaticThread,Reproducible,canonical-pointwise,fixed_pointwise_expression,canonical-pointwise-v1-target4096,StaticThread,2,2
2,1.6.0,1.6.0,GCC 14.2,Linux,x86_64,AMD EPYC 9V74 80-Core Processor,axpy_pointwise_matrix,double,262144,contiguous,1,stable,5,0.188469,4688251006710284584,0a49b667e681e49f,262364.8758144551,0a49b667e681e49f,0,0,1,1,1,1,1,StaticThread,Reproducible,canonical-pointwise,fixed_pointwise_expression,canonical-pointwise-v1-target4096,StaticThread,2,2
2,1.6.0,1.6.0,GCC 14.2,Linux,x86_64,AMD EPYC 9V74 80-Core Processor,axpy_pointwise_matrix,double,262144,contiguous,1,stable,6,0.158855,4688251006710284584,0a49b667e681e49f,262364.8758144551,0a49b667e681e49f,0,0,1,1,1,1,1,StaticThread,Reproducible,canonical-pointwise,fixed_pointwise_expression,canonical-pointwise-v1-target4096,StaticThread,2,2
2,1.6.0,1.6.0,GCC 14.2,Linux,x86_64,AMD EPYC 9V74 80-Core Processor,axpy_pointwise_matrix,double,262144,contiguous,1,stable,7,0.16634599999999999,4688251006710284584,0a49b667e681e49f,262364.8758144551,0a49b667e681e49f,0,0,1,1,1,1,1,StaticThread,Reproducible,canonical-pointwise,fixed_pointwise_expression,canonical-pointwise-v1-target4096,StaticThread,2,2
2,1.6.0,1.6.0,GCC 14.2,Linux,x86_64,AMD EPYC 9V74 80-Core Processor,axpy_pointwise_matrix,double,262144,contiguous,1,stable,8,0.16680800000000001,4688251006710284584,0a49b667e681e49f,262364.8758144551,0a49b667e681e49f,0,0,1,1,1,1,1,StaticThread,Reproducible,canonical-pointwise,fixed_pointwise_expression,canonical-pointwise-v1-target4096,StaticThread,2,2
2,1.6.0,1.6.0,GCC 14.2,Linux,x86_64,AMD EPYC 9V74 80-Core Processor,axpy_pointwise_matrix,double,262144,contiguous,1,stable,9,0.18316199999999999,4688251006710284584,0a49b667e681e49f,262364.8758144551,0a49b667e681e49f,0,0,1,1,1,1,1,StaticThread,Reproducible,canonical-pointwise,fixed_pointwise_expression,canonical-pointwise-v1-target4096,StaticThread,2,2
2,1.6.0,1.6.0,GCC 14.2,Linux,x86_64,AMD EPYC 9V74 80-Core Processor,axpy_pointwise_matrix,double,262144,contiguous,1,stable,10,0.28812700000000002,4688251006710284584,0a49b667e681e49f,262364.8758144551,0a49b667e681e49f,0,0,1,1,1,1,1,StaticThread,Reproducible,canonical-pointwise,fixed_pointwise_expression,canonical-pointwise-v1-target4096,StaticThread,2,2
2,1.6.0,1.6.0,GCC 14.2,Linux,x86_64,AMD EPYC 9V74 80-Core Processor,axpy_pointwise_matrix,double,262144,contiguous,1,stable,11,0.15207499999999999,4688251006710284584,0a49b667e681e49f,262364.8758144551,0a49b667e681e49f,0,0,1,1,1,1,1,StaticThread,Reproducible,canonical-pointwise,fixed_pointwise_expression,canonical-pointwise-v1-target4096,StaticThread,2,2
2,1.6.0,1.6.0,GCC 14.2,Linux,x86_64,AMD EPYC 9V74 80-Core Processor,axpy_pointwise_matrix,double,262144,contiguous,1,stable,12,0.164384,4688251006710284584,0a49b667e681e49f,262364.8758144551,0a49b667e681e49f,0,0,1,1,1,1,1,StaticThread,Reproducible,canonical-pointwise,fixed_pointwise_expression,canonical-pointwise-v1-target4096,StaticThread,2,2
2,1.6.0,1.6.0,GCC 14.2,Linux,x86_64,AMD EPYC 9V74 80-Core Processor,axpy_pointwise_matrix,double,262144,contiguous,1,stable,13,0.160828,4688251006710284584,0a49b667e681e49f,262364.8758144551,0a49b667e681e49f,0,0,1,1,1,1,1,StaticThread,Reproducible,canonical-pointwise,fixed_pointwise_expression,canonical-pointwise-v1-target4096,StaticThread,2,2
2,1.6.0,1.6.0,GCC 14.2,Linux,x86_64,AMD EPYC 9V74 80-Core Processor,axpy_pointwise_matrix,double,262144,contiguous,1,stable,14,0.23647099999999999,4688251006710284584,0a49b667e681e49f,262364.8758144551,0a49b667e681e49f,0,0,1,1,1,1,1,StaticThread,Reproducible,canonical-pointwise,fixed_pointwise_expression,canonical-pointwise-v1-target4096,StaticThread,2,2
2,1.6.0,1.6.0,GCC 14.2,Linux,x86_64,AMD EPYC 9V74 80-Core Processor,axpy_pointwise_matrix,double,262144,contiguous,1,stable,15,0.20741699999999999,4688251006710284584,0a49b667e681e49f,262364.8758144551,0a49b667e681e49f,0,0,1,1,1,1,1,StaticThread,Reproducible,canonical-pointwise,fixed_pointwise_expression,canonical-pointwise-v1-target4096,StaticThread,2,2
2,1.6.0,1.6.0,GCC 14.2,Linux,x86_64,AMD EPYC 9V74 80-Core Processor,axpy_pointwise_matrix,double,262144,contiguous,1,stable,16,0.144374,4688251006710284584,0a49b667e681e49f,262364.8758144551,0a49b667e681e49f,0,0,1,1,1,1,1,StaticThread,Reproducible,canonical-pointwise,fixed_pointwise_expression,canonical-pointwise-v1-target4096,StaticThread,2,2
2,1.6.0,1.6.0,GCC 14.2,Linux,x86_64,AMD EPYC 9V74 80-Core Processor,axpy_pointwise_matrix,double,262144,contiguous,1,stable,17,0.13675300000000001,4688251006710284584,0a49b667e681e49f,262364.8758144551,0a49b667e681e49f,0,0,1,1,1,1,1,StaticThread,Reproducible,canonical-pointwise,fixed_pointwise_expression,canonical-pointwise-v1-target4096,StaticThread,2,2
2,1.6.0,1.6.0,GCC 14.2,Linux,x86_64,AMD EPYC 9V74 80-Core Processor,axpy_pointwise_matrix,double,262144,contiguous,1,stable,18,0.18471399999999999,4688251006710284584,0a49b667e681e49f,262364.8758144551,0a49b667e681e49f,0,0,1,1,1,1,1,StaticThread,Reproducible,canonical-pointwise,fixed_pointwise_expression,canonical-pointwise-v1-target4096,StaticThread,2,2
2,1.6.0,1.6.0,GCC 14.2,Linux,x86_64,AMD EPYC 9V74 80-Core Processor,axpy_pointwise_matrix,double,262144,contiguous,1,stable,19,0.15337799999999999,4688251006710284584,0a49b667e681e49f,262364.8758144551,0a49b667e681e49f,0,0,1,1,1,1,1,StaticThread,Reproducible,canonical-pointwise,fixed_pointwise_expression,canonical-pointwise-v1-target4096,StaticThread,2,2
2,1.6.0,1.6.0,GCC 14.2,Linux,x86_64,AMD EPYC 9V74 80-Core Processor,axpy_pointwise_matrix,double,262144,contiguous,1,stable,20,0.171345,4688251006710284584,0a49b667e681e49f,262364.8758144551,0a49b667e681e49f,0,0,1,1,1,1,1,StaticThread,Reproducible,canonical-pointwise,fixed_pointwise_expression,canonical-pointwise-v1-target4096,StaticThread,2,2
2,1.6.0,1.6.0,GCC 14.2,Linux,x86_64,AMD EPYC 9V74 80-Core Processor,axpy_pointwise_matrix,double,262144,contiguous,1,stable,21,0.171324,4688251006710284584,0a49b667e681e49f,262364.8758144551,0a49b667e681e49f,0,0,1,1,1,1,1,StaticThread,Reproducible,canonical-pointwise,fixed_pointwise_expression,canonical-pointwise-v1-target4096,StaticThread,2,2
2,1.6.0,1.6.0,GCC 14.2,Linux,x86_64,AMD EPYC 9V74 80-Core Processor,stencil_pointwise_matrix,double,262656,contiguous,513,first_call,0,0.56760100000000002,4692868244445875020,772b438f26ac75c1,537958.96856913855,772b438f26ac75c1,0,0,1,1,1,1,1,StaticThread,Reproducible,canonical-pointwise,fixed_pointwise_expression,canonical-pointwise-2d-v1-target4096,StaticThread,2,2
2,1.6.0,1.6.0,GCC 14.2,Linux,x86_64,AMD EPYC 9V74 80-Core Processor,stencil_pointwise_matrix,double,262656,contiguous,513,stable,1,0.26904899999999998,4692868244445875020,772b438f26ac75c1,537958.96856913855,772b438f26ac75c1,0,0,1,1,1,1,1,StaticThread,Reproducible,canonical-pointwise,fixed_pointwise_expression,canonical-pointwise-2d-v1-target4096,StaticThread,2,2
2,1.6.0,1.6.0,GCC 14.2,Linux,x86_64,AMD EPYC 9V74 80-Core Processor,stencil_pointwise_matrix,double,262656,contiguous,513,stable,2,0.39357300000000001,4692868244445875020,772b438f26ac75c1,537958.96856913855,772b438f26ac75c1,0,0,1,1,1,1,1,StaticThread,Reproducible,canonical-pointwise,fixed_pointwise_expression,canonical-pointwise-2d-v1-target4096,StaticThread,2,2
2,1.6.0,1.6.0,GCC 14.2,Linux,x86_64,AMD EPYC 9V74 80-Core Processor,stencil_pointwise_matrix,double,262656,contiguous,513,stable,3,0.28827700000000001,4692868244445875020,772b438f26ac75c1,537958.96856913855,772b438f26ac75c1,0,0,1,1,1,1,1,StaticThread,Reproducible,canonical-pointwise,fixed_pointwise_expression,canonical-pointwise-2d-v1-target4096,StaticThread,2,2
2,1.6.0,1.6.0,GCC 14.2,Linux,x86_64,AMD EPYC 9V74 80-Core Processor,stencil_pointwise_matrix,double,262656,contiguous,513,stable,4,0.228408,4692868244445875020,772b438f26ac75c1,537958.96856913855,772b438f26ac75c1,0,0,1,1,1,1,1,StaticThread,Reproducible,canonical-pointwise,fixed_pointwise_expression,canonical-pointwise-2d-v1-target4096,StaticThread,2,2
2,1.6.0,1.6.0,GCC 14.2,Linux,x86_64,AMD EPYC 9V74 80-Core Processor,stencil_pointwise_matrix,double,262656,contiguous,513,stable,5,0.21058199999999999,4692868244445875020,772b438f26ac75c1,537958.96856913855,772b438f26ac75c1,0,0,1,1,1,1,1,StaticThread,Reproducible,canonical-pointwise,fixed_pointwise_expression,canonical-pointwise-2d-v1-target4096,StaticThread,2,2
2,1.6.0,1.6.0,GCC 14.2,Linux,x86_64,AMD EPYC 9V74 80-Core Processor,stencil_pointwise_matrix,double,262656,contiguous,513,stable,6,0.22115799999999999,4692868244445875020,772b438f26ac75c1,537958.96856913855,772b438f26ac75c1,0,0,1,1,1,1,1,StaticThread,Reproducible,canonical-pointwise,fixed_pointwise_expression,canonical-pointwise-2d-v1-target4096,StaticThread,2,2
2,1.6.0,1.6.0,GCC 14.2,Linux,x86_64,AMD EPYC 9V74 80-Core Processor,stencil_pointwise_matrix,double,262656,contiguous,513,stable,7,0.19064200000000001,4692868244445875020,772b438f26ac75c1,537958.96856913855,772b438f26ac75c1,0,0,1,1,1,1,1,StaticThread,Reproducible,canonical-pointwise,fixed_pointwise_expression,canonical-pointwise-2d-v1-target4096,StaticThread,2,2
2,1.6.0,1.6.0,GCC 14.2,Linux,x86_64,AMD EPYC 9V74 80-Core Processor,stencil_pointwise_matrix,double,262656,contiguous,513,stable,8,0.25462699999999999,4692868244445875020,772b438f26ac75c1,537958.96856913855,772b438f26ac75c1,0,0,1,1,1,1,1,StaticThread,Reproducible,canonical-pointwise,fixed_pointwise_expression,canonical-pointwise-2d-v1-target4096,StaticThread,2,2
2,1.6.0,1.6.0,GCC 14.2,Linux,x86_64,AMD EPYC 9V74 80-Core Processor,stencil_pointwise_matrix,double,262656,contiguous,513,stable,9,0.36474099999999998,4692868244445875020,772b438f26ac75c1,537958.96856913855,772b438f26ac75c1,0,0,1,1,1,1,1,StaticThread,Reproducible,canonical-pointwise,fixed_pointwise_expression,canonical-pointwise-2d-v1-target4096,StaticThread,2,2
2,1.6.0,1.6.0,GCC 14.2,Linux,x86_64,AMD EPYC 9V74 80-Core Processor,stencil_pointwise_matrix,double,262656,contiguous,513,stable,10,0.25972499999999998,4692868244445875020,772b438f26ac75c1,537958.96856913855,772b438f26ac75c1,0,0,1,1,1,1,1,StaticThread,Reproducible,canonical-pointwise,fixed_pointwise_expression,canonical-pointwise-2d-v1-target4096,StaticThread,2,2
2,1.6.0,1.6.0,GCC 14.2,Linux,x86_64,AMD EPYC 9V74 80-Core Processor,stencil_pointwise_matrix,double,262656,contiguous,513,stable,11,0.26423099999999999,4692868244445875020,772b438f26ac75c1,537958.96856913855,772b438f26ac75c1,0,0,1,1,1,1,1,StaticThread,Reproducible,canonical-pointwise,fixed_pointwise_expression,canonical-pointwise-2d-v1-target4096,StaticThread,2,2
2,1.6.0,1.6.0,GCC 14.2,Linux,x86_64,AMD EPYC 9V74 80-Core Processor,stencil_pointwise_matrix,double,262656,contiguous,513,stable,12,0.26918999999999998,4692868244445875020,772b438f26ac75c1,537958.96856913855,772b438f26ac75c1,0,0,1,1,1,1,1,StaticThread,Reproducible,canonical-pointwise,fixed_pointwise_expression,canonical-pointwise-2d-v1-target4096,StaticThread,2,2
2,1.6.0,1.6.0,GCC 14.2,Linux,x86_64,AMD EPYC 9V74 80-Core Processor,stencil_pointwise_matrix,double,262656,contiguous,513,stable,13,0.239816,4692868244445875020,772b438f26ac75c1,537958.96856913855,772b438f26ac75c1,0,0,1,1,1,1,1,StaticThread,Reproducible,canonical-pointwise,fixed_pointwise_expression,canonical-pointwise-2d-v1-target4096,StaticThread,2,2
2,1.6.0,1.6.0,GCC 14.2,Linux,x86_64,AMD EPYC 9V74 80-Core Processor,stencil_pointwise_matrix,double,262656,contiguous,513,stable,14,0.233927,4692868244445875020,772b438f26ac75c1,537958.96856913855,772b438f26ac75c1,0,0,1,1,1,1,1,StaticThread,Reproducible,canonical-pointwise,fixed_pointwise_expression,canonical-pointwise-2d-v1-target4096,StaticThread,2,2
2,1.6.0,1.6.0,GCC 14.2,Linux,x86_64,AMD EPYC 9V74 80-Core Processor,stencil_pointwise_matrix,double,262656,contiguous,513,stable,15,0.33222299999999999,4692868244445875020,772b438f26ac75c1,537958.96856913855,772b438f26ac75c1,0,0,1,1,1,1,1,StaticThread,Reproducible,canonical-pointwise,fixed_pointwise_expression,canonical-pointwise-2d-v1-target4096,StaticThread,2,2
2,1.6.0,1.6.0,GCC 14.2,Linux,x86_64,AMD EPYC 9V74 80-Core Processor,stencil_pointwise_matrix,double,262656,contiguous,513,stable,16,0.25978499999999999,4692868244445875020,772b438f26ac75c1,537958.96856913855,772b438f26ac75c1,0,0,1,1,1,1,1,StaticThread,Reproducible,canonical-pointwise,fixed_pointwise_expression,canonical-pointwise-2d-v1-target4096,StaticThread,2,2
2,1.6.0,1.6.0,GCC 14.2,Linux,x86_64,AMD EPYC 9V74 80-Core Processor,stencil_pointwise_matrix,double,262656,contiguous,513,stable,17,0.208429,4692868244445875020,772b438f26ac75c1,537958.96856913855,772b438f26ac75c1,0,0,1,1,1,1,1,StaticThread,Reproducible,canonical-pointwise,fixed_pointwise_expression,canonical-pointwise-2d-v1-target4096,StaticThread,2,2
2,1.6.0,1.6.0,GCC 14.2,Linux,x86_64,AMD EPYC 9V74 80-Core Processor,stencil_pointwise_matrix,double,262656,contiguous,513,stable,18,0.247807,4692868244445875020,772b438f26ac75c1,537958.96856913855,772b438f26ac75c1,0,0,1,1,1,1,1,StaticThread,Reproducible,canonical-pointwise,fixed_pointwise_expression,canonical-pointwise-2d-v1-target4096,StaticThread,2,2
2,1.6.0,1.6.0,GCC 14.2,Linux,x86_64,AMD EPYC 9V74 80-Core Processor,stencil_pointwise_matrix,double,262656,contiguous,513,stable,19,0.24188899999999999,4692868244445875020,772b438f26ac75c1,537958.96856913855,772b438f26ac75c1,0,0,1,1,1,1,1,StaticThread,Reproducible,canonical-pointwise,fixed_pointwise_expression,canonical-pointwise-2d-v1-target4096,StaticThread,2,2
2,1.6.0,1.6.0,GCC 14.2,Linux,x86_64,AMD EPYC 9V74 80-Core Processor,stencil_pointwise_matrix,double,262656,contiguous,513,stable,20,0.20252999999999999,4692868244445875020,772b438f26ac75c1,537958.96856913855,772b438f26ac75c1,0,0,1,1,1,1,1,StaticThread,Reproducible,canonical-pointwise,fixed_pointwise_expression,canonical-pointwise-2d-v1-target4096,StaticThread,2,2
2,1.6.0,1.6.0,GCC 14.2,Linux,x86_64,AMD EPYC 9V74 80-Core Processor,stencil_pointwise_matrix,double,262656,contiguous,513,stable,21,0.21896499999999999,4692868244445875020,772b438f26ac75c1,537958.96856913855,772b438f26ac75c1,0,0,1,1,1,1,1,StaticThread,Reproducible,canonical-pointwise,fixed_pointwise_expression,canonical-pointwise-2d-v1-target4096,StaticThread,2,2
2,1.6.0,1.6.0,GCC 14.2,Linux,x86_64,AMD EPYC 9V74 80-Core Processor,axpy_pointwise_matrix,double,262144,contiguous,1,first_call,0,0.357099,4688251006710284584,0a49b667e681e49f,262364.8758144551,0a49b667e681e49f,0,0,1,1,1,1,1,StaticThread,Reproducible,canonical-pointwise,fixed_pointwise_expression,canonical-pointwise-v1-target4096,StaticThread,4,4
2,1.6.0,1.6.0,GCC 14.2,Linux,x86_64,AMD EPYC 9V74 80-Core Processor,axpy_pointwise_matrix,double,262144,contiguous,1,stable,1,0.157303,4688251006710284584,0a49b667e681e49f,262364.8758144551,0a49b667e681e49f,0,0,1,1,1,1,1,StaticThread,Reproducible,canonical-pointwise,fixed_pointwise_expression,canonical-pointwise-v1-target4096,StaticThread,4,4
2,1.6.0,1.6.0,GCC 14.2,Linux,x86_64,AMD EPYC 9V74 80-Core Processor,axpy_pointwise_matrix,double,262144,contiguous,1,stable,2,0.35514600000000002,4688251006710284584,0a49b667e681e49f,262364.8758144551,0a49b667e681e49f,0,0,1,1,1,1,1,StaticThread,Reproducible,canonical-pointwise,fixed_pointwise_expression,canonical-pointwise-v1-target4096,StaticThread,4,4
2,1.6.0,1.6.0,GCC 14.2,Linux,x86_64,AMD EPYC 9V74 80-Core Processor,axpy_pointwise_matrix,double,262144,contiguous,1,stable,3,0.420103,4688251006710284584,0a49b667e681e49f,262364.8758144551,0a49b667e681e49f,0,0,1,1,1,1,1,StaticThread,Reproducible,canonical-pointwise,fixed_pointwise_expression,canonical-pointwise-v1-target4096,StaticThread,4,4
2,1.6.0,1.6.0,GCC 14.2,Linux,x86_64,AMD EPYC 9V74 80-Core Processor,axpy_pointwise_matrix,double,262144,contiguous,1,stable,4,0.21094299999999999,4688251006710284584,0a49b667e681e49f,262364.8758144551,0a49b667e681e49f,0,0,1,1,1,1,1,StaticThread,Reproducible,canonical-pointwise,fixed_pointwise_expression,canonical-pointwise-v1-target4096,StaticThread,4,4
2,1.6.0,1.6.0,GCC 14.2,Linux,x86_64,AMD EPYC 9V74 80-Core Processor,axpy_pointwise_matrix,double,262144,contiguous,1,stable,5,0.22567499999999999,4688251006710284584,0a49b667e681e49f,262364.8758144551,0a49b667e681e49f,0,0,1,1,1,1,1,StaticThread,Reproducible,canonical-pointwise,fixed_pointwise_expression,canonical-pointwise-v1-target4096,StaticThread,4,4
2,1.6.0,1.6.0,GCC 14.2,Linux,x86_64,AMD EPYC 9V74 80-Core Processor,axpy_pointwise_matrix,double,262144,contiguous,1,stable,6,0.204844,4688251006710284584,0a49b667e681e49f,262364.8758144551,0a49b667e681e49f,0,0,1,1,1,1,1,StaticThread,Reproducible,canonical-pointwise,fixed_pointwise_expression,canonical-pointwise-v1-target4096,StaticThread,4,4
2,1.6.0,1.6.0,GCC 14.2,Linux,x86_64,AMD EPYC 9V74 80-Core Processor,axpy_pointwise_matrix,double,262144,contiguous,1,stable,7,0.19175400000000001,4688251006710284584,0a49b667e681e49f,262364.8758144551,0a49b667e681e49f,0,0,1,1,1,1,1,StaticThread,Reproducible,canonical-pointwise,fixed_pointwise_expression,canonical-pointwise-v1-target4096,StaticThread,4,4
2,1.6.0,1.6.0,GCC 14.2,Linux,x86_64,AMD EPYC 9V74 80-Core Processor,axpy_pointwise_matrix,double,262144,contiguous,1,stable,8,0.15532099999999999,4688251006710284584,0a49b667e681e49f,262364.8758144551,0a49b667e681e49f,0,0,1,1,1,1,1,StaticThread,Reproducible,canonical-pointwise,fixed_pointwise_expression,canonical-pointwise-v1-target4096,StaticThread,4,4
2,1.6.0,1.6.0,GCC 14.2,Linux,x86_64,AMD EPYC 9V74 80-Core Processor,axpy_pointwise_matrix,double,262144,contiguous,1,stable,9,0.187558,4688251006710284584,0a49b667e681e49f,262364.8758144551,0a49b667e681e49f,0,0,1,1,1,1,1,StaticThread,Reproducible,canonical-pointwise,fixed_pointwise_expression,canonical-pointwise-v1-target4096,StaticThread,4,4
2,1.6.0,1.6.0,GCC 14.2,Linux,x86_64,AMD EPYC 9V74 80-Core Processor,axpy_pointwise_matrix,double,262144,contiguous,1,stable,10,0.183142,4688251006710284584,0a49b667e681e49f,262364.8758144551,0a49b667e681e49f,0,0,1,1,1,1,1,StaticThread,Reproducible,canonical-pointwise,fixed_pointwise_expression,canonical-pointwise-v1-target4096,StaticThread,4,4
2,1.6.0,1.6.0,GCC 14.2,Linux,x86_64,AMD EPYC 9V74 80-Core Processor,axpy_pointwise_matrix,double,262144,contiguous,1,stable,11,0.38191599999999998,4688251006710284584,0a49b667e681e49f,262364.8758144551,0a49b667e681e49f,0,0,1,1,1,1,1,StaticThread,Reproducible,canonical-pointwise,fixed_pointwise_expression,canonical-pointwise-v1-target4096,StaticThread,4,4
2,1.6.0,1.6.0,GCC 14.2,Linux,x86_64,AMD EPYC 9V74 80-Core Processor,axpy_pointwise_matrix,double,262144,contiguous,1,stable,12,0.17172499999999999,4688251006710284584,0a49b667e681e49f,262364.8758144551,0a49b667e681e49f,0,0,1,1,1,1,1,StaticThread,Reproducible,canonical-pointwise,fixed_pointwise_expression,canonical-pointwise-v1-target4096,StaticThread,4,4
2,1.6.0,1.6.0,GCC 14.2,Linux,x86_64,AMD EPYC 9V74 80-Core Processor,axpy_pointwise_matrix,double,262144,contiguous,1,stable,13,0.16400300000000001,4688251006710284584,0a49b667e681e49f,262364.8758144551,0a49b667e681e49f,0,0,1,1,1,1,1,StaticThread,Reproducible,canonical-pointwise,fixed_pointwise_expression,canonical-pointwise-v1-target4096,StaticThread,4,4
2,1.6.0,1.6.0,GCC 14.2,Linux,x86_64,AMD EPYC 9V74 80-Core Processor,axpy_pointwise_matrix,double,262144,contiguous,1,stable,14,0.175701,4688251006710284584,0a49b667e681e49f,262364.8758144551,0a49b667e681e49f,0,0,1,1,1,1,1,StaticThread,Reproducible,canonical-pointwise,fixed_pointwise_expression,canonical-pointwise-v1-target4096,StaticThread,4,4
2,1.6.0,1.6.0,GCC 14.2,Linux,x86_64,AMD EPYC 9V74 80-Core Processor,axpy_pointwise_matrix,double,262144,contiguous,1,stable,15,0.153888,4688251006710284584,0a49b667e681e49f,262364.8758144551,0a49b667e681e49f,0,0,1,1,1,1,1,StaticThread,Reproducible,canonical-pointwise,fixed_pointwise_expression,canonical-pointwise-v1-target4096,StaticThread,4,4
2,1.6.0,1.6.0,GCC 14.2,Linux,x86_64,AMD EPYC 9V74 80-Core Processor,axpy_pointwise_matrix,double,262144,contiguous,1,stable,16,0.16311200000000001,4688251006710284584,0a49b667e681e49f,262364.8758144551,0a49b667e681e49f,0,0,1,1,1,1,1,StaticThread,Reproducible,canonical-pointwise,fixed_pointwise_expression,canonical-pointwise-v1-target4096,StaticThread,4,4
2,1.6.0,1.6.0,GCC 14.2,Linux,x86_64,AMD EPYC 9V74 80-Core Processor,axpy_pointwise_matrix,double,262144,contiguous,1,stable,17,0.178254,4688251006710284584,0a49b667e681e49f,262364.8758144551,0a49b667e681e49f,0,0,1,1,1,1,1,StaticThread,Reproducible,canonical-pointwise,fixed_pointwise_expression,canonical-pointwise-v1-target4096,StaticThread,4,4
2,1.6.0,1.6.0,GCC 14.2,Linux,x86_64,AMD EPYC 9V74 80-Core Processor,axpy_pointwise_matrix,double,262144,contiguous,1,stable,18,0.183672,4688251006710284584,0a49b667e681e49f,262364.8758144551,0a49b667e681e49f,0,0,1,1,1,1,1,StaticThread,Reproducible,canonical-pointwise,fixed_pointwise_expression,canonical-pointwise-v1-target4096,StaticThread,4,4
2,1.6.0,1.6.0,GCC 14.2,Linux,x86_64,AMD EPYC 9V74 80-Core Processor,axpy_pointwise_matrix,double,262144,contiguous,1,stable,19,0.163602,4688251006710284584,0a49b667e681e49f,262364.8758144551,0a49b667e681e49f,0,0,1,1,1,1,1,StaticThread,Reproducible,canonical-pointwise,fixed_pointwise_expression,canonical-pointwise-v1-target4096,StaticThread,4,4
2,1.6.0,1.6.0,GCC 14.2,Linux,x86_64,AMD EPYC 9V74 80-Core Processor,axpy_pointwise_matrix,double,262144,contiguous,1,stable,20,0.15384800000000001,4688251006710284584,0a49b667e681e49f,262364.8758144551,0a49b667e681e49f,0,0,1,1,1,1,1,StaticThread,Reproducible,canonical-pointwise,fixed_pointwise_expression,canonical-pointwise-v1-target4096,StaticThread,4,4
2,1.6.0,1.6.0,GCC 14.2,Linux,x86_64,AMD EPYC 9V74 80-Core Processor,axpy_pointwise_matrix,double,262144,contiguous,1,stable,21,0.17887500000000001,4688251006710284584,0a49b667e681e49f,262364.8758144551,0a49b667e681e49f,0,0,1,1,1,1,1,StaticThread,Reproducible,canonical-pointwise,fixed_pointwise_expression,canonical-pointwise-v1-target4096,StaticThread,4,4
2,1.6.0,1.6.0,GCC 14.2,Linux,x86_64,AMD EPYC 9V74 80-Core Processor,stencil_pointwise_matrix,double,262656,contiguous,513,first_call,0,0.28662500000000002,4692868244445875020,772b438f26ac75c1,537958.96856913855,772b438f26ac75c1,0,0,1,1,1,1,1,StaticThread,Reproducible,canonical-pointwise,fixed_pointwise_expression,canonical-pointwise-2d-v1-target4096,StaticThread,4,4
2,1.6.0,1.6.0,GCC 14.2,Linux,x86_64,AMD EPYC 9V74 80-Core Processor,stencil_pointwise_matrix,double,262656,contiguous,513,stable,1,0.224162,4692868244445875020,772b438f26ac75c1,537958.96856913855,772b438f26ac75c1,0,0,1,1,1,1,1,StaticThread,Reproducible,canonical-pointwise,fixed_pointwise_expression,canonical-pointwise-2d-v1-target4096,StaticThread,4,4
2,1.6.0,1.6.0,GCC 14.2,Linux,x86_64,AMD EPYC 9V74 80-Core Processor,stencil_pointwise_matrix,double,262656,contiguous,513,stable,2,0.21655199999999999,4692868244445875020,772b438f26ac75c1,537958.96856913855,772b438f26ac75c1,0,0,1,1,1,1,1,StaticThread,Reproducible,canonical-pointwise,fixed_pointwise_expression,canonical-pointwise-2d-v1-target4096,StaticThread,4,4
2,1.6.0,1.6.0,GCC 14.2,Linux,x86_64,AMD EPYC 9V74 80-Core Processor,stencil_pointwise_matrix,double,262656,contiguous,513,stable,3,0.21954599999999999,4692868244445875020,772b438f26ac75c1,537958.96856913855,772b438f26ac75c1,0,0,1,1,1,1,1,StaticThread,Reproducible,canonical-pointwise,fixed_pointwise_expression,canonical-pointwise-2d-v1-target4096,StaticThread,4,4
2,1.6.0,1.6.0,GCC 14.2,Linux,x86_64,AMD EPYC 9V74 80-Core Processor,stencil_pointwise_matrix,double,262656,contiguous,513,stable,4,1.3662460000000001,4692868244445875020,772b438f26ac75c1,537958.96856913855,772b438f26ac75c1,0,0,1,1,1,1,1,StaticThread,Reproducible,canonical-pointwise,fixed_pointwise_expression,canonical-pointwise-2d-v1-target4096,StaticThread,4,4
2,1.6.0,1.6.0,GCC 14.2,Linux,x86_64,AMD EPYC 9V74 80-Core Processor,stencil_pointwise_matrix,double,262656,contiguous,513,stable,5,0.221279,4692868244445875020,772b438f26ac75c1,537958.96856913855,772b438f26ac75c1,0,0,1,1,1,1,1,StaticThread,Reproducible,canonical-pointwise,fixed_pointwise_expression,canonical-pointwise-2d-v1-target4096,StaticThread,4,4
2,1.6.0,1.6.0,GCC 14.2,Linux,x86_64,AMD EPYC 9V74 80-Core Processor,stencil_pointwise_matrix,double,262656,contiguous,513,stable,6,0.20589499999999999,4692868244445875020,772b438f26ac75c1,537958.96856913855,772b438f26ac75c1,0,0,1,1,1,1,1,StaticThread,Reproducible,canonical-pointwise,fixed_pointwise_expression,canonical-pointwise-2d-v1-target4096,StaticThread,4,4
2,1.6.0,1.6.0,GCC 14.2,Linux,x86_64,AMD EPYC 9V74 80-Core Processor,stencil_pointwise_matrix,double,262656,contiguous,513,stable,7,0.27341599999999999,4692868244445875020,772b438f26ac75c1,537958.96856913855,772b438f26ac75c1,0,0,1,1,1,1,1,StaticThread,Reproducible,canonical-pointwise,fixed_pointwise_expression,canonical-pointwise-2d-v1-target4096,StaticThread,4,4
2,1.6.0,1.6.0,GCC 14.2,Linux,x86_64,AMD EPYC 9V74 80-Core Processor,stencil_pointwise_matrix,double,262656,contiguous,513,stable,8,0.22351199999999999,4692868244445875020,772b438f26ac75c1,537958.96856913855,772b438f26ac75c1,0,0,1,1,1,1,1,StaticThread,Reproducible,canonical-pointwise,fixed_pointwise_expression,canonical-pointwise-2d-v1-target4096,StaticThread,4,4
2,1.6.0,1.6.0,GCC 14.2,Linux,x86_64,AMD EPYC 9V74 80-Core Processor,stencil_pointwise_matrix,double,262656,contiguous,513,stable,9,0.179316,4692868244445875020,772b438f26ac75c1,537958.96856913855,772b438f26ac75c1,0,0,1,1,1,1,1,StaticThread,Reproducible,canonical-pointwise,fixed_pointwise_expression,canonical-pointwise-2d-v1-target4096,StaticThread,4,4
2,1.6.0,1.6.0,GCC 14.2,Linux,x86_64,AMD EPYC 9V74 80-Core Processor,stencil_pointwise_matrix,double,262656,contiguous,513,stable,10,0.220828,4692868244445875020,772b438f26ac75c1,537958.96856913855,772b438f26ac75c1,0,0,1,1,1,1,1,StaticThread,Reproducible,canonical-pointwise,fixed_pointwise_expression,canonical-pointwise-2d-v1-target4096,StaticThread,4,4
2,1.6.0,1.6.0,GCC 14.2,Linux,x86_64,AMD EPYC 9V74 80-Core Processor,stencil_pointwise_matrix,double,262656,contiguous,513,stable,11,0.183612,4692868244445875020,772b438f26ac75c1,537958.96856913855,772b438f26ac75c1,0,0,1,1,1,1,1,StaticThread,Reproducible,canonical-pointwise,fixed_pointwise_expression,canonical-pointwise-2d-v1-target4096,StaticThread,4,4
2,1.6.0,1.6.0,GCC 14.2,Linux,x86_64,AMD EPYC 9V74 80-Core Processor,stencil_pointwise_matrix,double,262656,contiguous,513,stable,12,0.21448800000000001,4692868244445875020,772b438f26ac75c1,537958.96856913855,772b438f26ac75c1,0,0,1,1,1,1,1,StaticThread,Reproducible,canonical-pointwise,fixed_pointwise_expression,canonical-pointwise-2d-v1-target4096,StaticThread,4,4
2,1.6.0,1.6.0,GCC 14.2,Linux,x86_64,AMD EPYC 9V74 80-Core Processor,stencil_pointwise_matrix,double,262656,contiguous,513,stable,13,0.19927600000000001,4692868244445875020,772b438f26ac75c1,537958.96856913855,772b438f26ac75c1,0,0,1,1,1,1,1,StaticThread,Reproducible,canonical-pointwise,fixed_pointwise_expression,canonical-pointwise-2d-v1-target4096,StaticThread,4,4
2,1.6.0,1.6.0,GCC 14.2,Linux,x86_64,AMD EPYC 9V74 80-Core Processor,stencil_pointwise_matrix,double,262656,contiguous,513,stable,14,0.201879,4692868244445875020,772b438f26ac75c1,537958.96856913855,772b438f26ac75c1,0,0,1,1,1,1,1,StaticThread,Reproducible,canonical-pointwise,fixed_pointwise_expression,canonical-pointwise-2d-v1-target4096,StaticThread,4,4
2,1.6.0,1.6.0,GCC 14.2,Linux,x86_64,AMD EPYC 9V74 80-Core Processor,stencil_pointwise_matrix,double,262656,contiguous,513,stable,15,0.191444,4692868244445875020,772b438f26ac75c1,537958.96856913855,772b438f26ac75c1,0,0,1,1,1,1,1,StaticThread,Reproducible,canonical-pointwise,fixed_pointwise_expression,canonical-pointwise-2d-v1-target4096,StaticThread,4,4
2,1.6.0,1.6.0,GCC 14.2,Linux,x86_64,AMD EPYC 9V74 80-Core Processor,stencil_pointwise_matrix,double,262656,contiguous,513,stable,16,0.185525,4692868244445875020,772b438f26ac75c1,537958.96856913855,772b438f26ac75c1,0,0,1,1,1,1,1,StaticThread,Reproducible,canonical-pointwise,fixed_pointwise_expression,canonical-pointwise-2d-v1-target4096,StaticThread,4,4
2,1.6.0,1.6.0,GCC 14.2,Linux,x86_64,AMD EPYC 9V74 80-Core Processor,stencil_pointwise_matrix,double,262656,contiguous,513,stable,17,0.18847,4692868244445875020,772b438f26ac75c1,537958.96856913855,772b438f26ac75c1,0,0,1,1,1,1,1,StaticThread,Reproducible,canonical-pointwise,fixed_pointwise_expression,canonical-pointwise-2d-v1-target4096,StaticThread,4,4
2,1.6.0,1.6.0,GCC 14.2,Linux,x86_64,AMD EPYC 9V74 80-Core Processor,stencil_pointwise_matrix,double,262656,contiguous,513,stable,18,0.34604299999999999,4692868244445875020,772b438f26ac75c1,537958.96856913855,772b438f26ac75c1,0,0,1,1,1,1,1,StaticThread,Reproducible,canonical-pointwise,fixed_pointwise_expression,canonical-pointwise-2d-v1-target4096,StaticThread,4,4
2,1.6.0,1.6.0,GCC 14.2,Linux,x86_64,AMD EPYC 9V74 80-Core Processor,stencil_pointwise_matrix,double,262656,contiguous,513,stable,19,0.198855,4692868244445875020,772b438f26ac75c1,537958.96856913855,772b438f26ac75c1,0,0,1,1,1,1,1,StaticThread,Reproducible,canonical-pointwise,fixed_pointwise_expression,canonical-pointwise-2d-v1-target4096,StaticThread,4,4
2,1.6.0,1.6.0,GCC 14.2,Linux,x86_64,AMD EPYC 9V74 80-Core Processor,stencil_pointwise_matrix,double,262656,contiguous,513,stable,20,0.20188999999999999,4692868244445875020,772b438f26ac75c1,537958.96856913855,772b438f26ac75c1,0,0,1,1,1,1,1,StaticThread,Reproducible,canonical-pointwise,fixed_pointwise_expression,canonical-pointwise-2d-v1-target4096,StaticThread,4,4
2,1.6.0,1.6.0,GCC 14.2,Linux,x86_64,AMD EPYC 9V74 80-Core Processor,stencil_pointwise_matrix,double,262656,contiguous,513,stable,21,0.37421500000000002,4692868244445875020,772b438f26ac75c1,537958.96856913855,772b438f26ac75c1,0,0,1,1,1,1,1,StaticThread,Reproducible,canonical-pointwise,fixed_pointwise_expression,canonical-pointwise-2d-v1-target4096,StaticThread,4,4
2,1.6.0,1.6.0,GCC 14.2,Linux,x86_64,AMD EPYC 9V74 80-Core Processor,axpy_pointwise_matrix,double,262144,contiguous,1,first_call,0,0.33004899999999998,4688251006710284584,0a49b667e681e49f,262364.8758144551,0a49b667e681e49f,0,0,1,1,1,1,1,StaticThread,Reproducible,canonical-pointwise,fixed_pointwise_expression,canonical-pointwise-v1-target4096,StaticThread,8,5
2,1.6.0,1.6.0,GCC 14.2,Linux,x86_64,AMD EPYC 9V74 80-Core Processor,axpy_pointwise_matrix,double,262144,contiguous,1,stable,1,0.212646,4688251006710284584,0a49b667e681e49f,262364.8758144551,0a49b667e681e49f,0,0,1,1,1,1,1,StaticThread,Reproducible,canonical-pointwise,fixed_pointwise_expression,canonical-pointwise-v1-target4096,StaticThread,8,5
2,1.6.0,1.6.0,GCC 14.2,Linux,x86_64,AMD EPYC 9V74 80-Core Processor,axpy_pointwise_matrix,double,262144,contiguous,1,stable,2,0.52828799999999998,4688251006710284584,0a49b667e681e49f,262364.8758144551,0a49b667e681e49f,0,0,1,1,1,1,1,StaticThread,Reproducible,canonical-pointwise,fixed_pointwise_expression,canonical-pointwise-v1-target4096,StaticThread,8,5
2,1.6.0,1.6.0,GCC 14.2,Linux,x86_64,AMD EPYC 9V74 80-Core Processor,axpy_pointwise_matrix,double,262144,contiguous,1,stable,3,0.21568899999999999,4688251006710284584,0a49b667e681e49f,262364.8758144551,0a49b667e681e49f,0,0,1,1,1,1,1,StaticThread,Reproducible,canonical-pointwise,fixed_pointwise_expression,canonical-pointwise-v1-target4096,StaticThread,8,5
2,1.6.0,1.6.0,GCC 14.2,Linux,x86_64,AMD EPYC 9V74 80-Core Processor,axpy_pointwise_matrix,double,262144,contiguous,1,stable,4,0.237182,4688251006710284584,0a49b667e681e49f,262364.8758144551,0a49b667e681e49f,0,0,1,1,1,1,1,StaticThread,Reproducible,canonical-pointwise,fixed_pointwise_expression,canonical-pointwise-v1-target4096,StaticThread,8,5
2,1.6.0,1.6.0,GCC 14.2,Linux,x86_64,AMD EPYC 9V74 80-Core Processor,axpy_pointwise_matrix,double,262144,contiguous,1,stable,5,0.167849,4688251006710284584,0a49b667e681e49f,262364.8758144551,0a49b667e681e49f,0,0,1,1,1,1,1,StaticThread,Reproducible,canonical-pointwise,fixed_pointwise_expression,canonical-pointwise-v1-target4096,StaticThread,8,5
2,1.6.0,1.6.0,GCC 14.2,Linux,x86_64,AMD EPYC 9V74 80-Core Processor,axpy_pointwise_matrix,double,262144,contiguous,1,stable,6,0.238895,4688251006710284584,0a49b667e681e49f,262364.8758144551,0a49b667e681e49f,0,0,1,1,1,1,1,StaticThread,Reproducible,canonical-pointwise,fixed_pointwise_expression,canonical-pointwise-v1-target4096,StaticThread,8,5
2,1.6.0,1.6.0,GCC 14.2,Linux,x86_64,AMD EPYC 9V74 80-Core Processor,axpy_pointwise_matrix,double,262144,contiguous,1,stable,7,0.34394000000000002,4688251006710284584,0a49b667e681e49f,262364.8758144551,0a49b667e681e49f,0,0,1,1,1,1,1,StaticThread,Reproducible,canonical-pointwise,fixed_pointwise_expression,canonical-pointwise-v1-target4096,StaticThread,8,5
2,1.6.0,1.6.0,GCC 14.2,Linux,x86_64,AMD EPYC 9V74 80-Core Processor,axpy_pointwise_matrix,double,262144,contiguous,1,stable,8,0.23000100000000001,4688251006710284584,0a49b667e681e49f,262364.8758144551,0a49b667e681e49f,0,0,1,1,1,1,1,StaticThread,Reproducible,canonical-pointwise,fixed_pointwise_expression,canonical-pointwise-v1-target4096,StaticThread,8,5
2,1.6.0,1.6.0,GCC 14.2,Linux,x86_64,AMD EPYC 9V74 80-Core Processor,axpy_pointwise_matrix,double,262144,contiguous,1,stable,9,0.17682200000000001,4688251006710284584,0a49b667e681e49f,262364.8758144551,0a49b667e681e49f,0,0,1,1,1,1,1,StaticThread,Reproducible,canonical-pointwise,fixed_pointwise_expression,canonical-pointwise-v1-target4096,StaticThread,8,5
2,1.6.0,1.6.0,GCC 14.2,Linux,x86_64,AMD EPYC 9V74 80-Core Processor,axpy_pointwise_matrix,double,262144,contiguous,1,stable,10,0.22269,4688251006710284584,0a49b667e681e49f,262364.8758144551,0a49b667e681e49f,0,0,1,1,1,1,1,StaticThread,Reproducible,canonical-pointwise,fixed_pointwise_expression,canonical-pointwise-v1-target4096,StaticThread,8,5
2,1.6.0,1.6.0,GCC 14.2,Linux,x86_64,AMD EPYC 9V74 80-Core Processor,axpy_pointwise_matrix,double,262144,contiguous,1,stable,11,0.17664199999999999,4688251006710284584,0a49b667e681e49f,262364.8758144551,0a49b667e681e49f,0,0,1,1,1,1,1,StaticThread,Reproducible,canonical-pointwise,fixed_pointwise_expression,canonical-pointwise-v1-target4096,StaticThread,8,5
2,1.6.0,1.6.0,GCC 14.2,Linux,x86_64,AMD EPYC 9V74 80-Core Processor,axpy_pointwise_matrix,double,262144,contiguous,1,stable,12,0.20200899999999999,4688251006710284584,0a49b667e681e49f,262364.8758144551,0a49b667e681e49f,0,0,1,1,1,1,1,StaticThread,Reproducible,canonical-pointwise,fixed_pointwise_expression,canonical-pointwise-v1-target4096,StaticThread,8,5
2,1.6.0,1.6.0,GCC 14.2,Linux,x86_64,AMD EPYC 9V74 80-Core Processor,axpy_pointwise_matrix,double,262144,contiguous,1,stable,13,0.16763800000000001,4688251006710284584,0a49b667e681e49f,262364.8758144551,0a49b667e681e49f,0,0,1,1,1,1,1,StaticThread,Reproducible,canonical-pointwise,fixed_pointwise_expression,canonical-pointwise-v1-target4096,StaticThread,8,5
2,1.6.0,1.6.0,GCC 14.2,Linux,x86_64,AMD EPYC 9V74 80-Core Processor,axpy_pointwise_matrix,double,262144,contiguous,1,stable,14,0.14785999999999999,4688251006710284584,0a49b667e681e49f,262364.8758144551,0a49b667e681e49f,0,0,1,1,1,1,1,StaticThread,Reproducible,canonical-pointwise,fixed_pointwise_expression,canonical-pointwise-v1-target4096,StaticThread,8,5
2,1.6.0,1.6.0,GCC 14.2,Linux,x86_64,AMD EPYC 9V74 80-Core Processor,axpy_pointwise_matrix,double,262144,contiguous,1,stable,15,0.16394300000000001,4688251006710284584,0a49b667e681e49f,262364.8758144551,0a49b667e681e49f,0,0,1,1,1,1,1,StaticThread,Reproducible,canonical-pointwise,fixed_pointwise_expression,canonical-pointwise-v1-target4096,StaticThread,8,5
2,1.6.0,1.6.0,GCC 14.2,Linux,x86_64,AMD EPYC 9V74 80-Core Processor,axpy_pointwise_matrix,double,262144,contiguous,1,stable,16,0.20232,4688251006710284584,0a49b667e681e49f,262364.8758144551,0a49b667e681e49f,0,0,1,1,1,1,1,StaticThread,Reproducible,canonical-pointwise,fixed_pointwise_expression,canonical-pointwise-v1-target4096,StaticThread,8,5
2,1.6.0,1.6.0,GCC 14.2,Linux,x86_64,AMD EPYC 9V74 80-Core Processor,axpy_pointwise_matrix,double,262144,contiguous,1,stable,17,0.149702,4688251006710284584,0a49b667e681e49f,262364.8758144551,0a49b667e681e49f,0,0,1,1,1,1,1,StaticThread,Reproducible,canonical-pointwise,fixed_pointwise_expression,canonical-pointwise-v1-target4096,StaticThread,8,5
2,1.6.0,1.6.0,GCC 14.2,Linux,x86_64,AMD EPYC 9V74 80-Core Processor,axpy_pointwise_matrix,double,262144,contiguous,1,stable,18,0.20083799999999999,4688251006710284584,0a49b667e681e49f,262364.8758144551,0a49b667e681e49f,0,0,1,1,1,1,1,StaticThread,Reproducible,canonical-pointwise,fixed_pointwise_expression,canonical-pointwise-v1-target4096,StaticThread,8,5
2,1.6.0,1.6.0,GCC 14.2,Linux,x86_64,AMD EPYC 9V74 80-Core Processor,axpy_pointwise_matrix,double,262144,contiguous,1,stable,19,0.19100300000000001,4688251006710284584,0a49b667e681e49f,262364.8758144551,0a49b667e681e49f,0,0,1,1,1,1,1,StaticThread,Reproducible,canonical-pointwise,fixed_pointwise_expression,canonical-pointwise-v1-target4096,StaticThread,8,5
2,1.6.0,1.6.0,GCC 14.2,Linux,x86_64,AMD EPYC 9V74 80-Core Processor,axpy_pointwise_matrix,double,262144,contiguous,1,stable,20,0.153448,4688251006710284584,0a49b667e681e49f,262364.8758144551,0a49b667e681e49f,0,0,1,1,1,1,1,StaticThread,Reproducible,canonical-pointwise,fixed_pointwise_expression,canonical-pointwise-v1-target4096,StaticThread,8,5
2,1.6.0,1.6.0,GCC 14.2,Linux,x86_64,AMD EPYC 9V74 80-Core Processor,axpy_pointwise_matrix,double,262144,contiguous,1,stable,21,0.16625599999999999,4688251006710284584,0a49b667e681e49f,262364.8758144551,0a49b667e681e49f,0,0,1,1,1,1,1,StaticThread,Reproducible,canonical-pointwise,fixed_pointwise_expression,canonical-pointwise-v1-target4096,StaticThread,8,5
2,1.6.0,1.6.0,GCC 14.2,Linux,x86_64,AMD EPYC 9V74 80-Core Processor,stencil_pointwise_matrix,double,262656,contiguous,513,first_call,0,0.21979599999999999,4692868244445875020,772b438f26ac75c1,537958.96856913855,772b438f26ac75c1,0,0,1,1,1,1,1,StaticThread,Reproducible,canonical-pointwise,fixed_pointwise_expression,canonical-pointwise-2d-v1-target4096,StaticThread,8,5
2,1.6.0,1.6.0,GCC 14.2,Linux,x86_64,AMD EPYC 9V74 80-Core Processor,stencil_pointwise_matrix,double,262656,contiguous,513,stable,1,0.17510000000000001,4692868244445875020,772b438f26ac75c1,537958.96856913855,772b438f26ac75c1,0,0,1,1,1,1,1,StaticThread,Reproducible,canonical-pointwise,fixed_pointwise_expression,canonical-pointwise-2d-v1-target4096,StaticThread,8,5
2,1.6.0,1.6.0,GCC 14.2,Linux,x86_64,AMD EPYC 9V74 80-Core Processor,stencil_pointwise_matrix,double,262656,contiguous,513,stable,2,0.17238500000000001,4692868244445875020,772b438f26ac75c1,537958.96856913855,772b438f26ac75c1,0,0,1,1,1,1,1,StaticThread,Reproducible,canonical-pointwise,fixed_pointwise_expression,canonical-pointwise-2d-v1-target4096,StaticThread,8,5
2,1.6.0,1.6.0,GCC 14.2,Linux,x86_64,AMD EPYC 9V74 80-Core Processor,stencil_pointwise_matrix,double,262656,contiguous,513,stable,3,0.2223,4692868244445875020,772b438f26ac75c1,537958.96856913855,772b438f26ac75c1,0,0,1,1,1,1,1,StaticThread,Reproducible,canonical-pointwise,fixed_pointwise_expression,canonical-pointwise-2d-v1-target4096,StaticThread,8,5
2,1.6.0,1.6.0,GCC 14.2,Linux,x86_64,AMD EPYC 9V74 80-Core Processor,stencil_pointwise_matrix,double,262656,contiguous,513,stable,4,0.16844999999999999,4692868244445875020,772b438f26ac75c1,537958.96856913855,772b438f26ac75c1,0,0,1,1,1,1,1,StaticThread,Reproducible,canonical-pointwise,fixed_pointwise_expression,canonical-pointwise-2d-v1-target4096,StaticThread,8,5
2,1.6.0,1.6.0,GCC 14.2,Linux,x86_64,AMD EPYC 9V74 80-Core Processor,stencil_pointwise_matrix,double,262656,contiguous,513,stable,5,0.184304,4692868244445875020,772b438f26ac75c1,537958.96856913855,772b438f26ac75c1,0,0,1,1,1,1,1,StaticThread,Reproducible,canonical-pointwise,fixed_pointwise_expression,canonical-pointwise-2d-v1-target4096,StaticThread,8,5
2,1.6.0,1.6.0,GCC 14.2,Linux,x86_64,AMD EPYC 9V74 80-Core Processor,stencil_pointwise_matrix,double,262656,contiguous,513,stable,6,0.190722,4692868244445875020,772b438f26ac75c1,537958.96856913855,772b438f26ac75c1,0,0,1,1,1,1,1,StaticThread,Reproducible,canonical-pointwise,fixed_pointwise_expression,canonical-pointwise-2d-v1-target4096,StaticThread,8,5
2,1.6.0,1.6.0,GCC 14.2,Linux,x86_64,AMD EPYC 9V74 80-Core Processor,stencil_pointwise_matrix,double,262656,contiguous,513,stable,7,0.17438799999999999,4692868244445875020,772b438f26ac75c1,537958.96856913855,772b438f26ac75c1,0,0,1,1,1,1,1,StaticThread,Reproducible,canonical-pointwise,fixed_pointwise_expression,canonical-pointwise-2d-v1-target4096,StaticThread,8,5
2,1.6.0,1.6.0,GCC 14.2,Linux,x86_64,AMD EPYC 9V74 80-Core Processor,stencil_pointwise_matrix,double,262656,contiguous,513,stable,8,0.205344,4692868244445875020,772b438f26ac75c1,537958.96856913855,772b438f26ac75c1,0,0,1,1,1,1,1,StaticThread,Reproducible,canonical-pointwise,fixed_pointwise_expression,canonical-pointwise-2d-v1-target4096,StaticThread,8,5
2,1.6.0,1.6.0,GCC 14.2,Linux,x86_64,AMD EPYC 9V74 80-Core Processor,stencil_pointwise_matrix,double,262656,contiguous,513,stable,9,0.17677200000000001,4692868244445875020,772b438f26ac75c1,537958.96856913855,772b438f26ac75c1,0,0,1,1,1,1,1,StaticThread,Reproducible,canonical-pointwise,fixed_pointwise_expression,canonical-pointwise-2d-v1-target4096,StaticThread,8,5
2,1.6.0,1.6.0,GCC 14.2,Linux,x86_64,AMD EPYC 9V74 80-Core Processor,stencil_pointwise_matrix,double,262656,contiguous,513,stable,10,0.164164,4692868244445875020,772b438f26ac75c1,537958.96856913855,772b438f26ac75c1,0,0,1,1,1,1,1,StaticThread,Reproducible,canonical-pointwise,fixed_pointwise_expression,canonical-pointwise-2d-v1-target4096,StaticThread,8,5
2,1.6.0,1.6.0,GCC 14.2,Linux,x86_64,AMD EPYC 9V74 80-Core Processor,stencil_pointwise_matrix,double,262656,contiguous,513,stable,11,0.169872,4692868244445875020,772b438f26ac75c1,537958.96856913855,772b438f26ac75c1,0,0,1,1,1,1,1,StaticThread,Reproducible,canonical-pointwise,fixed_pointwise_expression,canonical-pointwise-2d-v1-target4096,StaticThread,8,5
2,1.6.0,1.6.0,GCC 14.2,Linux,x86_64,AMD EPYC 9V74 80-Core Processor,stencil_pointwise_matrix,double,262656,contiguous,513,stable,12,0.16361300000000001,4692868244445875020,772b438f26ac75c1,537958.96856913855,772b438f26ac75c1,0,0,1,1,1,1,1,StaticThread,Reproducible,canonical-pointwise,fixed_pointwise_expression,canonical-pointwise-2d-v1-target4096,StaticThread,8,5
2,1.6.0,1.6.0,GCC 14.2,Linux,x86_64,AMD EPYC 9V74 80-Core Processor,stencil_pointwise_matrix,double,262656,contiguous,513,stable,13,0.163352,4692868244445875020,772b438f26ac75c1,537958.96856913855,772b438f26ac75c1,0,0,1,1,1,1,1,StaticThread,Reproducible,canonical-pointwise,fixed_pointwise_expression,canonical-pointwise-2d-v1-target4096,StaticThread,8,5
2,1.6.0,1.6.0,GCC 14.2,Linux,x86_64,AMD EPYC 9V74 80-Core Processor,stencil_pointwise_matrix,double,262656,contiguous,513,stable,14,0.186667,4692868244445875020,772b438f26ac75c1,537958.96856913855,772b438f26ac75c1,0,0,1,1,1,1,1,StaticThread,Reproducible,canonical-pointwise,fixed_pointwise_expression,canonical-pointwise-2d-v1-target4096,StaticThread,8,5
2,1.6.0,1.6.0,GCC 14.2,Linux,x86_64,AMD EPYC 9V74 80-Core Processor,stencil_pointwise_matrix,double,262656,contiguous,513,stable,15,0.19470899999999999,4692868244445875020,772b438f26ac75c1,537958.96856913855,772b438f26ac75c1,0,0,1,1,1,1,1,StaticThread,Reproducible,canonical-pointwise,fixed_pointwise_expression,canonical-pointwise-2d-v1-target4096,StaticThread,8,5
2,1.6.0,1.6.0,GCC 14.2,Linux,x86_64,AMD EPYC 9V74 80-Core Processor,stencil_pointwise_matrix,double,262656,contiguous,513,stable,16,0.16922100000000001,4692868244445875020,772b438f26ac75c1,537958.96856913855,772b438f26ac75c1,0,0,1,1,1,1,1,StaticThread,Reproducible,canonical-pointwise,fixed_pointwise_expression,canonical-pointwise-2d-v1-target4096,StaticThread,8,5
2,1.6.0,1.6.0,GCC 14.2,Linux,x86_64,AMD EPYC 9V74 80-Core Processor,stencil_pointwise_matrix,double,262656,contiguous,513,stable,17,0.209781,4692868244445875020,772b438f26ac75c1,537958.96856913855,772b438f26ac75c1,0,0,1,1,1,1,1,StaticThread,Reproducible,canonical-pointwise,fixed_pointwise_expression,canonical-pointwise-2d-v1-target4096,StaticThread,8,5
2,1.6.0,1.6.0,GCC 14.2,Linux,x86_64,AMD EPYC 9V74 80-Core Processor,stencil_pointwise_matrix,double,262656,contiguous,513,stable,18,0.16716800000000001,4692868244445875020,772b438f26ac75c1,537958.96856913855,772b438f26ac75c1,0,0,1,1,1,1,1,StaticThread,Reproducible,canonical-pointwise,fixed_pointwise_expression,canonical-pointwise-2d-v1-target4096,StaticThread,8,5
2,1.6.0,1.6.0,GCC 14.2,Linux,x86_64,AMD EPYC 9V74 80-Core Processor,stencil_pointwise_matrix,double,262656,contiguous,513,stable,19,0.16836999999999999,4692868244445875020,772b438f26ac75c1,537958.96856913855,772b438f26ac75c1,0,0,1,1,1,1,1,StaticThread,Reproducible,canonical-pointwise,fixed_pointwise_expression,canonical-pointwise-2d-v1-target4096,StaticThread,8,5
2,1.6.0,1.6.0,GCC 14.2,Linux,x86_64,AMD EPYC 9V74 80-Core Processor,stencil_pointwise_matrix,double,262656,contiguous,513,stable,20,0.17322699999999999,4692868244445875020,772b438f26ac75c1,537958.96856913855,772b438f26ac75c1,0,0,1,1,1,1,1,StaticThread,Reproducible,canonical-pointwise,fixed_pointwise_expression,canonical-pointwise-2d-v1-target4096,StaticThread,8,5
2,1.6.0,1.6.0,GCC 14.2,Linux,x86_64,AMD EPYC 9V74 80-Core Processor,stencil_pointwise_matrix,double,262656,contiguous,513,stable,21,0.16320200000000001,4692868244445875020,772b438f26ac75c1,537958.96856913855,772b438f26ac75c1,0,0,1,1,1,1,1,StaticThread,Reproducible,canonical-pointwise,fixed_pointwise_expression,canonical-pointwise-2d-v1-target4096,StaticThread,8,5
2,1.6.0,1.6.0,GCC 14.2,Linux,x86_64,AMD EPYC 9V74 80-Core Processor,stencil_2d,double,4096,contiguous,64,first_call,0,0.082702999999999999,4676754881740555838,3cf09cc9198b46e6,47454.291469704811,3cf09cc9198b46e6,0,0,1,1,1,1,1,ThreadPool,Fast,adaptive,native,none,ThreadPool,8,5
2,1.6.0,1.6.0,GCC 14.2,Linux,x86_64,AMD EPYC 9V74 80-Core Processor,stencil_2d,double,4096,contiguous,64,stable,1,0.048672,4676754881740555838,3cf09cc9198b46e6,47454.291469704811,3cf09cc9198b46e6,0,0,1,1,1,1,1,ThreadPool,Fast,adaptive,native,none,ThreadPool,8,5
2,1.6.0,1.6.0,GCC 14.2,Linux,x86_64,AMD EPYC 9V74 80-Core Processor,stencil_2d,double,4096,contiguous,64,stable,2,0.04743,4676754881740555838,3cf09cc9198b46e6,47454.291469704811,3cf09cc9198b46e6,0,0,1,1,1,1,1,ThreadPool,Fast,adaptive,native,none,ThreadPool,8,5
2,1.6.0,1.6.0,GCC 14.2,Linux,x86_64,AMD EPYC 9V74 80-Core Processor,stencil_2d,double,4096,contiguous,64,stable,3,0.036774000000000001,4676754881740555838,3cf09cc9198b46e6,47454.291469704811,3cf09cc9198b46e6,0,0,1,1,1,1,1,ThreadPool,Fast,adaptive,native,none,ThreadPool,8,5
2,1.6.0,1.6.0,GCC 14.2,Linux,x86_64,AMD EPYC 9V74 80-Core Processor,stencil_2d,double,4096,contiguous,64,stable,4,0.035052,4676754881740555838,3cf09cc9198b46e6,47454.291469704811,3cf09cc9198b46e6,0,0,1,1,1,1,1,ThreadPool,Fast,adaptive,native,none,ThreadPool,8,5
2,1.6.0,1.6.0,GCC 14.2,Linux,x86_64,AMD EPYC 9V74 80-Core Processor,stencil_2d,double,4096,contiguous,64,stable,5,0.034250999999999997,4676754881740555838,3cf09cc9198b46e6,47454.291469704811,3cf09cc9198b46e6,0,0,1,1,1,1,1,ThreadPool,Fast,adaptive,native,none,ThreadPool,8,5
2,1.6.0,1.6.0,GCC 14.2,Linux,x86_64,AMD EPYC 9V74 80-Core Processor,stencil_2d,double,4096,contiguous,64,stable,6,0.029683999999999999,4676754881740555838,3cf09cc9198b46e6,47454.291469704811,3cf09cc9198b46e6,0,0,1,1,1,1,1,ThreadPool,Fast,adaptive,native,none,ThreadPool,8,5
2,1.6.0,1.6.0,GCC 14.2,Linux,x86_64,AMD EPYC 9V74 80-Core Processor,stencil_2d,double,4096,contiguous,64,stable,7,0.033550000000000003,4676754881740555838,3cf09cc9198b46e6,47454.291469704811,3cf09cc9198b46e6,0,0,1,1,1,1,1,ThreadPool,Fast,adaptive,native,none,ThreadPool,8,5
2,1.6.0,1.6.0,GCC 14.2,Linux,x86_64,AMD EPYC 9V74 80-Core Processor,stencil_2d,double,4096,contiguous,64,stable,8,0.032138,4676754881740555838,3cf09cc9198b46e6,47454.291469704811,3cf09cc9198b46e6,0,0,1,1,1,1,1,ThreadPool,Fast,adaptive,native,none,ThreadPool,8,5
2,1.6.0,1.6.0,GCC 14.2,Linux,x86_64,AMD EPYC 9V74 80-Core Processor,stencil_2d,double,4096,contiguous,64,stable,9,0.031336999999999997,4676754881740555838,3cf09cc9198b46e6,47454.291469704811,3cf09cc9198b46e6,0,0,1,1,1,1,1,ThreadPool,Fast,adaptive,native,none,ThreadPool,8,5
2,1.6.0,1.6.0,GCC 14.2,Linux,x86_64,AMD EPYC 9V74 80-Core Processor,stencil_2d,double,4096,contiguous,64,stable,10,0.047341000000000001,4676754881740555838,3cf09cc9198b46e6,47454.291469704811,3cf09cc9198b46e6,0,0,1,1,1,1,1,ThreadPool,Fast,adaptive,native,none,ThreadPool,8,5
2,1.6.0,1.6.0,GCC 14.2,Linux,x86_64,AMD EPYC 9V74 80-Core Processor,stencil_2d,double,4096,contiguous,64,stable,11,0.028152,4676754881740555838,3cf09cc9198b46e6,47454.291469704811,3cf09cc9198b46e6,0,0,1,1,1,1,1,ThreadPool,Fast,adaptive,native,none,ThreadPool,8,5
2,1.6.0,1.6.0,GCC 14.2,Linux,x86_64,AMD EPYC 9V74 80-Core Processor,stencil_2d,double,4096,contiguous,64,stable,12,0.029654,4676754881740555838,3cf09cc9198b46e6,47454.291469704811,3cf09cc9198b46e6,0,0,1,1,1,1,1,ThreadPool,Fast,adaptive,native,none,ThreadPool,8,5
2,1.6.0,1.6.0,GCC 14.2,Linux,x86_64,AMD EPYC 9V74 80-Core Processor,stencil_2d,double,4096,contiguous,64,stable,13,0.026919999999999999,4676754881740555838,3cf09cc9198b46e6,47454.291469704811,3cf09cc9198b46e6,0,0,1,1,1,1,1,ThreadPool,Fast,adaptive,native,none,ThreadPool,8,5
2,1.6.0,1.6.0,GCC 14.2,Linux,x86_64,AMD EPYC 9V74 80-Core Processor,stencil_2d,double,4096,contiguous,64,stable,14,0.028701999999999998,4676754881740555838,3cf09cc9198b46e6,47454.291469704811,3cf09cc9198b46e6,0,0,1,1,1,1,1,ThreadPool,Fast,adaptive,native,none,ThreadPool,8,5
2,1.6.0,1.6.0,GCC 14.2,Linux,x86_64,AMD EPYC 9V74 80-Core Processor,stencil_2d,double,4096,contiguous,64,stable,15,0.025418,4676754881740555838,3cf09cc9198b46e6,47454.291469704811,3cf09cc9198b46e6,0,0,1,1,1,1,1,ThreadPool,Fast,adaptive,native,none,ThreadPool,8,5
2,1.6.0,1.6.0,GCC 14.2,Linux,x86_64,AMD EPYC 9V74 80-Core Processor,stencil_2d,double,4096,contiguous,64,stable,16,0.024105000000000001,4676754881740555838,3cf09cc9198b46e6,47454.291469704811,3cf09cc9198b46e6,0,0,1,1,1,1,1,ThreadPool,Fast,adaptive,native,none,ThreadPool,8,5
2,1.6.0,1.6.0,GCC 14.2,Linux,x86_64,AMD EPYC 9V74 80-Core Processor,stencil_2d,double,4096,contiguous,64,stable,17,0.026388999999999999,4676754881740555838,3cf09cc9198b46e6,47454.291469704811,3cf09cc9198b46e6,0,0,1,1,1,1,1,ThreadPool,Fast,adaptive,native,none,ThreadPool,8,5
2,1.6.0,1.6.0,GCC 14.2,Linux,x86_64,AMD EPYC 9V74 80-Core Processor,stencil_2d,double,4096,contiguous,64,stable,18,0.028222000000000001,4676754881740555838,3cf09cc9198b46e6,47454.291469704811,3cf09cc9198b46e6,0,0,1,1,1,1,1,ThreadPool,Fast,adaptive,native,none,ThreadPool,8,5
2,1.6.0,1.6.0,GCC 14.2,Linux,x86_64,AMD EPYC 9V74 80-Core Processor,stencil_2d,double,4096,contiguous,64,stable,19,0.029243000000000002,4676754881740555838,3cf09cc9198b46e6,47454.291469704811,3cf09cc9198b46e6,0,0,1,1,1,1,1,ThreadPool,Fast,adaptive,native,none,ThreadPool,8,5
2,1.6.0,1.6.0,GCC 14.2,Linux,x86_64,AMD EPYC 9V74 80-Core Processor,stencil_2d,double,4096,contiguous,64,stable,20,0.027560000000000001,4676754881740555838,3cf09cc9198b46e6,47454.291469704811,3cf09cc9198b46e6,0,0,1,1,1,1,1,ThreadPool,Fast,adaptive,native,none,ThreadPool,8,5
2,1.6.0,1.6.0,GCC 14.2,Linux,x86_64,AMD EPYC 9V74 80-Core Processor,stencil_2d,double,4096,contiguous,64,stable,21,0.024226000000000001,4676754881740555838,3cf09cc9198b46e6,47454.291469704811,3cf09cc9198b46e6,0,0,1,1,1,1,1,ThreadPool,Fast,adaptive,native,none,ThreadPool,8,5
2,1.6.0,1.6.0,GCC 14.2,Linux,x86_64,AMD EPYC 9V74 80-Core Processor,stencil_2d,double,4096,contiguous,64,first_call,0,0.0077419999999999998,4676754881740555838,3cf09cc9198b46e6,47454.291469704811,3cf09cc9198b46e6,0,0,1,1,1,1,1,Sequential,Reproducible,canonical-pointwise,fixed_pointwise_expression,canonical-pointwise-2d-v1-target4096,ThreadPool,8,1
2,1.6.0,1.6.0,GCC 14.2,Linux,x86_64,AMD EPYC 9V74 80-Core Processor,stencil_2d,double,4096,contiguous,64,stable,1,0.0064590000000000003,4676754881740555838,3cf09cc9198b46e6,47454.291469704811,3cf09cc9198b46e6,0,0,1,1,1,1,1,Sequential,Reproducible,canonical-pointwise,fixed_pointwise_expression,canonical-pointwise-2d-v1-target4096,ThreadPool,8,1
2,1.6.0,1.6.0,GCC 14.2,Linux,x86_64,AMD EPYC 9V74 80-Core Processor,stencil_2d,double,4096,contiguous,64,stable,2,0.0061789999999999996,4676754881740555838,3cf09cc9198b46e6,47454.291469704811,3cf09cc9198b46e6,0,0,1,1,1,1,1,Sequential,Reproducible,canonical-pointwise,fixed_pointwise_expression,canonical-pointwise-2d-v1-target4096,ThreadPool,8,1
2,1.6.0,1.6.0,GCC 14.2,Linux,x86_64,AMD EPYC 9V74 80-Core Processor,stencil_2d,double,4096,contiguous,64,stable,3,0.004326,4676754881740555838,3cf09cc9198b46e6,47454.291469704811,3cf09cc9198b46e6,0,0,1,1,1,1,1,Sequential,Reproducible,canonical-pointwise,fixed_pointwise_expression,canonical-pointwise-2d-v1-target4096,ThreadPool,8,1
2,1.6.0,1.6.0,GCC 14.2,Linux,x86_64,AMD EPYC 9V74 80-Core Processor,stencil_2d,double,4096,contiguous,64,stable,4,0.0043070000000000001,4676754881740555838,3cf09cc9198b46e6,47454.291469704811,3cf09cc9198b46e6,0,0,1,1,1,1,1,Sequential,Reproducible,canonical-pointwise,fixed_pointwise_expression,canonical-pointwise-2d-v1-target4096,ThreadPool,8,1
2,1.6.0,1.6.0,GCC 14.2,Linux,x86_64,AMD EPYC 9V74 80-Core Processor,stencil_2d,double,4096,contiguous,64,stable,5,0.0041960000000000001,4676754881740555838,3cf09cc9198b46e6,47454.291469704811,3cf09cc9198b46e6,0,0,1,1,1,1,1,Sequential,Reproducible,canonical-pointwise,fixed_pointwise_expression,canonical-pointwise-2d-v1-target4096,ThreadPool,8,1
2,1.6.0,1.6.0,GCC 14.2,Linux,x86_64,AMD EPYC 9V74 80-Core Processor,stencil_2d,double,4096,contiguous,64,stable,6,0.0052979999999999998,4676754881740555838,3cf09cc9198b46e6,47454.291469704811,3cf09cc9198b46e6,0,0,1,1,1,1,1,Sequential,Reproducible,canonical-pointwise,fixed_pointwise_expression,canonical-pointwise-2d-v1-target4096,ThreadPool,8,1
2,1.6.0,1.6.0,GCC 14.2,Linux,x86_64,AMD EPYC 9V74 80-Core Processor,stencil_2d,double,4096,contiguous,64,stable,7,0.0043569999999999998,4676754881740555838,3cf09cc9198b46e6,47454.291469704811,3cf09cc9198b46e6,0,0,1,1,1,1,1,Sequential,Reproducible,canonical-pointwise,fixed_pointwise_expression,canonical-pointwise-2d-v1-target4096,ThreadPool,8,1
2,1.6.0,1.6.0,GCC 14.2,Linux,x86_64,AMD EPYC 9V74 80-Core Processor,stencil_2d,double,4096,contiguous,64,stable,8,0.0042459999999999998,4676754881740555838,3cf09cc9198b46e6,47454.291469704811,3cf09cc9198b46e6,0,0,1,1,1,1,1,Sequential,Reproducible,canonical-pointwise,fixed_pointwise_expression,canonical-pointwise-2d-v1-target4096,ThreadPool,8,1
2,1.6.0,1.6.0,GCC 14.2,Linux,x86_64,AMD EPYC 9V74 80-Core Processor,stencil_2d,double,4096,contiguous,64,stable,9,0.004287,4676754881740555838,3cf09cc9198b46e6,47454.291469704811,3cf09cc9198b46e6,0,0,1,1,1,1,1,Sequential,Reproducible,canonical-pointwise,fixed_pointwise_expression,canonical-pointwise-2d-v1-target4096,ThreadPool,8,1
2,1.6.0,1.6.0,GCC 14.2,Linux,x86_64,AMD EPYC 9V74 80-Core Processor,stencil_2d,double,4096,contiguous,64,stable,10,0.0042259999999999997,4676754881740555838,3cf09cc9198b46e6,47454.291469704811,3cf09cc9198b46e6,0,0,1,1,1,1,1,Sequential,Reproducible,canonical-pointwise,fixed_pointwise_expression,canonical-pointwise-2d-v1-target4096,ThreadPool,8,1
2,1.6.0,1.6.0,GCC 14.2,Linux,x86_64,AMD EPYC 9V74 80-Core Processor,stencil_2d,double,4096,contiguous,64,stable,11,0.0042269999999999999,4676754881740555838,3cf09cc9198b46e6,47454.291469704811,3cf09cc9198b46e6,0,0,1,1,1,1,1,Sequential,Reproducible,canonical-pointwise,fixed_pointwise_expression,canonical-pointwise-2d-v1-target4096,ThreadPool,8,1
2,1.6.0,1.6.0,GCC 14.2,Linux,x86_64,AMD EPYC 9V74 80-Core Processor,stencil_2d,double,4096,contiguous,64,stable,12,0.0042269999999999999,4676754881740555838,3cf09cc9198b46e6,47454.291469704811,3cf09cc9198b46e6,0,0,1,1,1,1,1,Sequential,Reproducible,canonical-pointwise,fixed_pointwise_expression,canonical-pointwise-2d-v1-target4096,ThreadPool,8,1
2,1.6.0,1.6.0,GCC 14.2,Linux,x86_64,AMD EPYC 9V74 80-Core Processor,stencil_2d,double,4096,contiguous,64,stable,13,0.0043059999999999999,4676754881740555838,3cf09cc9198b46e6,47454.291469704811,3cf09cc9198b46e6,0,0,1,1,1,1,1,Sequential,Reproducible,canonical-pointwise,fixed_pointwise_expression,canonical-pointwise-2d-v1-target4096,ThreadPool,8,1
2,1.6.0,1.6.0,GCC 14.2,Linux,x86_64,AMD EPYC 9V74 80-Core Processor,stencil_2d,double,4096,contiguous,64,stable,14,0.0042259999999999997,4676754881740555838,3cf09cc9198b46e6,47454.291469704811,3cf09cc9198b46e6,0,0,1,1,1,1,1,Sequential,Reproducible,canonical-pointwise,fixed_pointwise_expression,canonical-pointwise-2d-v1-target4096,ThreadPool,8,1
2,1.6.0,1.6.0,GCC 14.2,Linux,x86_64,AMD EPYC 9V74 80-Core Processor,stencil_2d,double,4096,contiguous,64,stable,15,0.0041869999999999997,4676754881740555838,3cf09cc9198b46e6,47454.291469704811,3cf09cc9198b46e6,0,0,1,1,1,1,1,Sequential,Reproducible,canonical-pointwise,fixed_pointwise_expression,canonical-pointwise-2d-v1-target4096,ThreadPool,8,1
2,1.6.0,1.6.0,GCC 14.2,Linux,x86_64,AMD EPYC 9V74 80-Core Processor,stencil_2d,double,4096,contiguous,64,stable,16,0.0042560000000000002,4676754881740555838,3cf09cc9198b46e6,47454.291469704811,3cf09cc9198b46e6,0,0,1,1,1,1,1,Sequential,Reproducible,canonical-pointwise,fixed_pointwise_expression,canonical-pointwise-2d-v1-target4096,ThreadPool,8,1
2,1.6.0,1.6.0,GCC 14.2,Linux,x86_64,AMD EPYC 9V74 80-Core Processor,stencil_2d,double,4096,contiguous,64,stable,17,0.0042360000000000002,4676754881740555838,3cf09cc9198b46e6,47454.291469704811,3cf09cc9198b46e6,0,0,1,1,1,1,1,Sequential,Reproducible,canonical-pointwise,fixed_pointwise_expression,canonical-pointwise-2d-v1-target4096,ThreadPool,8,1
2,1.6.0,1.6.0,GCC 14.2,Linux,x86_64,AMD EPYC 9V74 80-Core Processor,stencil_2d,double,4096,contiguous,64,stable,18,0.0049370000000000004,4676754881740555838,3cf09cc9198b46e6,47454.291469704811,3cf09cc9198b46e6,0,0,1,1,1,1,1,Sequential,Reproducible,canonical-pointwise,fixed_pointwise_expression,canonical-pointwise-2d-v1-target4096,ThreadPool,8,1
2,1.6.0,1.6.0,GCC 14.2,Linux,x86_64,AMD EPYC 9V74 80-Core Processor,stencil_2d,double,4096,contiguous,64,stable,19,0.004927,4676754881740555838,3cf09cc9198b46e6,47454.291469704811,3cf09cc9198b46e6,0,0,1,1,1,1,1,Sequential,Reproducible,canonical-pointwise,fixed_pointwise_expression,canonical-pointwise-2d-v1-target4096,ThreadPool,8,1
2,1.6.0,1.6.0,GCC 14.2,Linux,x86_64,AMD EPYC 9V74 80-Core Processor,stencil_2d,double,4096,contiguous,64,stable,20,0.0042360000000000002,4676754881740555838,3cf09cc9198b46e6,47454.291469704811,3cf09cc9198b46e6,0,0,1,1,1,1,1,Sequential,Reproducible,canonical-pointwise,fixed_pointwise_expression,canonical-pointwise-2d-v1-target4096,ThreadPool,8,1
2,1.6.0,1.6.0,GCC 14.2,Linux,x86_64,AMD EPYC 9V74 80-Core Processor,stencil_2d,double,4096,contiguous,64,stable,21,0.0042360000000000002,4676754881740555838,3cf09cc9198b46e6,47454.291469704811,3cf09cc9198b46e6,0,0,1,1,1,1,1,Sequential,Reproducible,canonical-pointwise,fixed_pointwise_expression,canonical-pointwise-2d-v1-target4096,ThreadPool,8,1
2,1.6.0,1.6.0,GCC 14.2,Linux,x86_64,AMD EPYC 9V74 80-Core Processor,stencil_2d,double,4096,contiguous,64,first_call,0,0.0043059999999999999,4676754881740555838,3cf09cc9198b46e6,47454.291469704811,3cf09cc9198b46e6,0,0,1,1,1,1,1,Sequential,Accurate,canonical-pointwise,fixed_pointwise_expression,canonical-pointwise-2d-v1-target4096,ThreadPool,8,1
2,1.6.0,1.6.0,GCC 14.2,Linux,x86_64,AMD EPYC 9V74 80-Core Processor,stencil_2d,double,4096,contiguous,64,stable,1,0.004267,4676754881740555838,3cf09cc9198b46e6,47454.291469704811,3cf09cc9198b46e6,0,0,1,1,1,1,1,Sequential,Accurate,canonical-pointwise,fixed_pointwise_expression,canonical-pointwise-2d-v1-target4096,ThreadPool,8,1
2,1.6.0,1.6.0,GCC 14.2,Linux,x86_64,AMD EPYC 9V74 80-Core Processor,stencil_2d,double,4096,contiguous,64,stable,2,0.0042170000000000003,4676754881740555838,3cf09cc9198b46e6,47454.291469704811,3cf09cc9198b46e6,0,0,1,1,1,1,1,Sequential,Accurate,canonical-pointwise,fixed_pointwise_expression,canonical-pointwise-2d-v1-target4096,ThreadPool,8,1
2,1.6.0,1.6.0,GCC 14.2,Linux,x86_64,AMD EPYC 9V74 80-Core Processor,stencil_2d,double,4096,contiguous,64,stable,3,0.0042160000000000001,4676754881740555838,3cf09cc9198b46e6,47454.291469704811,3cf09cc9198b46e6,0,0,1,1,1,1,1,Sequential,Accurate,canonical-pointwise,fixed_pointwise_expression,canonical-pointwise-2d-v1-target4096,ThreadPool,8,1
2,1.6.0,1.6.0,GCC 14.2,Linux,x86_64,AMD EPYC 9V74 80-Core Processor,stencil_2d,double,4096,contiguous,64,stable,4,0.0042659999999999998,4676754881740555838,3cf09cc9198b46e6,47454.291469704811,3cf09cc9198b46e6,0,0,1,1,1,1,1,Sequential,Accurate,canonical-pointwise,fixed_pointwise_expression,canonical-pointwise-2d-v1-target4096,ThreadPool,8,1
2,1.6.0,1.6.0,GCC 14.2,Linux,x86_64,AMD EPYC 9V74 80-Core Processor,stencil_2d,double,4096,contiguous,64,stable,5,0.0042160000000000001,4676754881740555838,3cf09cc9198b46e6,47454.291469704811,3cf09cc9198b46e6,0,0,1,1,1,1,1,Sequential,Accurate,canonical-pointwise,fixed_pointwise_expression,canonical-pointwise-2d-v1-target4096,ThreadPool,8,1
2,1.6.0,1.6.0,GCC 14.2,Linux,x86_64,AMD EPYC 9V74 80-Core Processor,stencil_2d,double,4096,contiguous,64,stable,6,0.0042259999999999997,4676754881740555838,3cf09cc9198b46e6,47454.291469704811,3cf09cc9198b46e6,0,0,1,1,1,1,1,Sequential,Accurate,canonical-pointwise,fixed_pointwise_expression,canonical-pointwise-2d-v1-target4096,ThreadPool,8,1
2,1.6.0,1.6.0,GCC 14.2,Linux,x86_64,AMD EPYC 9V74 80-Core Processor,stencil_2d,double,4096,contiguous,64,stable,7,0.0042059999999999997,4676754881740555838,3cf09cc9198b46e6,47454.291469704811,3cf09cc9198b46e6,0,0,1,1,1,1,1,Sequential,Accurate,canonical-pointwise,fixed_pointwise_expression,canonical-pointwise-2d-v1-target4096,ThreadPool,8,1
2,1.6.0,1.6.0,GCC 14.2,Linux,x86_64,AMD EPYC 9V74 80-Core Processor,stencil_2d,double,4096,contiguous,64,stable,8,0.0042469999999999999,4676754881740555838,3cf09cc9198b46e6,47454.291469704811,3cf09cc9198b46e6,0,0,1,1,1,1,1,Sequential,Accurate,canonical-pointwise,fixed_pointwise_expression,canonical-pointwise-2d-v1-target4096,ThreadPool,8,1
2,1.6.0,1.6.0,GCC 14.2,Linux,x86_64,AMD EPYC 9V74 80-Core Processor,stencil_2d,double,4096,contiguous,64,stable,9,0.0042269999999999999,4676754881740555838,3cf09cc9198b46e6,47454.291469704811,3cf09cc9198b46e6,0,0,1,1,1,1,1,Sequential,Accurate,canonical-pointwise,fixed_pointwise_expression,canonical-pointwise-2d-v1-target4096,ThreadPool,8,1
2,1.6.0,1.6.0,GCC 14.2,Linux,x86_64,AMD EPYC 9V74 80-Core Processor,stencil_2d,double,4096,contiguous,64,stable,10,0.0042659999999999998,4676754881740555838,3cf09cc9198b46e6,47454.291469704811,3cf09cc9198b46e6,0,0,1,1,1,1,1,Sequential,Accurate,canonical-pointwise,fixed_pointwise_expression,canonical-pointwise-2d-v1-target4096,ThreadPool,8,1
2,1.6.0,1.6.0,GCC 14.2,Linux,x86_64,AMD EPYC 9V74 80-Core Processor,stencil_2d,double,4096,contiguous,64,stable,11,0.0042659999999999998,4676754881740555838,3cf09cc9198b46e6,47454.291469704811,3cf09cc9198b46e6,0,0,1,1,1,1,1,Sequential,Accurate,canonical-pointwise,fixed_pointwise_expression,canonical-pointwise-2d-v1-target4096,ThreadPool,8,1
2,1.6.0,1.6.0,GCC 14.2,Linux,x86_64,AMD EPYC 9V74 80-Core Processor,stencil_2d,double,4096,contiguous,64,stable,12,0.0042560000000000002,4676754881740555838,3cf09cc9198b46e6,47454.291469704811,3cf09cc9198b46e6,0,0,1,1,1,1,1,Sequential,Accurate,canonical-pointwise,fixed_pointwise_expression,canonical-pointwise-2d-v1-target4096,ThreadPool,8,1
2,1.6.0,1.6.0,GCC 14.2,Linux,x86_64,AMD EPYC 9V74 80-Core Processor,stencil_2d,double,4096,contiguous,64,stable,13,0.0042560000000000002,4676754881740555838,3cf09cc9198b46e6,47454.291469704811,3cf09cc9198b46e6,0,0,1,1,1,1,1,Sequential,Accurate,canonical-pointwise,fixed_pointwise_expression,canonical-pointwise-2d-v1-target4096,ThreadPool,8,1
2,1.6.0,1.6.0,GCC 14.2,Linux,x86_64,AMD EPYC 9V74 80-Core Processor,stencil_2d,double,4096,contiguous,64,stable,14,0.004176,4676754881740555838,3cf09cc9198b46e6,47454.291469704811,3cf09cc9198b46e6,0,0,1,1,1,1,1,Sequential,Accurate,canonical-pointwise,fixed_pointwise_expression,canonical-pointwise-2d-v1-target4096,ThreadPool,8,1
2,1.6.0,1.6.0,GCC 14.2,Linux,x86_64,AMD EPYC 9V74 80-Core Processor,stencil_2d,double,4096,contiguous,64,stable,15,0.0042370000000000003,4676754881740555838,3cf09cc9198b46e6,47454.291469704811,3cf09cc9198b46e6,0,0,1,1,1,1,1,Sequential,Accurate,canonical-pointwise,fixed_pointwise_expression,canonical-pointwise-2d-v1-target4096,ThreadPool,8,1
2,1.6.0,1.6.0,GCC 14.2,Linux,x86_64,AMD EPYC 9V74 80-Core Processor,stencil_2d,double,4096,contiguous,64,stable,16,0.0042969999999999996,4676754881740555838,3cf09cc9198b46e6,47454.291469704811,3cf09cc9198b46e6,0,0,1,1,1,1,1,Sequential,Accurate,canonical-pointwise,fixed_pointwise_expression,canonical-pointwise-2d-v1-target4096,ThreadPool,8,1
2,1.6.0,1.6.0,GCC 14.2,Linux,x86_64,AMD EPYC 9V74 80-Core Processor,stencil_2d,double,4096,contiguous,64,stable,17,0.0042370000000000003,4676754881740555838,3cf09cc9198b46e6,47454.291469704811,3cf09cc9198b46e6,0,0,1,1,1,1,1,Sequential,Accurate,canonical-pointwise,fixed_pointwise_expression,canonical-pointwise-2d-v1-target4096,ThreadPool,8,1
2,1.6.0,1.6.0,GCC 14.2,Linux,x86_64,AMD EPYC 9V74 80-Core Processor,stencil_2d,double,4096,contiguous,64,stable,18,0.0042760000000000003,4676754881740555838,3cf09cc9198b46e6,47454.291469704811,3cf09cc9198b46e6,0,0,1,1,1,1,1,Sequential,Accurate,canonical-pointwise,fixed_pointwise_expression,canonical-pointwise-2d-v1-target4096,ThreadPool,8,1
2,1.6.0,1.6.0,GCC 14.2,Linux,x86_64,AMD EPYC 9V74 80-Core Processor,stencil_2d,double,4096,contiguous,64,stable,19,0.0042259999999999997,4676754881740555838,3cf09cc9198b46e6,47454.291469704811,3cf09cc9198b46e6,0,0,1,1,1,1,1,Sequential,Accurate,canonical-pointwise,fixed_pointwise_expression,canonical-pointwise-2d-v1-target4096,ThreadPool,8,1
2,1.6.0,1.6.0,GCC 14.2,Linux,x86_64,AMD EPYC 9V74 80-Core Processor,stencil_2d,double,4096,contiguous,64,stable,20,0.0042570000000000004,4676754881740555838,3cf09cc9198b46e6,47454.291469704811,3cf09cc9198b46e6,0,0,1,1,1,1,1,Sequential,Accurate,canonical-pointwise,fixed_pointwise_expression,canonical-pointwise-2d-v1-target4096,ThreadPool,8,1
2,1.6.0,1.6.0,GCC 14.2,Linux,x86_64,AMD EPYC 9V74 80-Core Processor,stencil_2d,double,4096,contiguous,64,stable,21,0.0042770000000000004,4676754881740555838,3cf09cc9198b46e6,47454.291469704811,3cf09cc9198b46e6,0,0,1,1,1,1,1,Sequential,Accurate,canonical-pointwise,fixed_pointwise_expression,canonical-pointwise-2d-v1-target4096,ThreadPool,8,1
2,1.6.0,1.6.0,GCC 14.2,Linux,x86_64,AMD EPYC 9V74 80-Core Processor,stencil_2d_direct_sequential,double,4096,contiguous,64,first_call,0,0.0039160000000000002,4676754881740555838,3cf09cc9198b46e6,47454.291469704811,3cf09cc9198b46e6,0,0,1,1,1,1,1,DirectSequential,Fast,adaptive,native,none,Auto,1,1
2,1.6.0,1.6.0,GCC 14.2,Linux,x86_64,AMD EPYC 9V74 80-Core Processor,stencil_2d_direct_sequential,double,4096,contiguous,64,stable,1,0.0038449999999999999,4676754881740555838,3cf09cc9198b46e6,47454.291469704811,3cf09cc9198b46e6,0,0,1,1,1,1,1,DirectSequential,Fast,adaptive,native,none,Auto,1,1
2,1.6.0,1.6.0,GCC 14.2,Linux,x86_64,AMD EPYC 9V74 80-Core Processor,stencil_2d_direct_sequential,double,4096,contiguous,64,stable,2,0.003846,4676754881740555838,3cf09cc9198b46e6,47454.291469704811,3cf09cc9198b46e6,0,0,1,1,1,1,1,DirectSequential,Fast,adaptive,native,none,Auto,1,1
2,1.6.0,1.6.0,GCC 14.2,Linux,x86_64,AMD EPYC 9V74 80-Core Processor,stencil_2d_direct_sequential,double,4096,contiguous,64,stable,3,0.0037659999999999998,4676754881740555838,3cf09cc9198b46e6,47454.291469704811,3cf09cc9198b46e6,0,0,1,1,1,1,1,DirectSequential,Fast,adaptive,native,none,Auto,1,1
2,1.6.0,1.6.0,GCC 14.2,Linux,x86_64,AMD EPYC 9V74 80-Core Processor,stencil_2d_direct_sequential,double,4096,contiguous,64,stable,4,0.0037959999999999999,4676754881740555838,3cf09cc9198b46e6,47454.291469704811,3cf09cc9198b46e6,0,0,1,1,1,1,1,DirectSequential,Fast,adaptive,native,none,Auto,1,1
2,1.6.0,1.6.0,GCC 14.2,Linux,x86_64,AMD EPYC 9V74 80-Core Processor,stencil_2d_direct_sequential,double,4096,contiguous,64,stable,5,0.0037750000000000001,4676754881740555838,3cf09cc9198b46e6,47454.291469704811,3cf09cc9198b46e6,0,0,1,1,1,1,1,DirectSequential,Fast,adaptive,native,none,Auto,1,1
2,1.6.0,1.6.0,GCC 14.2,Linux,x86_64,AMD EPYC 9V74 80-Core Processor,stencil_2d_direct_sequential,double,4096,contiguous,64,stable,6,0.0037950000000000002,4676754881740555838,3cf09cc9198b46e6,47454.291469704811,3cf09cc9198b46e6,0,0,1,1,1,1,1,DirectSequential,Fast,adaptive,native,none,Auto,1,1
2,1.6.0,1.6.0,GCC 14.2,Linux,x86_64,AMD EPYC 9V74 80-Core Processor,stencil_2d_direct_sequential,double,4096,contiguous,64,stable,7,0.0037950000000000002,4676754881740555838,3cf09cc9198b46e6,47454.291469704811,3cf09cc9198b46e6,0,0,1,1,1,1,1,DirectSequential,Fast,adaptive,native,none,Auto,1,1
2,1.6.0,1.6.0,GCC 14.2,Linux,x86_64,AMD EPYC 9V74 80-Core Processor,stencil_2d_direct_sequential,double,4096,contiguous,64,stable,8,0.0037950000000000002,4676754881740555838,3cf09cc9198b46e6,47454.291469704811,3cf09cc9198b46e6,0,0,1,1,1,1,1,DirectSequential,Fast,adaptive,native,none,Auto,1,1
2,1.6.0,1.6.0,GCC 14.2,Linux,x86_64,AMD EPYC 9V74 80-Core Processor,stencil_2d_direct_sequential,double,4096,contiguous,64,stable,9,0.0037650000000000001,4676754881740555838,3cf09cc9198b46e6,47454.291469704811,3cf09cc9198b46e6,0,0,1,1,1,1,1,DirectSequential,Fast,adaptive,native,none,Auto,1,1
2,1.6.0,1.6.0,GCC 14.2,Linux,x86_64,AMD EPYC 9V74 80-Core Processor,stencil_2d_direct_sequential,double,4096,contiguous,64,stable,10,0.0037659999999999998,4676754881740555838,3cf09cc9198b46e6,47454.291469704811,3cf09cc9198b46e6,0,0,1,1,1,1,1,DirectSequential,Fast,adaptive,native,none,Auto,1,1
2,1.6.0,1.6.0,GCC 14.2,Linux,x86_64,AMD EPYC 9V74 80-Core Processor,stencil_2d_direct_sequential,double,4096,contiguous,64,stable,11,0.0037759999999999998,4676754881740555838,3cf09cc9198b46e6,47454.291469704811,3cf09cc9198b46e6,0,0,1,1,1,1,1,DirectSequential,Fast,adaptive,native,none,Auto,1,1
2,1.6.0,1.6.0,GCC 14.2,Linux,x86_64,AMD EPYC 9V74 80-Core Processor,stencil_2d_direct_sequential,double,4096,contiguous,64,stable,12,0.0037859999999999999,4676754881740555838,3cf09cc9198b46e6,47454.291469704811,3cf09cc9198b46e6,0,0,1,1,1,1,1,DirectSequential,Fast,adaptive,native,none,Auto,1,1
2,1.6.0,1.6.0,GCC 14.2,Linux,x86_64,AMD EPYC 9V74 80-Core Processor,stencil_2d_direct_sequential,double,4096,contiguous,64,stable,13,0.0037759999999999998,4676754881740555838,3cf09cc9198b46e6,47454.291469704811,3cf09cc9198b46e6,0,0,1,1,1,1,1,DirectSequential,Fast,adaptive,native,none,Auto,1,1
2,1.6.0,1.6.0,GCC 14.2,Linux,x86_64,AMD EPYC 9V74 80-Core Processor,stencil_2d_direct_sequential,double,4096,contiguous,64,stable,14,0.0037950000000000002,4676754881740555838,3cf09cc9198b46e6,47454.291469704811,3cf09cc9198b46e6,0,0,1,1,1,1,1,DirectSequential,Fast,adaptive,native,none,Auto,1,1
2,1.6.0,1.6.0,GCC 14.2,Linux,x86_64,AMD EPYC 9V74 80-Core Processor,stencil_2d_direct_sequential,double,4096,contiguous,64,stable,15,0.0037650000000000001,4676754881740555838,3cf09cc9198b46e6,47454.291469704811,3cf09cc9198b46e6,0,0,1,1,1,1,1,DirectSequential,Fast,adaptive,native,none,Auto,1,1
2,1.6.0,1.6.0,GCC 14.2,Linux,x86_64,AMD EPYC 9V74 80-Core Processor,stencil_2d_direct_sequential,double,4096,contiguous,64,stable,16,0.0037750000000000001,4676754881740555838,3cf09cc9198b46e6,47454.291469704811,3cf09cc9198b46e6,0,0,1,1,1,1,1,DirectSequential,Fast,adaptive,native,none,Auto,1,1
2,1.6.0,1.6.0,GCC 14.2,Linux,x86_64,AMD EPYC 9V74 80-Core Processor,stencil_2d_direct_sequential,double,4096,contiguous,64,stable,17,0.0037460000000000002,4676754881740555838,3cf09cc9198b46e6,47454.291469704811,3cf09cc9198b46e6,0,0,1,1,1,1,1,DirectSequential,Fast,adaptive,native,none,Auto,1,1
2,1.6.0,1.6.0,GCC 14.2,Linux,x86_64,AMD EPYC 9V74 80-Core Processor,stencil_2d_direct_sequential,double,4096,contiguous,64,stable,18,0.0037859999999999999,4676754881740555838,3cf09cc9198b46e6,47454.291469704811,3cf09cc9198b46e6,0,0,1,1,1,1,1,DirectSequential,Fast,adaptive,native,none,Auto,1,1
2,1.6.0,1.6.0,GCC 14.2,Linux,x86_64,AMD EPYC 9V74 80-Core Processor,stencil_2d_direct_sequential,double,4096,contiguous,64,stable,19,0.0038760000000000001,4676754881740555838,3cf09cc9198b46e6,47454.291469704811,3cf09cc9198b46e6,0,0,1,1,1,1,1,DirectSequential,Fast,adaptive,native,none,Auto,1,1
2,1.6.0,1.6.0,GCC 14.2,Linux,x86_64,AMD EPYC 9V74 80-Core Processor,stencil_2d_direct_sequential,double,4096,contiguous,64,stable,20,0.0037759999999999998,4676754881740555838,3cf09cc9198b46e6,47454.291469704811,3cf09cc9198b46e6,0,0,1,1,1,1,1,DirectSequential,Fast,adaptive,native,none,Auto,1,1
2,1.6.0,1.6.0,GCC 14.2,Linux,x86_64,AMD EPYC 9V74 80-Core Processor,stencil_2d_direct_sequential,double,4096,contiguous,64,stable,21,0.0037559999999999998,4676754881740555838,3cf09cc9198b46e6,47454.291469704811,3cf09cc9198b46e6,0,0,1,1,1,1,1,DirectSequential,Fast,adaptive,native,none,Auto,1,1
2,1.6.0,1.6.0,GCC 14.2,Linux,x86_64,AMD EPYC 9V74 80-Core Processor,stencil_2d,double,65536,contiguous,256,first_call,0,0.048522000000000003,4693914773487056819,a9a7fc976934ef46,659790.9836995512,a9a7fc976934ef46,0,0,1,1,1,1,1,ThreadPool,Fast,adaptive,native,none,ThreadPool,8,5
2,1.6.0,1.6.0,GCC 14.2,Linux,x86_64,AMD EPYC 9V74 80-Core Processor,stencil_2d,double,65536,contiguous,256,stable,1,0.090064000000000005,4693914773487056819,a9a7fc976934ef46,659790.9836995512,a9a7fc976934ef46,0,0,1,1,1,1,1,ThreadPool,Fast,adaptive,native,none,ThreadPool,8,5
2,1.6.0,1.6.0,GCC 14.2,Linux,x86_64,AMD EPYC 9V74 80-Core Processor,stencil_2d,double,65536,contiguous,256,stable,2,0.065897999999999998,4693914773487056819,a9a7fc976934ef46,659790.9836995512,a9a7fc976934ef46,0,0,1,1,1,1,1,ThreadPool,Fast,adaptive,native,none,ThreadPool,8,5
2,1.6.0,1.6.0,GCC 14.2,Linux,x86_64,AMD EPYC 9V74 80-Core Processor,stencil_2d,double,65536,contiguous,256,stable,3,0.055802999999999998,4693914773487056819,a9a7fc976934ef46,659790.9836995512,a9a7fc976934ef46,0,0,1,1,1,1,1,ThreadPool,Fast,adaptive,native,none,ThreadPool,8,5
2,1.6.0,1.6.0,GCC 14.2,Linux,x86_64,AMD EPYC 9V74 80-Core Processor,stencil_2d,double,65536,contiguous,256,stable,4,0.058876999999999999,4693914773487056819,a9a7fc976934ef46,659790.9836995512,a9a7fc976934ef46,0,0,1,1,1,1,1,ThreadPool,Fast,adaptive,native,none,ThreadPool,8,5
2,1.6.0,1.6.0,GCC 14.2,Linux,x86_64,AMD EPYC 9V74 80-Core Processor,stencil_2d,double,65536,contiguous,256,stable,5,0.064626000000000003,4693914773487056819,a9a7fc976934ef46,659790.9836995512,a9a7fc976934ef46,0,0,1,1,1,1,1,ThreadPool,Fast,adaptive,native,none,ThreadPool,8,5
2,1.6.0,1.6.0,GCC 14.2,Linux,x86_64,AMD EPYC 9V74 80-Core Processor,stencil_2d,double,65536,contiguous,256,stable,6,0.060470000000000003,4693914773487056819,a9a7fc976934ef46,659790.9836995512,a9a7fc976934ef46,0,0,1,1,1,1,1,ThreadPool,Fast,adaptive,native,none,ThreadPool,8,5
2,1.6.0,1.6.0,GCC 14.2,Linux,x86_64,AMD EPYC 9V74 80-Core Processor,stencil_2d,double,65536,contiguous,256,stable,7,0.062241999999999999,4693914773487056819,a9a7fc976934ef46,659790.9836995512,a9a7fc976934ef46,0,0,1,1,1,1,1,ThreadPool,Fast,adaptive,native,none,ThreadPool,8,5
2,1.6.0,1.6.0,GCC 14.2,Linux,x86_64,AMD EPYC 9V74 80-Core Processor,stencil_2d,double,65536,contiguous,256,stable,8,0.055982999999999998,4693914773487056819,a9a7fc976934ef46,659790.9836995512,a9a7fc976934ef46,0,0,1,1,1,1,1,ThreadPool,Fast,adaptive,native,none,ThreadPool,8,5
2,1.6.0,1.6.0,GCC 14.2,Linux,x86_64,AMD EPYC 9V74 80-Core Processor,stencil_2d,double,65536,contiguous,256,stable,9,0.058946999999999999,4693914773487056819,a9a7fc976934ef46,659790.9836995512,a9a7fc976934ef46,0,0,1,1,1,1,1,ThreadPool,Fast,adaptive,native,none,ThreadPool,8,5
2,1.6.0,1.6.0,GCC 14.2,Linux,x86_64,AMD EPYC 9V74 80-Core Processor,stencil_2d,double,65536,contiguous,256,stable,10,0.068442000000000003,4693914773487056819,a9a7fc976934ef46,659790.9836995512,a9a7fc976934ef46,0,0,1,1,1,1,1,ThreadPool,Fast,adaptive,native,none,ThreadPool,8,5
2,1.6.0,1.6.0,GCC 14.2,Linux,x86_64,AMD EPYC 9V74 80-Core Processor,stencil_2d,double,65536,contiguous,256,stable,11,0.050264999999999997,4693914773487056819,a9a7fc976934ef46,659790.9836995512,a9a7fc976934ef46,0,0,1,1,1,1,1,ThreadPool,Fast,adaptive,native,none,ThreadPool,8,5
2,1.6.0,1.6.0,GCC 14.2,Linux,x86_64,AMD EPYC 9V74 80-Core Processor,stencil_2d,double,65536,contiguous,256,stable,12,0.044645999999999998,4693914773487056819,a9a7fc976934ef46,659790.9836995512,a9a7fc976934ef46,0,0,1,1,1,1,1,ThreadPool,Fast,adaptive,native,none,ThreadPool,8,5
2,1.6.0,1.6.0,GCC 14.2,Linux,x86_64,AMD EPYC 9V74 80-Core Processor,stencil_2d,double,65536,contiguous,256,stable,13,0.057505000000000001,4693914773487056819,a9a7fc976934ef46,659790.9836995512,a9a7fc976934ef46,0,0,1,1,1,1,1,ThreadPool,Fast,adaptive,native,none,ThreadPool,8,5
2,1.6.0,1.6.0,GCC 14.2,Linux,x86_64,AMD EPYC 9V74 80-Core Processor,stencil_2d,double,65536,contiguous,256,stable,14,0.079097000000000001,4693914773487056819,a9a7fc976934ef46,659790.9836995512,a9a7fc976934ef46,0,0,1,1,1,1,1,ThreadPool,Fast,adaptive,native,none,ThreadPool,8,5
2,1.6.0,1.6.0,GCC 14.2,Linux,x86_64,AMD EPYC 9V74 80-Core Processor,stencil_2d,double,65536,contiguous,256,stable,15,0.061121000000000002,4693914773487056819,a9a7fc976934ef46,659790.9836995512,a9a7fc976934ef46,0,0,1,1,1,1,1,ThreadPool,Fast,adaptive,native,none,ThreadPool,8,5
2,1.6.0,1.6.0,GCC 14.2,Linux,x86_64,AMD EPYC 9V74 80-Core Processor,stencil_2d,double,65536,contiguous,256,stable,16,0.048702000000000002,4693914773487056819,a9a7fc976934ef46,659790.9836995512,a9a7fc976934ef46,0,0,1,1,1,1,1,ThreadPool,Fast,adaptive,native,none,ThreadPool,8,5
2,1.6.0,1.6.0,GCC 14.2,Linux,x86_64,AMD EPYC 9V74 80-Core Processor,stencil_2d,double,65536,contiguous,256,stable,17,0.089862999999999998,4693914773487056819,a9a7fc976934ef46,659790.9836995512,a9a7fc976934ef46,0,0,1,1,1,1,1,ThreadPool,Fast,adaptive,native,none,ThreadPool,8,5
2,1.6.0,1.6.0,GCC 14.2,Linux,x86_64,AMD EPYC 9V74 80-Core Processor,stencil_2d,double,65536,contiguous,256,stable,18,0.059628,4693914773487056819,a9a7fc976934ef46,659790.9836995512,a9a7fc976934ef46,0,0,1,1,1,1,1,ThreadPool,Fast,adaptive,native,none,ThreadPool,8,5
2,1.6.0,1.6.0,GCC 14.2,Linux,x86_64,AMD EPYC 9V74 80-Core Processor,stencil_2d,double,65536,contiguous,256,stable,19,0.059739,4693914773487056819,a9a7fc976934ef46,659790.9836995512,a9a7fc976934ef46,0,0,1,1,1,1,1,ThreadPool,Fast,adaptive,native,none,ThreadPool,8,5
2,1.6.0,1.6.0,GCC 14.2,Linux,x86_64,AMD EPYC 9V74 80-Core Processor,stencil_2d,double,65536,contiguous,256,stable,20,0.062772999999999995,4693914773487056819,a9a7fc976934ef46,659790.9836995512,a9a7fc976934ef46,0,0,1,1,1,1,1,ThreadPool,Fast,adaptive,native,none,ThreadPool,8,5
2,1.6.0,1.6.0,GCC 14.2,Linux,x86_64,AMD EPYC 9V74 80-Core Processor,stencil_2d,double,65536,contiguous,256,stable,21,0.056473000000000002,4693914773487056819,a9a7fc976934ef46,659790.9836995512,a9a7fc976934ef46,0,0,1,1,1,1,1,ThreadPool,Fast,adaptive,native,none,ThreadPool,8,5
2,1.6.0,1.6.0,GCC 14.2,Linux,x86_64,AMD EPYC 9V74 80-Core Processor,stencil_2d,double,65536,contiguous,256,first_call,0,0.061001,4693914773487056819,a9a7fc976934ef46,659790.9836995512,a9a7fc976934ef46,0,0,1,1,1,1,1,ThreadPool,Reproducible,canonical-pointwise,fixed_pointwise_expression,canonical-pointwise-2d-v1-target4096,ThreadPool,8,5
2,1.6.0,1.6.0,GCC 14.2,Linux,x86_64,AMD EPYC 9V74 80-Core Processor,stencil_2d,double,65536,contiguous,256,stable,1,0.068802000000000002,4693914773487056819,a9a7fc976934ef46,659790.9836995512,a9a7fc976934ef46,0,0,1,1,1,1,1,ThreadPool,Reproducible,canonical-pointwise,fixed_pointwise_expression,canonical-pointwise-2d-v1-target4096,ThreadPool,8,5
2,1.6.0,1.6.0,GCC 14.2,Linux,x86_64,AMD EPYC 9V74 80-Core Processor,stencil_2d,double,65536,contiguous,256,stable,2,0.049243000000000002,4693914773487056819,a9a7fc976934ef46,659790.9836995512,a9a7fc976934ef46,0,0,1,1,1,1,1,ThreadPool,Reproducible,canonical-pointwise,fixed_pointwise_expression,canonical-pointwise-2d-v1-target4096,ThreadPool,8,5
2,1.6.0,1.6.0,GCC 14.2,Linux,x86_64,AMD EPYC 9V74 80-Core Processor,stencil_2d,double,65536,contiguous,256,stable,3,0.067669999999999994,4693914773487056819,a9a7fc976934ef46,659790.9836995512,a9a7fc976934ef46,0,0,1,1,1,1,1,ThreadPool,Reproducible,canonical-pointwise,fixed_pointwise_expression,canonical-pointwise-2d-v1-target4096,ThreadPool,8,5
2,1.6.0,1.6.0,GCC 14.2,Linux,x86_64,AMD EPYC 9V74 80-Core Processor,stencil_2d,double,65536,contiguous,256,stable,4,0.075471999999999997,4693914773487056819,a9a7fc976934ef46,659790.9836995512,a9a7fc976934ef46,0,0,1,1,1,1,1,ThreadPool,Reproducible,canonical-pointwise,fixed_pointwise_expression,canonical-pointwise-2d-v1-target4096,ThreadPool,8,5
2,1.6.0,1.6.0,GCC 14.2,Linux,x86_64,AMD EPYC 9V74 80-Core Processor,stencil_2d,double,65536,contiguous,256,stable,5,0.057835999999999999,4693914773487056819,a9a7fc976934ef46,659790.9836995512,a9a7fc976934ef46,0,0,1,1,1,1,1,ThreadPool,Reproducible,canonical-pointwise,fixed_pointwise_expression,canonical-pointwise-2d-v1-target4096,ThreadPool,8,5
2,1.6.0,1.6.0,GCC 14.2,Linux,x86_64,AMD EPYC 9V74 80-Core Processor,stencil_2d,double,65536,contiguous,256,stable,6,0.085887000000000005,4693914773487056819,a9a7fc976934ef46,659790.9836995512,a9a7fc976934ef46,0,0,1,1,1,1,1,ThreadPool,Reproducible,canonical-pointwise,fixed_pointwise_expression,canonical-pointwise-2d-v1-target4096,ThreadPool,8,5
2,1.6.0,1.6.0,GCC 14.2,Linux,x86_64,AMD EPYC 9V74 80-Core Processor,stencil_2d,double,65536,contiguous,256,stable,7,0.086398000000000003,4693914773487056819,a9a7fc976934ef46,659790.9836995512,a9a7fc976934ef46,0,0,1,1,1,1,1,ThreadPool,Reproducible,canonical-pointwise,fixed_pointwise_expression,canonical-pointwise-2d-v1-target4096,ThreadPool,8,5
2,1.6.0,1.6.0,GCC 14.2,Linux,x86_64,AMD EPYC 9V74 80-Core Processor,stencil_2d,double,65536,contiguous,256,stable,8,0.064785999999999996,4693914773487056819,a9a7fc976934ef46,659790.9836995512,a9a7fc976934ef46,0,0,1,1,1,1,1,ThreadPool,Reproducible,canonical-pointwise,fixed_pointwise_expression,canonical-pointwise-2d-v1-target4096,ThreadPool,8,5
2,1.6.0,1.6.0,GCC 14.2,Linux,x86_64,AMD EPYC 9V74 80-Core Processor,stencil_2d,double,65536,contiguous,256,stable,9,0.049924000000000003,4693914773487056819,a9a7fc976934ef46,659790.9836995512,a9a7fc976934ef46,0,0,1,1,1,1,1,ThreadPool,Reproducible,canonical-pointwise,fixed_pointwise_expression,canonical-pointwise-2d-v1-target4096,ThreadPool,8,5
2,1.6.0,1.6.0,GCC 14.2,Linux,x86_64,AMD EPYC 9V74 80-Core Processor,stencil_2d,double,65536,contiguous,256,stable,10,0.084315000000000001,4693914773487056819,a9a7fc976934ef46,659790.9836995512,a9a7fc976934ef46,0,0,1,1,1,1,1,ThreadPool,Reproducible,canonical-pointwise,fixed_pointwise_expression,canonical-pointwise-2d-v1-target4096,ThreadPool,8,5
2,1.6.0,1.6.0,GCC 14.2,Linux,x86_64,AMD EPYC 9V74 80-Core Processor,stencil_2d,double,65536,contiguous,256,stable,11,0.080209000000000003,4693914773487056819,a9a7fc976934ef46,659790.9836995512,a9a7fc976934ef46,0,0,1,1,1,1,1,ThreadPool,Reproducible,canonical-pointwise,fixed_pointwise_expression,canonical-pointwise-2d-v1-target4096,ThreadPool,8,5
2,1.6.0,1.6.0,GCC 14.2,Linux,x86_64,AMD EPYC 9V74 80-Core Processor,stencil_2d,double,65536,contiguous,256,stable,12,0.078557000000000002,4693914773487056819,a9a7fc976934ef46,659790.9836995512,a9a7fc976934ef46,0,0,1,1,1,1,1,ThreadPool,Reproducible,canonical-pointwise,fixed_pointwise_expression,canonical-pointwise-2d-v1-target4096,ThreadPool,8,5
2,1.6.0,1.6.0,GCC 14.2,Linux,x86_64,AMD EPYC 9V74 80-Core Processor,stencil_2d,double,65536,contiguous,256,stable,13,0.066037999999999999,4693914773487056819,a9a7fc976934ef46,659790.9836995512,a9a7fc976934ef46,0,0,1,1,1,1,1,ThreadPool,Reproducible,canonical-pointwise,fixed_pointwise_expression,canonical-pointwise-2d-v1-target4096,ThreadPool,8,5
2,1.6.0,1.6.0,GCC 14.2,Linux,x86_64,AMD EPYC 9V74 80-Core Processor,stencil_2d,double,65536,contiguous,256,stable,14,0.060579000000000001,4693914773487056819,a9a7fc976934ef46,659790.9836995512,a9a7fc976934ef46,0,0,1,1,1,1,1,ThreadPool,Reproducible,canonical-pointwise,fixed_pointwise_expression,canonical-pointwise-2d-v1-target4096,ThreadPool,8,5
2,1.6.0,1.6.0,GCC 14.2,Linux,x86_64,AMD EPYC 9V74 80-Core Processor,stencil_2d,double,65536,contiguous,256,stable,15,0.051927000000000001,4693914773487056819,a9a7fc976934ef46,659790.9836995512,a9a7fc976934ef46,0,0,1,1,1,1,1,ThreadPool,Reproducible,canonical-pointwise,fixed_pointwise_expression,canonical-pointwise-2d-v1-target4096,ThreadPool,8,5
2,1.6.0,1.6.0,GCC 14.2,Linux,x86_64,AMD EPYC 9V74 80-Core Processor,stencil_2d,double,65536,contiguous,256,stable,16,0.083274000000000001,4693914773487056819,a9a7fc976934ef46,659790.9836995512,a9a7fc976934ef46,0,0,1,1,1,1,1,ThreadPool,Reproducible,canonical-pointwise,fixed_pointwise_expression,canonical-pointwise-2d-v1-target4096,ThreadPool,8,5
2,1.6.0,1.6.0,GCC 14.2,Linux,x86_64,AMD EPYC 9V74 80-Core Processor,stencil_2d,double,65536,contiguous,256,stable,17,0.059829,4693914773487056819,a9a7fc976934ef46,659790.9836995512,a9a7fc976934ef46,0,0,1,1,1,1,1,ThreadPool,Reproducible,canonical-pointwise,fixed_pointwise_expression,canonical-pointwise-2d-v1-target4096,ThreadPool,8,5
2,1.6.0,1.6.0,GCC 14.2,Linux,x86_64,AMD EPYC 9V74 80-Core Processor,stencil_2d,double,65536,contiguous,256,stable,18,0.066599000000000005,4693914773487056819,a9a7fc976934ef46,659790.9836995512,a9a7fc976934ef46,0,0,1,1,1,1,1,ThreadPool,Reproducible,canonical-pointwise,fixed_pointwise_expression,canonical-pointwise-2d-v1-target4096,ThreadPool,8,5
2,1.6.0,1.6.0,GCC 14.2,Linux,x86_64,AMD EPYC 9V74 80-Core Processor,stencil_2d,double,65536,contiguous,256,stable,19,0.051316000000000001,4693914773487056819,a9a7fc976934ef46,659790.9836995512,a9a7fc976934ef46,0,0,1,1,1,1,1,ThreadPool,Reproducible,canonical-pointwise,fixed_pointwise_expression,canonical-pointwise-2d-v1-target4096,ThreadPool,8,5
2,1.6.0,1.6.0,GCC 14.2,Linux,x86_64,AMD EPYC 9V74 80-Core Processor,stencil_2d,double,65536,contiguous,256,stable,20,0.074270000000000003,4693914773487056819,a9a7fc976934ef46,659790.9836995512,a9a7fc976934ef46,0,0,1,1,1,1,1,ThreadPool,Reproducible,canonical-pointwise,fixed_pointwise_expression,canonical-pointwise-2d-v1-target4096,ThreadPool,8,5
2,1.6.0,1.6.0,GCC 14.2,Linux,x86_64,AMD EPYC 9V74 80-Core Processor,stencil_2d,double,65536,contiguous,256,stable,21,0.094690999999999997,4693914773487056819,a9a7fc976934ef46,659790.9836995512,a9a7fc976934ef46,0,0,1,1,1,1,1,ThreadPool,Reproducible,canonical-pointwise,fixed_pointwise_expression,canonical-pointwise-2d-v1-target4096,ThreadPool,8,5
2,1.6.0,1.6.0,GCC 14.2,Linux,x86_64,AMD EPYC 9V74 80-Core Processor,stencil_2d,double,65536,contiguous,256,first_call,0,0.064274999999999999,4693914773487056819,a9a7fc976934ef46,659790.9836995512,a9a7fc976934ef46,0,0,1,1,1,1,1,ThreadPool,Accurate,canonical-pointwise,fixed_pointwise_expression,canonical-pointwise-2d-v1-target4096,ThreadPool,8,5
2,1.6.0,1.6.0,GCC 14.2,Linux,x86_64,AMD EPYC 9V74 80-Core Processor,stencil_2d,double,65536,contiguous,256,stable,1,0.062893000000000004,4693914773487056819,a9a7fc976934ef46,659790.9836995512,a9a7fc976934ef46,0,0,1,1,1,1,1,ThreadPool,Accurate,canonical-pointwise,fixed_pointwise_expression,canonical-pointwise-2d-v1-target4096,ThreadPool,8,5
2,1.6.0,1.6.0,GCC 14.2,Linux,x86_64,AMD EPYC 9V74 80-Core Processor,stencil_2d,double,65536,contiguous,256,stable,2,0.053760000000000002,4693914773487056819,a9a7fc976934ef46,659790.9836995512,a9a7fc976934ef46,0,0,1,1,1,1,1,ThreadPool,Accurate,canonical-pointwise,fixed_pointwise_expression,canonical-pointwise-2d-v1-target4096,ThreadPool,8,5
2,1.6.0,1.6.0,GCC 14.2,Linux,x86_64,AMD EPYC 9V74 80-Core Processor,stencil_2d,double,65536,contiguous,256,stable,3,0.087809999999999999,4693914773487056819,a9a7fc976934ef46,659790.9836995512,a9a7fc976934ef46,0,0,1,1,1,1,1,ThreadPool,Accurate,canonical-pointwise,fixed_pointwise_expression,canonical-pointwise-2d-v1-target4096,ThreadPool,8,5
2,1.6.0,1.6.0,GCC 14.2,Linux,x86_64,AMD EPYC 9V74 80-Core Processor,stencil_2d,double,65536,contiguous,256,stable,4,0.063504000000000005,4693914773487056819,a9a7fc976934ef46,659790.9836995512,a9a7fc976934ef46,0,0,1,1,1,1,1,ThreadPool,Accurate,canonical-pointwise,fixed_pointwise_expression,canonical-pointwise-2d-v1-target4096,ThreadPool,8,5
2,1.6.0,1.6.0,GCC 14.2,Linux,x86_64,AMD EPYC 9V74 80-Core Processor,stencil_2d,double,65536,contiguous,256,stable,5,0.058215999999999997,4693914773487056819,a9a7fc976934ef46,659790.9836995512,a9a7fc976934ef46,0,0,1,1,1,1,1,ThreadPool,Accurate,canonical-pointwise,fixed_pointwise_expression,canonical-pointwise-2d-v1-target4096,ThreadPool,8,5
2,1.6.0,1.6.0,GCC 14.2,Linux,x86_64,AMD EPYC 9V74 80-Core Processor,stencil_2d,double,65536,contiguous,256,stable,6,0.094520999999999994,4693914773487056819,a9a7fc976934ef46,659790.9836995512,a9a7fc976934ef46,0,0,1,1,1,1,1,ThreadPool,Accurate,canonical-pointwise,fixed_pointwise_expression,canonical-pointwise-2d-v1-target4096,ThreadPool,8,5
2,1.6.0,1.6.0,GCC 14.2,Linux,x86_64,AMD EPYC 9V74 80-Core Processor,stencil_2d,double,65536,contiguous,256,stable,7,0.063553999999999999,4693914773487056819,a9a7fc976934ef46,659790.9836995512,a9a7fc976934ef46,0,0,1,1,1,1,1,ThreadPool,Accurate,canonical-pointwise,fixed_pointwise_expression,canonical-pointwise-2d-v1-target4096,ThreadPool,8,5
2,1.6.0,1.6.0,GCC 14.2,Linux,x86_64,AMD EPYC 9V74 80-Core Processor,stencil_2d,double,65536,contiguous,256,stable,8,0.054199999999999998,4693914773487056819,a9a7fc976934ef46,659790.9836995512,a9a7fc976934ef46,0,0,1,1,1,1,1,ThreadPool,Accurate,canonical-pointwise,fixed_pointwise_expression,canonical-pointwise-2d-v1-target4096,ThreadPool,8,5
2,1.6.0,1.6.0,GCC 14.2,Linux,x86_64,AMD EPYC 9V74 80-Core Processor,stencil_2d,double,65536,contiguous,256,stable,9,0.051966999999999999,4693914773487056819,a9a7fc976934ef46,659790.9836995512,a9a7fc976934ef46,0,0,1,1,1,1,1,ThreadPool,Accurate,canonical-pointwise,fixed_pointwise_expression,canonical-pointwise-2d-v1-target4096,ThreadPool,8,5
2,1.6.0,1.6.0,GCC 14.2,Linux,x86_64,AMD EPYC 9V74 80-Core Processor,stencil_2d,double,65536,contiguous,256,stable,10,0.070033999999999999,4693914773487056819,a9a7fc976934ef46,659790.9836995512,a9a7fc976934ef46,0,0,1,1,1,1,1,ThreadPool,Accurate,canonical-pointwise,fixed_pointwise_expression,canonical-pointwise-2d-v1-target4096,ThreadPool,8,5
2,1.6.0,1.6.0,GCC 14.2,Linux,x86_64,AMD EPYC 9V74 80-Core Processor,stencil_2d,double,65536,contiguous,256,stable,11,0.063663999999999998,4693914773487056819,a9a7fc976934ef46,659790.9836995512,a9a7fc976934ef46,0,0,1,1,1,1,1,ThreadPool,Accurate,canonical-pointwise,fixed_pointwise_expression,canonical-pointwise-2d-v1-target4096,ThreadPool,8,5
2,1.6.0,1.6.0,GCC 14.2,Linux,x86_64,AMD EPYC 9V74 80-Core Processor,stencil_2d,double,65536,contiguous,256,stable,12,0.063184000000000004,4693914773487056819,a9a7fc976934ef46,659790.9836995512,a9a7fc976934ef46,0,0,1,1,1,1,1,ThreadPool,Accurate,canonical-pointwise,fixed_pointwise_expression,canonical-pointwise-2d-v1-target4096,ThreadPool,8,5
2,1.6.0,1.6.0,GCC 14.2,Linux,x86_64,AMD EPYC 9V74 80-Core Processor,stencil_2d,double,65536,contiguous,256,stable,13,0.081810999999999995,4693914773487056819,a9a7fc976934ef46,659790.9836995512,a9a7fc976934ef46,0,0,1,1,1,1,1,ThreadPool,Accurate,canonical-pointwise,fixed_pointwise_expression,canonical-pointwise-2d-v1-target4096,ThreadPool,8,5
2,1.6.0,1.6.0,GCC 14.2,Linux,x86_64,AMD EPYC 9V74 80-Core Processor,stencil_2d,double,65536,contiguous,256,stable,14,0.094350000000000003,4693914773487056819,a9a7fc976934ef46,659790.9836995512,a9a7fc976934ef46,0,0,1,1,1,1,1,ThreadPool,Accurate,canonical-pointwise,fixed_pointwise_expression,canonical-pointwise-2d-v1-target4096,ThreadPool,8,5
2,1.6.0,1.6.0,GCC 14.2,Linux,x86_64,AMD EPYC 9V74 80-Core Processor,stencil_2d,double,65536,contiguous,256,stable,15,0.071396000000000001,4693914773487056819,a9a7fc976934ef46,659790.9836995512,a9a7fc976934ef46,0,0,1,1,1,1,1,ThreadPool,Accurate,canonical-pointwise,fixed_pointwise_expression,canonical-pointwise-2d-v1-target4096,ThreadPool,8,5
2,1.6.0,1.6.0,GCC 14.2,Linux,x86_64,AMD EPYC 9V74 80-Core Processor,stencil_2d,double,65536,contiguous,256,stable,16,0.052366999999999997,4693914773487056819,a9a7fc976934ef46,659790.9836995512,a9a7fc976934ef46,0,0,1,1,1,1,1,ThreadPool,Accurate,canonical-pointwise,fixed_pointwise_expression,canonical-pointwise-2d-v1-target4096,ThreadPool,8,5
2,1.6.0,1.6.0,GCC 14.2,Linux,x86_64,AMD EPYC 9V74 80-Core Processor,stencil_2d,double,65536,contiguous,256,stable,17,0.052187999999999998,4693914773487056819,a9a7fc976934ef46,659790.9836995512,a9a7fc976934ef46,0,0,1,1,1,1,1,ThreadPool,Accurate,canonical-pointwise,fixed_pointwise_expression,canonical-pointwise-2d-v1-target4096,ThreadPool,8,5
2,1.6.0,1.6.0,GCC 14.2,Linux,x86_64,AMD EPYC 9V74 80-Core Processor,stencil_2d,double,65536,contiguous,256,stable,18,0.075823000000000002,4693914773487056819,a9a7fc976934ef46,659790.9836995512,a9a7fc976934ef46,0,0,1,1,1,1,1,ThreadPool,Accurate,canonical-pointwise,fixed_pointwise_expression,canonical-pointwise-2d-v1-target4096,ThreadPool,8,5
2,1.6.0,1.6.0,GCC 14.2,Linux,x86_64,AMD EPYC 9V74 80-Core Processor,stencil_2d,double,65536,contiguous,256,stable,19,0.056103,4693914773487056819,a9a7fc976934ef46,659790.9836995512,a9a7fc976934ef46,0,0,1,1,1,1,1,ThreadPool,Accurate,canonical-pointwise,fixed_pointwise_expression,canonical-pointwise-2d-v1-target4096,ThreadPool,8,5
2,1.6.0,1.6.0,GCC 14.2,Linux,x86_64,AMD EPYC 9V74 80-Core Processor,stencil_2d,double,65536,contiguous,256,stable,20,0.047128999999999997,4693914773487056819,a9a7fc976934ef46,659790.9836995512,a9a7fc976934ef46,0,0,1,1,1,1,1,ThreadPool,Accurate,canonical-pointwise,fixed_pointwise_expression,canonical-pointwise-2d-v1-target4096,ThreadPool,8,5
2,1.6.0,1.6.0,GCC 14.2,Linux,x86_64,AMD EPYC 9V74 80-Core Processor,stencil_2d,double,65536,contiguous,256,stable,21,0.067720000000000002,4693914773487056819,a9a7fc976934ef46,659790.9836995512,a9a7fc976934ef46,0,0,1,1,1,1,1,ThreadPool,Accurate,canonical-pointwise,fixed_pointwise_expression,canonical-pointwise-2d-v1-target4096,ThreadPool,8,5
2,1.6.0,1.6.0,GCC 14.2,Linux,x86_64,AMD EPYC 9V74 80-Core Processor,stencil_2d_direct_sequential,double,65536,contiguous,256,first_call,0,0.062522999999999995,4693914773487056819,a9a7fc976934ef46,659790.9836995512,a9a7fc976934ef46,0,0,1,1,1,1,1,DirectSequential,Fast,adaptive,native,none,Auto,1,1
2,1.6.0,1.6.0,GCC 14.2,Linux,x86_64,AMD EPYC 9V74 80-Core Processor,stencil_2d_direct_sequential,double,65536,contiguous,256,stable,1,0.062052000000000003,4693914773487056819,a9a7fc976934ef46,659790.9836995512,a9a7fc976934ef46,0,0,1,1,1,1,1,DirectSequential,Fast,adaptive,native,none,Auto,1,1
2,1.6.0,1.6.0,GCC 14.2,Linux,x86_64,AMD EPYC 9V74 80-Core Processor,stencil_2d_direct_sequential,double,65536,contiguous,256,stable,2,0.062842999999999996,4693914773487056819,a9a7fc976934ef46,659790.9836995512,a9a7fc976934ef46,0,0,1,1,1,1,1,DirectSequential,Fast,adaptive,native,none,Auto,1,1
2,1.6.0,1.6.0,GCC 14.2,Linux,x86_64,AMD EPYC 9V74 80-Core Processor,stencil_2d_direct_sequential,double,65536,contiguous,256,stable,3,0.062653,4693914773487056819,a9a7fc976934ef46,659790.9836995512,a9a7fc976934ef46,0,0,1,1,1,1,1,DirectSequential,Fast,adaptive,native,none,Auto,1,1
2,1.6.0,1.6.0,GCC 14.2,Linux,x86_64,AMD EPYC 9V74 80-Core Processor,stencil_2d_direct_sequential,double,65536,contiguous,256,stable,4,0.061931,4693914773487056819,a9a7fc976934ef46,659790.9836995512,a9a7fc976934ef46,0,0,1,1,1,1,1,DirectSequential,Fast,adaptive,native,none,Auto,1,1
2,1.6.0,1.6.0,GCC 14.2,Linux,x86_64,AMD EPYC 9V74 80-Core Processor,stencil_2d_direct_sequential,double,65536,contiguous,256,stable,5,0.061982000000000002,4693914773487056819,a9a7fc976934ef46,659790.9836995512,a9a7fc976934ef46,0,0,1,1,1,1,1,DirectSequential,Fast,adaptive,native,none,Auto,1,1
2,1.6.0,1.6.0,GCC 14.2,Linux,x86_64,AMD EPYC 9V74 80-Core Processor,stencil_2d_direct_sequential,double,65536,contiguous,256,stable,6,0.062732999999999997,4693914773487056819,a9a7fc976934ef46,659790.9836995512,a9a7fc976934ef46,0,0,1,1,1,1,1,DirectSequential,Fast,adaptive,native,none,Auto,1,1
2,1.6.0,1.6.0,GCC 14.2,Linux,x86_64,AMD EPYC 9V74 80-Core Processor,stencil_2d_direct_sequential,double,65536,contiguous,256,stable,7,0.062562999999999994,4693914773487056819,a9a7fc976934ef46,659790.9836995512,a9a7fc976934ef46,0,0,1,1,1,1,1,DirectSequential,Fast,adaptive,native,none,Auto,1,1
2,1.6.0,1.6.0,GCC 14.2,Linux,x86_64,AMD EPYC 9V74 80-Core Processor,stencil_2d_direct_sequential,double,65536,contiguous,256,stable,8,0.062562999999999994,4693914773487056819,a9a7fc976934ef46,659790.9836995512,a9a7fc976934ef46,0,0,1,1,1,1,1,DirectSequential,Fast,adaptive,native,none,Auto,1,1
2,1.6.0,1.6.0,GCC 14.2,Linux,x86_64,AMD EPYC 9V74 80-Core Processor,stencil_2d_direct_sequential,double,65536,contiguous,256,stable,9,0.062533000000000005,4693914773487056819,a9a7fc976934ef46,659790.9836995512,a9a7fc976934ef46,0,0,1,1,1,1,1,DirectSequential,Fast,adaptive,native,none,Auto,1,1
2,1.6.0,1.6.0,GCC 14.2,Linux,x86_64,AMD EPYC 9V74 80-Core Processor,stencil_2d_direct_sequential,double,65536,contiguous,256,stable,10,0.062603000000000006,4693914773487056819,a9a7fc976934ef46,659790.9836995512,a9a7fc976934ef46,0,0,1,1,1,1,1,DirectSequential,Fast,adaptive,native,none,Auto,1,1
2,1.6.0,1.6.0,GCC 14.2,Linux,x86_64,AMD EPYC 9V74 80-Core Processor,stencil_2d_direct_sequential,double,65536,contiguous,256,stable,11,0.062603000000000006,4693914773487056819,a9a7fc976934ef46,659790.9836995512,a9a7fc976934ef46,0,0,1,1,1,1,1,DirectSequential,Fast,adaptive,native,none,Auto,1,1
2,1.6.0,1.6.0,GCC 14.2,Linux,x86_64,AMD EPYC 9V74 80-Core Processor,stencil_2d_direct_sequential,double,65536,contiguous,256,stable,12,0.062422999999999999,4693914773487056819,a9a7fc976934ef46,659790.9836995512,a9a7fc976934ef46,0,0,1,1,1,1,1,DirectSequential,Fast,adaptive,native,none,Auto,1,1
2,1.6.0,1.6.0,GCC 14.2,Linux,x86_64,AMD EPYC 9V74 80-Core Processor,stencil_2d_direct_sequential,double,65536,contiguous,256,stable,13,0.063163999999999998,4693914773487056819,a9a7fc976934ef46,659790.9836995512,a9a7fc976934ef46,0,0,1,1,1,1,1,DirectSequential,Fast,adaptive,native,none,Auto,1,1
2,1.6.0,1.6.0,GCC 14.2,Linux,x86_64,AMD EPYC 9V74 80-Core Processor,stencil_2d_direct_sequential,double,65536,contiguous,256,stable,14,0.062622999999999998,4693914773487056819,a9a7fc976934ef46,659790.9836995512,a9a7fc976934ef46,0,0,1,1,1,1,1,DirectSequential,Fast,adaptive,native,none,Auto,1,1
2,1.6.0,1.6.0,GCC 14.2,Linux,x86_64,AMD EPYC 9V74 80-Core Processor,stencil_2d_direct_sequential,double,65536,contiguous,256,stable,15,0.062632999999999994,4693914773487056819,a9a7fc976934ef46,659790.9836995512,a9a7fc976934ef46,0,0,1,1,1,1,1,DirectSequential,Fast,adaptive,native,none,Auto,1,1
2,1.6.0,1.6.0,GCC 14.2,Linux,x86_64,AMD EPYC 9V74 80-Core Processor,stencil_2d_direct_sequential,double,65536,contiguous,256,stable,16,0.062433000000000002,4693914773487056819,a9a7fc976934ef46,659790.9836995512,a9a7fc976934ef46,0,0,1,1,1,1,1,DirectSequential,Fast,adaptive,native,none,Auto,1,1
2,1.6.0,1.6.0,GCC 14.2,Linux,x86_64,AMD EPYC 9V74 80-Core Processor,stencil_2d_direct_sequential,double,65536,contiguous,256,stable,17,0.062842999999999996,4693914773487056819,a9a7fc976934ef46,659790.9836995512,a9a7fc976934ef46,0,0,1,1,1,1,1,DirectSequential,Fast,adaptive,native,none,Auto,1,1
2,1.6.0,1.6.0,GCC 14.2,Linux,x86_64,AMD EPYC 9V74 80-Core Processor,stencil_2d_direct_sequential,double,65536,contiguous,256,stable,18,0.062512999999999999,4693914773487056819,a9a7fc976934ef46,659790.9836995512,a9a7fc976934ef46,0,0,1,1,1,1,1,DirectSequential,Fast,adaptive,native,none,Auto,1,1
2,1.6.0,1.6.0,GCC 14.2,Linux,x86_64,AMD EPYC 9V74 80-Core Processor,stencil_2d_direct_sequential,double,65536,contiguous,256,stable,19,0.062031999999999997,4693914773487056819,a9a7fc976934ef46,659790.9836995512,a9a7fc976934ef46,0,0,1,1,1,1,1,DirectSequential,Fast,adaptive,native,none,Auto,1,1
2,1.6.0,1.6.0,GCC 14.2,Linux,x86_64,AMD EPYC 9V74 80-Core Processor,stencil_2d_direct_sequential,double,65536,contiguous,256,stable,20,0.062142999999999997,4693914773487056819,a9a7fc976934ef46,659790.9836995512,a9a7fc976934ef46,0,0,1,1,1,1,1,DirectSequential,Fast,adaptive,native,none,Auto,1,1
2,1.6.0,1.6.0,GCC 14.2,Linux,x86_64,AMD EPYC 9V74 80-Core Processor,stencil_2d_direct_sequential,double,65536,contiguous,256,stable,21,0.062052999999999997,4693914773487056819,a9a7fc976934ef46,659790.9836995512,a9a7fc976934ef46,0,0,1,1,1,1,1,DirectSequential,Fast,adaptive,native,none,Auto,1,1
2,1.6.0,1.6.0,GCC 14.2,Linux,x86_64,AMD EPYC 9V74 80-Core Processor,stencil_2d,double,1048576,contiguous,1024,first_call,0,0.60840300000000003,4712002087743613940,81812c39bcd607e5,10692471.901784874,81812c39bcd607e5,0,0,1,1,1,1,1,ThreadPool,Fast,adaptive,native,none,ThreadPool,8,5
2,1.6.0,1.6.0,GCC 14.2,Linux,x86_64,AMD EPYC 9V74 80-Core Processor,stencil_2d,double,1048576,contiguous,1024,stable,1,0.44404900000000003,4712002087743613940,81812c39bcd607e5,10692471.901784874,81812c39bcd607e5,0,0,1,1,1,1,1,ThreadPool,Fast,adaptive,native,none,ThreadPool,8,5
2,1.6.0,1.6.0,GCC 14.2,Linux,x86_64,AMD EPYC 9V74 80-Core Processor,stencil_2d,double,1048576,contiguous,1024,stable,2,0.36395,4712002087743613940,81812c39bcd607e5,10692471.901784874,81812c39bcd607e5,0,0,1,1,1,1,1,ThreadPool,Fast,adaptive,native,none,ThreadPool,8,5
2,1.6.0,1.6.0,GCC 14.2,Linux,x86_64,AMD EPYC 9V74 80-Core Processor,stencil_2d,double,1048576,contiguous,1024,stable,3,0.36490099999999998,4712002087743613940,81812c39bcd607e5,10692471.901784874,81812c39bcd607e5,0,0,1,1,1,1,1,ThreadPool,Fast,adaptive,native,none,ThreadPool,8,5
2,1.6.0,1.6.0,GCC 14.2,Linux,x86_64,AMD EPYC 9V74 80-Core Processor,stencil_2d,double,1048576,contiguous,1024,stable,4,0.37944299999999997,4712002087743613940,81812c39bcd607e5,10692471.901784874,81812c39bcd607e5,0,0,1,1,1,1,1,ThreadPool,Fast,adaptive,native,none,ThreadPool,8,5
2,1.6.0,1.6.0,GCC 14.2,Linux,x86_64,AMD EPYC 9V74 80-Core Processor,stencil_2d,double,1048576,contiguous,1024,stable,5,0.37180099999999999,4712002087743613940,81812c39bcd607e5,10692471.901784874,81812c39bcd607e5,0,0,1,1,1,1,1,ThreadPool,Fast,adaptive,native,none,ThreadPool,8,5
2,1.6.0,1.6.0,GCC 14.2,Linux,x86_64,AMD EPYC 9V74 80-Core Processor,stencil_2d,double,1048576,contiguous,1024,stable,6,0.47134999999999999,4712002087743613940,81812c39bcd607e5,10692471.901784874,81812c39bcd607e5,0,0,1,1,1,1,1,ThreadPool,Fast,adaptive,native,none,ThreadPool,8,5
2,1.6.0,1.6.0,GCC 14.2,Linux,x86_64,AMD EPYC 9V74 80-Core Processor,stencil_2d,double,1048576,contiguous,1024,stable,7,0.317471,4712002087743613940,81812c39bcd607e5,10692471.901784874,81812c39bcd607e5,0,0,1,1,1,1,1,ThreadPool,Fast,adaptive,native,none,ThreadPool,8,5
2,1.6.0,1.6.0,GCC 14.2,Linux,x86_64,AMD EPYC 9V74 80-Core Processor,stencil_2d,double,1048576,contiguous,1024,stable,8,0.331262,4712002087743613940,81812c39bcd607e5,10692471.901784874,81812c39bcd607e5,0,0,1,1,1,1,1,ThreadPool,Fast,adaptive,native,none,ThreadPool,8,5
2,1.6.0,1.6.0,GCC 14.2,Linux,x86_64,AMD EPYC 9V74 80-Core Processor,stencil_2d,double,1048576,contiguous,1024,stable,9,0.42267700000000002,4712002087743613940,81812c39bcd607e5,10692471.901784874,81812c39bcd607e5,0,0,1,1,1,1,1,ThreadPool,Fast,adaptive,native,none,ThreadPool,8,5
2,1.6.0,1.6.0,GCC 14.2,Linux,x86_64,AMD EPYC 9V74 80-Core Processor,stencil_2d,double,1048576,contiguous,1024,stable,10,0.38847599999999999,4712002087743613940,81812c39bcd607e5,10692471.901784874,81812c39bcd607e5,0,0,1,1,1,1,1,ThreadPool,Fast,adaptive,native,none,ThreadPool,8,5
2,1.6.0,1.6.0,GCC 14.2,Linux,x86_64,AMD EPYC 9V74 80-Core Processor,stencil_2d,double,1048576,contiguous,1024,stable,11,0.38928800000000002,4712002087743613940,81812c39bcd607e5,10692471.901784874,81812c39bcd607e5,0,0,1,1,1,1,1,ThreadPool,Fast,adaptive,native,none,ThreadPool,8,5
2,1.6.0,1.6.0,GCC 14.2,Linux,x86_64,AMD EPYC 9V74 80-Core Processor,stencil_2d,double,1048576,contiguous,1024,stable,12,0.35962300000000003,4712002087743613940,81812c39bcd607e5,10692471.901784874,81812c39bcd607e5,0,0,1,1,1,1,1,ThreadPool,Fast,adaptive,native,none,ThreadPool,8,5
2,1.6.0,1.6.0,GCC 14.2,Linux,x86_64,AMD EPYC 9V74 80-Core Processor,stencil_2d,double,1048576,contiguous,1024,stable,13,0.35430499999999998,4712002087743613940,81812c39bcd607e5,10692471.901784874,81812c39bcd607e5,0,0,1,1,1,1,1,ThreadPool,Fast,adaptive,native,none,ThreadPool,8,5
2,1.6.0,1.6.0,GCC 14.2,Linux,x86_64,AMD EPYC 9V74 80-Core Processor,stencil_2d,double,1048576,contiguous,1024,stable,14,0.34546199999999999,4712002087743613940,81812c39bcd607e5,10692471.901784874,81812c39bcd607e5,0,0,1,1,1,1,1,ThreadPool,Fast,adaptive,native,none,ThreadPool,8,5
2,1.6.0,1.6.0,GCC 14.2,Linux,x86_64,AMD EPYC 9V74 80-Core Processor,stencil_2d,double,1048576,contiguous,1024,stable,15,0.37618800000000002,4712002087743613940,81812c39bcd607e5,10692471.901784874,81812c39bcd607e5,0,0,1,1,1,1,1,ThreadPool,Fast,adaptive,native,none,ThreadPool,8,5
2,1.6.0,1.6.0,GCC 14.2,Linux,x86_64,AMD EPYC 9V74 80-Core Processor,stencil_2d,double,1048576,contiguous,1024,stable,16,0.37150100000000003,4712002087743613940,81812c39bcd607e5,10692471.901784874,81812c39bcd607e5,0,0,1,1,1,1,1,ThreadPool,Fast,adaptive,native,none,ThreadPool,8,5
2,1.6.0,1.6.0,GCC 14.2,Linux,x86_64,AMD EPYC 9V74 80-Core Processor,stencil_2d,double,1048576,contiguous,1024,stable,17,0.3705,4712002087743613940,81812c39bcd607e5,10692471.901784874,81812c39bcd607e5,0,0,1,1,1,1,1,ThreadPool,Fast,adaptive,native,none,ThreadPool,8,5
2,1.6.0,1.6.0,GCC 14.2,Linux,x86_64,AMD EPYC 9V74 80-Core Processor,stencil_2d,double,1048576,contiguous,1024,stable,18,0.32332899999999998,4712002087743613940,81812c39bcd607e5,10692471.901784874,81812c39bcd607e5,0,0,1,1,1,1,1,ThreadPool,Fast,adaptive,native,none,ThreadPool,8,5
2,1.6.0,1.6.0,GCC 14.2,Linux,x86_64,AMD EPYC 9V74 80-Core Processor,stencil_2d,double,1048576,contiguous,1024,stable,19,0.38579200000000002,4712002087743613940,81812c39bcd607e5,10692471.901784874,81812c39bcd607e5,0,0,1,1,1,1,1,ThreadPool,Fast,adaptive,native,none,ThreadPool,8,5
2,1.6.0,1.6.0,GCC 14.2,Linux,x86_64,AMD EPYC 9V74 80-Core Processor,stencil_2d,double,1048576,contiguous,1024,stable,20,0.31020999999999999,4712002087743613940,81812c39bcd607e5,10692471.901784874,81812c39bcd607e5,0,0,1,1,1,1,1,ThreadPool,Fast,adaptive,native,none,ThreadPool,8,5
2,1.6.0,1.6.0,GCC 14.2,Linux,x86_64,AMD EPYC 9V74 80-Core Processor,stencil_2d,double,1048576,contiguous,1024,stable,21,0.31953399999999998,4712002087743613940,81812c39bcd607e5,10692471.901784874,81812c39bcd607e5,0,0,1,1,1,1,1,ThreadPool,Fast,adaptive,native,none,ThreadPool,8,5
2,1.6.0,1.6.0,GCC 14.2,Linux,x86_64,AMD EPYC 9V74 80-Core Processor,stencil_2d,double,1048576,contiguous,1024,first_call,0,0.38261699999999998,4712002087743613940,81812c39bcd607e5,10692471.901784874,81812c39bcd607e5,0,0,1,1,1,1,1,ThreadPool,Reproducible,canonical-pointwise,fixed_pointwise_expression,canonical-pointwise-2d-v1-target4096,ThreadPool,8,5
2,1.6.0,1.6.0,GCC 14.2,Linux,x86_64,AMD EPYC 9V74 80-Core Processor,stencil_2d,double,1048576,contiguous,1024,stable,1,0.30824699999999999,4712002087743613940,81812c39bcd607e5,10692471.901784874,81812c39bcd607e5,0,0,1,1,1,1,1,ThreadPool,Reproducible,canonical-pointwise,fixed_pointwise_expression,canonical-pointwise-2d-v1-target4096,ThreadPool,8,5
2,1.6.0,1.6.0,GCC 14.2,Linux,x86_64,AMD EPYC 9V74 80-Core Processor,stencil_2d,double,1048576,contiguous,1024,stable,2,0.34955900000000001,4712002087743613940,81812c39bcd607e5,10692471.901784874,81812c39bcd607e5,0,0,1,1,1,1,1,ThreadPool,Reproducible,canonical-pointwise,fixed_pointwise_expression,canonical-pointwise-2d-v1-target4096,ThreadPool,8,5
2,1.6.0,1.6.0,GCC 14.2,Linux,x86_64,AMD EPYC 9V74 80-Core Processor,stencil_2d,double,1048576,contiguous,1024,stable,3,0.303039,4712002087743613940,81812c39bcd607e5,10692471.901784874,81812c39bcd607e5,0,0,1,1,1,1,1,ThreadPool,Reproducible,canonical-pointwise,fixed_pointwise_expression,canonical-pointwise-2d-v1-target4096,ThreadPool,8,5
2,1.6.0,1.6.0,GCC 14.2,Linux,x86_64,AMD EPYC 9V74 80-Core Processor,stencil_2d,double,1048576,contiguous,1024,stable,4,0.37506699999999998,4712002087743613940,81812c39bcd607e5,10692471.901784874,81812c39bcd607e5,0,0,1,1,1,1,1,ThreadPool,Reproducible,canonical-pointwise,fixed_pointwise_expression,canonical-pointwise-2d-v1-target4096,ThreadPool,8,5
2,1.6.0,1.6.0,GCC 14.2,Linux,x86_64,AMD EPYC 9V74 80-Core Processor,stencil_2d,double,1048576,contiguous,1024,stable,5,0.39091999999999999,4712002087743613940,81812c39bcd607e5,10692471.901784874,81812c39bcd607e5,0,0,1,1,1,1,1,ThreadPool,Reproducible,canonical-pointwise,fixed_pointwise_expression,canonical-pointwise-2d-v1-target4096,ThreadPool,8,5
2,1.6.0,1.6.0,GCC 14.2,Linux,x86_64,AMD EPYC 9V74 80-Core Processor,stencil_2d,double,1048576,contiguous,1024,stable,6,0.35560700000000001,4712002087743613940,81812c39bcd607e5,10692471.901784874,81812c39bcd607e5,0,0,1,1,1,1,1,ThreadPool,Reproducible,canonical-pointwise,fixed_pointwise_expression,canonical-pointwise-2d-v1-target4096,ThreadPool,8,5
2,1.6.0,1.6.0,GCC 14.2,Linux,x86_64,AMD EPYC 9V74 80-Core Processor,stencil_2d,double,1048576,contiguous,1024,stable,7,0.44149500000000003,4712002087743613940,81812c39bcd607e5,10692471.901784874,81812c39bcd607e5,0,0,1,1,1,1,1,ThreadPool,Reproducible,canonical-pointwise,fixed_pointwise_expression,canonical-pointwise-2d-v1-target4096,ThreadPool,8,5
2,1.6.0,1.6.0,GCC 14.2,Linux,x86_64,AMD EPYC 9V74 80-Core Processor,stencil_2d,double,1048576,contiguous,1024,stable,8,0.50071299999999996,4712002087743613940,81812c39bcd607e5,10692471.901784874,81812c39bcd607e5,0,0,1,1,1,1,1,ThreadPool,Reproducible,canonical-pointwise,fixed_pointwise_expression,canonical-pointwise-2d-v1-target4096,ThreadPool,8,5
2,1.6.0,1.6.0,GCC 14.2,Linux,x86_64,AMD EPYC 9V74 80-Core Processor,stencil_2d,double,1048576,contiguous,1024,stable,9,0.46537000000000001,4712002087743613940,81812c39bcd607e5,10692471.901784874,81812c39bcd607e5,0,0,1,1,1,1,1,ThreadPool,Reproducible,canonical-pointwise,fixed_pointwise_expression,canonical-pointwise-2d-v1-target4096,ThreadPool,8,5
2,1.6.0,1.6.0,GCC 14.2,Linux,x86_64,AMD EPYC 9V74 80-Core Processor,stencil_2d,double,1048576,contiguous,1024,stable,10,0.53011600000000003,4712002087743613940,81812c39bcd607e5,10692471.901784874,81812c39bcd607e5,0,0,1,1,1,1,1,ThreadPool,Reproducible,canonical-pointwise,fixed_pointwise_expression,canonical-pointwise-2d-v1-target4096,ThreadPool,8,5
2,1.6.0,1.6.0,GCC 14.2,Linux,x86_64,AMD EPYC 9V74 80-Core Processor,stencil_2d,double,1048576,contiguous,1024,stable,11,0.417159,4712002087743613940,81812c39bcd607e5,10692471.901784874,81812c39bcd607e5,0,0,1,1,1,1,1,ThreadPool,Reproducible,canonical-pointwise,fixed_pointwise_expression,canonical-pointwise-2d-v1-target4096,ThreadPool,8,5
2,1.6.0,1.6.0,GCC 14.2,Linux,x86_64,AMD EPYC 9V74 80-Core Processor,stencil_2d,double,1048576,contiguous,1024,stable,12,0.57323100000000005,4712002087743613940,81812c39bcd607e5,10692471.901784874,81812c39bcd607e5,0,0,1,1,1,1,1,ThreadPool,Reproducible,canonical-pointwise,fixed_pointwise_expression,canonical-pointwise-2d-v1-target4096,ThreadPool,8,5
2,1.6.0,1.6.0,GCC 14.2,Linux,x86_64,AMD EPYC 9V74 80-Core Processor,stencil_2d,double,1048576,contiguous,1024,stable,13,0.421736,4712002087743613940,81812c39bcd607e5,10692471.901784874,81812c39bcd607e5,0,0,1,1,1,1,1,ThreadPool,Reproducible,canonical-pointwise,fixed_pointwise_expression,canonical-pointwise-2d-v1-target4096,ThreadPool,8,5
2,1.6.0,1.6.0,GCC 14.2,Linux,x86_64,AMD EPYC 9V74 80-Core Processor,stencil_2d,double,1048576,contiguous,1024,stable,14,0.45758799999999999,4712002087743613940,81812c39bcd607e5,10692471.901784874,81812c39bcd607e5,0,0,1,1,1,1,1,ThreadPool,Reproducible,canonical-pointwise,fixed_pointwise_expression,canonical-pointwise-2d-v1-target4096,ThreadPool,8,5
2,1.6.0,1.6.0,GCC 14.2,Linux,x86_64,AMD EPYC 9V74 80-Core Processor,stencil_2d,double,1048576,contiguous,1024,stable,15,0.40210600000000002,4712002087743613940,81812c39bcd607e5,10692471.901784874,81812c39bcd607e5,0,0,1,1,1,1,1,ThreadPool,Reproducible,canonical-pointwise,fixed_pointwise_expression,canonical-pointwise-2d-v1-target4096,ThreadPool,8,5
2,1.6.0,1.6.0,GCC 14.2,Linux,x86_64,AMD EPYC 9V74 80-Core Processor,stencil_2d,double,1048576,contiguous,1024,stable,16,0.41346300000000002,4712002087743613940,81812c39bcd607e5,10692471.901784874,81812c39bcd607e5,0,0,1,1,1,1,1,ThreadPool,Reproducible,canonical-pointwise,fixed_pointwise_expression,canonical-pointwise-2d-v1-target4096,ThreadPool,8,5
2,1.6.0,1.6.0,GCC 14.2,Linux,x86_64,AMD EPYC 9V74 80-Core Processor,stencil_2d,double,1048576,contiguous,1024,stable,17,0.380554,4712002087743613940,81812c39bcd607e5,10692471.901784874,81812c39bcd607e5,0,0,1,1,1,1,1,ThreadPool,Reproducible,canonical-pointwise,fixed_pointwise_expression,canonical-pointwise-2d-v1-target4096,ThreadPool,8,5
2,1.6.0,1.6.0,GCC 14.2,Linux,x86_64,AMD EPYC 9V74 80-Core Processor,stencil_2d,double,1048576,contiguous,1024,stable,18,0.47914099999999998,4712002087743613940,81812c39bcd607e5,10692471.901784874,81812c39bcd607e5,0,0,1,1,1,1,1,ThreadPool,Reproducible,canonical-pointwise,fixed_pointwise_expression,canonical-pointwise-2d-v1-target4096,ThreadPool,8,5
2,1.6.0,1.6.0,GCC 14.2,Linux,x86_64,AMD EPYC 9V74 80-Core Processor,stencil_2d,double,1048576,contiguous,1024,stable,19,0.39382400000000001,4712002087743613940,81812c39bcd607e5,10692471.901784874,81812c39bcd607e5,0,0,1,1,1,1,1,ThreadPool,Reproducible,canonical-pointwise,fixed_pointwise_expression,canonical-pointwise-2d-v1-target4096,ThreadPool,8,5
2,1.6.0,1.6.0,GCC 14.2,Linux,x86_64,AMD EPYC 9V74 80-Core Processor,stencil_2d,double,1048576,contiguous,1024,stable,20,0.44025300000000001,4712002087743613940,81812c39bcd607e5,10692471.901784874,81812c39bcd607e5,0,0,1,1,1,1,1,ThreadPool,Reproducible,canonical-pointwise,fixed_pointwise_expression,canonical-pointwise-2d-v1-target4096,ThreadPool,8,5
2,1.6.0,1.6.0,GCC 14.2,Linux,x86_64,AMD EPYC 9V74 80-Core Processor,stencil_2d,double,1048576,contiguous,1024,stable,21,0.38964799999999999,4712002087743613940,81812c39bcd607e5,10692471.901784874,81812c39bcd607e5,0,0,1,1,1,1,1,ThreadPool,Reproducible,canonical-pointwise,fixed_pointwise_expression,canonical-pointwise-2d-v1-target4096,ThreadPool,8,5
2,1.6.0,1.6.0,GCC 14.2,Linux,x86_64,AMD EPYC 9V74 80-Core Processor,stencil_2d,double,1048576,contiguous,1024,first_call,0,0.42847600000000002,4712002087743613940,81812c39bcd607e5,10692471.901784874,81812c39bcd607e5,0,0,1,1,1,1,1,ThreadPool,Accurate,canonical-pointwise,fixed_pointwise_expression,canonical-pointwise-2d-v1-target4096,ThreadPool,8,5
2,1.6.0,1.6.0,GCC 14.2,Linux,x86_64,AMD EPYC 9V74 80-Core Processor,stencil_2d,double,1048576,contiguous,1024,stable,1,0.42306700000000003,4712002087743613940,81812c39bcd607e5,10692471.901784874,81812c39bcd607e5,0,0,1,1,1,1,1,ThreadPool,Accurate,canonical-pointwise,fixed_pointwise_expression,canonical-pointwise-2d-v1-target4096,ThreadPool,8,5
2,1.6.0,1.6.0,GCC 14.2,Linux,x86_64,AMD EPYC 9V74 80-Core Processor,stencil_2d,double,1048576,contiguous,1024,stable,2,0.415466,4712002087743613940,81812c39bcd607e5,10692471.901784874,81812c39bcd607e5,0,0,1,1,1,1,1,ThreadPool,Accurate,canonical-pointwise,fixed_pointwise_expression,canonical-pointwise-2d-v1-target4096,ThreadPool,8,5
2,1.6.0,1.6.0,GCC 14.2,Linux,x86_64,AMD EPYC 9V74 80-Core Processor,stencil_2d,double,1048576,contiguous,1024,stable,3,0.427153,4712002087743613940,81812c39bcd607e5,10692471.901784874,81812c39bcd607e5,0,0,1,1,1,1,1,ThreadPool,Accurate,canonical-pointwise,fixed_pointwise_expression,canonical-pointwise-2d-v1-target4096,ThreadPool,8,5
2,1.6.0,1.6.0,GCC 14.2,Linux,x86_64,AMD EPYC 9V74 80-Core Processor,stencil_2d,double,1048576,contiguous,1024,stable,4,0.60183200000000003,4712002087743613940,81812c39bcd607e5,10692471.901784874,81812c39bcd607e5,0,0,1,1,1,1,1,ThreadPool,Accurate,canonical-pointwise,fixed_pointwise_expression,canonical-pointwise-2d-v1-target4096,ThreadPool,8,5
2,1.6.0,1.6.0,GCC 14.2,Linux,x86_64,AMD EPYC 9V74 80-Core Processor,stencil_2d,double,1048576,contiguous,1024,stable,5,0.50618099999999999,4712002087743613940,81812c39bcd607e5,10692471.901784874,81812c39bcd607e5,0,0,1,1,1,1,1,ThreadPool,Accurate,canonical-pointwise,fixed_pointwise_expression,canonical-pointwise-2d-v1-target4096,ThreadPool,8,5
2,1.6.0,1.6.0,GCC 14.2,Linux,x86_64,AMD EPYC 9V74 80-Core Processor,stencil_2d,double,1048576,contiguous,1024,stable,6,0.379743,4712002087743613940,81812c39bcd607e5,10692471.901784874,81812c39bcd607e5,0,0,1,1,1,1,1,ThreadPool,Accurate,canonical-pointwise,fixed_pointwise_expression,canonical-pointwise-2d-v1-target4096,ThreadPool,8,5
2,1.6.0,1.6.0,GCC 14.2,Linux,x86_64,AMD EPYC 9V74 80-Core Processor,stencil_2d,double,1048576,contiguous,1024,stable,7,0.54547900000000005,4712002087743613940,81812c39bcd607e5,10692471.901784874,81812c39bcd607e5,0,0,1,1,1,1,1,ThreadPool,Accurate,canonical-pointwise,fixed_pointwise_expression,canonical-pointwise-2d-v1-target4096,ThreadPool,8,5
2,1.6.0,1.6.0,GCC 14.2,Linux,x86_64,AMD EPYC 9V74 80-Core Processor,stencil_2d,double,1048576,contiguous,1024,stable,8,0.54382600000000003,4712002087743613940,81812c39bcd607e5,10692471.901784874,81812c39bcd607e5,0,0,1,1,1,1,1,ThreadPool,Accurate,canonical-pointwise,fixed_pointwise_expression,canonical-pointwise-2d-v1-target4096,ThreadPool,8,5
2,1.6.0,1.6.0,GCC 14.2,Linux,x86_64,AMD EPYC 9V74 80-Core Processor,stencil_2d,double,1048576,contiguous,1024,stable,9,0.442056,4712002087743613940,81812c39bcd607e5,10692471.901784874,81812c39bcd607e5,0,0,1,1,1,1,1,ThreadPool,Accurate,canonical-pointwise,fixed_pointwise_expression,canonical-pointwise-2d-v1-target4096,ThreadPool,8,5
2,1.6.0,1.6.0,GCC 14.2,Linux,x86_64,AMD EPYC 9V74 80-Core Processor,stencil_2d,double,1048576,contiguous,1024,stable,10,0.46695300000000001,4712002087743613940,81812c39bcd607e5,10692471.901784874,81812c39bcd607e5,0,0,1,1,1,1,1,ThreadPool,Accurate,canonical-pointwise,fixed_pointwise_expression,canonical-pointwise-2d-v1-target4096,ThreadPool,8,5
2,1.6.0,1.6.0,GCC 14.2,Linux,x86_64,AMD EPYC 9V74 80-Core Processor,stencil_2d,double,1048576,contiguous,1024,stable,11,0.45333299999999999,4712002087743613940,81812c39bcd607e5,10692471.901784874,81812c39bcd607e5,0,0,1,1,1,1,1,ThreadPool,Accurate,canonical-pointwise,fixed_pointwise_expression,canonical-pointwise-2d-v1-target4096,ThreadPool,8,5
2,1.6.0,1.6.0,GCC 14.2,Linux,x86_64,AMD EPYC 9V74 80-Core Processor,stencil_2d,double,1048576,contiguous,1024,stable,12,0.42412899999999998,4712002087743613940,81812c39bcd607e5,10692471.901784874,81812c39bcd607e5,0,0,1,1,1,1,1,ThreadPool,Accurate,canonical-pointwise,fixed_pointwise_expression,canonical-pointwise-2d-v1-target4096,ThreadPool,8,5
2,1.6.0,1.6.0,GCC 14.2,Linux,x86_64,AMD EPYC 9V74 80-Core Processor,stencil_2d,double,1048576,contiguous,1024,stable,13,0.434975,4712002087743613940,81812c39bcd607e5,10692471.901784874,81812c39bcd607e5,0,0,1,1,1,1,1,ThreadPool,Accurate,canonical-pointwise,fixed_pointwise_expression,canonical-pointwise-2d-v1-target4096,ThreadPool,8,5
2,1.6.0,1.6.0,GCC 14.2,Linux,x86_64,AMD EPYC 9V74 80-Core Processor,stencil_2d,double,1048576,contiguous,1024,stable,14,0.58504800000000001,4712002087743613940,81812c39bcd607e5,10692471.901784874,81812c39bcd607e5,0,0,1,1,1,1,1,ThreadPool,Accurate,canonical-pointwise,fixed_pointwise_expression,canonical-pointwise-2d-v1-target4096,ThreadPool,8,5
2,1.6.0,1.6.0,GCC 14.2,Linux,x86_64,AMD EPYC 9V74 80-Core Processor,stencil_2d,double,1048576,contiguous,1024,stable,15,0.44346799999999997,4712002087743613940,81812c39bcd607e5,10692471.901784874,81812c39bcd607e5,0,0,1,1,1,1,1,ThreadPool,Accurate,canonical-pointwise,fixed_pointwise_expression,canonical-pointwise-2d-v1-target4096,ThreadPool,8,5
2,1.6.0,1.6.0,GCC 14.2,Linux,x86_64,AMD EPYC 9V74 80-Core Processor,stencil_2d,double,1048576,contiguous,1024,stable,16,0.42367899999999997,4712002087743613940,81812c39bcd607e5,10692471.901784874,81812c39bcd607e5,0,0,1,1,1,1,1,ThreadPool,Accurate,canonical-pointwise,fixed_pointwise_expression,canonical-pointwise-2d-v1-target4096,ThreadPool,8,5
2,1.6.0,1.6.0,GCC 14.2,Linux,x86_64,AMD EPYC 9V74 80-Core Processor,stencil_2d,double,1048576,contiguous,1024,stable,17,0.400584,4712002087743613940,81812c39bcd607e5,10692471.901784874,81812c39bcd607e5,0,0,1,1,1,1,1,ThreadPool,Accurate,canonical-pointwise,fixed_pointwise_expression,canonical-pointwise-2d-v1-target4096,ThreadPool,8,5
2,1.6.0,1.6.0,GCC 14.2,Linux,x86_64,AMD EPYC 9V74 80-Core Processor,stencil_2d,double,1048576,contiguous,1024,stable,18,0.414796,4712002087743613940,81812c39bcd607e5,10692471.901784874,81812c39bcd607e5,0,0,1,1,1,1,1,ThreadPool,Accurate,canonical-pointwise,fixed_pointwise_expression,canonical-pointwise-2d-v1-target4096,ThreadPool,8,5
2,1.6.0,1.6.0,GCC 14.2,Linux,x86_64,AMD EPYC 9V74 80-Core Processor,stencil_2d,double,1048576,contiguous,1024,stable,19,0.437139,4712002087743613940,81812c39bcd607e5,10692471.901784874,81812c39bcd607e5,0,0,1,1,1,1,1,ThreadPool,Accurate,canonical-pointwise,fixed_pointwise_expression,canonical-pointwise-2d-v1-target4096,ThreadPool,8,5
2,1.6.0,1.6.0,GCC 14.2,Linux,x86_64,AMD EPYC 9V74 80-Core Processor,stencil_2d,double,1048576,contiguous,1024,stable,20,0.41443400000000002,4712002087743613940,81812c39bcd607e5,10692471.901784874,81812c39bcd607e5,0,0,1,1,1,1,1,ThreadPool,Accurate,canonical-pointwise,fixed_pointwise_expression,canonical-pointwise-2d-v1-target4096,ThreadPool,8,5
2,1.6.0,1.6.0,GCC 14.2,Linux,x86_64,AMD EPYC 9V74 80-Core Processor,stencil_2d,double,1048576,contiguous,1024,stable,21,0.55923900000000004,4712002087743613940,81812c39bcd607e5,10692471.901784874,81812c39bcd607e5,0,0,1,1,1,1,1,ThreadPool,Accurate,canonical-pointwise,fixed_pointwise_expression,canonical-pointwise-2d-v1-target4096,ThreadPool,8,5
2,1.6.0,1.6.0,GCC 14.2,Linux,x86_64,AMD EPYC 9V74 80-Core Processor,stencil_2d_direct_sequential,double,1048576,contiguous,1024,first_call,0,1.3838630000000001,4712002087743613940,81812c39bcd607e5,10692471.901784874,81812c39bcd607e5,0,0,1,1,1,1,1,DirectSequential,Fast,adaptive,native,none,Auto,1,1
2,1.6.0,1.6.0,GCC 14.2,Linux,x86_64,AMD EPYC 9V74 80-Core Processor,stencil_2d_direct_sequential,double,1048576,contiguous,1024,stable,1,1.3706830000000001,4712002087743613940,81812c39bcd607e5,10692471.901784874,81812c39bcd607e5,0,0,1,1,1,1,1,DirectSequential,Fast,adaptive,native,none,Auto,1,1
2,1.6.0,1.6.0,GCC 14.2,Linux,x86_64,AMD EPYC 9V74 80-Core Processor,stencil_2d_direct_sequential,double,1048576,contiguous,1024,stable,2,1.351003,4712002087743613940,81812c39bcd607e5,10692471.901784874,81812c39bcd607e5,0,0,1,1,1,1,1,DirectSequential,Fast,adaptive,native,none,Auto,1,1
2,1.6.0,1.6.0,GCC 14.2,Linux,x86_64,AMD EPYC 9V74 80-Core Processor,stencil_2d_direct_sequential,double,1048576,contiguous,1024,stable,3,1.3803669999999999,4712002087743613940,81812c39bcd607e5,10692471.901784874,81812c39bcd607e5,0,0,1,1,1,1,1,DirectSequential,Fast,adaptive,native,none,Auto,1,1
2,1.6.0,1.6.0,GCC 14.2,Linux,x86_64,AMD EPYC 9V74 80-Core Processor,stencil_2d_direct_sequential,double,1048576,contiguous,1024,stable,4,1.4197059999999999,4712002087743613940,81812c39bcd607e5,10692471.901784874,81812c39bcd607e5,0,0,1,1,1,1,1,DirectSequential,Fast,adaptive,native,none,Auto,1,1
2,1.6.0,1.6.0,GCC 14.2,Linux,x86_64,AMD EPYC 9V74 80-Core Processor,stencil_2d_direct_sequential,double,1048576,contiguous,1024,stable,5,1.4265859999999999,4712002087743613940,81812c39bcd607e5,10692471.901784874,81812c39bcd607e5,0,0,1,1,1,1,1,DirectSequential,Fast,adaptive,native,none,Auto,1,1
2,1.6.0,1.6.0,GCC 14.2,Linux,x86_64,AMD EPYC 9V74 80-Core Processor,stencil_2d_direct_sequential,double,1048576,contiguous,1024,stable,6,1.4159600000000001,4712002087743613940,81812c39bcd607e5,10692471.901784874,81812c39bcd607e5,0,0,1,1,1,1,1,DirectSequential,Fast,adaptive,native,none,Auto,1,1
2,1.6.0,1.6.0,GCC 14.2,Linux,x86_64,AMD EPYC 9V74 80-Core Processor,stencil_2d_direct_sequential,double,1048576,contiguous,1024,stable,7,1.4083889999999999,4712002087743613940,81812c39bcd607e5,10692471.901784874,81812c39bcd607e5,0,0,1,1,1,1,1,DirectSequential,Fast,adaptive,native,none,Auto,1,1
2,1.6.0,1.6.0,GCC 14.2,Linux,x86_64,AMD EPYC 9V74 80-Core Processor,stencil_2d_direct_sequential,double,1048576,contiguous,1024,stable,8,1.396531,4712002087743613940,81812c39bcd607e5,10692471.901784874,81812c39bcd607e5,0,0,1,1,1,1,1,DirectSequential,Fast,adaptive,native,none,Auto,1,1
2,1.6.0,1.6.0,GCC 14.2,Linux,x86_64,AMD EPYC 9V74 80-Core Processor,stencil_2d_direct_sequential,double,1048576,contiguous,1024,stable,9,1.4908509999999999,4712002087743613940,81812c39bcd607e5,10692471.901784874,81812c39bcd607e5,0,0,1,1,1,1,1,DirectSequential,Fast,adaptive,native,none,Auto,1,1
2,1.6.0,1.6.0,GCC 14.2,Linux,x86_64,AMD EPYC 9V74 80-Core Processor,stencil_2d_direct_sequential,double,1048576,contiguous,1024,stable,10,1.4130659999999999,4712002087743613940,81812c39bcd607e5,10692471.901784874,81812c39bcd607e5,0,0,1,1,1,1,1,DirectSequential,Fast,adaptive,native,none,Auto,1,1
2,1.6.0,1.6.0,GCC 14.2,Linux,x86_64,AMD EPYC 9V74 80-Core Processor,stencil_2d_direct_sequential,double,1048576,contiguous,1024,stable,11,1.400177,4712002087743613940,81812c39bcd607e5,10692471.901784874,81812c39bcd607e5,0,0,1,1,1,1,1,DirectSequential,Fast,adaptive,native,none,Auto,1,1
2,1.6.0,1.6.0,GCC 14.2,Linux,x86_64,AMD EPYC 9V74 80-Core Processor,stencil_2d_direct_sequential,double,1048576,contiguous,1024,stable,12,1.378765,4712002087743613940,81812c39bcd607e5,10692471.901784874,81812c39bcd607e5,0,0,1,1,1,1,1,DirectSequential,Fast,adaptive,native,none,Auto,1,1
2,1.6.0,1.6.0,GCC 14.2,Linux,x86_64,AMD EPYC 9V74 80-Core Processor,stencil_2d_direct_sequential,double,1048576,contiguous,1024,stable,13,1.3840920000000001,4712002087743613940,81812c39bcd607e5,10692471.901784874,81812c39bcd607e5,0,0,1,1,1,1,1,DirectSequential,Fast,adaptive,native,none,Auto,1,1
2,1.6.0,1.6.0,GCC 14.2,Linux,x86_64,AMD EPYC 9V74 80-Core Processor,stencil_2d_direct_sequential,double,1048576,contiguous,1024,stable,14,1.4176530000000001,4712002087743613940,81812c39bcd607e5,10692471.901784874,81812c39bcd607e5,0,0,1,1,1,1,1,DirectSequential,Fast,adaptive,native,none,Auto,1,1
2,1.6.0,1.6.0,GCC 14.2,Linux,x86_64,AMD EPYC 9V74 80-Core Processor,stencil_2d_direct_sequential,double,1048576,contiguous,1024,stable,15,1.3905730000000001,4712002087743613940,81812c39bcd607e5,10692471.901784874,81812c39bcd607e5,0,0,1,1,1,1,1,DirectSequential,Fast,adaptive,native,none,Auto,1,1
2,1.6.0,1.6.0,GCC 14.2,Linux,x86_64,AMD EPYC 9V74 80-Core Processor,stencil_2d_direct_sequential,double,1048576,contiguous,1024,stable,16,1.536594,4712002087743613940,81812c39bcd607e5,10692471.901784874,81812c39bcd607e5,0,0,1,1,1,1,1,DirectSequential,Fast,adaptive,native,none,Auto,1,1
2,1.6.0,1.6.0,GCC 14.2,Linux,x86_64,AMD EPYC 9V74 80-Core Processor,stencil_2d_direct_sequential,double,1048576,contiguous,1024,stable,17,1.4762249999999999,4712002087743613940,81812c39bcd607e5,10692471.901784874,81812c39bcd607e5,0,0,1,1,1,1,1,DirectSequential,Fast,adaptive,native,none,Auto,1,1
2,1.6.0,1.6.0,GCC 14.2,Linux,x86_64,AMD EPYC 9V74 80-Core Processor,stencil_2d_direct_sequential,double,1048576,contiguous,1024,stable,18,1.407157,4712002087743613940,81812c39bcd607e5,10692471.901784874,81812c39bcd607e5,0,0,1,1,1,1,1,DirectSequential,Fast,adaptive,native,none,Auto,1,1
2,1.6.0,1.6.0,GCC 14.2,Linux,x86_64,AMD EPYC 9V74 80-Core Processor,stencil_2d_direct_sequential,double,1048576,contiguous,1024,stable,19,1.353127,4712002087743613940,81812c39bcd607e5,10692471.901784874,81812c39bcd607e5,0,0,1,1,1,1,1,DirectSequential,Fast,adaptive,native,none,Auto,1,1
2,1.6.0,1.6.0,GCC 14.2,Linux,x86_64,AMD EPYC 9V74 80-Core Processor,stencil_2d_direct_sequential,double,1048576,contiguous,1024,stable,20,1.34819,4712002087743613940,81812c39bcd607e5,10692471.901784874,81812c39bcd607e5,0,0,1,1,1,1,1,DirectSequential,Fast,adaptive,native,none,Auto,1,1
2,1.6.0,1.6.0,GCC 14.2,Linux,x86_64,AMD EPYC 9V74 80-Core Processor,stencil_2d_direct_sequential,double,1048576,contiguous,1024,stable,21,1.3748990000000001,4712002087743613940,81812c39bcd607e5,10692471.901784874,81812c39bcd607e5,0,0,1,1,1,1,1,DirectSequential,Fast,adaptive,native,none,Auto,1,1
2,1.6.0,1.6.0,GCC 14.2,Linux,x86_64,AMD EPYC 9V74 80-Core Processor,stencil_2d_padded,double,65536,padded,263,first_call,0,0.092316999999999996,4693897881187408123,b9f1efd30b179613,657824.46119955124,b9f1efd30b179613,0,0,1,1,1,1,1,ThreadPool,Fast,adaptive,native,none,ThreadPool,8,5
2,1.6.0,1.6.0,GCC 14.2,Linux,x86_64,AMD EPYC 9V74 80-Core Processor,stencil_2d_padded,double,65536,padded,263,stable,1,0.069994000000000001,4693897881187408123,b9f1efd30b179613,657824.46119955124,b9f1efd30b179613,0,0,1,1,1,1,1,ThreadPool,Fast,adaptive,native,none,ThreadPool,8,5
2,1.6.0,1.6.0,GCC 14.2,Linux,x86_64,AMD EPYC 9V74 80-Core Processor,stencil_2d_padded,double,65536,padded,263,stable,2,0.054722,4693897881187408123,b9f1efd30b179613,657824.46119955124,b9f1efd30b179613,0,0,1,1,1,1,1,ThreadPool,Fast,adaptive,native,none,ThreadPool,8,5
2,1.6.0,1.6.0,GCC 14.2,Linux,x86_64,AMD EPYC 9V74 80-Core Processor,stencil_2d_padded,double,65536,padded,263,stable,3,0.058606999999999999,4693897881187408123,b9f1efd30b179613,657824.46119955124,b9f1efd30b179613,0,0,1,1,1,1,1,ThreadPool,Fast,adaptive,native,none,ThreadPool,8,5
2,1.6.0,1.6.0,GCC 14.2,Linux,x86_64,AMD EPYC 9V74 80-Core Processor,stencil_2d_padded,double,65536,padded,263,stable,4,0.051256000000000003,4693897881187408123,b9f1efd30b179613,657824.46119955124,b9f1efd30b179613,0,0,1,1,1,1,1,ThreadPool,Fast,adaptive,native,none,ThreadPool,8,5
2,1.6.0,1.6.0,GCC 14.2,Linux,x86_64,AMD EPYC 9V74 80-Core Processor,stencil_2d_padded,double,65536,padded,263,stable,5,0.045767000000000002,4693897881187408123,b9f1efd30b179613,657824.46119955124,b9f1efd30b179613,0,0,1,1,1,1,1,ThreadPool,Fast,adaptive,native,none,ThreadPool,8,5
2,1.6.0,1.6.0,GCC 14.2,Linux,x86_64,AMD EPYC 9V74 80-Core Processor,stencil_2d_padded,double,65536,padded,263,stable,6,0.059027999999999997,4693897881187408123,b9f1efd30b179613,657824.46119955124,b9f1efd30b179613,0,0,1,1,1,1,1,ThreadPool,Fast,adaptive,native,none,ThreadPool,8,5
2,1.6.0,1.6.0,GCC 14.2,Linux,x86_64,AMD EPYC 9V74 80-Core Processor,stencil_2d_padded,double,65536,padded,263,stable,7,0.057043999999999997,4693897881187408123,b9f1efd30b179613,657824.46119955124,b9f1efd30b179613,0,0,1,1,1,1,1,ThreadPool,Fast,adaptive,native,none,ThreadPool,8,5
2,1.6.0,1.6.0,GCC 14.2,Linux,x86_64,AMD EPYC 9V74 80-Core Processor,stencil_2d_padded,double,65536,padded,263,stable,8,0.046157999999999998,4693897881187408123,b9f1efd30b179613,657824.46119955124,b9f1efd30b179613,0,0,1,1,1,1,1,ThreadPool,Fast,adaptive,native,none,ThreadPool,8,5
2,1.6.0,1.6.0,GCC 14.2,Linux,x86_64,AMD EPYC 9V74 80-Core Processor,stencil_2d_padded,double,65536,padded,263,stable,9,0.058195999999999998,4693897881187408123,b9f1efd30b179613,657824.46119955124,b9f1efd30b179613,0,0,1,1,1,1,1,ThreadPool,Fast,adaptive,native,none,ThreadPool,8,5
2,1.6.0,1.6.0,GCC 14.2,Linux,x86_64,AMD EPYC 9V74 80-Core Processor,stencil_2d_padded,double,65536,padded,263,stable,10,0.054470999999999999,4693897881187408123,b9f1efd30b179613,657824.46119955124,b9f1efd30b179613,0,0,1,1,1,1,1,ThreadPool,Fast,adaptive,native,none,ThreadPool,8,5
2,1.6.0,1.6.0,GCC 14.2,Linux,x86_64,AMD EPYC 9V74 80-Core Processor,stencil_2d_padded,double,65536,padded,263,stable,11,0.057334999999999997,4693897881187408123,b9f1efd30b179613,657824.46119955124,b9f1efd30b179613,0,0,1,1,1,1,1,ThreadPool,Fast,adaptive,native,none,ThreadPool,8,5
2,1.6.0,1.6.0,GCC 14.2,Linux,x86_64,AMD EPYC 9V74 80-Core Processor,stencil_2d_padded,double,65536,padded,263,stable,12,0.061020999999999999,4693897881187408123,b9f1efd30b179613,657824.46119955124,b9f1efd30b179613,0,0,1,1,1,1,1,ThreadPool,Fast,adaptive,native,none,ThreadPool,8,5
2,1.6.0,1.6.0,GCC 14.2,Linux,x86_64,AMD EPYC 9V74 80-Core Processor,stencil_2d_padded,double,65536,padded,263,stable,13,0.054611,4693897881187408123,b9f1efd30b179613,657824.46119955124,b9f1efd30b179613,0,0,1,1,1,1,1,ThreadPool,Fast,adaptive,native,none,ThreadPool,8,5
2,1.6.0,1.6.0,GCC 14.2,Linux,x86_64,AMD EPYC 9V74 80-Core Processor,stencil_2d_padded,double,65536,padded,263,stable,14,0.054871000000000003,4693897881187408123,b9f1efd30b179613,657824.46119955124,b9f1efd30b179613,0,0,1,1,1,1,1,ThreadPool,Fast,adaptive,native,none,ThreadPool,8,5
2,1.6.0,1.6.0,GCC 14.2,Linux,x86_64,AMD EPYC 9V74 80-Core Processor,stencil_2d_padded,double,65536,padded,263,stable,15,0.060048999999999998,4693897881187408123,b9f1efd30b179613,657824.46119955124,b9f1efd30b179613,0,0,1,1,1,1,1,ThreadPool,Fast,adaptive,native,none,ThreadPool,8,5
2,1.6.0,1.6.0,GCC 14.2,Linux,x86_64,AMD EPYC 9V74 80-Core Processor,stencil_2d_padded,double,65536,padded,263,stable,16,0.064895999999999995,4693897881187408123,b9f1efd30b179613,657824.46119955124,b9f1efd30b179613,0,0,1,1,1,1,1,ThreadPool,Fast,adaptive,native,none,ThreadPool,8,5
2,1.6.0,1.6.0,GCC 14.2,Linux,x86_64,AMD EPYC 9V74 80-Core Processor,stencil_2d_padded,double,65536,padded,263,stable,17,0.069403000000000006,4693897881187408123,b9f1efd30b179613,657824.46119955124,b9f1efd30b179613,0,0,1,1,1,1,1,ThreadPool,Fast,adaptive,native,none,ThreadPool,8,5
2,1.6.0,1.6.0,GCC 14.2,Linux,x86_64,AMD EPYC 9V74 80-Core Processor,stencil_2d_padded,double,65536,padded,263,stable,18,0.050625000000000003,4693897881187408123,b9f1efd30b179613,657824.46119955124,b9f1efd30b179613,0,0,1,1,1,1,1,ThreadPool,Fast,adaptive,native,none,ThreadPool,8,5
2,1.6.0,1.6.0,GCC 14.2,Linux,x86_64,AMD EPYC 9V74 80-Core Processor,stencil_2d_padded,double,65536,padded,263,stable,19,0.056804,4693897881187408123,b9f1efd30b179613,657824.46119955124,b9f1efd30b179613,0,0,1,1,1,1,1,ThreadPool,Fast,adaptive,native,none,ThreadPool,8,5
2,1.6.0,1.6.0,GCC 14.2,Linux,x86_64,AMD EPYC 9V74 80-Core Processor,stencil_2d_padded,double,65536,padded,263,stable,20,0.061482000000000002,4693897881187408123,b9f1efd30b179613,657824.46119955124,b9f1efd30b179613,0,0,1,1,1,1,1,ThreadPool,Fast,adaptive,native,none,ThreadPool,8,5
2,1.6.0,1.6.0,GCC 14.2,Linux,x86_64,AMD EPYC 9V74 80-Core Processor,stencil_2d_padded,double,65536,padded,263,stable,21,0.058195999999999998,4693897881187408123,b9f1efd30b179613,657824.46119955124,b9f1efd30b179613,0,0,1,1,1,1,1,ThreadPool,Fast,adaptive,native,none,ThreadPool,8,5
2,1.6.0,1.6.0,GCC 14.2,Linux,x86_64,AMD EPYC 9V74 80-Core Processor,stencil_2d_padded,double,65536,padded,263,first_call,0,0.058006000000000002,4693897881187408123,b9f1efd30b179613,657824.46119955124,b9f1efd30b179613,0,0,1,1,1,1,1,ThreadPool,Reproducible,canonical-pointwise,fixed_pointwise_expression,canonical-pointwise-2d-v1-target4096,ThreadPool,8,5
2,1.6.0,1.6.0,GCC 14.2,Linux,x86_64,AMD EPYC 9V74 80-Core Processor,stencil_2d_padded,double,65536,padded,263,stable,1,0.054089999999999999,4693897881187408123,b9f1efd30b179613,657824.46119955124,b9f1efd30b179613,0,0,1,1,1,1,1,ThreadPool,Reproducible,canonical-pointwise,fixed_pointwise_expression,canonical-pointwise-2d-v1-target4096,ThreadPool,8,5
2,1.6.0,1.6.0,GCC 14.2,Linux,x86_64,AMD EPYC 9V74 80-Core Processor,stencil_2d_padded,double,65536,padded,263,stable,2,0.051276000000000002,4693897881187408123,b9f1efd30b179613,657824.46119955124,b9f1efd30b179613,0,0,1,1,1,1,1,ThreadPool,Reproducible,canonical-pointwise,fixed_pointwise_expression,canonical-pointwise-2d-v1-target4096,ThreadPool,8,5
2,1.6.0,1.6.0,GCC 14.2,Linux,x86_64,AMD EPYC 9V74 80-Core Processor,stencil_2d_padded,double,65536,padded,263,stable,3,0.054380999999999999,4693897881187408123,b9f1efd30b179613,657824.46119955124,b9f1efd30b179613,0,0,1,1,1,1,1,ThreadPool,Reproducible,canonical-pointwise,fixed_pointwise_expression,canonical-pointwise-2d-v1-target4096,ThreadPool,8,5
2,1.6.0,1.6.0,GCC 14.2,Linux,x86_64,AMD EPYC 9V74 80-Core Processor,stencil_2d_padded,double,65536,padded,263,stable,4,0.069633,4693897881187408123,b9f1efd30b179613,657824.46119955124,b9f1efd30b179613,0,0,1,1,1,1,1,ThreadPool,Reproducible,canonical-pointwise,fixed_pointwise_expression,canonical-pointwise-2d-v1-target4096,ThreadPool,8,5
2,1.6.0,1.6.0,GCC 14.2,Linux,x86_64,AMD EPYC 9V74 80-Core Processor,stencil_2d_padded,double,65536,padded,263,stable,5,0.065667000000000003,4693897881187408123,b9f1efd30b179613,657824.46119955124,b9f1efd30b179613,0,0,1,1,1,1,1,ThreadPool,Reproducible,canonical-pointwise,fixed_pointwise_expression,canonical-pointwise-2d-v1-target4096,ThreadPool,8,5
2,1.6.0,1.6.0,GCC 14.2,Linux,x86_64,AMD EPYC 9V74 80-Core Processor,stencil_2d_padded,double,65536,padded,263,stable,6,0.055312,4693897881187408123,b9f1efd30b179613,657824.46119955124,b9f1efd30b179613,0,0,1,1,1,1,1,ThreadPool,Reproducible,canonical-pointwise,fixed_pointwise_expression,canonical-pointwise-2d-v1-target4096,ThreadPool,8,5
2,1.6.0,1.6.0,GCC 14.2,Linux,x86_64,AMD EPYC 9V74 80-Core Processor,stencil_2d_padded,double,65536,padded,263,stable,7,0.045738000000000001,4693897881187408123,b9f1efd30b179613,657824.46119955124,b9f1efd30b179613,0,0,1,1,1,1,1,ThreadPool,Reproducible,canonical-pointwise,fixed_pointwise_expression,canonical-pointwise-2d-v1-target4096,ThreadPool,8,5
2,1.6.0,1.6.0,GCC 14.2,Linux,x86_64,AMD EPYC 9V74 80-Core Processor,stencil_2d_padded,double,65536,padded,263,stable,8,0.061941999999999997,4693897881187408123,b9f1efd30b179613,657824.46119955124,b9f1efd30b179613,0,0,1,1,1,1,1,ThreadPool,Reproducible,canonical-pointwise,fixed_pointwise_expression,canonical-pointwise-2d-v1-target4096,ThreadPool,8,5
2,1.6.0,1.6.0,GCC 14.2,Linux,x86_64,AMD EPYC 9V74 80-Core Processor,stencil_2d_padded,double,65536,padded,263,stable,9,0.056092999999999997,4693897881187408123,b9f1efd30b179613,657824.46119955124,b9f1efd30b179613,0,0,1,1,1,1,1,ThreadPool,Reproducible,canonical-pointwise,fixed_pointwise_expression,canonical-pointwise-2d-v1-target4096,ThreadPool,8,5
2,1.6.0,1.6.0,GCC 14.2,Linux,x86_64,AMD EPYC 9V74 80-Core Processor,stencil_2d_padded,double,65536,padded,263,stable,10,0.053369,4693897881187408123,b9f1efd30b179613,657824.46119955124,b9f1efd30b179613,0,0,1,1,1,1,1,ThreadPool,Reproducible,canonical-pointwise,fixed_pointwise_expression,canonical-pointwise-2d-v1-target4096,ThreadPool,8,5
2,1.6.0,1.6.0,GCC 14.2,Linux,x86_64,AMD EPYC 9V74 80-Core Processor,stencil_2d_padded,double,65536,padded,263,stable,11,0.055883000000000002,4693897881187408123,b9f1efd30b179613,657824.46119955124,b9f1efd30b179613,0,0,1,1,1,1,1,ThreadPool,Reproducible,canonical-pointwise,fixed_pointwise_expression,canonical-pointwise-2d-v1-target4096,ThreadPool,8,5
2,1.6.0,1.6.0,GCC 14.2,Linux,x86_64,AMD EPYC 9V74 80-Core Processor,stencil_2d_padded,double,65536,padded,263,stable,12,0.047649999999999998,4693897881187408123,b9f1efd30b179613,657824.46119955124,b9f1efd30b179613,0,0,1,1,1,1,1,ThreadPool,Reproducible,canonical-pointwise,fixed_pointwise_expression,canonical-pointwise-2d-v1-target4096,ThreadPool,8,5
2,1.6.0,1.6.0,GCC 14.2,Linux,x86_64,AMD EPYC 9V74 80-Core Processor,stencil_2d_padded,double,65536,padded,263,stable,13,0.047821000000000002,4693897881187408123,b9f1efd30b179613,657824.46119955124,b9f1efd30b179613,0,0,1,1,1,1,1,ThreadPool,Reproducible,canonical-pointwise,fixed_pointwise_expression,canonical-pointwise-2d-v1-target4096,ThreadPool,8,5
2,1.6.0,1.6.0,GCC 14.2,Linux,x86_64,AMD EPYC 9V74 80-Core Processor,stencil_2d_padded,double,65536,padded,263,stable,14,0.066948999999999995,4693897881187408123,b9f1efd30b179613,657824.46119955124,b9f1efd30b179613,0,0,1,1,1,1,1,ThreadPool,Reproducible,canonical-pointwise,fixed_pointwise_expression,canonical-pointwise-2d-v1-target4096,ThreadPool,8,5
2,1.6.0,1.6.0,GCC 14.2,Linux,x86_64,AMD EPYC 9V74 80-Core Processor,stencil_2d_padded,double,65536,padded,263,stable,15,0.057384999999999999,4693897881187408123,b9f1efd30b179613,657824.46119955124,b9f1efd30b179613,0,0,1,1,1,1,1,ThreadPool,Reproducible,canonical-pointwise,fixed_pointwise_expression,canonical-pointwise-2d-v1-target4096,ThreadPool,8,5
2,1.6.0,1.6.0,GCC 14.2,Linux,x86_64,AMD EPYC 9V74 80-Core Processor,stencil_2d_padded,double,65536,padded,263,stable,16,0.046428999999999998,4693897881187408123,b9f1efd30b179613,657824.46119955124,b9f1efd30b179613,0,0,1,1,1,1,1,ThreadPool,Reproducible,canonical-pointwise,fixed_pointwise_expression,canonical-pointwise-2d-v1-target4096,ThreadPool,8,5
2,1.6.0,1.6.0,GCC 14.2,Linux,x86_64,AMD EPYC 9V74 80-Core Processor,stencil_2d_padded,double,65536,padded,263,stable,17,0.051916999999999998,4693897881187408123,b9f1efd30b179613,657824.46119955124,b9f1efd30b179613,0,0,1,1,1,1,1,ThreadPool,Reproducible,canonical-pointwise,fixed_pointwise_expression,canonical-pointwise-2d-v1-target4096,ThreadPool,8,5
2,1.6.0,1.6.0,GCC 14.2,Linux,x86_64,AMD EPYC 9V74 80-Core Processor,stencil_2d_padded,double,65536,padded,263,stable,18,0.048231999999999997,4693897881187408123,b9f1efd30b179613,657824.46119955124,b9f1efd30b179613,0,0,1,1,1,1,1,ThreadPool,Reproducible,canonical-pointwise,fixed_pointwise_expression,canonical-pointwise-2d-v1-target4096,ThreadPool,8,5
2,1.6.0,1.6.0,GCC 14.2,Linux,x86_64,AMD EPYC 9V74 80-Core Processor,stencil_2d_padded,double,65536,padded,263,stable,19,0.045057,4693897881187408123,b9f1efd30b179613,657824.46119955124,b9f1efd30b179613,0,0,1,1,1,1,1,ThreadPool,Reproducible,canonical-pointwise,fixed_pointwise_expression,canonical-pointwise-2d-v1-target4096,ThreadPool,8,5
2,1.6.0,1.6.0,GCC 14.2,Linux,x86_64,AMD EPYC 9V74 80-Core Processor,stencil_2d_padded,double,65536,padded,263,stable,20,0.054050000000000001,4693897881187408123,b9f1efd30b179613,657824.46119955124,b9f1efd30b179613,0,0,1,1,1,1,1,ThreadPool,Reproducible,canonical-pointwise,fixed_pointwise_expression,canonical-pointwise-2d-v1-target4096,ThreadPool,8,5
2,1.6.0,1.6.0,GCC 14.2,Linux,x86_64,AMD EPYC 9V74 80-Core Processor,stencil_2d_padded,double,65536,padded,263,stable,21,0.059268000000000001,4693897881187408123,b9f1efd30b179613,657824.46119955124,b9f1efd30b179613,0,0,1,1,1,1,1,ThreadPool,Reproducible,canonical-pointwise,fixed_pointwise_expression,canonical-pointwise-2d-v1-target4096,ThreadPool,8,5
2,1.6.0,1.6.0,GCC 14.2,Linux,x86_64,AMD EPYC 9V74 80-Core Processor,stencil_2d_padded,double,65536,padded,263,first_call,0,0.054790999999999999,4693897881187408123,b9f1efd30b179613,657824.46119955124,b9f1efd30b179613,0,0,1,1,1,1,1,ThreadPool,Accurate,canonical-pointwise,fixed_pointwise_expression,canonical-pointwise-2d-v1-target4096,ThreadPool,8,5
2,1.6.0,1.6.0,GCC 14.2,Linux,x86_64,AMD EPYC 9V74 80-Core Processor,stencil_2d_padded,double,65536,padded,263,stable,1,0.079669000000000004,4693897881187408123,b9f1efd30b179613,657824.46119955124,b9f1efd30b179613,0,0,1,1,1,1,1,ThreadPool,Accurate,canonical-pointwise,fixed_pointwise_expression,canonical-pointwise-2d-v1-target4096,ThreadPool,8,5
2,1.6.0,1.6.0,GCC 14.2,Linux,x86_64,AMD EPYC 9V74 80-Core Processor,stencil_2d_padded,double,65536,padded,263,stable,2,0.058546000000000001,4693897881187408123,b9f1efd30b179613,657824.46119955124,b9f1efd30b179613,0,0,1,1,1,1,1,ThreadPool,Accurate,canonical-pointwise,fixed_pointwise_expression,canonical-pointwise-2d-v1-target4096,ThreadPool,8,5
2,1.6.0,1.6.0,GCC 14.2,Linux,x86_64,AMD EPYC 9V74 80-Core Processor,stencil_2d_padded,double,65536,padded,263,stable,3,0.056444000000000001,4693897881187408123,b9f1efd30b179613,657824.46119955124,b9f1efd30b179613,0,0,1,1,1,1,1,ThreadPool,Accurate,canonical-pointwise,fixed_pointwise_expression,canonical-pointwise-2d-v1-target4096,ThreadPool,8,5
2,1.6.0,1.6.0,GCC 14.2,Linux,x86_64,AMD EPYC 9V74 80-Core Processor,stencil_2d_padded,double,65536,padded,263,stable,4,0.073089000000000001,4693897881187408123,b9f1efd30b179613,657824.46119955124,b9f1efd30b179613,0,0,1,1,1,1,1,ThreadPool,Accurate,canonical-pointwise,fixed_pointwise_expression,canonical-pointwise-2d-v1-target4096,ThreadPool,8,5
2,1.6.0,1.6.0,GCC 14.2,Linux,x86_64,AMD EPYC 9V74 80-Core Processor,stencil_2d_padded,double,65536,padded,263,stable,5,0.046027999999999999,4693897881187408123,b9f1efd30b179613,657824.46119955124,b9f1efd30b179613,0,0,1,1,1,1,1,ThreadPool,Accurate,canonical-pointwise,fixed_pointwise_expression,canonical-pointwise-2d-v1-target4096,ThreadPool,8,5
2,1.6.0,1.6.0,GCC 14.2,Linux,x86_64,AMD EPYC 9V74 80-Core Processor,stencil_2d_padded,double,65536,padded,263,stable,6,0.057144,4693897881187408123,b9f1efd30b179613,657824.46119955124,b9f1efd30b179613,0,0,1,1,1,1,1,ThreadPool,Accurate,canonical-pointwise,fixed_pointwise_expression,canonical-pointwise-2d-v1-target4096,ThreadPool,8,5
2,1.6.0,1.6.0,GCC 14.2,Linux,x86_64,AMD EPYC 9V74 80-Core Processor,stencil_2d_padded,double,65536,padded,263,stable,7,0.054771,4693897881187408123,b9f1efd30b179613,657824.46119955124,b9f1efd30b179613,0,0,1,1,1,1,1,ThreadPool,Accurate,canonical-pointwise,fixed_pointwise_expression,canonical-pointwise-2d-v1-target4096,ThreadPool,8,5
2,1.6.0,1.6.0,GCC 14.2,Linux,x86_64,AMD EPYC 9V74 80-Core Processor,stencil_2d_padded,double,65536,padded,263,stable,8,0.045087000000000002,4693897881187408123,b9f1efd30b179613,657824.46119955124,b9f1efd30b179613,0,0,1,1,1,1,1,ThreadPool,Accurate,canonical-pointwise,fixed_pointwise_expression,canonical-pointwise-2d-v1-target4096,ThreadPool,8,5
2,1.6.0,1.6.0,GCC 14.2,Linux,x86_64,AMD EPYC 9V74 80-Core Processor,stencil_2d_padded,double,65536,padded,263,stable,9,0.060149000000000001,4693897881187408123,b9f1efd30b179613,657824.46119955124,b9f1efd30b179613,0,0,1,1,1,1,1,ThreadPool,Accurate,canonical-pointwise,fixed_pointwise_expression,canonical-pointwise-2d-v1-target4096,ThreadPool,8,5
2,1.6.0,1.6.0,GCC 14.2,Linux,x86_64,AMD EPYC 9V74 80-Core Processor,stencil_2d_padded,double,65536,padded,263,stable,10,0.059187999999999998,4693897881187408123,b9f1efd30b179613,657824.46119955124,b9f1efd30b179613,0,0,1,1,1,1,1,ThreadPool,Accurate,canonical-pointwise,fixed_pointwise_expression,canonical-pointwise-2d-v1-target4096,ThreadPool,8,5
2,1.6.0,1.6.0,GCC 14.2,Linux,x86_64,AMD EPYC 9V74 80-Core Processor,stencil_2d_padded,double,65536,padded,263,stable,11,0.055091000000000001,4693897881187408123,b9f1efd30b179613,657824.46119955124,b9f1efd30b179613,0,0,1,1,1,1,1,ThreadPool,Accurate,canonical-pointwise,fixed_pointwise_expression,canonical-pointwise-2d-v1-target4096,ThreadPool,8,5
2,1.6.0,1.6.0,GCC 14.2,Linux,x86_64,AMD EPYC 9V74 80-Core Processor,stencil_2d_padded,double,65536,padded,263,stable,12,0.056953999999999998,4693897881187408123,b9f1efd30b179613,657824.46119955124,b9f1efd30b179613,0,0,1,1,1,1,1,ThreadPool,Accurate,canonical-pointwise,fixed_pointwise_expression,canonical-pointwise-2d-v1-target4096,ThreadPool,8,5
2,1.6.0,1.6.0,GCC 14.2,Linux,x86_64,AMD EPYC 9V74 80-Core Processor,stencil_2d_padded,double,65536,padded,263,stable,13,0.045427000000000002,4693897881187408123,b9f1efd30b179613,657824.46119955124,b9f1efd30b179613,0,0,1,1,1,1,1,ThreadPool,Accurate,canonical-pointwise,fixed_pointwise_expression,canonical-pointwise-2d-v1-target4096,ThreadPool,8,5
2,1.6.0,1.6.0,GCC 14.2,Linux,x86_64,AMD EPYC 9V74 80-Core Processor,stencil_2d_padded,double,65536,padded,263,stable,14,0.054760999999999997,4693897881187408123,b9f1efd30b179613,657824.46119955124,b9f1efd30b179613,0,0,1,1,1,1,1,ThreadPool,Accurate,canonical-pointwise,fixed_pointwise_expression,canonical-pointwise-2d-v1-target4096,ThreadPool,8,5
2,1.6.0,1.6.0,GCC 14.2,Linux,x86_64,AMD EPYC 9V74 80-Core Processor,stencil_2d_padded,double,65536,padded,263,stable,15,0.046760000000000003,4693897881187408123,b9f1efd30b179613,657824.46119955124,b9f1efd30b179613,0,0,1,1,1,1,1,ThreadPool,Accurate,canonical-pointwise,fixed_pointwise_expression,canonical-pointwise-2d-v1-target4096,ThreadPool,8,5
2,1.6.0,1.6.0,GCC 14.2,Linux,x86_64,AMD EPYC 9V74 80-Core Processor,stencil_2d_padded,double,65536,padded,263,stable,16,0.052328,4693897881187408123,b9f1efd30b179613,657824.46119955124,b9f1efd30b179613,0,0,1,1,1,1,1,ThreadPool,Accurate,canonical-pointwise,fixed_pointwise_expression,canonical-pointwise-2d-v1-target4096,ThreadPool,8,5
2,1.6.0,1.6.0,GCC 14.2,Linux,x86_64,AMD EPYC 9V74 80-Core Processor,stencil_2d_padded,double,65536,padded,263,stable,17,0.049752999999999999,4693897881187408123,b9f1efd30b179613,657824.46119955124,b9f1efd30b179613,0,0,1,1,1,1,1,ThreadPool,Accurate,canonical-pointwise,fixed_pointwise_expression,canonical-pointwise-2d-v1-target4096,ThreadPool,8,5
2,1.6.0,1.6.0,GCC 14.2,Linux,x86_64,AMD EPYC 9V74 80-Core Processor,stencil_2d_padded,double,65536,padded,263,stable,18,0.045476999999999997,4693897881187408123,b9f1efd30b179613,657824.46119955124,b9f1efd30b179613,0,0,1,1,1,1,1,ThreadPool,Accurate,canonical-pointwise,fixed_pointwise_expression,canonical-pointwise-2d-v1-target4096,ThreadPool,8,5
2,1.6.0,1.6.0,GCC 14.2,Linux,x86_64,AMD EPYC 9V74 80-Core Processor,stencil_2d_padded,double,65536,padded,263,stable,19,0.049683999999999999,4693897881187408123,b9f1efd30b179613,657824.46119955124,b9f1efd30b179613,0,0,1,1,1,1,1,ThreadPool,Accurate,canonical-pointwise,fixed_pointwise_expression,canonical-pointwise-2d-v1-target4096,ThreadPool,8,5
2,1.6.0,1.6.0,GCC 14.2,Linux,x86_64,AMD EPYC 9V74 80-Core Processor,stencil_2d_padded,double,65536,padded,263,stable,20,0.058026000000000001,4693897881187408123,b9f1efd30b179613,657824.46119955124,b9f1efd30b179613,0,0,1,1,1,1,1,ThreadPool,Accurate,canonical-pointwise,fixed_pointwise_expression,canonical-pointwise-2d-v1-target4096,ThreadPool,8,5
2,1.6.0,1.6.0,GCC 14.2,Linux,x86_64,AMD EPYC 9V74 80-Core Processor,stencil_2d_padded,double,65536,padded,263,stable,21,0.055853,4693897881187408123,b9f1efd30b179613,657824.46119955124,b9f1efd30b179613,0,0,1,1,1,1,1,ThreadPool,Accurate,canonical-pointwise,fixed_pointwise_expression,canonical-pointwise-2d-v1-target4096,ThreadPool,8,5
2,1.6.0,1.6.0,GCC 14.2,Linux,x86_64,AMD EPYC 9V74 80-Core Processor,heat_diffusion_20,double,262144,contiguous,512,first_call,0,1.977303,4703774318661334929,8217777939ae4129,3036068.4329213579,8217777939ae4129,0,0,1,1,1,1,1,ThreadPool,Fast,adaptive,native,none,ThreadPool,8,5
2,1.6.0,1.6.0,GCC 14.2,Linux,x86_64,AMD EPYC 9V74 80-Core Processor,heat_diffusion_20,double,262144,contiguous,512,stable,1,1.970702,4703774318661334929,8217777939ae4129,3036068.4329213579,8217777939ae4129,0,0,1,1,1,1,1,ThreadPool,Fast,adaptive,native,none,ThreadPool,8,5
2,1.6.0,1.6.0,GCC 14.2,Linux,x86_64,AMD EPYC 9V74 80-Core Processor,heat_diffusion_20,double,262144,contiguous,512,stable,2,1.9785349999999999,4703774318661334929,8217777939ae4129,3036068.4329213579,8217777939ae4129,0,0,1,1,1,1,1,ThreadPool,Fast,adaptive,native,none,ThreadPool,8,5
2,1.6.0,1.6.0,GCC 14.2,Linux,x86_64,AMD EPYC 9V74 80-Core Processor,heat_diffusion_20,double,262144,contiguous,512,stable,3,1.902401,4703774318661334929,8217777939ae4129,3036068.4329213579,8217777939ae4129,0,0,1,1,1,1,1,ThreadPool,Fast,adaptive,native,none,ThreadPool,8,5
2,1.6.0,1.6.0,GCC 14.2,Linux,x86_64,AMD EPYC 9V74 80-Core Processor,heat_diffusion_20,double,262144,contiguous,512,stable,4,1.864946,4703774318661334929,8217777939ae4129,3036068.4329213579,8217777939ae4129,0,0,1,1,1,1,1,ThreadPool,Fast,adaptive,native,none,ThreadPool,8,5
2,1.6.0,1.6.0,GCC 14.2,Linux,x86_64,AMD EPYC 9V74 80-Core Processor,heat_diffusion_20,double,262144,contiguous,512,stable,5,1.9214100000000001,4703774318661334929,8217777939ae4129,3036068.4329213579,8217777939ae4129,0,0,1,1,1,1,1,ThreadPool,Fast,adaptive,native,none,ThreadPool,8,5
2,1.6.0,1.6.0,GCC 14.2,Linux,x86_64,AMD EPYC 9V74 80-Core Processor,heat_diffusion_20,double,262144,contiguous,512,stable,6,2.4051770000000001,4703774318661334929,8217777939ae4129,3036068.4329213579,8217777939ae4129,0,0,1,1,1,1,1,ThreadPool,Fast,adaptive,native,none,ThreadPool,8,5
2,1.6.0,1.6.0,GCC 14.2,Linux,x86_64,AMD EPYC 9V74 80-Core Processor,heat_diffusion_20,double,262144,contiguous,512,stable,7,2.8794200000000001,4703774318661334929,8217777939ae4129,3036068.4329213579,8217777939ae4129,0,0,1,1,1,1,1,ThreadPool,Fast,adaptive,native,none,ThreadPool,8,5
2,1.6.0,1.6.0,GCC 14.2,Linux,x86_64,AMD EPYC 9V74 80-Core Processor,heat_diffusion_20,double,262144,contiguous,512,stable,8,2.3094950000000001,4703774318661334929,8217777939ae4129,3036068.4329213579,8217777939ae4129,0,0,1,1,1,1,1,ThreadPool,Fast,adaptive,native,none,ThreadPool,8,5
2,1.6.0,1.6.0,GCC 14.2,Linux,x86_64,AMD EPYC 9V74 80-Core Processor,heat_diffusion_20,double,262144,contiguous,512,stable,9,2.2595809999999998,4703774318661334929,8217777939ae4129,3036068.4329213579,8217777939ae4129,0,0,1,1,1,1,1,ThreadPool,Fast,adaptive,native,none,ThreadPool,8,5
2,1.6.0,1.6.0,GCC 14.2,Linux,x86_64,AMD EPYC 9V74 80-Core Processor,heat_diffusion_20,double,262144,contiguous,512,stable,10,2.4519869999999999,4703774318661334929,8217777939ae4129,3036068.4329213579,8217777939ae4129,0,0,1,1,1,1,1,ThreadPool,Fast,adaptive,native,none,ThreadPool,8,5
2,1.6.0,1.6.0,GCC 14.2,Linux,x86_64,AMD EPYC 9V74 80-Core Processor,heat_diffusion_20,double,262144,contiguous,512,stable,11,2.378037,4703774318661334929,8217777939ae4129,3036068.4329213579,8217777939ae4129,0,0,1,1,1,1,1,ThreadPool,Fast,adaptive,native,none,ThreadPool,8,5
2,1.6.0,1.6.0,GCC 14.2,Linux,x86_64,AMD EPYC 9V74 80-Core Processor,heat_diffusion_20,double,262144,contiguous,512,stable,12,2.4818410000000002,4703774318661334929,8217777939ae4129,3036068.4329213579,8217777939ae4129,0,0,1,1,1,1,1,ThreadPool,Fast,adaptive,native,none,ThreadPool,8,5
2,1.6.0,1.6.0,GCC 14.2,Linux,x86_64,AMD EPYC 9V74 80-Core Processor,heat_diffusion_20,double,262144,contiguous,512,stable,13,2.224529,4703774318661334929,8217777939ae4129,3036068.4329213579,8217777939ae4129,0,0,1,1,1,1,1,ThreadPool,Fast,adaptive,native,none,ThreadPool,8,5
2,1.6.0,1.6.0,GCC 14.2,Linux,x86_64,AMD EPYC 9V74 80-Core Processor,heat_diffusion_20,double,262144,contiguous,512,stable,14,2.234073,4703774318661334929,8217777939ae4129,3036068.4329213579,8217777939ae4129,0,0,1,1,1,1,1,ThreadPool,Fast,adaptive,native,none,ThreadPool,8,5
2,1.6.0,1.6.0,GCC 14.2,Linux,x86_64,AMD EPYC 9V74 80-Core Processor,heat_diffusion_20,double,262144,contiguous,512,stable,15,2.2900969999999998,4703774318661334929,8217777939ae4129,3036068.4329213579,8217777939ae4129,0,0,1,1,1,1,1,ThreadPool,Fast,adaptive,native,none,ThreadPool,8,5
2,1.6.0,1.6.0,GCC 14.2,Linux,x86_64,AMD EPYC 9V74 80-Core Processor,heat_diffusion_20,double,262144,contiguous,512,stable,16,2.3923990000000002,4703774318661334929,8217777939ae4129,3036068.4329213579,8217777939ae4129,0,0,1,1,1,1,1,ThreadPool,Fast,adaptive,native,none,ThreadPool,8,5
2,1.6.0,1.6.0,GCC 14.2,Linux,x86_64,AMD EPYC 9V74 80-Core Processor,heat_diffusion_20,double,262144,contiguous,512,stable,17,2.7341150000000001,4703774318661334929,8217777939ae4129,3036068.4329213579,8217777939ae4129,0,0,1,1,1,1,1,ThreadPool,Fast,adaptive,native,none,ThreadPool,8,5
2,1.6.0,1.6.0,GCC 14.2,Linux,x86_64,AMD EPYC 9V74 80-Core Processor,heat_diffusion_20,double,262144,contiguous,512,stable,18,2.362784,4703774318661334929,8217777939ae4129,3036068.4329213579,8217777939ae4129,0,0,1,1,1,1,1,ThreadPool,Fast,adaptive,native,none,ThreadPool,8,5
2,1.6.0,1.6.0,GCC 14.2,Linux,x86_64,AMD EPYC 9V74 80-Core Processor,heat_diffusion_20,double,262144,contiguous,512,stable,19,2.5243639999999998,4703774318661334929,8217777939ae4129,3036068.4329213579,8217777939ae4129,0,0,1,1,1,1,1,ThreadPool,Fast,adaptive,native,none,ThreadPool,8,5
2,1.6.0,1.6.0,GCC 14.2,Linux,x86_64,AMD EPYC 9V74 80-Core Processor,heat_diffusion_20,double,262144,contiguous,512,stable,20,2.2697569999999998,4703774318661334929,8217777939ae4129,3036068.4329213579,8217777939ae4129,0,0,1,1,1,1,1,ThreadPool,Fast,adaptive,native,none,ThreadPool,8,5
2,1.6.0,1.6.0,GCC 14.2,Linux,x86_64,AMD EPYC 9V74 80-Core Processor,heat_diffusion_20,double,262144,contiguous,512,stable,21,2.4331390000000002,4703774318661334929,8217777939ae4129,3036068.4329213579,8217777939ae4129,0,0,1,1,1,1,1,ThreadPool,Fast,adaptive,native,none,ThreadPool,8,5
2,1.6.0,1.6.0,GCC 14.2,Linux,x86_64,AMD EPYC 9V74 80-Core Processor,heat_diffusion_20,double,262144,contiguous,512,first_call,0,2.2287849999999998,4703774318661334929,8217777939ae4129,3036068.4329213579,8217777939ae4129,0,0,1,1,1,1,1,ThreadPool,Reproducible,canonical-pointwise,fixed_pointwise_expression,canonical-pointwise-2d-v1-target4096,ThreadPool,8,5
2,1.6.0,1.6.0,GCC 14.2,Linux,x86_64,AMD EPYC 9V74 80-Core Processor,heat_diffusion_20,double,262144,contiguous,512,stable,1,2.7083870000000001,4703774318661334929,8217777939ae4129,3036068.4329213579,8217777939ae4129,0,0,1,1,1,1,1,ThreadPool,Reproducible,canonical-pointwise,fixed_pointwise_expression,canonical-pointwise-2d-v1-target4096,ThreadPool,8,5
2,1.6.0,1.6.0,GCC 14.2,Linux,x86_64,AMD EPYC 9V74 80-Core Processor,heat_diffusion_20,double,262144,contiguous,512,stable,2,2.5558909999999999,4703774318661334929,8217777939ae4129,3036068.4329213579,8217777939ae4129,0,0,1,1,1,1,1,ThreadPool,Reproducible,canonical-pointwise,fixed_pointwise_expression,canonical-pointwise-2d-v1-target4096,ThreadPool,8,5
2,1.6.0,1.6.0,GCC 14.2,Linux,x86_64,AMD EPYC 9V74 80-Core Processor,heat_diffusion_20,double,262144,contiguous,512,stable,3,2.3869099999999999,4703774318661334929,8217777939ae4129,3036068.4329213579,8217777939ae4129,0,0,1,1,1,1,1,ThreadPool,Reproducible,canonical-pointwise,fixed_pointwise_expression,canonical-pointwise-2d-v1-target4096,ThreadPool,8,5
2,1.6.0,1.6.0,GCC 14.2,Linux,x86_64,AMD EPYC 9V74 80-Core Processor,heat_diffusion_20,double,262144,contiguous,512,stable,4,2.689559,4703774318661334929,8217777939ae4129,3036068.4329213579,8217777939ae4129,0,0,1,1,1,1,1,ThreadPool,Reproducible,canonical-pointwise,fixed_pointwise_expression,canonical-pointwise-2d-v1-target4096,ThreadPool,8,5
2,1.6.0,1.6.0,GCC 14.2,Linux,x86_64,AMD EPYC 9V74 80-Core Processor,heat_diffusion_20,double,262144,contiguous,512,stable,5,2.3748420000000001,4703774318661334929,8217777939ae4129,3036068.4329213579,8217777939ae4129,0,0,1,1,1,1,1,ThreadPool,Reproducible,canonical-pointwise,fixed_pointwise_expression,canonical-pointwise-2d-v1-target4096,ThreadPool,8,5
2,1.6.0,1.6.0,GCC 14.2,Linux,x86_64,AMD EPYC 9V74 80-Core Processor,heat_diffusion_20,double,262144,contiguous,512,stable,6,2.4962430000000002,4703774318661334929,8217777939ae4129,3036068.4329213579,8217777939ae4129,0,0,1,1,1,1,1,ThreadPool,Reproducible,canonical-pointwise,fixed_pointwise_expression,canonical-pointwise-2d-v1-target4096,ThreadPool,8,5
2,1.6.0,1.6.0,GCC 14.2,Linux,x86_64,AMD EPYC 9V74 80-Core Processor,heat_diffusion_20,double,262144,contiguous,512,stable,7,2.3339219999999998,4703774318661334929,8217777939ae4129,3036068.4329213579,8217777939ae4129,0,0,1,1,1,1,1,ThreadPool,Reproducible,canonical-pointwise,fixed_pointwise_expression,canonical-pointwise-2d-v1-target4096,ThreadPool,8,5
2,1.6.0,1.6.0,GCC 14.2,Linux,x86_64,AMD EPYC 9V74 80-Core Processor,heat_diffusion_20,double,262144,contiguous,512,stable,8,2.442002,4703774318661334929,8217777939ae4129,3036068.4329213579,8217777939ae4129,0,0,1,1,1,1,1,ThreadPool,Reproducible,canonical-pointwise,fixed_pointwise_expression,canonical-pointwise-2d-v1-target4096,ThreadPool,8,5
2,1.6.0,1.6.0,GCC 14.2,Linux,x86_64,AMD EPYC 9V74 80-Core Processor,heat_diffusion_20,double,262144,contiguous,512,stable,9,2.5731160000000002,4703774318661334929,8217777939ae4129,3036068.4329213579,8217777939ae4129,0,0,1,1,1,1,1,ThreadPool,Reproducible,canonical-pointwise,fixed_pointwise_expression,canonical-pointwise-2d-v1-target4096,ThreadPool,8,5
2,1.6.0,1.6.0,GCC 14.2,Linux,x86_64,AMD EPYC 9V74 80-Core Processor,heat_diffusion_20,double,262144,contiguous,512,stable,10,2.514729,4703774318661334929,8217777939ae4129,3036068.4329213579,8217777939ae4129,0,0,1,1,1,1,1,ThreadPool,Reproducible,canonical-pointwise,fixed_pointwise_expression,canonical-pointwise-2d-v1-target4096,ThreadPool,8,5
2,1.6.0,1.6.0,GCC 14.2,Linux,x86_64,AMD EPYC 9V74 80-Core Processor,heat_diffusion_20,double,262144,contiguous,512,stable,11,2.55511,4703774318661334929,8217777939ae4129,3036068.4329213579,8217777939ae4129,0,0,1,1,1,1,1,ThreadPool,Reproducible,canonical-pointwise,fixed_pointwise_expression,canonical-pointwise-2d-v1-target4096,ThreadPool,8,5
2,1.6.0,1.6.0,GCC 14.2,Linux,x86_64,AMD EPYC 9V74 80-Core Processor,heat_diffusion_20,double,262144,contiguous,512,stable,12,2.5652740000000001,4703774318661334929,8217777939ae4129,3036068.4329213579,8217777939ae4129,0,0,1,1,1,1,1,ThreadPool,Reproducible,canonical-pointwise,fixed_pointwise_expression,canonical-pointwise-2d-v1-target4096,ThreadPool,8,5
2,1.6.0,1.6.0,GCC 14.2,Linux,x86_64,AMD EPYC 9V74 80-Core Processor,heat_diffusion_20,double,262144,contiguous,512,stable,13,2.6229209999999998,4703774318661334929,8217777939ae4129,3036068.4329213579,8217777939ae4129,0,0,1,1,1,1,1,ThreadPool,Reproducible,canonical-pointwise,fixed_pointwise_expression,canonical-pointwise-2d-v1-target4096,ThreadPool,8,5
2,1.6.0,1.6.0,GCC 14.2,Linux,x86_64,AMD EPYC 9V74 80-Core Processor,heat_diffusion_20,double,262144,contiguous,512,stable,14,2.5049049999999999,4703774318661334929,8217777939ae4129,3036068.4329213579,8217777939ae4129,0,0,1,1,1,1,1,ThreadPool,Reproducible,canonical-pointwise,fixed_pointwise_expression,canonical-pointwise-2d-v1-target4096,ThreadPool,8,5
2,1.6.0,1.6.0,GCC 14.2,Linux,x86_64,AMD EPYC 9V74 80-Core Processor,heat_diffusion_20,double,262144,contiguous,512,stable,15,2.472737,4703774318661334929,8217777939ae4129,3036068.4329213579,8217777939ae4129,0,0,1,1,1,1,1,ThreadPool,Reproducible,canonical-pointwise,fixed_pointwise_expression,canonical-pointwise-2d-v1-target4096,ThreadPool,8,5
2,1.6.0,1.6.0,GCC 14.2,Linux,x86_64,AMD EPYC 9V74 80-Core Processor,heat_diffusion_20,double,262144,contiguous,512,stable,16,2.5922450000000001,4703774318661334929,8217777939ae4129,3036068.4329213579,8217777939ae4129,0,0,1,1,1,1,1,ThreadPool,Reproducible,canonical-pointwise,fixed_pointwise_expression,canonical-pointwise-2d-v1-target4096,ThreadPool,8,5
2,1.6.0,1.6.0,GCC 14.2,Linux,x86_64,AMD EPYC 9V74 80-Core Processor,heat_diffusion_20,double,262144,contiguous,512,stable,17,2.5365319999999998,4703774318661334929,8217777939ae4129,3036068.4329213579,8217777939ae4129,0,0,1,1,1,1,1,ThreadPool,Reproducible,canonical-pointwise,fixed_pointwise_expression,canonical-pointwise-2d-v1-target4096,ThreadPool,8,5
2,1.6.0,1.6.0,GCC 14.2,Linux,x86_64,AMD EPYC 9V74 80-Core Processor,heat_diffusion_20,double,262144,contiguous,512,stable,18,2.3876620000000002,4703774318661334929,8217777939ae4129,3036068.4329213579,8217777939ae4129,0,0,1,1,1,1,1,ThreadPool,Reproducible,canonical-pointwise,fixed_pointwise_expression,canonical-pointwise-2d-v1-target4096,ThreadPool,8,5
2,1.6.0,1.6.0,GCC 14.2,Linux,x86_64,AMD EPYC 9V74 80-Core Processor,heat_diffusion_20,double,262144,contiguous,512,stable,19,2.395133,4703774318661334929,8217777939ae4129,3036068.4329213579,8217777939ae4129,0,0,1,1,1,1,1,ThreadPool,Reproducible,canonical-pointwise,fixed_pointwise_expression,canonical-pointwise-2d-v1-target4096,ThreadPool,8,5
2,1.6.0,1.6.0,GCC 14.2,Linux,x86_64,AMD EPYC 9V74 80-Core Processor,heat_diffusion_20,double,262144,contiguous,512,stable,20,2.4043260000000002,4703774318661334929,8217777939ae4129,3036068.4329213579,8217777939ae4129,0,0,1,1,1,1,1,ThreadPool,Reproducible,canonical-pointwise,fixed_pointwise_expression,canonical-pointwise-2d-v1-target4096,ThreadPool,8,5
2,1.6.0,1.6.0,GCC 14.2,Linux,x86_64,AMD EPYC 9V74 80-Core Processor,heat_diffusion_20,double,262144,contiguous,512,stable,21,2.4773740000000002,4703774318661334929,8217777939ae4129,3036068.4329213579,8217777939ae4129,0,0,1,1,1,1,1,ThreadPool,Reproducible,canonical-pointwise,fixed_pointwise_expression,canonical-pointwise-2d-v1-target4096,ThreadPool,8,5
2,1.6.0,1.6.0,GCC 14.2,Linux,x86_64,AMD EPYC 9V74 80-Core Processor,heat_diffusion_20,double,262144,contiguous,512,first_call,0,2.684742,4703774318661334929,8217777939ae4129,3036068.4329213579,8217777939ae4129,0,0,1,1,1,1,1,ThreadPool,Accurate,canonical-pointwise,fixed_pointwise_expression,canonical-pointwise-2d-v1-target4096,ThreadPool,8,5
2,1.6.0,1.6.0,GCC 14.2,Linux,x86_64,AMD EPYC 9V74 80-Core Processor,heat_diffusion_20,double,262144,contiguous,512,stable,1,2.3631739999999999,4703774318661334929,8217777939ae4129,3036068.4329213579,8217777939ae4129,0,0,1,1,1,1,1,ThreadPool,Accurate,canonical-pointwise,fixed_pointwise_expression,canonical-pointwise-2d-v1-target4096,ThreadPool,8,5
2,1.6.0,1.6.0,GCC 14.2,Linux,x86_64,AMD EPYC 9V74 80-Core Processor,heat_diffusion_20,double,262144,contiguous,512,stable,2,2.3083529999999999,4703774318661334929,8217777939ae4129,3036068.4329213579,8217777939ae4129,0,0,1,1,1,1,1,ThreadPool,Accurate,canonical-pointwise,fixed_pointwise_expression,canonical-pointwise-2d-v1-target4096,ThreadPool,8,5
2,1.6.0,1.6.0,GCC 14.2,Linux,x86_64,AMD EPYC 9V74 80-Core Processor,heat_diffusion_20,double,262144,contiguous,512,stable,3,2.3885730000000001,4703774318661334929,8217777939ae4129,3036068.4329213579,8217777939ae4129,0,0,1,1,1,1,1,ThreadPool,Accurate,canonical-pointwise,fixed_pointwise_expression,canonical-pointwise-2d-v1-target4096,ThreadPool,8,5
2,1.6.0,1.6.0,GCC 14.2,Linux,x86_64,AMD EPYC 9V74 80-Core Processor,heat_diffusion_20,double,262144,contiguous,512,stable,4,2.264459,4703774318661334929,8217777939ae4129,3036068.4329213579,8217777939ae4129,0,0,1,1,1,1,1,ThreadPool,Accurate,canonical-pointwise,fixed_pointwise_expression,canonical-pointwise-2d-v1-target4096,ThreadPool,8,5
2,1.6.0,1.6.0,GCC 14.2,Linux,x86_64,AMD EPYC 9V74 80-Core Processor,heat_diffusion_20,double,262144,contiguous,512,stable,5,2.2705869999999999,4703774318661334929,8217777939ae4129,3036068.4329213579,8217777939ae4129,0,0,1,1,1,1,1,ThreadPool,Accurate,canonical-pointwise,fixed_pointwise_expression,canonical-pointwise-2d-v1-target4096,ThreadPool,8,5
2,1.6.0,1.6.0,GCC 14.2,Linux,x86_64,AMD EPYC 9V74 80-Core Processor,heat_diffusion_20,double,262144,contiguous,512,stable,6,2.3185389999999999,4703774318661334929,8217777939ae4129,3036068.4329213579,8217777939ae4129,0,0,1,1,1,1,1,ThreadPool,Accurate,canonical-pointwise,fixed_pointwise_expression,canonical-pointwise-2d-v1-target4096,ThreadPool,8,5
2,1.6.0,1.6.0,GCC 14.2,Linux,x86_64,AMD EPYC 9V74 80-Core Processor,heat_diffusion_20,double,262144,contiguous,512,stable,7,2.627847,4703774318661334929,8217777939ae4129,3036068.4329213579,8217777939ae4129,0,0,1,1,1,1,1,ThreadPool,Accurate,canonical-pointwise,fixed_pointwise_expression,canonical-pointwise-2d-v1-target4096,ThreadPool,8,5
2,1.6.0,1.6.0,GCC 14.2,Linux,x86_64,AMD EPYC 9V74 80-Core Processor,heat_diffusion_20,double,262144,contiguous,512,stable,8,2.2775379999999998,4703774318661334929,8217777939ae4129,3036068.4329213579,8217777939ae4129,0,0,1,1,1,1,1,ThreadPool,Accurate,canonical-pointwise,fixed_pointwise_expression,canonical-pointwise-2d-v1-target4096,ThreadPool,8,5
2,1.6.0,1.6.0,GCC 14.2,Linux,x86_64,AMD EPYC 9V74 80-Core Processor,heat_diffusion_20,double,262144,contiguous,512,stable,9,2.2837969999999999,4703774318661334929,8217777939ae4129,3036068.4329213579,8217777939ae4129,0,0,1,1,1,1,1,ThreadPool,Accurate,canonical-pointwise,fixed_pointwise_expression,canonical-pointwise-2d-v1-target4096,ThreadPool,8,5
2,1.6.0,1.6.0,GCC 14.2,Linux,x86_64,AMD EPYC 9V74 80-Core Processor,heat_diffusion_20,double,262144,contiguous,512,stable,10,2.2797209999999999,4703774318661334929,8217777939ae4129,3036068.4329213579,8217777939ae4129,0,0,1,1,1,1,1,ThreadPool,Accurate,canonical-pointwise,fixed_pointwise_expression,canonical-pointwise-2d-v1-target4096,ThreadPool,8,5
2,1.6.0,1.6.0,GCC 14.2,Linux,x86_64,AMD EPYC 9V74 80-Core Processor,heat_diffusion_20,double,262144,contiguous,512,stable,11,2.3700950000000001,4703774318661334929,8217777939ae4129,3036068.4329213579,8217777939ae4129,0,0,1,1,1,1,1,ThreadPool,Accurate,canonical-pointwise,fixed_pointwise_expression,canonical-pointwise-2d-v1-target4096,ThreadPool,8,5
2,1.6.0,1.6.0,GCC 14.2,Linux,x86_64,AMD EPYC 9V74 80-Core Processor,heat_diffusion_20,double,262144,contiguous,512,stable,12,2.4070999999999998,4703774318661334929,8217777939ae4129,3036068.4329213579,8217777939ae4129,0,0,1,1,1,1,1,ThreadPool,Accurate,canonical-pointwise,fixed_pointwise_expression,canonical-pointwise-2d-v1-target4096,ThreadPool,8,5
2,1.6.0,1.6.0,GCC 14.2,Linux,x86_64,AMD EPYC 9V74 80-Core Processor,heat_diffusion_20,double,262144,contiguous,512,stable,13,2.3562249999999998,4703774318661334929,8217777939ae4129,3036068.4329213579,8217777939ae4129,0,0,1,1,1,1,1,ThreadPool,Accurate,canonical-pointwise,fixed_pointwise_expression,canonical-pointwise-2d-v1-target4096,ThreadPool,8,5
2,1.6.0,1.6.0,GCC 14.2,Linux,x86_64,AMD EPYC 9V74 80-Core Processor,heat_diffusion_20,double,262144,contiguous,512,stable,14,2.516562,4703774318661334929,8217777939ae4129,3036068.4329213579,8217777939ae4129,0,0,1,1,1,1,1,ThreadPool,Accurate,canonical-pointwise,fixed_pointwise_expression,canonical-pointwise-2d-v1-target4096,ThreadPool,8,5
2,1.6.0,1.6.0,GCC 14.2,Linux,x86_64,AMD EPYC 9V74 80-Core Processor,heat_diffusion_20,double,262144,contiguous,512,stable,15,2.4836839999999998,4703774318661334929,8217777939ae4129,3036068.4329213579,8217777939ae4129,0,0,1,1,1,1,1,ThreadPool,Accurate,canonical-pointwise,fixed_pointwise_expression,canonical-pointwise-2d-v1-target4096,ThreadPool,8,5
2,1.6.0,1.6.0,GCC 14.2,Linux,x86_64,AMD EPYC 9V74 80-Core Processor,heat_diffusion_20,double,262144,contiguous,512,stable,16,2.3388990000000001,4703774318661334929,8217777939ae4129,3036068.4329213579,8217777939ae4129,0,0,1,1,1,1,1,ThreadPool,Accurate,canonical-pointwise,fixed_pointwise_expression,canonical-pointwise-2d-v1-target4096,ThreadPool,8,5
2,1.6.0,1.6.0,GCC 14.2,Linux,x86_64,AMD EPYC 9V74 80-Core Processor,heat_diffusion_20,double,262144,contiguous,512,stable,17,2.3097650000000001,4703774318661334929,8217777939ae4129,3036068.4329213579,8217777939ae4129,0,0,1,1,1,1,1,ThreadPool,Accurate,canonical-pointwise,fixed_pointwise_expression,canonical-pointwise-2d-v1-target4096,ThreadPool,8,5
2,1.6.0,1.6.0,GCC 14.2,Linux,x86_64,AMD EPYC 9V74 80-Core Processor,heat_diffusion_20,double,262144,contiguous,512,stable,18,2.2398720000000001,4703774318661334929,8217777939ae4129,3036068.4329213579,8217777939ae4129,0,0,1,1,1,1,1,ThreadPool,Accurate,canonical-pointwise,fixed_pointwise_expression,canonical-pointwise-2d-v1-target4096,ThreadPool,8,5
2,1.6.0,1.6.0,GCC 14.2,Linux,x86_64,AMD EPYC 9V74 80-Core Processor,heat_diffusion_20,double,262144,contiguous,512,stable,19,2.4078810000000002,4703774318661334929,8217777939ae4129,3036068.4329213579,8217777939ae4129,0,0,1,1,1,1,1,ThreadPool,Accurate,canonical-pointwise,fixed_pointwise_expression,canonical-pointwise-2d-v1-target4096,ThreadPool,8,5
2,1.6.0,1.6.0,GCC 14.2,Linux,x86_64,AMD EPYC 9V74 80-Core Processor,heat_diffusion_20,double,262144,contiguous,512,stable,20,2.473649,4703774318661334929,8217777939ae4129,3036068.4329213579,8217777939ae4129,0,0,1,1,1,1,1,ThreadPool,Accurate,canonical-pointwise,fixed_pointwise_expression,canonical-pointwise-2d-v1-target4096,ThreadPool,8,5
2,1.6.0,1.6.0,GCC 14.2,Linux,x86_64,AMD EPYC 9V74 80-Core Processor,heat_diffusion_20,double,262144,contiguous,512,stable,21,3.0027740000000001,4703774318661334929,8217777939ae4129,3036068.4329213579,8217777939ae4129,0,0,1,1,1,1,1,ThreadPool,Accurate,canonical-pointwise,fixed_pointwise_expression,canonical-pointwise-2d-v1-target4096,ThreadPool,8,5
2,1.6.0,1.6.0,GCC 14.2,Linux,x86_64,AMD EPYC 9V74 80-Core Processor,heat_diffusion_20_direct_sequential,double,262144,contiguous,512,first_call,0,4.9842329999999997,4703774318661334929,8217777939ae4129,3036068.4329213579,8217777939ae4129,0,0,1,1,1,1,1,DirectSequential,Fast,adaptive,native,none,Auto,1,1
2,1.6.0,1.6.0,GCC 14.2,Linux,x86_64,AMD EPYC 9V74 80-Core Processor,heat_diffusion_20_direct_sequential,double,262144,contiguous,512,stable,1,4.9728050000000001,4703774318661334929,8217777939ae4129,3036068.4329213579,8217777939ae4129,0,0,1,1,1,1,1,DirectSequential,Fast,adaptive,native,none,Auto,1,1
2,1.6.0,1.6.0,GCC 14.2,Linux,x86_64,AMD EPYC 9V74 80-Core Processor,heat_diffusion_20_direct_sequential,double,262144,contiguous,512,stable,2,4.956912,4703774318661334929,8217777939ae4129,3036068.4329213579,8217777939ae4129,0,0,1,1,1,1,1,DirectSequential,Fast,adaptive,native,none,Auto,1,1
2,1.6.0,1.6.0,GCC 14.2,Linux,x86_64,AMD EPYC 9V74 80-Core Processor,heat_diffusion_20_direct_sequential,double,262144,contiguous,512,stable,3,4.9249939999999999,4703774318661334929,8217777939ae4129,3036068.4329213579,8217777939ae4129,0,0,1,1,1,1,1,DirectSequential,Fast,adaptive,native,none,Auto,1,1
2,1.6.0,1.6.0,GCC 14.2,Linux,x86_64,AMD EPYC 9V74 80-Core Processor,heat_diffusion_20_direct_sequential,double,262144,contiguous,512,stable,4,4.9084599999999998,4703774318661334929,8217777939ae4129,3036068.4329213579,8217777939ae4129,0,0,1,1,1,1,1,DirectSequential,Fast,adaptive,native,none,Auto,1,1
2,1.6.0,1.6.0,GCC 14.2,Linux,x86_64,AMD EPYC 9V74 80-Core Processor,heat_diffusion_20_direct_sequential,double,262144,contiguous,512,stable,5,4.9081200000000003,4703774318661334929,8217777939ae4129,3036068.4329213579,8217777939ae4129,0,0,1,1,1,1,1,DirectSequential,Fast,adaptive,native,none,Auto,1,1
2,1.6.0,1.6.0,GCC 14.2,Linux,x86_64,AMD EPYC 9V74 80-Core Processor,heat_diffusion_20_direct_sequential,double,262144,contiguous,512,stable,6,4.9574319999999998,4703774318661334929,8217777939ae4129,3036068.4329213579,8217777939ae4129,0,0,1,1,1,1,1,DirectSequential,Fast,adaptive,native,none,Auto,1,1
2,1.6.0,1.6.0,GCC 14.2,Linux,x86_64,AMD EPYC 9V74 80-Core Processor,heat_diffusion_20_direct_sequential,double,262144,contiguous,512,stable,7,4.9335579999999997,4703774318661334929,8217777939ae4129,3036068.4329213579,8217777939ae4129,0,0,1,1,1,1,1,DirectSequential,Fast,adaptive,native,none,Auto,1,1
2,1.6.0,1.6.0,GCC 14.2,Linux,x86_64,AMD EPYC 9V74 80-Core Processor,heat_diffusion_20_direct_sequential,double,262144,contiguous,512,stable,8,4.9495310000000003,4703774318661334929,8217777939ae4129,3036068.4329213579,8217777939ae4129,0,0,1,1,1,1,1,DirectSequential,Fast,adaptive,native,none,Auto,1,1
2,1.6.0,1.6.0,GCC 14.2,Linux,x86_64,AMD EPYC 9V74 80-Core Processor,heat_diffusion_20_direct_sequential,double,262144,contiguous,512,stable,9,4.9543080000000002,4703774318661334929,8217777939ae4129,3036068.4329213579,8217777939ae4129,0,0,1,1,1,1,1,DirectSequential,Fast,adaptive,native,none,Auto,1,1
2,1.6.0,1.6.0,GCC 14.2,Linux,x86_64,AMD EPYC 9V74 80-Core Processor,heat_diffusion_20_direct_sequential,double,262144,contiguous,512,stable,10,4.9314039999999997,4703774318661334929,8217777939ae4129,3036068.4329213579,8217777939ae4129,0,0,1,1,1,1,1,DirectSequential,Fast,adaptive,native,none,Auto,1,1
2,1.6.0,1.6.0,GCC 14.2,Linux,x86_64,AMD EPYC 9V74 80-Core Processor,heat_diffusion_20_direct_sequential,double,262144,contiguous,512,stable,11,4.9478980000000004,4703774318661334929,8217777939ae4129,3036068.4329213579,8217777939ae4129,0,0,1,1,1,1,1,DirectSequential,Fast,adaptive,native,none,Auto,1,1
2,1.6.0,1.6.0,GCC 14.2,Linux,x86_64,AMD EPYC 9V74 80-Core Processor,heat_diffusion_20_direct_sequential,double,262144,contiguous,512,stable,12,4.958755,4703774318661334929,8217777939ae4129,3036068.4329213579,8217777939ae4129,0,0,1,1,1,1,1,DirectSequential,Fast,adaptive,native,none,Auto,1,1
2,1.6.0,1.6.0,GCC 14.2,Linux,x86_64,AMD EPYC 9V74 80-Core Processor,heat_diffusion_20_direct_sequential,double,262144,contiguous,512,stable,13,4.9564310000000003,4703774318661334929,8217777939ae4129,3036068.4329213579,8217777939ae4129,0,0,1,1,1,1,1,DirectSequential,Fast,adaptive,native,none,Auto,1,1
2,1.6.0,1.6.0,GCC 14.2,Linux,x86_64,AMD EPYC 9V74 80-Core Processor,heat_diffusion_20_direct_sequential,double,262144,contiguous,512,stable,14,4.9466070000000002,4703774318661334929,8217777939ae4129,3036068.4329213579,8217777939ae4129,0,0,1,1,1,1,1,DirectSequential,Fast,adaptive,native,none,Auto,1,1
2,1.6.0,1.6.0,GCC 14.2,Linux,x86_64,AMD EPYC 9V74 80-Core Processor,heat_diffusion_20_direct_sequential,double,262144,contiguous,512,stable,15,4.9258360000000003,4703774318661334929,8217777939ae4129,3036068.4329213579,8217777939ae4129,0,0,1,1,1,1,1,DirectSequential,Fast,adaptive,native,none,Auto,1,1
2,1.6.0,1.6.0,GCC 14.2,Linux,x86_64,AMD EPYC 9V74 80-Core Processor,heat_diffusion_20_direct_sequential,double,262144,contiguous,512,stable,16,4.9414490000000004,4703774318661334929,8217777939ae4129,3036068.4329213579,8217777939ae4129,0,0,1,1,1,1,1,DirectSequential,Fast,adaptive,native,none,Auto,1,1
2,1.6.0,1.6.0,GCC 14.2,Linux,x86_64,AMD EPYC 9V74 80-Core Processor,heat_diffusion_20_direct_sequential,double,262144,contiguous,512,stable,17,4.9470169999999998,4703774318661334929,8217777939ae4129,3036068.4329213579,8217777939ae4129,0,0,1,1,1,1,1,DirectSequential,Fast,adaptive,native,none,Auto,1,1
2,1.6.0,1.6.0,GCC 14.2,Linux,x86_64,AMD EPYC 9V74 80-Core Processor,heat_diffusion_20_direct_sequential,double,262144,contiguous,512,stable,18,4.9649330000000003,4703774318661334929,8217777939ae4129,3036068.4329213579,8217777939ae4129,0,0,1,1,1,1,1,DirectSequential,Fast,adaptive,native,none,Auto,1,1
2,1.6.0,1.6.0,GCC 14.2,Linux,x86_64,AMD EPYC 9V74 80-Core Processor,heat_diffusion_20_direct_sequential,double,262144,contiguous,512,stable,19,4.9766810000000001,4703774318661334929,8217777939ae4129,3036068.4329213579,8217777939ae4129,0,0,1,1,1,1,1,DirectSequential,Fast,adaptive,native,none,Auto,1,1
2,1.6.0,1.6.0,GCC 14.2,Linux,x86_64,AMD EPYC 9V74 80-Core Processor,heat_diffusion_20_direct_sequential,double,262144,contiguous,512,stable,20,4.967848,4703774318661334929,8217777939ae4129,3036068.4329213579,8217777939ae4129,0,0,1,1,1,1,1,DirectSequential,Fast,adaptive,native,none,Auto,1,1
2,1.6.0,1.6.0,GCC 14.2,Linux,x86_64,AMD EPYC 9V74 80-Core Processor,heat_diffusion_20_direct_sequential,double,262144,contiguous,512,stable,21,4.9442729999999999,4703774318661334929,8217777939ae4129,3036068.4329213579,8217777939ae4129,0,0,1,1,1,1,1,DirectSequential,Fast,adaptive,native,none,Auto,1,1
